{"type":"FeatureCollection","features":[{"type":"Feature","geometry":{"type":"MultiPolygon","coordinates":[[[[92.5158,10.8976],[92.5877,10.7869],[92.5976,10.6831],[92.5683,10.5761],[92.499,10.5112],[92.4347,10.5483],[92.381,10.6665],[92.3761,10.7817],[92.5158,10.8976]]],[[[92.7009,12.2356],[92.7877,11.9256],[92.7279,11.5176],[92.6639,11.5066],[92.6074,11.5948],[92.5874,11.7173],[92.5135,11.848],[92.606,11.9234],[92.6457,12.1792],[92.7009,12.2356]]],[[[92.7766,12.3103],[92.8095,12.3128],[92.83,12.3004],[92.8697,12.3008],[92.8876,12.2588],[92.765,12.0633],[92.7395,12.099],[92.7654,12.1765],[92.7766,12.3103]]],[[[92.8989,12.9158],[92.9769,12.7182],[92.9755,12.5419],[92.9236,12.436],[92.8381,12.3981],[92.8865,12.3233],[92.8324,12.3026],[92.8091,12.3149],[92.7719,12.3181],[92.7191,12.3009],[92.6981,12.421],[92.7211,12.7881],[92.7922,12.8901],[92.8989,12.9158]]],[[[93.0294,13.5733],[93.0332,13.4576],[93.072,13.3228],[93.0306,13.0689],[92.9163,13.0541],[92.8572,12.9343],[92.7908,13.0122],[92.8097,13.1531],[92.8497,13.2392],[92.8364,13.3669],[92.9186,13.5369],[93.0294,13.5733]]]]},"properties":{"ID_0":105,"ISO":"IND","NAME_0":"India","ID_1":1,"NAME_1":"Andaman and Nicobar","ID_2":1,"NAME_2":"Andaman Islands","NL_NAME_2":null,"VARNAME_2":null,"TYPE_2":"District","ENGTYPE_2":"District"}},{"type":"Feature","geometry":{"type":"MultiPolygon","coordinates":[[[[93.8481,7.2403],[93.8703,7.2158],[93.9366,6.9624],[93.8962,6.8049],[93.7857,6.8358],[93.7453,6.9619],[93.6703,7.0131],[93.6558,7.1264],[93.6861,7.19],[93.8481,7.2403]]],[[[93.7131,7.4436],[93.7565,7.3744],[93.725,7.31],[93.6311,7.3617],[93.7131,7.4436]]],[[[93.38,8.0247],[93.4742,7.8958],[93.3772,7.8817],[93.3106,7.9619],[93.38,8.0247]]],[[[92.7878,9.2442],[92.8319,9.1634],[92.7317,9.1244],[92.7208,9.2136],[92.7878,9.2442]]]]},"properties":{"ID_0":105,"ISO":"IND","NAME_0":"India","ID_1":1,"NAME_1":"Andaman and Nicobar","ID_2":2,"NAME_2":"Nicobar Islands","NL_NAME_2":null,"VARNAME_2":null,"TYPE_2":"District","ENGTYPE_2":"District"}},{"type":"Feature","geometry":{"type":"Polygon","coordinates":[[[78.8443,19.759],[78.8588,19.6563],[78.969,19.6492],[79.0184,19.54],[79.1029,19.528],[79.189,19.4587],[79.2552,19.6112],[79.4704,19.4975],[79.5427,19.5485],[79.7854,19.5936],[79.911,19.4923],[79.9731,19.401],[79.9202,19.2264],[79.9424,19.1759],[79.858,19.1041],[79.926,19.0425],[79.939,18.8589],[79.894,18.8308],[79.8034,18.7222],[79.6762,18.6844],[79.6488,18.7271],[79.3828,18.8681],[79.3133,18.8199],[79.1852,18.8733],[79.0722,19.022],[78.9705,19.0711],[78.9052,19.0312],[78.8205,19.0535],[78.6818,19.0254],[78.5286,18.9416],[78.3647,18.9849],[78.299,18.9445],[78.2329,19.0026],[78.048,18.919],[77.9441,18.8423],[77.8537,18.9523],[77.7674,18.9814],[77.7617,19.062],[77.8452,19.1142],[77.8609,19.3021],[77.9489,19.3413],[78.0457,19.2709],[78.1833,19.2415],[78.1876,19.3956],[78.312,19.4659],[78.2858,19.6897],[78.3677,19.7811],[78.3102,19.9127],[78.3977,19.8364],[78.8443,19.759]]]},"properties":{"ID_0":105,"ISO":"IND","NAME_0":"India","ID_1":2,"NAME_1":"Telangana","ID_2":3,"NAME_2":"Adilabad","NL_NAME_2":null,"VARNAME_2":null,"TYPE_2":"District","ENGTYPE_2":"District"}},{"type":"Feature","geometry":{"type":"Polygon","coordinates":[[[78.1368,14.938],[78.0488,14.7695],[78.1095,14.6868],[78.0394,14.531],[77.9888,14.4935],[78.2375,14.307],[78.4168,14.2707],[78.401,14.199],[78.4559,14.104],[78.4562,13.9848],[78.268,13.8828],[78.2204,13.7713],[78.1182,13.7769],[78.106,13.8535],[77.9116,13.8972],[77.4498,13.6758],[77.4247,13.8267],[77.2401,13.8941],[77.1619,13.8155],[77.1666,13.7547],[77.0352,13.7693],[76.9688,13.8102],[77.0358,13.9256],[76.9311,14.0227],[76.9463,14.0853],[76.8914,14.159],[77.0198,14.1727],[77.0237,14.0533],[77.1343,13.9981],[77.3135,14.0248],[77.3834,14.0074],[77.3897,14.1653],[77.5104,14.172],[77.4994,14.2605],[77.3949,14.3292],[77.2811,14.3311],[77.1119,14.2875],[77.1099,14.2215],[77.0041,14.2316],[76.9378,14.2401],[76.8638,14.4747],[76.7609,14.5963],[76.8338,14.7849],[76.8645,14.964],[76.757,14.983],[76.7969,15.0908],[76.8767,15.0287],[77.1096,15.0286],[77.1528,15.1316],[77.2886,15.1247],[77.3606,15.2156],[77.521,15.217],[77.5762,15.1819],[77.6563,15.2256],[77.7871,15.0973],[77.9622,15.1492],[77.9931,15.0377],[78.1368,14.938]]]},"properties":{"ID_0":105,"ISO":"IND","NAME_0":"India","ID_1":2,"NAME_1":"Andhra Pradesh","ID_2":4,"NAME_2":"Anantapur","NL_NAME_2":null,"VARNAME_2":"Anantpur, Ananthapur","TYPE_2":"District","ENGTYPE_2":"District"}},{"type":"Feature","geometry":{"type":"Polygon","coordinates":[[[78.1182,13.7769],[78.2204,13.7713],[78.268,13.8828],[78.4562,13.9848],[78.5364,13.9809],[78.5786,13.9012],[78.7894,13.8689],[78.8723,13.8869],[79.1397,13.8493],[79.216,13.7457],[79.3,13.7122],[79.4491,13.7896],[79.4332,13.8777],[79.6704,13.9112],[79.7602,13.8375],[79.8349,13.8415],[79.8595,13.6952],[79.9491,13.6538],[80.0295,13.5236],[79.9619,13.4513],[79.9255,13.3359],[79.8003,13.3043],[79.6711,13.2358],[79.5654,13.2494],[79.5358,13.3111],[79.4173,13.322],[79.4206,13.1845],[79.2738,13.1209],[79.2264,13.1346],[79.1527,13.0073],[78.9817,13.0762],[78.8009,13.0755],[78.6202,12.9739],[78.6248,12.9142],[78.5522,12.6971],[78.3975,12.6136],[78.2274,12.6893],[78.2206,12.7526],[78.2411,12.8474],[78.3031,12.8472],[78.3454,12.9281],[78.4173,12.889],[78.4516,13.0315],[78.5046,13.0528],[78.5672,13.2718],[78.5012,13.2772],[78.3552,13.3551],[78.3803,13.5813],[78.2497,13.5743],[78.1462,13.6497],[78.08,13.6504],[78.1182,13.7769]]]},"properties":{"ID_0":105,"ISO":"IND","NAME_0":"India","ID_1":2,"NAME_1":"Andhra Pradesh","ID_2":5,"NAME_2":"Chittoor","NL_NAME_2":null,"VARNAME_2":"Chitoor|Chittor","TYPE_2":"District","ENGTYPE_2":"District"}},{"type":"Feature","geometry":{"type":"Polygon","coordinates":[[[78.4562,13.9848],[78.4559,14.104],[78.401,14.199],[78.4168,14.2707],[78.2375,14.307],[77.9888,14.4935],[78.0394,14.531],[78.1095,14.6868],[78.0488,14.7695],[78.1368,14.938],[78.2191,14.9409],[78.2887,15.0654],[78.5206,15.0246],[78.5433,14.9252],[78.6277,14.9153],[78.7542,15.03],[78.7612,15.1777],[78.8145,15.2],[79.0592,15.1677],[79.0673,15.0459],[79.0625,14.9618],[79.1672,14.7044],[79.173,14.6047],[79.2263,14.5781],[79.4035,14.2857],[79.431,14.1104],[79.4332,13.8777],[79.4491,13.7896],[79.3,13.7122],[79.216,13.7457],[79.1397,13.8493],[78.8723,13.8869],[78.7894,13.8689],[78.5786,13.9012],[78.5364,13.9809],[78.4562,13.9848]]]},"properties":{"ID_0":105,"ISO":"IND","NAME_0":"India","ID_1":2,"NAME_1":"Andhra Pradesh","ID_2":6,"NAME_2":"Cuddapah","NL_NAME_2":null,"VARNAME_2":null,"TYPE_2":"District","ENGTYPE_2":"District"}},{"type":"Feature","geometry":{"type":"Polygon","coordinates":[[[82.2995,16.7143],[82.2807,16.7227],[82.1791,16.7163],[82.2534,16.6897],[82.2996,16.5918],[82.2215,16.5365],[81.9446,16.3954],[81.7106,16.3199],[81.742,16.4254],[81.8435,16.5138],[81.858,16.6053],[81.7393,16.8032],[81.7172,17.0606],[81.6637,17.1357],[81.6499,17.3126],[81.4982,17.49],[81.5029,17.5899],[81.6231,17.7628],[81.7944,17.8442],[81.7583,17.8934],[81.801,17.9361],[81.9731,18.0057],[82.0228,17.9285],[81.969,17.8337],[81.9611,17.7358],[82.022,17.6784],[82.3286,17.5809],[82.3262,17.5016],[82.4027,17.4629],[82.5512,17.5105],[82.5953,17.4526],[82.5138,17.2822],[82.5376,17.2463],[82.3026,17.0407],[82.251,16.9349],[82.359,16.8488],[82.2995,16.7143]]]},"properties":{"ID_0":105,"ISO":"IND","NAME_0":"India","ID_1":2,"NAME_1":"Andhra Pradesh","ID_2":7,"NAME_2":"East Godavari","NL_NAME_2":null,"VARNAME_2":null,"TYPE_2":"District","ENGTYPE_2":"District"}},{"type":"Feature","geometry":{"type":"Polygon","coordinates":[[[80.809,15.7318],[80.786,15.8601],[80.7118,15.8801],[80.5668,15.8607],[80.4283,15.8032],[80.3691,15.9765],[80.2967,16.0443],[80.1422,16.0353],[80.0926,16],[79.9909,16.1301],[79.7934,15.9304],[79.6956,15.8901],[79.5605,15.9387],[79.5474,16.2972],[79.4556,16.3033],[79.2175,16.1739],[79.192,16.2227],[79.2115,16.3628],[79.2304,16.5193],[79.2661,16.5615],[79.4266,16.5825],[79.4972,16.6305],[79.648,16.662],[79.7749,16.7295],[79.9426,16.6326],[80.0479,16.7452],[80.0697,16.8136],[80.1396,16.7478],[80.1375,16.6555],[80.219,16.6155],[80.4746,16.5884],[80.6361,16.4902],[80.8001,16.2751],[80.8595,16.1324],[80.8962,15.9129],[80.809,15.7318]]]},"properties":{"ID_0":105,"ISO":"IND","NAME_0":"India","ID_1":2,"NAME_1":"Andhra Pradesh","ID_2":8,"NAME_2":"Guntur","NL_NAME_2":null,"VARNAME_2":null,"TYPE_2":"District","ENGTYPE_2":"District"}},{"type":"Feature","geometry":{"type":"Polygon","coordinates":[[[78.51,17.4485],[78.5094,17.3253],[78.3855,17.3845],[78.51,17.4485]]]},"properties":{"ID_0":105,"ISO":"IND","NAME_0":"India","ID_1":2,"NAME_1":"Telangana","ID_2":9,"NAME_2":"Hyderabad","NL_NAME_2":null,"VARNAME_2":null,"TYPE_2":"District","ENGTYPE_2":"District"}},{"type":"Feature","geometry":{"type":"Polygon","coordinates":[[[78.5286,18.9416],[78.6818,19.0254],[78.8205,19.0535],[78.9052,19.0312],[78.9705,19.0711],[79.0722,19.022],[79.1852,18.8733],[79.3133,18.8199],[79.3828,18.8681],[79.6488,18.7271],[79.6762,18.6844],[79.8034,18.7222],[79.894,18.8308],[80.0124,18.7668],[80.1066,18.6775],[80.2675,18.718],[80.3367,18.5905],[80.222,18.5479],[80.2114,18.3853],[80.0455,18.4774],[79.9518,18.5027],[79.7556,18.4678],[79.5903,18.4664],[79.5691,18.2755],[79.6166,18.1779],[79.5566,18.101],[79.4718,18.1101],[79.3683,18.0154],[79.2274,17.9759],[79.0898,18.0209],[79.0095,18.139],[79.0033,18.2],[78.7739,18.2615],[78.5631,18.2267],[78.5367,18.2998],[78.5534,18.534],[78.6737,18.6227],[78.6368,18.7254],[78.5796,18.7359],[78.5286,18.9416]]]},"properties":{"ID_0":105,"ISO":"IND","NAME_0":"India","ID_1":2,"NAME_1":"Telangana","ID_2":10,"NAME_2":"Karimnagar","NL_NAME_2":null,"VARNAME_2":null,"TYPE_2":"District","ENGTYPE_2":"District"}},{"type":"Feature","geometry":{"type":"Polygon","coordinates":[[[81.7583,17.8934],[81.7944,17.8442],[81.6231,17.7628],[81.5029,17.5899],[81.4982,17.49],[81.4415,17.3817],[81.3225,17.3892],[81.2672,17.32],[81.1903,17.3274],[81.1628,17.2326],[80.9852,17.1794],[80.9053,17.2013],[80.8588,17.0509],[80.684,17.0687],[80.5602,17.138],[80.4965,17.1013],[80.4425,16.9449],[80.5842,16.9265],[80.5628,16.7628],[80.4564,16.79],[80.3192,16.8709],[80.2622,17.0106],[80.1955,17.018],[80.0459,16.9653],[80.054,17.0101],[79.8676,17.18],[79.872,17.2614],[79.7851,17.3135],[79.9788,17.3943],[80.0465,17.3406],[80.1527,17.3876],[80.1614,17.4484],[80.0464,17.5899],[80.1286,17.7282],[80.231,17.7459],[80.3059,17.9713],[80.3875,18.0762],[80.4718,18.1201],[80.5904,18.0764],[80.6585,18.1651],[80.4667,18.3014],[80.4577,18.4422],[80.3736,18.4686],[80.3816,18.5936],[80.4884,18.6267],[80.6327,18.5188],[80.713,18.4057],[80.7843,18.2433],[80.7346,18.1717],[80.9494,18.1232],[81.0043,17.8383],[81.0736,17.7863],[81.1596,17.8526],[81.254,17.8121],[81.385,17.8066],[81.6157,17.822],[81.7583,17.8934]]]},"properties":{"ID_0":105,"ISO":"IND","NAME_0":"India","ID_1":2,"NAME_1":"Telangana","ID_2":11,"NAME_2":"Khammam","NL_NAME_2":null,"VARNAME_2":"Khammamamet","TYPE_2":"District","ENGTYPE_2":"District"}},{"type":"Feature","geometry":{"type":"Polygon","coordinates":[[[80.809,15.7318],[80.8962,15.9129],[80.8595,16.1324],[80.8001,16.2751],[80.6361,16.4902],[80.4746,16.5884],[80.219,16.6155],[80.1375,16.6555],[80.1396,16.7478],[80.0697,16.8136],[79.9917,16.8633],[80.0459,16.9653],[80.1955,17.018],[80.2622,17.0106],[80.3192,16.8709],[80.4564,16.79],[80.5628,16.7628],[80.5842,16.9265],[80.4425,16.9449],[80.4965,17.1013],[80.5602,17.138],[80.684,17.0687],[80.8588,17.0509],[80.9555,17.0324],[80.9266,16.9549],[81.0298,16.7886],[80.9626,16.6234],[81.0014,16.5518],[81.1767,16.6138],[81.3431,16.5954],[81.3304,16.5035],[81.3984,16.422],[81.5629,16.3457],[81.3926,16.3421],[81.2426,16.2499],[81.1457,15.9738],[80.9979,15.8296],[80.9379,15.7182],[80.809,15.7318]]]},"properties":{"ID_0":105,"ISO":"IND","NAME_0":"India","ID_1":2,"NAME_1":"Andhra Pradesh","ID_2":12,"NAME_2":"Krishna","NL_NAME_2":null,"VARNAME_2":"Kistna","TYPE_2":"District","ENGTYPE_2":"District"}},{"type":"Feature","geometry":{"type":"Polygon","coordinates":[[[78.1368,14.938],[77.9931,15.0377],[77.9622,15.1492],[77.7871,15.0973],[77.6563,15.2256],[77.5762,15.1819],[77.521,15.217],[77.3606,15.2156],[77.2886,15.1247],[77.1528,15.1316],[77.1479,15.2857],[77.038,15.3588],[77.0271,15.6293],[77.0814,15.6528],[77.0244,15.8295],[77.0768,15.9097],[77.2489,15.9577],[77.5095,15.9209],[77.7992,15.8653],[77.8877,15.8959],[78.1011,15.8279],[78.2429,15.937],[78.2682,16.0348],[78.4057,16.0809],[78.5591,16.0564],[78.6365,16.0914],[78.739,16.0211],[78.9134,16.1088],[78.894,15.9573],[78.805,15.8677],[78.7655,15.656],[78.7656,15.3986],[78.7353,15.2976],[78.7612,15.1777],[78.7542,15.03],[78.6277,14.9153],[78.5433,14.9252],[78.5206,15.0246],[78.2887,15.0654],[78.2191,14.9409],[78.1368,14.938]]]},"properties":{"ID_0":105,"ISO":"IND","NAME_0":"India","ID_1":2,"NAME_1":"Andhra Pradesh","ID_2":13,"NAME_2":"Kurnool","NL_NAME_2":null,"VARNAME_2":null,"TYPE_2":"District","ENGTYPE_2":"District"}},{"type":"Feature","geometry":{"type":"Polygon","coordinates":[[[79.2115,16.3628],[79.192,16.2227],[79.0201,16.2443],[78.9081,16.191],[78.9134,16.1088],[78.739,16.0211],[78.6365,16.0914],[78.5591,16.0564],[78.4057,16.0809],[78.2682,16.0348],[78.2429,15.937],[78.1011,15.8279],[77.8877,15.8959],[77.7992,15.8653],[77.5095,15.9209],[77.4876,16.2498],[77.5908,16.312],[77.5189,16.3701],[77.4117,16.3627],[77.2847,16.403],[77.4539,16.6074],[77.4166,16.6628],[77.4718,16.7963],[77.4534,16.909],[77.4994,17.0073],[77.4626,17.1041],[77.4752,17.1713],[77.6132,17.1636],[77.7236,17.2024],[77.7834,17.1499],[77.7333,16.8768],[77.8609,16.8491],[77.9639,16.8649],[78.0089,16.9458],[77.9309,17.0818],[78.0503,17.1919],[78.0971,17.0972],[78.168,17.1669],[78.2888,17.22],[78.3021,17.1462],[78.3832,17.0302],[78.5046,17.0084],[78.5788,16.9468],[78.6951,16.9278],[78.7868,16.8206],[78.7507,16.701],[78.6673,16.6428],[78.7516,16.5299],[78.9057,16.5442],[79.2115,16.3628]]]},"properties":{"ID_0":105,"ISO":"IND","NAME_0":"India","ID_1":2,"NAME_1":"Telangana","ID_2":14,"NAME_2":"Mahbubnagar","NL_NAME_2":null,"VARNAME_2":"Mehbubnagar;Mahaboobnagar","TYPE_2":"District","ENGTYPE_2":"District"}},{"type":"Feature","geometry":{"type":"Polygon","coordinates":[[[78.5631,18.2267],[78.7739,18.2615],[79.0033,18.2],[79.0095,18.139],[79.0898,18.0209],[78.9659,18.0279],[78.8266,17.8896],[78.8634,17.805],[78.7689,17.6718],[78.714,17.6626],[78.658,17.6918],[78.4247,17.6973],[78.3818,17.6615],[78.349,17.5197],[78.2576,17.4151],[78.0803,17.4935],[78.0146,17.4719],[77.8514,17.6403],[77.7699,17.599],[77.6856,17.5056],[77.4399,17.5815],[77.4579,17.699],[77.6534,17.9694],[77.6067,18.018],[77.599,18.2729],[77.7208,18.2583],[77.7686,18.1884],[77.9014,18.1918],[77.9376,18.1101],[78.0741,18.0767],[78.1685,18.1039],[78.1664,18.167],[78.3834,18.1216],[78.4507,18.1298],[78.5631,18.2267]]]},"properties":{"ID_0":105,"ISO":"IND","NAME_0":"India","ID_1":2,"NAME_1":"Telangana","ID_2":15,"NAME_2":"Medak","NL_NAME_2":null,"VARNAME_2":"Sangapeddi","TYPE_2":"District","ENGTYPE_2":"District"}},{"type":"Feature","geometry":{"type":"Polygon","coordinates":[[[80.0697,16.8136],[80.0479,16.7452],[79.9426,16.6326],[79.7749,16.7295],[79.648,16.662],[79.4972,16.6305],[79.4266,16.5825],[79.2661,16.5615],[79.2304,16.5193],[79.2115,16.3628],[78.9057,16.5442],[78.7516,16.5299],[78.6673,16.6428],[78.7507,16.701],[78.7868,16.8206],[78.6951,16.9278],[78.7832,16.9681],[78.8436,17.0819],[78.7881,17.1679],[78.7071,17.4347],[78.6817,17.5738],[78.714,17.6626],[78.7689,17.6718],[78.8634,17.805],[78.9823,17.7842],[79.0087,17.7152],[79.1175,17.6629],[79.1549,17.5737],[79.3008,17.5506],[79.3963,17.4947],[79.6218,17.4859],[79.7509,17.4248],[79.7851,17.3135],[79.872,17.2614],[79.8676,17.18],[80.054,17.0101],[80.0459,16.9653],[79.9917,16.8633],[80.0697,16.8136]]]},"properties":{"ID_0":105,"ISO":"IND","NAME_0":"India","ID_1":2,"NAME_1":"Telangana","ID_2":16,"NAME_2":"Nalgonda","NL_NAME_2":null,"VARNAME_2":null,"TYPE_2":"District","ENGTYPE_2":"District"}},{"type":"Feature","geometry":{"type":"Polygon","coordinates":[[[80.0295,13.5236],[79.9491,13.6538],[79.8595,13.6952],[79.8349,13.8415],[79.7602,13.8375],[79.6704,13.9112],[79.4332,13.8777],[79.431,14.1104],[79.4035,14.2857],[79.2263,14.5781],[79.173,14.6047],[79.1672,14.7044],[79.0625,14.9618],[79.0673,15.0459],[79.1218,15.0929],[79.2464,15.0993],[79.5534,15.0334],[79.7339,15.0217],[79.8581,14.945],[79.9369,15.0094],[80.0535,15.0097],[80.1115,14.744],[80.1974,14.5932],[80.1699,14.3607],[80.1268,14.1662],[80.1479,14.0279],[80.2449,13.8196],[80.2326,13.6696],[80.0535,13.5829],[80.109,13.5193],[80.2621,13.4729],[80.313,13.4279],[80.2162,13.4818],[80.0295,13.5236]]]},"properties":{"ID_0":105,"ISO":"IND","NAME_0":"India","ID_1":2,"NAME_1":"Andhra Pradesh","ID_2":17,"NAME_2":"Nellore","NL_NAME_2":null,"VARNAME_2":null,"TYPE_2":"District","ENGTYPE_2":"District"}},{"type":"Feature","geometry":{"type":"Polygon","coordinates":[[[77.9441,18.8423],[78.048,18.919],[78.2329,19.0026],[78.299,18.9445],[78.3647,18.9849],[78.5286,18.9416],[78.5796,18.7359],[78.6368,18.7254],[78.6737,18.6227],[78.5534,18.534],[78.5367,18.2998],[78.5631,18.2267],[78.4507,18.1298],[78.3834,18.1216],[78.1664,18.167],[78.1685,18.1039],[78.0741,18.0767],[77.9376,18.1101],[77.9014,18.1918],[77.7686,18.1884],[77.7208,18.2583],[77.599,18.2729],[77.55,18.2913],[77.5273,18.3394],[77.5826,18.4431],[77.7472,18.5891],[77.8375,18.8075],[77.9441,18.8423]]]},"properties":{"ID_0":105,"ISO":"IND","NAME_0":"India","ID_1":2,"NAME_1":"Telangana","ID_2":18,"NAME_2":"Nizamabad","NL_NAME_2":null,"VARNAME_2":null,"TYPE_2":"District","ENGTYPE_2":"District"}},{"type":"Feature","geometry":{"type":"Polygon","coordinates":[[[79.0673,15.0459],[79.0592,15.1677],[78.8145,15.2],[78.7612,15.1777],[78.7353,15.2976],[78.7656,15.3986],[78.7655,15.656],[78.805,15.8677],[78.894,15.9573],[78.9134,16.1088],[78.9081,16.191],[79.0201,16.2443],[79.192,16.2227],[79.2175,16.1739],[79.4556,16.3033],[79.5474,16.2972],[79.5605,15.9387],[79.6956,15.8901],[79.7934,15.9304],[79.9909,16.1301],[80.0926,16],[80.1422,16.0353],[80.2967,16.0443],[80.3691,15.9765],[80.4283,15.8032],[80.2704,15.6732],[80.2007,15.4654],[80.1271,15.3757],[80.0479,15.0888],[80.0535,15.0097],[79.9369,15.0094],[79.8581,14.945],[79.7339,15.0217],[79.5534,15.0334],[79.2464,15.0993],[79.1218,15.0929],[79.0673,15.0459]]]},"properties":{"ID_0":105,"ISO":"IND","NAME_0":"India","ID_1":2,"NAME_1":"Andhra Pradesh","ID_2":19,"NAME_2":"Prakasam","NL_NAME_2":null,"VARNAME_2":null,"TYPE_2":"District","ENGTYPE_2":"District"}},{"type":"Feature","geometry":{"type":"Polygon","coordinates":[[[78.6951,16.9278],[78.5788,16.9468],[78.5046,17.0084],[78.3832,17.0302],[78.3021,17.1462],[78.2888,17.22],[78.168,17.1669],[78.0971,17.0972],[78.0503,17.1919],[77.9309,17.0818],[78.0089,16.9458],[77.9639,16.8649],[77.8609,16.8491],[77.7333,16.8768],[77.7834,17.1499],[77.7236,17.2024],[77.6132,17.1636],[77.4752,17.1713],[77.4626,17.1041],[77.3763,17.1379],[77.3804,17.2198],[77.4564,17.345],[77.6856,17.5056],[77.7699,17.599],[77.8514,17.6403],[78.0146,17.4719],[78.0803,17.4935],[78.2576,17.4151],[78.349,17.5197],[78.3818,17.6615],[78.4247,17.6973],[78.658,17.6918],[78.714,17.6626],[78.6817,17.5738],[78.7071,17.4347],[78.7881,17.1679],[78.8436,17.0819],[78.7832,16.9681],[78.6951,16.9278]],[[78.51,17.4485],[78.3855,17.3845],[78.5094,17.3253],[78.51,17.4485]]]},"properties":{"ID_0":105,"ISO":"IND","NAME_0":"India","ID_1":2,"NAME_1":"Telangana","ID_2":20,"NAME_2":"Rangareddi","NL_NAME_2":null,"VARNAME_2":"Rangareddy","TYPE_2":"District","ENGTYPE_2":"District"}},{"type":"Feature","geometry":{"type":"Polygon","coordinates":[[[84.719,19.0958],[84.7302,19.0893],[84.761,19.0713],[84.589,18.8726],[84.3562,18.5568],[84.1532,18.3765],[84.1296,18.3143],[83.6596,18.0755],[83.5172,18.2703],[83.4327,18.3033],[83.4272,18.4293],[83.5649,18.4221],[83.5983,18.5531],[83.5116,18.5503],[83.518,18.691],[83.6644,18.796],[83.7404,18.7661],[83.8161,18.8242],[83.7705,18.9016],[83.7883,19.0078],[83.8025,18.9818],[83.8832,18.8197],[84.0223,18.7986],[84.0856,18.7452],[84.1549,18.776],[84.3322,18.792],[84.418,18.9007],[84.428,18.9826],[84.4264,18.984],[84.5736,19.0351],[84.6612,19.1219],[84.719,19.0958]]]},"properties":{"ID_0":105,"ISO":"IND","NAME_0":"India","ID_1":2,"NAME_1":"Andhra Pradesh","ID_2":21,"NAME_2":"Srikakulam","NL_NAME_2":null,"VARNAME_2":"Srikakulum","TYPE_2":"District","ENGTYPE_2":"District"}},{"type":"Feature","geometry":{"type":"Polygon","coordinates":[[[82.5376,17.2463],[82.5138,17.2822],[82.5953,17.4526],[82.5512,17.5105],[82.4027,17.4629],[82.3262,17.5016],[82.3286,17.5809],[82.022,17.6784],[81.9611,17.7358],[81.969,17.8337],[82.0228,17.9285],[81.9731,18.0057],[82.0801,18.0604],[82.2532,17.9802],[82.3363,18.0473],[82.3061,18.1957],[82.3344,18.3171],[82.4269,18.477],[82.4291,18.4851],[82.5231,18.5039],[82.5359,18.4083],[82.6009,18.3661],[82.5892,18.2567],[82.7671,18.3311],[82.7992,18.4394],[82.9764,18.3549],[83.0658,18.3932],[83.2658,18.2157],[83.0931,18.1238],[82.9915,17.9906],[83.1917,17.8346],[83.3021,17.9734],[83.3891,18.0421],[83.4203,17.9311],[83.4774,17.9185],[83.3418,17.7229],[83.161,17.5607],[82.7035,17.3438],[82.5376,17.2463]]]},"properties":{"ID_0":105,"ISO":"IND","NAME_0":"India","ID_1":2,"NAME_1":"Andhra Pradesh","ID_2":22,"NAME_2":"Vishakhapatnam","NL_NAME_2":null,"VARNAME_2":"Fisakapatnam|Vizagapatam|Visakhapatnam","TYPE_2":"District","ENGTYPE_2":"District"}},{"type":"Feature","geometry":{"type":"Polygon","coordinates":[[[83.7705,18.9016],[83.8161,18.8242],[83.7404,18.7661],[83.6644,18.796],[83.518,18.691],[83.5116,18.5503],[83.5983,18.5531],[83.5649,18.4221],[83.4272,18.4293],[83.4327,18.3033],[83.5172,18.2703],[83.6596,18.0755],[83.4774,17.9185],[83.4203,17.9311],[83.3891,18.0421],[83.3021,17.9734],[83.1917,17.8346],[82.9915,17.9906],[83.0931,18.1238],[83.2658,18.2157],[83.0658,18.3932],[83.0164,18.4477],[83.0512,18.5349],[83.008,18.5884],[83.133,18.7724],[83.1854,18.7441],[83.3987,18.8335],[83.3133,18.9666],[83.3409,19.0092],[83.4746,19.0003],[83.6044,19.0929],[83.6844,19.0439],[83.7705,18.9016]]]},"properties":{"ID_0":105,"ISO":"IND","NAME_0":"India","ID_1":2,"NAME_1":"Andhra Pradesh","ID_2":23,"NAME_2":"Vizianagaram","NL_NAME_2":null,"VARNAME_2":"Vizianagram","TYPE_2":"District","ENGTYPE_2":"District"}},{"type":"Feature","geometry":{"type":"Polygon","coordinates":[[[79.0898,18.0209],[79.2274,17.9759],[79.3683,18.0154],[79.4718,18.1101],[79.5566,18.101],[79.6166,18.1779],[79.5691,18.2755],[79.5903,18.4664],[79.7556,18.4678],[79.9518,18.5027],[80.0455,18.4774],[80.2114,18.3853],[80.222,18.5479],[80.3367,18.5905],[80.3816,18.5936],[80.3736,18.4686],[80.4577,18.4422],[80.4667,18.3014],[80.6585,18.1651],[80.5904,18.0764],[80.4718,18.1201],[80.3875,18.0762],[80.3059,17.9713],[80.231,17.7459],[80.1286,17.7282],[80.0464,17.5899],[80.1614,17.4484],[80.1527,17.3876],[80.0465,17.3406],[79.9788,17.3943],[79.7851,17.3135],[79.7509,17.4248],[79.6218,17.4859],[79.3963,17.4947],[79.3008,17.5506],[79.1549,17.5737],[79.1175,17.6629],[79.0087,17.7152],[78.9823,17.7842],[78.8634,17.805],[78.8266,17.8896],[78.9659,18.0279],[79.0898,18.0209]]]},"properties":{"ID_0":105,"ISO":"IND","NAME_0":"India","ID_1":2,"NAME_1":"Telangana","ID_2":24,"NAME_2":"Warangal","NL_NAME_2":null,"VARNAME_2":null,"TYPE_2":"District","ENGTYPE_2":"District"}},{"type":"Feature","geometry":{"type":"Polygon","coordinates":[[[81.4982,17.49],[81.6499,17.3126],[81.6637,17.1357],[81.7172,17.0606],[81.7393,16.8032],[81.858,16.6053],[81.8435,16.5138],[81.742,16.4254],[81.7106,16.3199],[81.5629,16.3457],[81.3984,16.422],[81.3304,16.5035],[81.3431,16.5954],[81.1767,16.6138],[81.0014,16.5518],[80.9626,16.6234],[81.0298,16.7886],[80.9266,16.9549],[80.9555,17.0324],[80.8588,17.0509],[80.9053,17.2013],[80.9852,17.1794],[81.1628,17.2326],[81.1903,17.3274],[81.2672,17.32],[81.3225,17.3892],[81.4415,17.3817],[81.4982,17.49]]]},"properties":{"ID_0":105,"ISO":"IND","NAME_0":"India","ID_1":2,"NAME_1":"Andhra Pradesh","ID_2":25,"NAME_2":"West Godavari","NL_NAME_2":null,"VARNAME_2":null,"TYPE_2":"District","ENGTYPE_2":"District"}},{"type":"Feature","geometry":{"type":"Polygon","coordinates":[[[96.9006,27.6243],[96.9377,27.5301],[96.9118,27.4627],[97.0033,27.3299],[97.1717,27.1368],[97.0627,27.1112],[96.8662,27.1997],[96.8851,27.268],[96.8024,27.3544],[96.6205,27.3728],[96.5307,27.298],[96.4335,27.3099],[96.2343,27.2849],[96.0364,27.1961],[95.9571,27.0682],[95.8153,27.0222],[95.755,26.9079],[95.6553,27.1336],[95.637,27.2369],[95.9656,27.3217],[96.0149,27.3755],[95.8813,27.4874],[95.8813,27.5532],[96.0017,27.5658],[96.1288,27.626],[96.2923,27.5624],[96.376,27.6519],[96.6444,27.6356],[96.7036,27.6682],[96.9006,27.6243]]]},"properties":{"ID_0":105,"ISO":"IND","NAME_0":"India","ID_1":3,"NAME_1":"Arunachal Pradesh","ID_2":26,"NAME_2":"Changlang","NL_NAME_2":null,"VARNAME_2":null,"TYPE_2":"District","ENGTYPE_2":"District"}},{"type":"Feature","geometry":{"type":"Polygon","coordinates":[[[93.271,27.5954],[93.3204,27.4431],[93.3723,27.3732],[93.2254,27.2524],[93.2135,27.1185],[93.3133,27.0813],[93.3907,26.96],[93.0194,26.9168],[92.8724,27.0077],[92.7691,27.033],[92.6391,27.0185],[92.6079,27.1414],[92.7499,27.1966],[92.8998,27.2096],[92.8882,27.2858],[92.8092,27.329],[92.8136,27.5252],[92.6462,27.5769],[92.7208,27.64],[92.8609,27.645],[92.9842,27.5634],[93.1505,27.7397],[93.2077,27.7419],[93.1943,27.6774],[93.271,27.5954]]]},"properties":{"ID_0":105,"ISO":"IND","NAME_0":"India","ID_1":3,"NAME_1":"Arunachal Pradesh","ID_2":27,"NAME_2":"East Kameng","NL_NAME_2":null,"VARNAME_2":null,"TYPE_2":"District","ENGTYPE_2":"District"}},{"type":"Feature","geometry":{"type":"Polygon","coordinates":[[[94.7585,28.5374],[95.1026,28.4769],[95.0723,28.3978],[95.12,28.336],[95.1119,28.2266],[95.1957,28.1497],[95.2819,28.1777],[95.4092,28.3194],[95.5646,28.2588],[95.5597,28.0397],[95.5003,27.9506],[95.516,27.8818],[95.3843,27.842],[95.3166,27.8711],[94.8609,27.7395],[94.9579,27.9842],[94.8872,28.0154],[94.9371,28.2434],[94.8694,28.4157],[94.7633,28.4257],[94.7585,28.5374]]]},"properties":{"ID_0":105,"ISO":"IND","NAME_0":"India","ID_1":3,"NAME_1":"Arunachal Pradesh","ID_2":28,"NAME_2":"East Siang","NL_NAME_2":null,"VARNAME_2":null,"TYPE_2":"District","ENGTYPE_2":"District"}},{"type":"Feature","geometry":{"type":"Polygon","coordinates":[[[93.271,27.5954],[93.1943,27.6774],[93.2077,27.7419],[93.1738,27.8224],[92.9659,27.827],[92.9295,27.9205],[92.7332,27.9779],[92.6802,28.118],[92.783,28.1837],[92.8953,28.2046],[93.0219,28.2999],[93.2199,28.3355],[93.3353,28.354],[93.3847,28.3071],[93.5703,28.257],[93.6795,28.3227],[93.8386,28.2405],[93.9106,28.0289],[93.8428,28.0035],[93.8113,27.9113],[93.6876,27.8895],[93.3917,27.6419],[93.271,27.5954]]]},"properties":{"ID_0":105,"ISO":"IND","NAME_0":"India","ID_1":3,"NAME_1":"Arunachal Pradesh","ID_2":29,"NAME_2":"Kurung Kumey","NL_NAME_2":null,"VARNAME_2":null,"TYPE_2":"District","ENGTYPE_2":"District"}},{"type":"Feature","geometry":{"type":"Polygon","coordinates":[[[96.9006,27.6243],[96.7036,27.6682],[96.6444,27.6356],[96.376,27.6519],[96.2923,27.5624],[96.1288,27.626],[96.0017,27.5658],[95.8813,27.5532],[95.798,27.6078],[95.7805,27.7582],[95.9114,27.873],[95.9775,27.9685],[95.9818,28.0772],[96.0508,28.1986],[96.1457,28.1804],[96.232,28.2439],[96.3153,28.3884],[96.5103,28.4183],[96.6646,28.4658],[96.7744,28.3741],[96.8987,28.3859],[96.9965,28.3162],[97.1259,28.3562],[97.3747,28.2256],[97.3308,28.163],[97.3986,28.0341],[97.3786,27.918],[97.2565,27.9095],[97.1603,27.8226],[97.0157,27.7406],[96.9006,27.6243]]]},"properties":{"ID_0":105,"ISO":"IND","NAME_0":"India","ID_1":3,"NAME_1":"Arunachal Pradesh","ID_2":30,"NAME_2":"Lohit","NL_NAME_2":null,"VARNAME_2":"Lohit Frontier Division","TYPE_2":"District","ENGTYPE_2":"District"}},{"type":"Feature","geometry":{"type":"Polygon","coordinates":[[[95.516,27.8818],[95.5003,27.9506],[95.5597,28.0397],[95.5646,28.2588],[95.4092,28.3194],[95.3384,28.369],[95.3368,28.4799],[95.3819,28.5732],[95.3544,28.7042],[95.3889,28.7438],[95.5541,28.7082],[95.6497,28.6241],[95.7529,28.5935],[95.9441,28.6413],[96.1524,28.6547],[96.368,28.5635],[96.3153,28.3884],[96.232,28.2439],[96.1457,28.1804],[96.0508,28.1986],[95.9818,28.0772],[95.9775,27.9685],[95.8259,27.9774],[95.6067,27.9578],[95.5262,27.8979],[95.516,27.8818]]]},"properties":{"ID_0":105,"ISO":"IND","NAME_0":"India","ID_1":3,"NAME_1":"Arunachal Pradesh","ID_2":31,"NAME_2":"Lower Dibang Valley","NL_NAME_2":null,"VARNAME_2":null,"TYPE_2":"District","ENGTYPE_2":"District"}},{"type":"Feature","geometry":{"type":"Polygon","coordinates":[[[93.3917,27.6419],[93.6876,27.8895],[93.8113,27.9113],[93.8428,28.0035],[93.9106,28.0289],[94.0682,27.9412],[94.1938,27.8138],[94.3178,27.7766],[94.3228,27.7058],[94.2111,27.6108],[94.2597,27.5235],[94.2107,27.4979],[94.0679,27.4668],[93.8955,27.4844],[93.787,27.3297],[93.6146,27.346],[93.5644,27.4329],[93.635,27.4831],[93.5278,27.6229],[93.3917,27.6419]]]},"properties":{"ID_0":105,"ISO":"IND","NAME_0":"India","ID_1":3,"NAME_1":"Arunachal Pradesh","ID_2":32,"NAME_2":"Lower Subansiri","NL_NAME_2":null,"VARNAME_2":null,"TYPE_2":"District","ENGTYPE_2":"District"}},{"type":"Feature","geometry":{"type":"Polygon","coordinates":[[[93.3907,26.96],[93.3133,27.0813],[93.2135,27.1185],[93.2254,27.2524],[93.3723,27.3732],[93.3204,27.4431],[93.271,27.5954],[93.3917,27.6419],[93.5278,27.6229],[93.635,27.4831],[93.5644,27.4329],[93.6146,27.346],[93.787,27.3297],[93.8955,27.4844],[94.0679,27.4668],[94.2107,27.4979],[94,27.3347],[93.8073,27.1501],[93.8367,27.0782],[93.6983,26.9948],[93.4681,26.9389],[93.3907,26.96]]]},"properties":{"ID_0":105,"ISO":"IND","NAME_0":"India","ID_1":3,"NAME_1":"Arunachal Pradesh","ID_2":33,"NAME_2":"Papum Pare","NL_NAME_2":null,"VARNAME_2":null,"TYPE_2":"District","ENGTYPE_2":"District"}},{"type":"Feature","geometry":{"type":"Polygon","coordinates":[[[92.316,27.7782],[92.232,27.6189],[92.0112,27.4818],[91.9394,27.4606],[91.6532,27.483],[91.562,27.5842],[91.6237,27.706],[91.6282,27.8008],[91.8279,27.8076],[91.8786,27.7218],[92.0554,27.7591],[92.1561,27.837],[92.2552,27.8622],[92.316,27.7782]]]},"properties":{"ID_0":105,"ISO":"IND","NAME_0":"India","ID_1":3,"NAME_1":"Arunachal Pradesh","ID_2":34,"NAME_2":"Tawang","NL_NAME_2":null,"VARNAME_2":null,"TYPE_2":"District","ENGTYPE_2":"District"}},{"type":"Feature","geometry":{"type":"Polygon","coordinates":[[[95.637,27.2369],[95.6553,27.1336],[95.755,26.9079],[95.5457,26.8379],[95.4233,26.6967],[95.3026,26.656],[95.2376,26.6863],[95.1845,26.8648],[95.2299,26.8857],[95.1955,27.0429],[95.2482,27.0303],[95.3713,27.1114],[95.4578,27.1356],[95.491,27.2487],[95.637,27.2369]]]},"properties":{"ID_0":105,"ISO":"IND","NAME_0":"India","ID_1":3,"NAME_1":"Arunachal Pradesh","ID_2":35,"NAME_2":"Tirap","NL_NAME_2":null,"VARNAME_2":"Tirap Frontier Tract","TYPE_2":"District","ENGTYPE_2":"District"}},{"type":"Feature","geometry":{"type":"Polygon","coordinates":[[[96.368,28.5635],[96.1524,28.6547],[95.9441,28.6413],[95.7529,28.5935],[95.6497,28.6241],[95.5541,28.7082],[95.3889,28.7438],[95.3234,28.8455],[95.3272,28.9209],[95.2424,29.0024],[95.2724,29.0586],[95.4543,29.037],[95.545,29.2156],[95.5858,29.218],[95.7776,29.3564],[95.9571,29.3827],[96.0928,29.4564],[96.2342,29.2435],[96.3928,29.2565],[96.3464,29.171],[96.2175,29.1381],[96.1504,29.0531],[96.2281,28.9293],[96.3467,29.0323],[96.4358,29.0376],[96.5212,28.9652],[96.6084,28.7981],[96.5859,28.7216],[96.368,28.5635]]]},"properties":{"ID_0":105,"ISO":"IND","NAME_0":"India","ID_1":3,"NAME_1":"Arunachal Pradesh","ID_2":36,"NAME_2":"Upper Dibang Valley","NL_NAME_2":null,"VARNAME_2":null,"TYPE_2":"District","ENGTYPE_2":"District"}},{"type":"Feature","geometry":{"type":"Polygon","coordinates":[[[95.4092,28.3194],[95.2819,28.1777],[95.1957,28.1497],[95.1119,28.2266],[95.12,28.336],[95.0723,28.3978],[95.1026,28.4769],[94.7585,28.5374],[94.7307,28.6869],[94.599,28.7903],[94.5256,28.7969],[94.2789,28.9953],[94.1719,29.007],[94.2877,29.1481],[94.4312,29.2268],[94.5579,29.2289],[94.6282,29.3486],[94.8718,29.1843],[95.2508,29.1099],[95.2724,29.0586],[95.2424,29.0024],[95.3272,28.9209],[95.3234,28.8455],[95.3889,28.7438],[95.3544,28.7042],[95.3819,28.5732],[95.3368,28.4799],[95.3384,28.369],[95.4092,28.3194]]]},"properties":{"ID_0":105,"ISO":"IND","NAME_0":"India","ID_1":3,"NAME_1":"Arunachal Pradesh","ID_2":37,"NAME_2":"Upper Siang","NL_NAME_2":null,"VARNAME_2":null,"TYPE_2":"District","ENGTYPE_2":"District"}},{"type":"Feature","geometry":{"type":"Polygon","coordinates":[[[93.9106,28.0289],[93.8386,28.2405],[93.6795,28.3227],[93.5703,28.257],[93.3847,28.3071],[93.3353,28.354],[93.2199,28.3355],[93.1904,28.426],[93.2759,28.5048],[93.3323,28.6337],[93.4955,28.684],[93.607,28.6559],[93.844,28.7074],[93.9603,28.7131],[94.0217,28.6521],[93.9999,28.5788],[94.1076,28.5225],[94.1317,28.4528],[94.2409,28.4482],[94.4028,28.3297],[94.3675,28.2135],[94.4084,28.0715],[94.5134,28.018],[94.5779,27.859],[94.3178,27.7766],[94.1938,27.8138],[94.0682,27.9412],[93.9106,28.0289]]]},"properties":{"ID_0":105,"ISO":"IND","NAME_0":"India","ID_1":3,"NAME_1":"Arunachal Pradesh","ID_2":38,"NAME_2":"Upper Subansiri","NL_NAME_2":null,"VARNAME_2":null,"TYPE_2":"District","ENGTYPE_2":"District"}},{"type":"Feature","geometry":{"type":"Polygon","coordinates":[[[93.2077,27.7419],[93.1505,27.7397],[92.9842,27.5634],[92.8609,27.645],[92.7208,27.64],[92.6462,27.5769],[92.8136,27.5252],[92.8092,27.329],[92.8882,27.2858],[92.8998,27.2096],[92.7499,27.1966],[92.6079,27.1414],[92.6391,27.0185],[92.5852,26.9619],[92.3644,26.9327],[92.1079,26.8938],[92.1033,27.0077],[92.0278,27.0786],[92.07,27.2774],[92.0112,27.4818],[92.232,27.6189],[92.316,27.7782],[92.5607,27.821],[92.7332,27.9779],[92.9295,27.9205],[92.9659,27.827],[93.1738,27.8224],[93.2077,27.7419]]]},"properties":{"ID_0":105,"ISO":"IND","NAME_0":"India","ID_1":3,"NAME_1":"Arunachal Pradesh","ID_2":39,"NAME_2":"West Kameng","NL_NAME_2":null,"VARNAME_2":null,"TYPE_2":"District","ENGTYPE_2":"District"}},{"type":"Feature","geometry":{"type":"Polygon","coordinates":[[[94.7585,28.5374],[94.7633,28.4257],[94.8694,28.4157],[94.9371,28.2434],[94.8872,28.0154],[94.9579,27.9842],[94.8609,27.7395],[94.5002,27.5773],[94.3675,27.5767],[94.2111,27.6108],[94.3228,27.7058],[94.3178,27.7766],[94.5779,27.859],[94.5134,28.018],[94.4084,28.0715],[94.3675,28.2135],[94.4028,28.3297],[94.2409,28.4482],[94.1317,28.4528],[94.1076,28.5225],[93.9999,28.5788],[94.0217,28.6521],[93.9603,28.7131],[93.9949,28.8414],[94.1551,28.9548],[94.1719,29.007],[94.2789,28.9953],[94.5256,28.7969],[94.599,28.7903],[94.7307,28.6869],[94.7585,28.5374]]]},"properties":{"ID_0":105,"ISO":"IND","NAME_0":"India","ID_1":3,"NAME_1":"Arunachal Pradesh","ID_2":40,"NAME_2":"West Siang","NL_NAME_2":null,"VARNAME_2":null,"TYPE_2":"District","ENGTYPE_2":"District"}},{"type":"Feature","geometry":{"type":"Polygon","coordinates":[[[91.2951,26.7852],[91.2434,26.6443],[91.2771,26.3551],[91.2335,26.1829],[90.9356,26.0943],[90.6913,26.1534],[90.6581,26.228],[90.8597,26.3758],[90.8163,26.4768],[90.8267,26.5757],[90.899,26.64],[90.9548,26.7838],[91.0891,26.8184],[91.2951,26.7852]]]},"properties":{"ID_0":105,"ISO":"IND","NAME_0":"India","ID_1":4,"NAME_1":"Assam","ID_2":41,"NAME_2":"Barpeta","NL_NAME_2":null,"VARNAME_2":null,"TYPE_2":"District","ENGTYPE_2":"District"}},{"type":"Feature","geometry":{"type":"Polygon","coordinates":[[[90.9548,26.7838],[90.899,26.64],[90.8267,26.5757],[90.8163,26.4768],[90.8597,26.3758],[90.6581,26.228],[90.454,26.1458],[90.346,26.1759],[90.4794,26.2962],[90.4491,26.3541],[90.3774,26.486],[90.3899,26.5599],[90.5721,26.5318],[90.5232,26.6651],[90.615,26.7951],[90.6999,26.768],[90.9548,26.7838]]]},"properties":{"ID_0":105,"ISO":"IND","NAME_0":"India","ID_1":4,"NAME_1":"Assam","ID_2":42,"NAME_2":"Bongaigaon","NL_NAME_2":null,"VARNAME_2":null,"TYPE_2":"District","ENGTYPE_2":"District"}},{"type":"Feature","geometry":{"type":"Polygon","coordinates":[[[92.4259,25.0318],[92.5429,25.0996],[92.7564,25.1412],[92.8413,25.0559],[93.0193,25.0984],[93.0722,25.0005],[93.2529,24.9751],[93.2162,24.8647],[93.2143,24.8619],[93.2001,24.8578],[93.1112,24.8123],[93.0888,24.7092],[93.107,24.5836],[93.0064,24.4119],[93.0005,24.4033],[92.8964,24.3943],[92.8038,24.4217],[92.7652,24.5208],[92.6701,24.5936],[92.6562,24.7382],[92.6804,24.8158],[92.589,24.8643],[92.4941,24.8767],[92.4259,25.0318]]]},"properties":{"ID_0":105,"ISO":"IND","NAME_0":"India","ID_1":4,"NAME_1":"Assam","ID_2":43,"NAME_2":"Cachar","NL_NAME_2":null,"VARNAME_2":null,"TYPE_2":"District","ENGTYPE_2":"District"}},{"type":"Feature","geometry":{"type":"Polygon","coordinates":[[[92.1079,26.8938],[92.3644,26.9327],[92.3297,26.807],[92.3254,26.5933],[92.3439,26.5038],[92.1789,26.4245],[92.0483,26.2822],[91.9534,26.255],[91.7768,26.1989],[91.8177,26.3802],[91.7638,26.4673],[91.7072,26.7976],[91.7042,26.8119],[91.8973,26.9161],[92.0552,26.8481],[92.1079,26.8938]]]},"properties":{"ID_0":105,"ISO":"IND","NAME_0":"India","ID_1":4,"NAME_1":"Assam","ID_2":44,"NAME_2":"Darrang","NL_NAME_2":null,"VARNAME_2":null,"TYPE_2":"District","ENGTYPE_2":"District"}},{"type":"Feature","geometry":{"type":"Polygon","coordinates":[[[94.8609,27.7395],[95.3166,27.8711],[95.3843,27.842],[95.516,27.8818],[95.5152,27.8624],[95.4199,27.7432],[95.276,27.6872],[95.2058,27.7126],[95.106,27.6667],[94.9837,27.6549],[94.8808,27.5777],[94.5981,27.2861],[94.509,27.3482],[94.4038,27.334],[94.2851,27.386],[94.2597,27.5235],[94.2111,27.6108],[94.3675,27.5767],[94.5002,27.5773],[94.8609,27.7395]]]},"properties":{"ID_0":105,"ISO":"IND","NAME_0":"India","ID_1":4,"NAME_1":"Assam","ID_2":45,"NAME_2":"Dhemaji","NL_NAME_2":null,"VARNAME_2":null,"TYPE_2":"District","ENGTYPE_2":"District"}},{"type":"Feature","geometry":{"type":"Polygon","coordinates":[[[90.4491,26.3541],[90.4794,26.2962],[90.346,26.1759],[90.2473,26.1776],[90.1542,26.078],[90.1187,25.9613],[90.1109,25.9541],[89.8942,25.7272],[90.0184,25.6084],[89.8738,25.5493],[89.8864,25.6081],[89.8145,25.817],[89.8861,25.9436],[89.7188,26.166],[89.762,26.3171],[89.8742,26.3021],[89.9854,26.3456],[90.0467,26.2983],[90.152,26.353],[90.273,26.3233],[90.3568,26.4112],[90.4491,26.3541]]]},"properties":{"ID_0":105,"ISO":"IND","NAME_0":"India","ID_1":4,"NAME_1":"Assam","ID_2":46,"NAME_2":"Dhuburi","NL_NAME_2":null,"VARNAME_2":null,"TYPE_2":"District","ENGTYPE_2":"District"}},{"type":"Feature","geometry":{"type":"Polygon","coordinates":[[[95.491,27.2487],[95.4578,27.1356],[95.3713,27.1114],[95.2888,27.2025],[95.1621,27.1366],[94.9805,27.1555],[94.8482,27.1131],[94.7648,27.1323],[94.7783,27.2432],[94.6453,27.2509],[94.5946,27.1495],[94.5693,27.1828],[94.5981,27.2861],[94.8808,27.5777],[94.9837,27.6549],[95.106,27.6667],[95.2058,27.7126],[95.276,27.6872],[95.3214,27.5925],[95.2207,27.4629],[95.2661,27.4118],[95.4735,27.3702],[95.491,27.2487]]]},"properties":{"ID_0":105,"ISO":"IND","NAME_0":"India","ID_1":4,"NAME_1":"Assam","ID_2":47,"NAME_2":"Dibrugarh","NL_NAME_2":null,"VARNAME_2":null,"TYPE_2":"District","ENGTYPE_2":"District"}},{"type":"Feature","geometry":{"type":"Polygon","coordinates":[[[90.6581,26.228],[90.6913,26.1534],[90.9356,26.0943],[91.0975,26.0098],[91.0292,25.888],[90.883,25.9517],[90.7405,25.9152],[90.5345,25.958],[90.4773,26.0153],[90.3243,25.9744],[90.1187,25.9613],[90.1542,26.078],[90.2473,26.1776],[90.346,26.1759],[90.454,26.1458],[90.6581,26.228]]]},"properties":{"ID_0":105,"ISO":"IND","NAME_0":"India","ID_1":4,"NAME_1":"Assam","ID_2":48,"NAME_2":"Goalpara","NL_NAME_2":null,"VARNAME_2":null,"TYPE_2":"District","ENGTYPE_2":"District"}},{"type":"Feature","geometry":{"type":"Polygon","coordinates":[[[93.9625,26.9295],[94.0482,26.7324],[94.073,26.6008],[94.1172,26.5584],[94.1182,26.4041],[94.1677,26.3533],[94.108,26.3264],[94.013,26.1863],[93.9549,26.0073],[93.9827,25.9263],[93.9608,25.9059],[93.7798,25.8463],[93.773,25.966],[93.8298,26.1908],[93.8833,26.2807],[93.8845,26.3911],[93.7838,26.4219],[93.7227,26.607],[93.5462,26.6071],[93.4037,26.5733],[93.3013,26.5801],[93.3029,26.5811],[93.3075,26.7009],[93.5094,26.7634],[93.6501,26.7082],[93.6492,26.7808],[93.7722,26.847],[93.8793,26.8588],[93.9625,26.9295]]]},"properties":{"ID_0":105,"ISO":"IND","NAME_0":"India","ID_1":4,"NAME_1":"Assam","ID_2":49,"NAME_2":"Golaghat","NL_NAME_2":null,"VARNAME_2":null,"TYPE_2":"District","ENGTYPE_2":"District"}},{"type":"Feature","geometry":{"type":"Polygon","coordinates":[[[92.589,24.8643],[92.6804,24.8158],[92.6562,24.7382],[92.6701,24.5936],[92.7652,24.5208],[92.6917,24.3564],[92.5329,24.1805],[92.4366,24.1524],[92.4225,24.2482],[92.4224,24.2531],[92.477,24.325],[92.5192,24.5693],[92.4972,24.6762],[92.589,24.8643]]]},"properties":{"ID_0":105,"ISO":"IND","NAME_0":"India","ID_1":4,"NAME_1":"Assam","ID_2":50,"NAME_2":"Hailakandi","NL_NAME_2":null,"VARNAME_2":null,"TYPE_2":"District","ENGTYPE_2":"District"}},{"type":"Feature","geometry":{"type":"Polygon","coordinates":[[[94.5693,27.1828],[94.5946,27.1495],[94.4695,27.0051],[94.4892,26.8384],[94.5952,26.7299],[94.4099,26.6164],[94.3966,26.5297],[94.3165,26.4629],[94.2823,26.5635],[94.1865,26.4605],[94.1677,26.3533],[94.1182,26.4041],[94.1172,26.5584],[94.073,26.6008],[94.0482,26.7324],[93.9625,26.9295],[94.0527,26.9828],[94.134,26.973],[94.2381,27.077],[94.4178,27.0949],[94.5693,27.1828]]]},"properties":{"ID_0":105,"ISO":"IND","NAME_0":"India","ID_1":4,"NAME_1":"Assam","ID_2":51,"NAME_2":"Jorhat","NL_NAME_2":null,"VARNAME_2":null,"TYPE_2":"District","ENGTYPE_2":"District"}},{"type":"Feature","geometry":{"type":"Polygon","coordinates":[[[90.9356,26.0943],[91.2335,26.1829],[91.4129,26.1371],[91.4173,26.2658],[91.613,26.4871],[91.67,26.5247],[91.6704,26.6451],[91.7072,26.7976],[91.7638,26.4673],[91.8177,26.3802],[91.7768,26.1989],[91.9534,26.255],[91.9974,26.2058],[92.1296,26.18],[92.1783,26.0795],[92.1331,26.0459],[91.8832,26.03],[91.8193,26.1187],[91.7313,26.0592],[91.7202,25.9541],[91.6301,25.9446],[91.57,26.0275],[91.4687,25.859],[91.3425,25.8361],[91.2239,25.7234],[91.1529,25.8501],[91.0008,25.8223],[91.0292,25.888],[91.0975,26.0098],[90.9356,26.0943]]]},"properties":{"ID_0":105,"ISO":"IND","NAME_0":"India","ID_1":4,"NAME_1":"Assam","ID_2":52,"NAME_2":"Kamrup","NL_NAME_2":null,"VARNAME_2":"Kampur, Ramrup","TYPE_2":"District","ENGTYPE_2":"District"}},{"type":"Feature","geometry":{"type":"MultiPolygon","coordinates":[[[[93.3013,26.5801],[93.4037,26.5733],[93.5462,26.6071],[93.7227,26.607],[93.7838,26.4219],[93.8845,26.3911],[93.8833,26.2807],[93.8298,26.1908],[93.773,25.966],[93.7064,25.8533],[93.5436,25.7017],[93.5315,25.694],[93.5306,25.6927],[93.3317,25.5468],[93.2023,25.5586],[93.1413,25.7133],[93.1446,25.716],[93.1771,25.7281],[93.2516,25.7899],[93.1072,26.073],[92.8277,26.2071],[92.8197,26.2652],[92.9402,26.3269],[92.9057,26.4015],[93.0712,26.4227],[93.1193,26.5317],[93.2901,26.576],[93.3013,26.5801]]],[[[93.0719,25.7775],[92.9713,25.7929],[92.8378,25.752],[92.7465,25.6],[92.6631,25.5779],[92.6607,25.5818],[92.6605,25.5851],[92.6026,25.5574],[92.5106,25.6172],[92.3835,25.7474],[92.1645,25.6693],[92.1605,25.6733],[92.1644,25.6849],[92.1531,25.8127],[92.2006,25.9082],[92.1608,25.9515],[92.2557,26.0289],[92.3016,26.0765],[92.3021,26.0768],[92.3862,26.1415],[92.4109,26.1376],[92.4131,26.1352],[92.5282,26.142],[92.5964,26.0706],[92.5718,25.9628],[92.7513,26.0634],[92.7698,25.9552],[92.8709,25.872],[92.9863,25.8779],[93.0719,25.7775]]]]},"properties":{"ID_0":105,"ISO":"IND","NAME_0":"India","ID_1":4,"NAME_1":"Assam","ID_2":53,"NAME_2":"Karbi Anglong","NL_NAME_2":null,"VARNAME_2":"Mikir Hills , Korbi Anglong","TYPE_2":"District","ENGTYPE_2":"District"}},{"type":"Feature","geometry":{"type":"Polygon","coordinates":[[[92.4941,24.8767],[92.589,24.8643],[92.4972,24.6762],[92.5192,24.5693],[92.477,24.325],[92.4224,24.2531],[92.3141,24.2526],[92.3105,24.2513],[92.2966,24.2517],[92.2596,24.2504],[92.2129,24.2493],[92.2676,24.3733],[92.2343,24.5004],[92.2627,24.6886],[92.2983,24.7366],[92.2452,24.9102],[92.3951,24.8554],[92.4941,24.8767]]]},"properties":{"ID_0":105,"ISO":"IND","NAME_0":"India","ID_1":4,"NAME_1":"Assam","ID_2":54,"NAME_2":"Karimganj","NL_NAME_2":null,"VARNAME_2":null,"TYPE_2":"District","ENGTYPE_2":"District"}},{"type":"Feature","geometry":{"type":"Polygon","coordinates":[[[90.615,26.7951],[90.5232,26.6651],[90.5721,26.5318],[90.3899,26.5599],[90.3774,26.486],[90.4491,26.3541],[90.3568,26.4112],[90.273,26.3233],[90.152,26.353],[90.0467,26.2983],[89.9854,26.3456],[89.8742,26.3021],[89.762,26.3171],[89.8273,26.3965],[89.8333,26.4123],[89.8448,26.4102],[89.8695,26.6738],[89.8584,26.7312],[90.0552,26.7293],[90.1887,26.7706],[90.2262,26.8582],[90.3117,26.8509],[90.4097,26.9019],[90.5638,26.7996],[90.615,26.7951]]]},"properties":{"ID_0":105,"ISO":"IND","NAME_0":"India","ID_1":4,"NAME_1":"Assam","ID_2":55,"NAME_2":"Kokrajhar","NL_NAME_2":null,"VARNAME_2":null,"TYPE_2":"District","ENGTYPE_2":"District"}},{"type":"Feature","geometry":{"type":"Polygon","coordinates":[[[94.2107,27.4979],[94.2597,27.5235],[94.2851,27.386],[94.4038,27.334],[94.509,27.3482],[94.5981,27.2861],[94.5693,27.1828],[94.4178,27.0949],[94.2381,27.077],[94.134,26.973],[94.0527,26.9828],[93.9625,26.9295],[93.8793,26.8588],[93.7722,26.847],[93.6983,26.9948],[93.8367,27.0782],[93.8073,27.1501],[94,27.3347],[94.2107,27.4979]]]},"properties":{"ID_0":105,"ISO":"IND","NAME_0":"India","ID_1":4,"NAME_1":"Assam","ID_2":56,"NAME_2":"Lakhimpur","NL_NAME_2":null,"VARNAME_2":"North Lakhimpur, Lakhmipur, Lakimpur","TYPE_2":"District","ENGTYPE_2":"District"}},{"type":"Feature","geometry":{"type":"Polygon","coordinates":[[[91.9534,26.255],[92.0483,26.2822],[92.1789,26.4245],[92.3439,26.5038],[92.4138,26.517],[92.54,26.2955],[92.451,26.2639],[92.4109,26.1376],[92.3862,26.1415],[92.3021,26.0768],[92.3016,26.0765],[92.1783,26.0795],[92.1296,26.18],[91.9974,26.2058],[91.9534,26.255]]]},"properties":{"ID_0":105,"ISO":"IND","NAME_0":"India","ID_1":4,"NAME_1":"Assam","ID_2":57,"NAME_2":"Marigaon","NL_NAME_2":null,"VARNAME_2":null,"TYPE_2":"District","ENGTYPE_2":"District"}},{"type":"Feature","geometry":{"type":"Polygon","coordinates":[[[93.3075,26.7009],[93.3029,26.5811],[93.3013,26.5801],[93.2901,26.576],[93.1193,26.5317],[93.0712,26.4227],[92.9057,26.4015],[92.9402,26.3269],[92.8197,26.2652],[92.8277,26.2071],[93.1072,26.073],[93.2516,25.7899],[93.1771,25.7281],[93.1446,25.716],[93.0719,25.7775],[92.9863,25.8779],[92.8709,25.872],[92.7698,25.9552],[92.7513,26.0634],[92.5718,25.9628],[92.5964,26.0706],[92.5282,26.142],[92.4131,26.1352],[92.4109,26.1376],[92.451,26.2639],[92.54,26.2955],[92.4138,26.517],[92.5787,26.5019],[92.7033,26.5277],[92.9422,26.6194],[93.1226,26.58],[93.3075,26.7009]]]},"properties":{"ID_0":105,"ISO":"IND","NAME_0":"India","ID_1":4,"NAME_1":"Assam","ID_2":58,"NAME_2":"Nagaon","NL_NAME_2":null,"VARNAME_2":"Nowgong","TYPE_2":"District","ENGTYPE_2":"District"}},{"type":"Feature","geometry":{"type":"Polygon","coordinates":[[[91.2335,26.1829],[91.2771,26.3551],[91.2434,26.6443],[91.2951,26.7852],[91.4083,26.8356],[91.4782,26.7918],[91.7042,26.8119],[91.7072,26.7976],[91.6704,26.6451],[91.67,26.5247],[91.613,26.4871],[91.4173,26.2658],[91.4129,26.1371],[91.2335,26.1829]]]},"properties":{"ID_0":105,"ISO":"IND","NAME_0":"India","ID_1":4,"NAME_1":"Assam","ID_2":59,"NAME_2":"Nalbari","NL_NAME_2":null,"VARNAME_2":null,"TYPE_2":"District","ENGTYPE_2":"District"}},{"type":"Feature","geometry":{"type":"Polygon","coordinates":[[[93.2529,24.9751],[93.0722,25.0005],[93.0193,25.0984],[92.8413,25.0559],[92.7564,25.1412],[92.5429,25.0996],[92.6216,25.1177],[92.7471,25.2078],[92.7922,25.2868],[92.581,25.4952],[92.6607,25.5818],[92.6631,25.5779],[92.7465,25.6],[92.8378,25.752],[92.9713,25.7929],[93.0719,25.7775],[93.1446,25.716],[93.1413,25.7133],[93.2023,25.5586],[93.3317,25.5468],[93.4569,25.4419],[93.474,25.3093],[93.4751,25.2997],[93.4656,25.2991],[93.3887,25.2459],[93.3358,25.0958],[93.2529,24.9751]]]},"properties":{"ID_0":105,"ISO":"IND","NAME_0":"India","ID_1":4,"NAME_1":"Assam","ID_2":60,"NAME_2":"North Cachar Hills","NL_NAME_2":null,"VARNAME_2":null,"TYPE_2":"District","ENGTYPE_2":"District"}},{"type":"Feature","geometry":{"type":"Polygon","coordinates":[[[95.3713,27.1114],[95.2482,27.0303],[95.1955,27.0429],[95.0869,26.9527],[94.9857,26.9182],[94.8862,26.9325],[94.7908,26.8015],[94.7377,26.7689],[94.5952,26.7299],[94.4892,26.8384],[94.4695,27.0051],[94.5946,27.1495],[94.6453,27.2509],[94.7783,27.2432],[94.7648,27.1323],[94.8482,27.1131],[94.9805,27.1555],[95.1621,27.1366],[95.2888,27.2025],[95.3713,27.1114]]]},"properties":{"ID_0":105,"ISO":"IND","NAME_0":"India","ID_1":4,"NAME_1":"Assam","ID_2":61,"NAME_2":"Sibsagar","NL_NAME_2":null,"VARNAME_2":"Sivasagar","TYPE_2":"District","ENGTYPE_2":"District"}},{"type":"Feature","geometry":{"type":"Polygon","coordinates":[[[92.6391,27.0185],[92.7691,27.033],[92.8724,27.0077],[93.0194,26.9168],[93.3907,26.96],[93.4681,26.9389],[93.6983,26.9948],[93.7722,26.847],[93.6492,26.7808],[93.6501,26.7082],[93.5094,26.7634],[93.3075,26.7009],[93.1226,26.58],[92.9422,26.6194],[92.7033,26.5277],[92.5787,26.5019],[92.4138,26.517],[92.3439,26.5038],[92.3254,26.5933],[92.3297,26.807],[92.3644,26.9327],[92.5852,26.9619],[92.6391,27.0185]]]},"properties":{"ID_0":105,"ISO":"IND","NAME_0":"India","ID_1":4,"NAME_1":"Assam","ID_2":62,"NAME_2":"Sonitpur","NL_NAME_2":null,"VARNAME_2":"Sontipur","TYPE_2":"District","ENGTYPE_2":"District"}},{"type":"Feature","geometry":{"type":"Polygon","coordinates":[[[95.8813,27.5532],[95.8813,27.4874],[96.0149,27.3755],[95.9656,27.3217],[95.637,27.2369],[95.491,27.2487],[95.4735,27.3702],[95.2661,27.4118],[95.2207,27.4629],[95.3214,27.5925],[95.276,27.6872],[95.4199,27.7432],[95.5152,27.8624],[95.516,27.8818],[95.5262,27.8979],[95.6067,27.9578],[95.8259,27.9774],[95.9775,27.9685],[95.9114,27.873],[95.7805,27.7582],[95.798,27.6078],[95.8813,27.5532]]]},"properties":{"ID_0":105,"ISO":"IND","NAME_0":"India","ID_1":4,"NAME_1":"Assam","ID_2":63,"NAME_2":"Tinsukia","NL_NAME_2":null,"VARNAME_2":null,"TYPE_2":"District","ENGTYPE_2":"District"}},{"type":"Feature","geometry":{"type":"Polygon","coordinates":[[[87.6458,26.3933],[87.6151,26.3233],[87.6792,26.192],[87.671,26.1109],[87.6687,26.1079],[87.5109,25.9708],[87.4187,25.9908],[87.17,25.9424],[87.0767,25.9622],[87.0743,25.9664],[87.086,26.0554],[87.088,26.2034],[87.0359,26.5566],[87.0939,26.45],[87.165,26.4038],[87.3159,26.3672],[87.4691,26.4401],[87.6458,26.3933]]]},"properties":{"ID_0":105,"ISO":"IND","NAME_0":"India","ID_1":5,"NAME_1":"Bihar","ID_2":64,"NAME_2":"Araria","NL_NAME_2":null,"VARNAME_2":null,"TYPE_2":"District","ENGTYPE_2":"District"}},{"type":"Feature","geometry":{"type":"Polygon","coordinates":[[[84.7315,25.0579],[84.6975,24.9046],[84.7153,24.7012],[84.5963,24.6568],[84.5392,24.5278],[84.3856,24.5612],[84.3217,24.4898],[84.1728,24.542],[84.1098,24.4814],[84.0467,24.6123],[83.9922,24.638],[84.0817,24.7713],[84.4402,25.1296],[84.6786,25.1041],[84.7315,25.0579]]]},"properties":{"ID_0":105,"ISO":"IND","NAME_0":"India","ID_1":5,"NAME_1":"Bihar","ID_2":65,"NAME_2":"Aurangabad","NL_NAME_2":null,"VARNAME_2":null,"TYPE_2":"District","ENGTYPE_2":"District"}},{"type":"Feature","geometry":{"type":"Polygon","coordinates":[[[87.1738,25.058],[87.1473,24.8624],[87.0773,24.8083],[87.0444,24.624],[86.9361,24.6304],[86.9112,24.5387],[86.6684,24.5606],[86.6093,24.6074],[86.5453,24.7127],[86.4993,24.9848],[86.637,24.9745],[86.6875,25.118],[86.6985,25.1169],[86.8686,25.0955],[87.046,25.1046],[87.1646,25.0589],[87.1738,25.058]]]},"properties":{"ID_0":105,"ISO":"IND","NAME_0":"India","ID_1":5,"NAME_1":"Bihar","ID_2":66,"NAME_2":"Banka","NL_NAME_2":null,"VARNAME_2":null,"TYPE_2":"District","ENGTYPE_2":"District"}},{"type":"Feature","geometry":{"type":"Polygon","coordinates":[[[86.2858,25.64],[86.2888,25.5269],[86.4166,25.4981],[86.5026,25.4285],[86.3072,25.3169],[86.1988,25.2502],[86.0573,25.3343],[85.8654,25.4418],[85.8787,25.5024],[85.7487,25.5446],[85.7306,25.5391],[85.835,25.6397],[85.9386,25.6532],[86.0144,25.7259],[86.1442,25.7658],[86.1834,25.6681],[86.2858,25.64]]]},"properties":{"ID_0":105,"ISO":"IND","NAME_0":"India","ID_1":5,"NAME_1":"Bihar","ID_2":67,"NAME_2":"Begusarai","NL_NAME_2":null,"VARNAME_2":null,"TYPE_2":"District","ENGTYPE_2":"District"}},{"type":"Feature","geometry":{"type":"Polygon","coordinates":[[[83.7619,25.3879],[83.8916,25.2949],[83.827,25.245],[83.801,25.1152],[83.804,24.9615],[83.7115,24.8337],[83.7691,24.7953],[83.7011,24.5433],[83.5172,24.5492],[83.4798,24.7378],[83.3941,24.7795],[83.3868,24.7842],[83.3863,24.7866],[83.357,24.9554],[83.3182,25.0173],[83.3359,25.1836],[83.5331,25.3129],[83.5347,25.3152],[83.5543,25.3141],[83.7619,25.3879]]]},"properties":{"ID_0":105,"ISO":"IND","NAME_0":"India","ID_1":5,"NAME_1":"Bihar","ID_2":68,"NAME_2":"Bhabua","NL_NAME_2":null,"VARNAME_2":"Kaimur","TYPE_2":"District","ENGTYPE_2":"District"}},{"type":"Feature","geometry":{"type":"Polygon","coordinates":[[[87.1738,25.058],[87.1646,25.0589],[87.046,25.1046],[86.8686,25.0955],[86.6985,25.1169],[86.6875,25.118],[86.6818,25.1208],[86.7247,25.2538],[86.8505,25.3626],[86.8221,25.4349],[86.8177,25.4438],[86.9054,25.4917],[87.067,25.4693],[87.096,25.5143],[87.0954,25.4389],[87.2253,25.4513],[87.5474,25.3309],[87.4718,25.2224],[87.4722,25.1947],[87.4676,25.1931],[87.3183,25.2012],[87.2911,25.0893],[87.1766,25.064],[87.1738,25.058]]]},"properties":{"ID_0":105,"ISO":"IND","NAME_0":"India","ID_1":5,"NAME_1":"Bihar","ID_2":69,"NAME_2":"Bhagalpur","NL_NAME_2":null,"VARNAME_2":"Bhagaipur","TYPE_2":"District","ENGTYPE_2":"District"}},{"type":"Feature","geometry":{"type":"Polygon","coordinates":[[[84.8456,25.6968],[84.8219,25.6767],[84.7702,25.4481],[84.7068,25.3215],[84.6972,25.3165],[84.6198,25.2362],[84.4578,25.1624],[84.3131,25.2166],[84.3284,25.299],[84.2673,25.361],[84.3549,25.4736],[84.3207,25.6572],[84.3812,25.7343],[84.3845,25.7377],[84.3936,25.7289],[84.5164,25.6777],[84.5556,25.7364],[84.5955,25.7391],[84.6229,25.7071],[84.8456,25.6968]]]},"properties":{"ID_0":105,"ISO":"IND","NAME_0":"India","ID_1":5,"NAME_1":"Bihar","ID_2":70,"NAME_2":"Bhojpur","NL_NAME_2":null,"VARNAME_2":null,"TYPE_2":"District","ENGTYPE_2":"District"}},{"type":"Feature","geometry":{"type":"Polygon","coordinates":[[[83.8916,25.2949],[83.7619,25.3879],[83.921,25.5617],[84.0797,25.6527],[84.3186,25.6719],[84.3845,25.7377],[84.3812,25.7343],[84.3207,25.6572],[84.3549,25.4736],[84.2673,25.361],[84.0379,25.3756],[84.0276,25.2687],[83.8916,25.2949]]]},"properties":{"ID_0":105,"ISO":"IND","NAME_0":"India","ID_1":5,"NAME_1":"Bihar","ID_2":71,"NAME_2":"Buxar","NL_NAME_2":null,"VARNAME_2":null,"TYPE_2":"District","ENGTYPE_2":"District"}},{"type":"Feature","geometry":{"type":"Polygon","coordinates":[[[85.7606,26.4369],[85.8283,26.3471],[85.9949,26.2679],[86.0483,26.2141],[86.1361,26.239],[86.3099,26.1663],[86.3616,26.0499],[86.3699,26.0448],[86.3789,25.956],[86.315,25.8728],[86.3037,25.8673],[86.2599,25.9081],[86.102,25.8946],[85.9738,25.9374],[85.8589,26.023],[85.7071,26.0913],[85.6964,26.3079],[85.6818,26.4097],[85.7606,26.4369]]]},"properties":{"ID_0":105,"ISO":"IND","NAME_0":"India","ID_1":5,"NAME_1":"Bihar","ID_2":72,"NAME_2":"Darbhanga","NL_NAME_2":null,"VARNAME_2":null,"TYPE_2":"District","ENGTYPE_2":"District"}},{"type":"Feature","geometry":{"type":"Polygon","coordinates":[[[84.3217,24.4898],[84.3856,24.5612],[84.5392,24.5278],[84.5963,24.6568],[84.7153,24.7012],[84.6975,24.9046],[84.7315,25.0579],[84.8987,25.06],[84.9353,24.9814],[85.0498,25.0349],[85.1973,25.0537],[85.1948,25.0342],[85.3166,25.0257],[85.3784,24.9775],[85.3892,24.9663],[85.2688,24.7467],[85.3113,24.5621],[85.3834,24.5352],[85.2794,24.5191],[85.0807,24.3808],[85.0321,24.4254],[84.9033,24.3723],[84.8195,24.5248],[84.5725,24.4123],[84.4935,24.287],[84.3359,24.3958],[84.3217,24.4898]]]},"properties":{"ID_0":105,"ISO":"IND","NAME_0":"India","ID_1":5,"NAME_1":"Bihar","ID_2":73,"NAME_2":"Gaya","NL_NAME_2":null,"VARNAME_2":null,"TYPE_2":"District","ENGTYPE_2":"District"}},{"type":"Feature","geometry":{"type":"Polygon","coordinates":[[[84.4074,26.6381],[84.4776,26.6129],[84.4834,26.6048],[84.4892,26.5725],[84.5718,26.4874],[84.7036,26.4295],[84.8417,26.276],[84.876,26.2757],[84.8749,26.2429],[84.8901,26.2165],[84.7547,26.2127],[84.6479,26.3058],[84.4273,26.3764],[84.2704,26.3083],[84.1714,26.374],[84.0772,26.384],[83.9625,26.5086],[84.0488,26.5503],[84.0845,26.6401],[84.2735,26.6014],[84.4074,26.6381]]]},"properties":{"ID_0":105,"ISO":"IND","NAME_0":"India","ID_1":5,"NAME_1":"Bihar","ID_2":74,"NAME_2":"Gopalganj","NL_NAME_2":null,"VARNAME_2":null,"TYPE_2":"District","ENGTYPE_2":"District"}},{"type":"Feature","geometry":{"type":"Polygon","coordinates":[[[86.4993,24.9848],[86.5453,24.7127],[86.6093,24.6074],[86.5235,24.5357],[86.4522,24.3686],[86.2939,24.4764],[86.2926,24.5861],[86.1657,24.5837],[86.1336,24.6755],[86.0506,24.7795],[85.9715,24.8639],[85.8912,24.8682],[85.8306,24.9855],[85.8807,25.0023],[86.1259,25.0013],[86.3645,25.1442],[86.4122,25.1374],[86.3852,25.0879],[86.4993,24.9848]]]},"properties":{"ID_0":105,"ISO":"IND","NAME_0":"India","ID_1":5,"NAME_1":"Bihar","ID_2":75,"NAME_2":"Jamui","NL_NAME_2":null,"VARNAME_2":"Zamui","TYPE_2":"District","ENGTYPE_2":"District"}},{"type":"Feature","geometry":{"type":"Polygon","coordinates":[[[84.7315,25.0579],[84.6786,25.1041],[84.4402,25.1296],[84.4578,25.1624],[84.6198,25.2362],[84.6972,25.3165],[84.7033,25.3006],[84.8539,25.2227],[84.8895,25.2825],[85.021,25.2674],[85.1672,25.3092],[85.1737,25.3096],[85.1779,25.3043],[85.1657,25.1255],[85.2017,25.0559],[85.1973,25.0537],[85.0498,25.0349],[84.9353,24.9814],[84.8987,25.06],[84.7315,25.0579]]]},"properties":{"ID_0":105,"ISO":"IND","NAME_0":"India","ID_1":5,"NAME_1":"Bihar","ID_2":76,"NAME_2":"Jehanabad","NL_NAME_2":null,"VARNAME_2":null,"TYPE_2":"District","ENGTYPE_2":"District"}},{"type":"Feature","geometry":{"type":"Polygon","coordinates":[[[87.5474,25.3309],[87.2253,25.4513],[87.2549,25.7169],[87.3333,25.6816],[87.6628,25.6884],[87.6813,25.745],[87.8223,25.7864],[87.8183,25.8815],[87.8995,25.8598],[87.905,25.772],[88.0433,25.6947],[88.021,25.5869],[88.0681,25.4968],[88.0704,25.4805],[87.9556,25.538],[87.7865,25.4487],[87.7816,25.3384],[87.8504,25.2974],[87.7876,25.2205],[87.6842,25.3101],[87.5474,25.3309]]]},"properties":{"ID_0":105,"ISO":"IND","NAME_0":"India","ID_1":5,"NAME_1":"Bihar","ID_2":77,"NAME_2":"Katihar","NL_NAME_2":null,"VARNAME_2":"Kathihar","TYPE_2":"District","ENGTYPE_2":"District"}},{"type":"Feature","geometry":{"type":"Polygon","coordinates":[[[86.5026,25.4285],[86.4166,25.4981],[86.2888,25.5269],[86.2858,25.64],[86.4099,25.7286],[86.5052,25.6113],[86.7273,25.6614],[86.8013,25.6383],[86.8361,25.5171],[86.8062,25.4566],[86.8177,25.4438],[86.8221,25.4349],[86.8505,25.3626],[86.7247,25.2538],[86.6282,25.3064],[86.6292,25.4054],[86.5741,25.4856],[86.5026,25.4285]]]},"properties":{"ID_0":105,"ISO":"IND","NAME_0":"India","ID_1":5,"NAME_1":"Bihar","ID_2":78,"NAME_2":"Khagaria","NL_NAME_2":null,"VARNAME_2":null,"TYPE_2":"District","ENGTYPE_2":"District"}},{"type":"Feature","geometry":{"type":"Polygon","coordinates":[[[87.671,26.1109],[87.6792,26.192],[87.6151,26.3233],[87.6458,26.3933],[87.8512,26.4362],[88.0297,26.3815],[88.0974,26.4374],[88.1061,26.5356],[88.2366,26.4493],[88.2891,26.3511],[88.0586,26.1738],[87.9688,26.1394],[87.8492,26.045],[87.8268,25.9319],[87.8179,25.933],[87.8092,25.9473],[87.8563,26.1133],[87.6852,26.1122],[87.671,26.1109]]]},"properties":{"ID_0":105,"ISO":"IND","NAME_0":"India","ID_1":5,"NAME_1":"Bihar","ID_2":79,"NAME_2":"Kishanganj","NL_NAME_2":null,"VARNAME_2":null,"TYPE_2":"District","ENGTYPE_2":"District"}},{"type":"Feature","geometry":{"type":"Polygon","coordinates":[[[86.0573,25.3343],[86.1988,25.2502],[86.3072,25.3169],[86.4122,25.1374],[86.3645,25.1442],[86.1259,25.0013],[85.8807,25.0023],[85.9461,25.0719],[85.9585,25.1664],[85.9184,25.2441],[85.897,25.2692],[85.8983,25.2939],[85.8995,25.2985],[86.0161,25.2931],[86.0573,25.3343]]]},"properties":{"ID_0":105,"ISO":"IND","NAME_0":"India","ID_1":5,"NAME_1":"Bihar","ID_2":80,"NAME_2":"Lakhisarai","NL_NAME_2":null,"VARNAME_2":null,"TYPE_2":"District","ENGTYPE_2":"District"}},{"type":"Feature","geometry":{"type":"Polygon","coordinates":[[[87.086,26.0554],[87.0743,25.9664],[87.0767,25.9622],[87.0748,25.9606],[87.0069,25.7614],[87.0233,25.6507],[87.096,25.5143],[87.067,25.4693],[86.9054,25.4917],[86.8177,25.4438],[86.8062,25.4566],[86.8361,25.5171],[86.8013,25.6383],[86.8637,25.8185],[86.7436,25.858],[86.6107,25.9473],[86.6235,26.0171],[86.6277,26.0289],[86.7752,26.0942],[87.086,26.0554]]]},"properties":{"ID_0":105,"ISO":"IND","NAME_0":"India","ID_1":5,"NAME_1":"Bihar","ID_2":81,"NAME_2":"Madhepura","NL_NAME_2":null,"VARNAME_2":"Madhipura","TYPE_2":"District","ENGTYPE_2":"District"}},{"type":"Feature","geometry":{"type":"Polygon","coordinates":[[[86.3699,26.0448],[86.3616,26.0499],[86.3099,26.1663],[86.1361,26.239],[86.0483,26.2141],[85.9949,26.2679],[85.8283,26.3471],[85.7606,26.4369],[85.8183,26.6038],[85.8609,26.5686],[86.0307,26.6664],[86.1574,26.6096],[86.3102,26.6196],[86.5442,26.5381],[86.7126,26.4358],[86.6866,26.3733],[86.565,26.3351],[86.4375,26.2193],[86.4213,26.0761],[86.3923,26.0454],[86.3699,26.0448]]]},"properties":{"ID_0":105,"ISO":"IND","NAME_0":"India","ID_1":5,"NAME_1":"Bihar","ID_2":82,"NAME_2":"Madhubani","NL_NAME_2":null,"VARNAME_2":null,"TYPE_2":"District","ENGTYPE_2":"District"}},{"type":"Feature","geometry":{"type":"Polygon","coordinates":[[[86.6875,25.118],[86.637,24.9745],[86.4993,24.9848],[86.3852,25.0879],[86.4122,25.1374],[86.3072,25.3169],[86.5026,25.4285],[86.5741,25.4856],[86.6292,25.4054],[86.6282,25.3064],[86.7247,25.2538],[86.6818,25.1208],[86.6875,25.118]]]},"properties":{"ID_0":105,"ISO":"IND","NAME_0":"India","ID_1":5,"NAME_1":"Bihar","ID_2":83,"NAME_2":"Munger","NL_NAME_2":null,"VARNAME_2":"Monghyr","TYPE_2":"District","ENGTYPE_2":"District"}},{"type":"Feature","geometry":{"type":"Polygon","coordinates":[[[85.6964,26.3079],[85.7071,26.0913],[85.6193,26.0061],[85.6256,25.9236],[85.4857,25.9065],[85.2797,25.953],[85.262,26.0145],[85.0713,25.9699],[85.0613,25.9729],[85.0521,25.9831],[84.9309,26.029],[84.9408,26.1068],[84.8901,26.2165],[84.8749,26.2429],[84.876,26.2757],[84.9017,26.3207],[85.0279,26.3332],[85.192,26.2957],[85.2746,26.3508],[85.276,26.3478],[85.3693,26.3267],[85.3719,26.3136],[85.5667,26.3657],[85.6964,26.3079]]]},"properties":{"ID_0":105,"ISO":"IND","NAME_0":"India","ID_1":5,"NAME_1":"Bihar","ID_2":84,"NAME_2":"Muzaffarpur","NL_NAME_2":null,"VARNAME_2":"Muzafarpur","TYPE_2":"District","ENGTYPE_2":"District"}},{"type":"Feature","geometry":{"type":"Polygon","coordinates":[[[85.3892,24.9663],[85.3784,24.9775],[85.3166,25.0257],[85.1948,25.0342],[85.1973,25.0537],[85.2017,25.0559],[85.1657,25.1255],[85.1779,25.3043],[85.1737,25.3096],[85.1809,25.403],[85.354,25.4035],[85.3986,25.4617],[85.5711,25.4251],[85.6433,25.3405],[85.708,25.3561],[85.8036,25.292],[85.8983,25.2939],[85.897,25.2692],[85.9184,25.2441],[85.7175,25.2193],[85.6337,25.0993],[85.6439,25.0632],[85.4002,24.9738],[85.3892,24.9663]]]},"properties":{"ID_0":105,"ISO":"IND","NAME_0":"India","ID_1":5,"NAME_1":"Bihar","ID_2":85,"NAME_2":"Nalanda","NL_NAME_2":null,"VARNAME_2":null,"TYPE_2":"District","ENGTYPE_2":"District"}},{"type":"Feature","geometry":{"type":"Polygon","coordinates":[[[85.3834,24.5352],[85.3113,24.5621],[85.2688,24.7467],[85.3892,24.9663],[85.4002,24.9738],[85.6439,25.0632],[85.6337,25.0993],[85.7699,25.0935],[85.8306,24.9855],[85.8912,24.8682],[85.9715,24.8639],[86.0506,24.7795],[85.9702,24.7336],[85.9046,24.7613],[85.7772,24.799],[85.5342,24.5322],[85.4421,24.5394],[85.3834,24.5352]]]},"properties":{"ID_0":105,"ISO":"IND","NAME_0":"India","ID_1":5,"NAME_1":"Bihar","ID_2":86,"NAME_2":"Nawada","NL_NAME_2":null,"VARNAME_2":"Nawadah","TYPE_2":"District","ENGTYPE_2":"District"}},{"type":"Feature","geometry":{"type":"Polygon","coordinates":[[[84.4834,26.6048],[84.4776,26.6129],[84.4074,26.6381],[84.2545,26.7343],[84.2521,26.8449],[84.0591,26.8908],[84.0495,26.9908],[84.0304,27.0118],[84.0403,27.0353],[83.9408,27.0896],[83.9666,27.1608],[83.9851,27.1818],[83.8962,27.2771],[83.898,27.279],[83.9041,27.2812],[83.8585,27.351],[83.8702,27.4285],[84.0542,27.4426],[84.1107,27.5215],[84.2562,27.4519],[84.2934,27.385],[84.6245,27.3361],[84.6917,27.2223],[84.6449,27.0472],[84.7545,27.0047],[84.6718,26.9169],[84.7264,26.8443],[84.7152,26.7449],[84.6475,26.6818],[84.4834,26.6048]]]},"properties":{"ID_0":105,"ISO":"IND","NAME_0":"India","ID_1":5,"NAME_1":"Bihar","ID_2":87,"NAME_2":"Pashchim Champaran","NL_NAME_2":null,"VARNAME_2":"West Champaran, Paschimi Champaran, Paschim-Champaram","TYPE_2":"District","ENGTYPE_2":"District"}},{"type":"Feature","geometry":{"type":"Polygon","coordinates":[[[85.7306,25.5391],[85.7487,25.5446],[85.8787,25.5024],[85.8654,25.4418],[86.0573,25.3343],[86.0161,25.2931],[85.8995,25.2985],[85.8983,25.2939],[85.8036,25.292],[85.708,25.3561],[85.6433,25.3405],[85.5711,25.4251],[85.3986,25.4617],[85.354,25.4035],[85.1809,25.403],[85.1737,25.3096],[85.1672,25.3092],[85.021,25.2674],[84.8895,25.2825],[84.8539,25.2227],[84.7033,25.3006],[84.6972,25.3165],[84.7068,25.3215],[84.7702,25.4481],[84.8219,25.6767],[84.8456,25.6968],[84.8512,25.6994],[85.0227,25.7328],[85.1337,25.6275],[85.187,25.625],[85.2991,25.5201],[85.3859,25.5066],[85.4225,25.4972],[85.43,25.5155],[85.4585,25.5015],[85.5312,25.5062],[85.6318,25.464],[85.7284,25.5272],[85.7306,25.5391]]]},"properties":{"ID_0":105,"ISO":"IND","NAME_0":"India","ID_1":5,"NAME_1":"Bihar","ID_2":88,"NAME_2":"Patna","NL_NAME_2":null,"VARNAME_2":null,"TYPE_2":"District","ENGTYPE_2":"District"}},{"type":"Feature","geometry":{"type":"Polygon","coordinates":[[[84.876,26.2757],[84.8417,26.276],[84.7036,26.4295],[84.5718,26.4874],[84.4892,26.5725],[84.4834,26.6048],[84.6475,26.6818],[84.7152,26.7449],[84.7264,26.8443],[84.6718,26.9169],[84.7545,27.0047],[84.8198,27.0204],[84.9645,26.9603],[84.9729,26.9168],[85.1913,26.8698],[85.1997,26.7693],[85.2599,26.756],[85.2604,26.6436],[85.269,26.6328],[85.1757,26.4951],[85.2757,26.3559],[85.2746,26.3508],[85.192,26.2957],[85.0279,26.3332],[84.9017,26.3207],[84.876,26.2757]]]},"properties":{"ID_0":105,"ISO":"IND","NAME_0":"India","ID_1":5,"NAME_1":"Bihar","ID_2":89,"NAME_2":"Purba Champaran","NL_NAME_2":null,"VARNAME_2":"East Champaran, Purbi Champaran, Purba Champaram","TYPE_2":"District","ENGTYPE_2":"District"}},{"type":"Feature","geometry":{"type":"Polygon","coordinates":[[[87.0767,25.9622],[87.17,25.9424],[87.4187,25.9908],[87.5109,25.9708],[87.6687,26.1079],[87.671,26.1109],[87.6852,26.1122],[87.8563,26.1133],[87.8092,25.9473],[87.8179,25.933],[87.8183,25.8815],[87.8223,25.7864],[87.6813,25.745],[87.6628,25.6884],[87.3333,25.6816],[87.2549,25.7169],[87.2253,25.4513],[87.0954,25.4389],[87.096,25.5143],[87.0233,25.6507],[87.0069,25.7614],[87.0748,25.9606],[87.0767,25.9622]]]},"properties":{"ID_0":105,"ISO":"IND","NAME_0":"India","ID_1":5,"NAME_1":"Bihar","ID_2":90,"NAME_2":"Purnia","NL_NAME_2":null,"VARNAME_2":"Purnea","TYPE_2":"District","ENGTYPE_2":"District"}},{"type":"Feature","geometry":{"type":"Polygon","coordinates":[[[84.4402,25.1296],[84.0817,24.7713],[83.9922,24.638],[83.868,24.5329],[83.7167,24.5049],[83.4982,24.5271],[83.5172,24.5492],[83.7011,24.5433],[83.7691,24.7953],[83.7115,24.8337],[83.804,24.9615],[83.801,25.1152],[83.827,25.245],[83.8916,25.2949],[84.0276,25.2687],[84.0379,25.3756],[84.2673,25.361],[84.3284,25.299],[84.3131,25.2166],[84.4578,25.1624],[84.4402,25.1296]]]},"properties":{"ID_0":105,"ISO":"IND","NAME_0":"India","ID_1":5,"NAME_1":"Bihar","ID_2":91,"NAME_2":"Rohtas","NL_NAME_2":null,"VARNAME_2":null,"TYPE_2":"District","ENGTYPE_2":"District"}},{"type":"Feature","geometry":{"type":"Polygon","coordinates":[[[86.315,25.8728],[86.3789,25.956],[86.3699,26.0448],[86.3923,26.0454],[86.4213,26.0761],[86.6115,26.0299],[86.6277,26.0289],[86.6235,26.0171],[86.6107,25.9473],[86.7436,25.858],[86.8637,25.8185],[86.8013,25.6383],[86.7273,25.6614],[86.5052,25.6113],[86.4099,25.7286],[86.4073,25.7968],[86.3232,25.8559],[86.315,25.8728]]]},"properties":{"ID_0":105,"ISO":"IND","NAME_0":"India","ID_1":5,"NAME_1":"Bihar","ID_2":92,"NAME_2":"Saharsa","NL_NAME_2":null,"VARNAME_2":null,"TYPE_2":"District","ENGTYPE_2":"District"}},{"type":"Feature","geometry":{"type":"Polygon","coordinates":[[[86.2858,25.64],[86.1834,25.6681],[86.1442,25.7658],[86.0144,25.7259],[85.9386,25.6532],[85.835,25.6397],[85.7306,25.5391],[85.7284,25.5272],[85.6318,25.464],[85.5312,25.5062],[85.5645,25.6846],[85.6202,25.7726],[85.6256,25.9236],[85.6193,26.0061],[85.7071,26.0913],[85.8589,26.023],[85.9738,25.9374],[86.102,25.8946],[86.2599,25.9081],[86.3037,25.8673],[86.315,25.8728],[86.3232,25.8559],[86.4073,25.7968],[86.4099,25.7286],[86.2858,25.64]]]},"properties":{"ID_0":105,"ISO":"IND","NAME_0":"India","ID_1":5,"NAME_1":"Bihar","ID_2":93,"NAME_2":"Samastipur","NL_NAME_2":null,"VARNAME_2":null,"TYPE_2":"District","ENGTYPE_2":"District"}},{"type":"Feature","geometry":{"type":"Polygon","coordinates":[[[84.8456,25.6968],[84.6229,25.7071],[84.5955,25.7391],[84.6223,25.7473],[84.6202,25.7941],[84.4507,25.8902],[84.4075,26.0344],[84.5643,26.035],[84.6994,26.0843],[84.7547,26.2127],[84.8901,26.2165],[84.9408,26.1068],[84.9309,26.029],[85.0521,25.9831],[85.0613,25.9729],[85.1591,25.834],[85.187,25.625],[85.1337,25.6275],[85.0227,25.7328],[84.8512,25.6994],[84.8456,25.6968]]]},"properties":{"ID_0":105,"ISO":"IND","NAME_0":"India","ID_1":5,"NAME_1":"Bihar","ID_2":94,"NAME_2":"Saran","NL_NAME_2":null,"VARNAME_2":null,"TYPE_2":"District","ENGTYPE_2":"District"}},{"type":"Feature","geometry":{"type":"Polygon","coordinates":[[[85.8807,25.0023],[85.8306,24.9855],[85.7699,25.0935],[85.6337,25.0993],[85.7175,25.2193],[85.9184,25.2441],[85.9585,25.1664],[85.9461,25.0719],[85.8807,25.0023]]]},"properties":{"ID_0":105,"ISO":"IND","NAME_0":"India","ID_1":5,"NAME_1":"Bihar","ID_2":95,"NAME_2":"Sheikhpura","NL_NAME_2":null,"VARNAME_2":null,"TYPE_2":"District","ENGTYPE_2":"District"}},{"type":"Feature","geometry":{"type":"Polygon","coordinates":[[[85.3693,26.3267],[85.276,26.3478],[85.2746,26.3508],[85.2757,26.3559],[85.1757,26.4951],[85.269,26.6328],[85.3059,26.6453],[85.3687,26.5382],[85.4685,26.4909],[85.3851,26.3529],[85.3693,26.3267]]]},"properties":{"ID_0":105,"ISO":"IND","NAME_0":"India","ID_1":5,"NAME_1":"Bihar","ID_2":96,"NAME_2":"Sheohar","NL_NAME_2":null,"VARNAME_2":null,"TYPE_2":"District","ENGTYPE_2":"District"}},{"type":"Feature","geometry":{"type":"Polygon","coordinates":[[[85.7606,26.4369],[85.6818,26.4097],[85.6964,26.3079],[85.5667,26.3657],[85.3719,26.3136],[85.3693,26.3267],[85.3851,26.3529],[85.4685,26.4909],[85.3687,26.5382],[85.3059,26.6453],[85.269,26.6328],[85.2604,26.6436],[85.2599,26.756],[85.3363,26.7414],[85.6092,26.857],[85.7367,26.7956],[85.7258,26.6739],[85.8183,26.6038],[85.7606,26.4369]]]},"properties":{"ID_0":105,"ISO":"IND","NAME_0":"India","ID_1":5,"NAME_1":"Bihar","ID_2":97,"NAME_2":"Sitamarhi","NL_NAME_2":null,"VARNAME_2":null,"TYPE_2":"District","ENGTYPE_2":"District"}},{"type":"Feature","geometry":{"type":"Polygon","coordinates":[[[84.1714,26.374],[84.2704,26.3083],[84.4273,26.3764],[84.6479,26.3058],[84.7547,26.2127],[84.6994,26.0843],[84.5643,26.035],[84.4075,26.0344],[84.4507,25.8902],[84.2963,25.947],[84.0692,26.0991],[84.0491,26.0997],[84.0482,26.1038],[84.003,26.1782],[84.1714,26.2677],[84.1714,26.374]]]},"properties":{"ID_0":105,"ISO":"IND","NAME_0":"India","ID_1":5,"NAME_1":"Bihar","ID_2":98,"NAME_2":"Siwan","NL_NAME_2":null,"VARNAME_2":"Sivan","TYPE_2":"District","ENGTYPE_2":"District"}},{"type":"Feature","geometry":{"type":"Polygon","coordinates":[[[87.0359,26.5566],[87.088,26.2034],[87.086,26.0554],[86.7752,26.0942],[86.6277,26.0289],[86.6115,26.0299],[86.4213,26.0761],[86.4375,26.2193],[86.565,26.3351],[86.6866,26.3733],[86.7126,26.4358],[86.8358,26.4387],[87.0359,26.5566]]]},"properties":{"ID_0":105,"ISO":"IND","NAME_0":"India","ID_1":5,"NAME_1":"Bihar","ID_2":99,"NAME_2":"Supaul","NL_NAME_2":null,"VARNAME_2":null,"TYPE_2":"District","ENGTYPE_2":"District"}},{"type":"Feature","geometry":{"type":"Polygon","coordinates":[[[85.0613,25.9729],[85.0713,25.9699],[85.262,26.0145],[85.2797,25.953],[85.4857,25.9065],[85.6256,25.9236],[85.6202,25.7726],[85.5645,25.6846],[85.5312,25.5062],[85.4585,25.5015],[85.43,25.5155],[85.4225,25.4972],[85.3859,25.5066],[85.2991,25.5201],[85.187,25.625],[85.1591,25.834],[85.0613,25.9729]]]},"properties":{"ID_0":105,"ISO":"IND","NAME_0":"India","ID_1":5,"NAME_1":"Bihar","ID_2":100,"NAME_2":"Vaishali","NL_NAME_2":null,"VARNAME_2":null,"TYPE_2":"District","ENGTYPE_2":"District"}},{"type":"Feature","geometry":{"type":"Polygon","coordinates":[[[76.8198,30.6858],[76.8105,30.685],[76.8059,30.6803],[76.8029,30.6755],[76.7944,30.6693],[76.8282,30.7638],[76.8198,30.6858]]]},"properties":{"ID_0":105,"ISO":"IND","NAME_0":"India","ID_1":6,"NAME_1":"Chandigarh","ID_2":101,"NAME_2":"Chandigarh","NL_NAME_2":null,"VARNAME_2":null,"TYPE_2":"District","ENGTYPE_2":"District"}},{"type":"Feature","geometry":{"type":"Polygon","coordinates":[[[81.8094,20.1653],[81.8678,20.0509],[81.8738,20.0462],[81.8661,20.0352],[81.839,19.9455],[81.9702,19.8127],[82.0598,19.7831],[82.041,19.5257],[82.0921,19.5098],[82.1803,19.3322],[82.1612,19.2084],[82.2396,18.9105],[82.1708,18.8916],[82.1455,18.7733],[82.0849,18.7327],[81.8854,18.6503],[81.7804,18.6],[81.7315,18.6767],[81.7485,18.8049],[81.6541,18.7921],[81.471,18.9368],[81.5154,19.0104],[81.4871,19.1309],[81.4075,19.1689],[81.3343,19.1354],[81.2591,19.2297],[81.0631,19.2647],[80.9927,19.2274],[80.9472,19.3126],[80.8264,19.348],[80.7879,19.4267],[80.8791,19.519],[80.721,19.6084],[80.6646,19.6908],[80.7158,19.7021],[80.7145,19.8275],[80.856,19.9385],[81.0361,19.9385],[81.0025,19.7856],[81.0808,19.7223],[81.2038,19.7521],[81.3656,19.7409],[81.3704,19.8481],[81.2859,20.0133],[81.3821,20.0424],[81.4456,20.1416],[81.5818,20.1901],[81.6789,20.1257],[81.8094,20.1653]]]},"properties":{"ID_0":105,"ISO":"IND","NAME_0":"India","ID_1":7,"NAME_1":"Chhattisgarh","ID_2":102,"NAME_2":"Bastar","NL_NAME_2":null,"VARNAME_2":"Baster","TYPE_2":"District","ENGTYPE_2":"District"}},{"type":"Feature","geometry":{"type":"Polygon","coordinates":[[[82.2081,22.9428],[82.1321,22.8521],[82.1707,22.6653],[82.136,22.3293],[82.2789,22.2864],[82.3488,22.3237],[82.4549,22.2122],[82.4203,22.1365],[82.3295,22.1016],[82.3112,21.8787],[82.3775,21.7573],[82.4335,21.7375],[82.3251,21.7106],[82.1857,21.7717],[82.0311,21.8826],[81.9354,21.8139],[81.7998,21.941],[81.7228,21.9424],[81.497,22.0128],[81.5439,22.2699],[81.4799,22.4933],[81.4901,22.5084],[81.5998,22.5357],[81.7229,22.6762],[81.7843,22.7666],[81.7859,22.8771],[81.9402,22.9571],[81.9381,23.0778],[82.1159,23.1038],[82.2081,22.9428]]]},"properties":{"ID_0":105,"ISO":"IND","NAME_0":"India","ID_1":7,"NAME_1":"Chhattisgarh","ID_2":103,"NAME_2":"Bilaspur","NL_NAME_2":null,"VARNAME_2":null,"TYPE_2":"District","ENGTYPE_2":"District"}},{"type":"Feature","geometry":{"type":"Polygon","coordinates":[[[80.3367,18.5905],[80.2675,18.718],[80.3462,18.8111],[80.2677,18.9873],[80.3811,19.1807],[80.3885,19.2433],[80.5593,19.3976],[80.6039,19.3118],[80.7492,19.2867],[80.8264,19.348],[80.9472,19.3126],[80.9927,19.2274],[81.0631,19.2647],[81.2591,19.2297],[81.3343,19.1354],[81.4075,19.1689],[81.4871,19.1309],[81.5154,19.0104],[81.471,18.9368],[81.6541,18.7921],[81.7485,18.8049],[81.7315,18.6767],[81.7804,18.6],[81.8854,18.6503],[81.8968,18.5284],[81.7621,18.4113],[81.528,18.2591],[81.4773,17.97],[81.3959,17.8876],[81.385,17.8066],[81.254,17.8121],[81.1596,17.8526],[81.0736,17.7863],[81.0043,17.8383],[80.9494,18.1232],[80.7346,18.1717],[80.7843,18.2433],[80.713,18.4057],[80.6327,18.5188],[80.4884,18.6267],[80.3816,18.5936],[80.3367,18.5905]]]},"properties":{"ID_0":105,"ISO":"IND","NAME_0":"India","ID_1":7,"NAME_1":"Chhattisgarh","ID_2":104,"NAME_2":"Dantewada","NL_NAME_2":null,"VARNAME_2":null,"TYPE_2":"District","ENGTYPE_2":"District"}},{"type":"Feature","geometry":{"type":"Polygon","coordinates":[[[81.8738,20.0462],[81.8678,20.0509],[81.8094,20.1653],[81.7777,20.3525],[81.7298,20.479],[81.5969,20.5139],[81.418,20.5157],[81.4047,20.5495],[81.484,20.5805],[81.5102,20.7097],[81.4689,20.8685],[81.6063,20.96],[81.6066,21.0237],[81.7445,21.0079],[81.8818,20.9034],[81.9269,20.7379],[81.9733,20.7232],[82.0131,20.5424],[82.1078,20.2832],[82.1672,20.2551],[82.0953,20.1],[82.0165,20.0501],[82.01,20.0448],[81.9339,20.0993],[81.8738,20.0462]]]},"properties":{"ID_0":105,"ISO":"IND","NAME_0":"India","ID_1":7,"NAME_1":"Chhattisgarh","ID_2":105,"NAME_2":"Dhamtari","NL_NAME_2":null,"VARNAME_2":null,"TYPE_2":"District","ENGTYPE_2":"District"}},{"type":"Feature","geometry":{"type":"Polygon","coordinates":[[[81.497,22.0128],[81.7228,21.9424],[81.7998,21.941],[81.9354,21.8139],[81.7184,21.7095],[81.6248,21.5049],[81.6322,21.4027],[81.5285,21.2964],[81.5958,21.2044],[81.5766,21.07],[81.6066,21.0237],[81.6063,20.96],[81.4689,20.8685],[81.5102,20.7097],[81.484,20.5805],[81.4047,20.5495],[81.3087,20.5479],[81.2156,20.4142],[81.1463,20.375],[80.9933,20.4563],[80.9389,20.4384],[80.9817,20.608],[80.8068,20.6939],[80.8193,20.7624],[80.9305,20.7789],[80.9511,20.9888],[81.1129,21.0057],[81.2091,21.1701],[81.1566,21.2355],[81.1858,21.3895],[81.1693,21.7026],[81.2904,21.7673],[81.3186,21.8256],[81.4518,21.9155],[81.497,22.0128]]]},"properties":{"ID_0":105,"ISO":"IND","NAME_0":"India","ID_1":7,"NAME_1":"Chhattisgarh","ID_2":106,"NAME_2":"Durg","NL_NAME_2":null,"VARNAME_2":null,"TYPE_2":"District","ENGTYPE_2":"District"}},{"type":"Feature","geometry":{"type":"Polygon","coordinates":[[[82.4335,21.7375],[82.3775,21.7573],[82.3112,21.8787],[82.3295,22.1016],[82.4203,22.1365],[82.4549,22.2122],[82.5132,22.2513],[82.6369,22.2365],[82.6658,22.0797],[82.8643,22.17],[82.9336,22.1204],[83.0077,22.072],[83.0006,21.9615],[83.0863,21.9706],[83.1949,21.9153],[83.1769,21.8428],[83.2627,21.7097],[82.944,21.7195],[82.8593,21.6863],[82.7881,21.7205],[82.5928,21.7108],[82.4335,21.7375]]]},"properties":{"ID_0":105,"ISO":"IND","NAME_0":"India","ID_1":7,"NAME_1":"Chhattisgarh","ID_2":107,"NAME_2":"Janjgir-Champa","NL_NAME_2":null,"VARNAME_2":"Janjgir","TYPE_2":"District","ENGTYPE_2":"District"}},{"type":"Feature","geometry":{"type":"Polygon","coordinates":[[[84.0338,23.1678],[84.0303,23.1494],[84.1294,23.0815],[84.148,22.9639],[84.3705,22.9751],[84.3699,22.8645],[84.2877,22.7709],[84.2206,22.6689],[84.0804,22.6366],[84.0049,22.5301],[84.0025,22.5209],[84.0416,22.4641],[84.0012,22.3697],[83.861,22.3438],[83.7975,22.2895],[83.5782,22.4538],[83.5889,22.5312],[83.4632,22.5048],[83.3995,22.5523],[83.407,22.6388],[83.5536,22.6985],[83.6445,22.6535],[83.6413,22.8214],[83.5024,22.9551],[83.5439,23.0295],[83.5037,23.0878],[83.6642,23.2258],[83.8246,23.2326],[83.9417,23.162],[84.0338,23.1678]]]},"properties":{"ID_0":105,"ISO":"IND","NAME_0":"India","ID_1":7,"NAME_1":"Chhattisgarh","ID_2":108,"NAME_2":"Jashpur","NL_NAME_2":null,"VARNAME_2":null,"TYPE_2":"District","ENGTYPE_2":"District"}},{"type":"Feature","geometry":{"type":"Polygon","coordinates":[[[81.8094,20.1653],[81.6789,20.1257],[81.5818,20.1901],[81.4456,20.1416],[81.3821,20.0424],[81.2859,20.0133],[81.3704,19.8481],[81.3656,19.7409],[81.2038,19.7521],[81.0808,19.7223],[81.0025,19.7856],[81.0361,19.9385],[80.856,19.9385],[80.7145,19.8275],[80.7158,19.7021],[80.6646,19.6908],[80.5397,19.7746],[80.4898,19.8937],[80.5442,19.9815],[80.5404,20.1098],[80.5781,20.1728],[80.8244,20.306],[80.9389,20.4384],[80.9933,20.4563],[81.1463,20.375],[81.2156,20.4142],[81.3087,20.5479],[81.4047,20.5495],[81.418,20.5157],[81.5969,20.5139],[81.7298,20.479],[81.7777,20.3525],[81.8094,20.1653]]]},"properties":{"ID_0":105,"ISO":"IND","NAME_0":"India","ID_1":7,"NAME_1":"Chhattisgarh","ID_2":109,"NAME_2":"Kanker","NL_NAME_2":null,"VARNAME_2":null,"TYPE_2":"District","ENGTYPE_2":"District"}},{"type":"Feature","geometry":{"type":"Polygon","coordinates":[[[81.4799,22.4933],[81.5439,22.2699],[81.497,22.0128],[81.4518,21.9155],[81.3186,21.8256],[81.2904,21.7673],[81.1693,21.7026],[80.9931,21.7248],[80.9191,21.8252],[80.8371,21.8318],[80.8334,21.9466],[80.9172,22.1209],[80.9992,22.0615],[81.0404,22.2406],[81.115,22.3032],[81.11,22.4411],[81.2404,22.4592],[81.3194,22.5196],[81.3862,22.4512],[81.4764,22.4922],[81.4799,22.4933]]]},"properties":{"ID_0":105,"ISO":"IND","NAME_0":"India","ID_1":7,"NAME_1":"Chhattisgarh","ID_2":110,"NAME_2":"Kawardha","NL_NAME_2":null,"VARNAME_2":null,"TYPE_2":"District","ENGTYPE_2":"District"}},{"type":"Feature","geometry":{"type":"Polygon","coordinates":[[[82.4549,22.2122],[82.3488,22.3237],[82.2789,22.2864],[82.136,22.3293],[82.1707,22.6653],[82.1321,22.8521],[82.2081,22.9428],[82.3649,22.9971],[82.5684,22.965],[82.5529,22.8439],[82.8609,22.7465],[83.0115,22.6389],[83.1071,22.6759],[83.0817,22.4725],[83.1037,22.3632],[83.0305,22.2477],[83.0232,22.1673],[82.9336,22.1204],[82.8643,22.17],[82.6658,22.0797],[82.6369,22.2365],[82.5132,22.2513],[82.4549,22.2122]]]},"properties":{"ID_0":105,"ISO":"IND","NAME_0":"India","ID_1":7,"NAME_1":"Chhattisgarh","ID_2":111,"NAME_2":"Korba","NL_NAME_2":null,"VARNAME_2":null,"TYPE_2":"District","ENGTYPE_2":"District"}},{"type":"Feature","geometry":{"type":"Polygon","coordinates":[[[82.2081,22.9428],[82.1159,23.1038],[82.1875,23.3222],[81.9736,23.4176],[81.9164,23.5321],[81.8272,23.5113],[81.7292,23.5651],[81.6052,23.5109],[81.6132,23.661],[81.6873,23.7213],[81.5969,23.889],[81.8117,23.8095],[82.0007,23.8631],[82.0454,23.8206],[82.1993,23.8319],[82.4918,23.7857],[82.5957,23.6672],[82.5741,23.5427],[82.6343,23.4988],[82.6452,23.3848],[82.7376,23.3584],[82.7369,23.253],[82.6365,23.1454],[82.577,23.1298],[82.6023,23.0222],[82.5684,22.965],[82.3649,22.9971],[82.2081,22.9428]]]},"properties":{"ID_0":105,"ISO":"IND","NAME_0":"India","ID_1":7,"NAME_1":"Chhattisgarh","ID_2":112,"NAME_2":"Koriya","NL_NAME_2":null,"VARNAME_2":null,"TYPE_2":"District","ENGTYPE_2":"District"}},{"type":"Feature","geometry":{"type":"Polygon","coordinates":[[[82.9273,21.4917],[82.9928,21.4548],[83.27,21.375],[83.1927,21.1394],[83.1198,21.1011],[82.9799,21.1575],[82.6359,21.1495],[82.6318,21.087],[82.5529,20.9415],[82.4484,20.8222],[82.3412,20.8681],[82.1567,21.0107],[81.984,21.082],[82.0123,21.217],[82.1589,21.3255],[82.387,21.263],[82.4582,21.3204],[82.6918,21.3272],[82.6827,21.4788],[82.8687,21.5479],[82.9273,21.4917]]]},"properties":{"ID_0":105,"ISO":"IND","NAME_0":"India","ID_1":7,"NAME_1":"Chhattisgarh","ID_2":113,"NAME_2":"Mahasamund","NL_NAME_2":null,"VARNAME_2":null,"TYPE_2":"District","ENGTYPE_2":"District"}},{"type":"Feature","geometry":{"type":"Polygon","coordinates":[[[82.944,21.7195],[83.2627,21.7097],[83.1769,21.8428],[83.1949,21.9153],[83.0863,21.9706],[83.0006,21.9615],[83.0077,22.072],[82.9336,22.1204],[83.0232,22.1673],[83.0305,22.2477],[83.1037,22.3632],[83.0817,22.4725],[83.1071,22.6759],[83.1581,22.7717],[83.3777,22.7418],[83.407,22.6388],[83.3995,22.5523],[83.4632,22.5048],[83.5889,22.5312],[83.5782,22.4538],[83.7975,22.2895],[83.6458,22.2246],[83.5573,22.1],[83.5352,21.9635],[83.6005,21.9108],[83.5735,21.8297],[83.5575,21.8344],[83.4743,21.7861],[83.4831,21.6396],[83.3807,21.6128],[83.3421,21.4853],[83.3938,21.3994],[83.27,21.375],[82.9928,21.4548],[82.9273,21.4917],[82.9772,21.6393],[82.944,21.7195]]]},"properties":{"ID_0":105,"ISO":"IND","NAME_0":"India","ID_1":7,"NAME_1":"Chhattisgarh","ID_2":114,"NAME_2":"Raigarh","NL_NAME_2":null,"VARNAME_2":null,"TYPE_2":"District","ENGTYPE_2":"District"}},{"type":"Feature","geometry":{"type":"Polygon","coordinates":[[[81.9354,21.8139],[82.0311,21.8826],[82.1857,21.7717],[82.3251,21.7106],[82.4335,21.7375],[82.5928,21.7108],[82.7881,21.7205],[82.8593,21.6863],[82.944,21.7195],[82.9772,21.6393],[82.9273,21.4917],[82.8687,21.5479],[82.6827,21.4788],[82.6918,21.3272],[82.4582,21.3204],[82.387,21.263],[82.1589,21.3255],[82.0123,21.217],[81.984,21.082],[82.1567,21.0107],[82.3412,20.8681],[82.3331,20.8197],[82.3663,20.6203],[82.3264,20.5566],[82.4161,20.4662],[82.4224,20.3097],[82.3789,20.1446],[82.4062,20.0463],[82.5984,19.9856],[82.698,19.9927],[82.711,19.8486],[82.5851,19.771],[82.5935,19.8645],[82.4681,19.8995],[82.3394,19.83],[82.2617,19.9716],[82.0579,20.0499],[82.0143,20.0364],[82.01,20.0448],[82.0165,20.0501],[82.0953,20.1],[82.1672,20.2551],[82.1078,20.2832],[82.0131,20.5424],[81.9733,20.7232],[81.9269,20.7379],[81.8818,20.9034],[81.7445,21.0079],[81.6066,21.0237],[81.5766,21.07],[81.5958,21.2044],[81.5285,21.2964],[81.6322,21.4027],[81.6248,21.5049],[81.7184,21.7095],[81.9354,21.8139]]]},"properties":{"ID_0":105,"ISO":"IND","NAME_0":"India","ID_1":7,"NAME_1":"Chhattisgarh","ID_2":115,"NAME_2":"Raipur","NL_NAME_2":null,"VARNAME_2":null,"TYPE_2":"District","ENGTYPE_2":"District"}},{"type":"Feature","geometry":{"type":"Polygon","coordinates":[[[81.1693,21.7026],[81.1858,21.3895],[81.1566,21.2355],[81.2091,21.1701],[81.1129,21.0057],[80.9511,20.9888],[80.9305,20.7789],[80.8193,20.7624],[80.8068,20.6939],[80.9817,20.608],[80.9389,20.4384],[80.8244,20.306],[80.5781,20.1728],[80.5404,20.1098],[80.4513,20.1449],[80.383,20.2417],[80.5108,20.2696],[80.6167,20.3257],[80.6129,20.5906],[80.5559,20.8197],[80.5352,20.9313],[80.4591,20.9282],[80.4333,21.0972],[80.4573,21.1728],[80.6387,21.2548],[80.6565,21.3308],[80.7302,21.4721],[80.7074,21.6716],[80.7401,21.7565],[80.8371,21.8318],[80.9191,21.8252],[80.9931,21.7248],[81.1693,21.7026]]]},"properties":{"ID_0":105,"ISO":"IND","NAME_0":"India","ID_1":7,"NAME_1":"Chhattisgarh","ID_2":116,"NAME_2":"Raj Nandgaon","NL_NAME_2":null,"VARNAME_2":null,"TYPE_2":"District","ENGTYPE_2":"District"}},{"type":"Feature","geometry":{"type":"Polygon","coordinates":[[[84.0338,23.1678],[83.9417,23.162],[83.8246,23.2326],[83.6642,23.2258],[83.5037,23.0878],[83.5439,23.0295],[83.5024,22.9551],[83.6413,22.8214],[83.6445,22.6535],[83.5536,22.6985],[83.407,22.6388],[83.3777,22.7418],[83.1581,22.7717],[83.1071,22.6759],[83.0115,22.6389],[82.8609,22.7465],[82.5529,22.8439],[82.5684,22.965],[82.6023,23.0222],[82.577,23.1298],[82.6365,23.1454],[82.7369,23.253],[82.7376,23.3584],[82.6452,23.3848],[82.6343,23.4988],[82.5741,23.5427],[82.5957,23.6672],[82.4918,23.7857],[82.6295,23.839],[82.6547,23.9063],[82.8078,23.9631],[82.9536,23.8728],[83.1274,23.89],[83.1896,23.9211],[83.3236,24.1013],[83.3276,24.0996],[83.5012,24.0307],[83.5718,23.8631],[83.6496,23.8481],[83.7294,23.7547],[83.7213,23.6737],[83.8005,23.5832],[83.9147,23.5687],[84.007,23.6323],[84.0227,23.5442],[83.9658,23.3812],[84.0703,23.33],[84.044,23.1846],[84.0338,23.1678]]]},"properties":{"ID_0":105,"ISO":"IND","NAME_0":"India","ID_1":7,"NAME_1":"Chhattisgarh","ID_2":117,"NAME_2":"Surguja","NL_NAME_2":null,"VARNAME_2":null,"TYPE_2":"District","ENGTYPE_2":"District"}},{"type":"Feature","geometry":{"type":"Polygon","coordinates":[[[73.2177,20.1063],[73.1367,20.0853],[73.0043,20.1179],[72.9704,20.2123],[73.0974,20.3351],[73.1771,20.3123],[73.211,20.1236],[73.2163,20.122],[73.2177,20.1063]]]},"properties":{"ID_0":105,"ISO":"IND","NAME_0":"India","ID_1":8,"NAME_1":"Dadra and Nagar Haveli","ID_2":118,"NAME_2":"Dadra and Nagar Haveli","NL_NAME_2":null,"VARNAME_2":null,"TYPE_2":"District","ENGTYPE_2":"District"}},{"type":"Feature","geometry":{"type":"Polygon","coordinates":[[[72.8215,20.3711],[72.8285,20.4337],[72.8512,20.4549],[72.8215,20.3711]]]},"properties":{"ID_0":105,"ISO":"IND","NAME_0":"India","ID_1":9,"NAME_1":"Daman and Diu","ID_2":119,"NAME_2":"Daman","NL_NAME_2":null,"VARNAME_2":null,"TYPE_2":"District","ENGTYPE_2":"District"}},{"type":"Feature","geometry":{"type":"Polygon","coordinates":[[[70.8544,20.7535],[70.8546,20.7521],[70.8704,20.7187],[70.7438,20.7201],[70.6768,20.7686],[70.6942,20.883],[70.768,20.962],[70.8802,20.9554],[70.8939,20.7947],[70.8544,20.7535]]]},"properties":{"ID_0":105,"ISO":"IND","NAME_0":"India","ID_1":9,"NAME_1":"Daman and Diu","ID_2":120,"NAME_2":"Junagadh","NL_NAME_2":null,"VARNAME_2":null,"TYPE_2":"District","ENGTYPE_2":"District"}},{"type":"Feature","geometry":{"type":"Polygon","coordinates":[[[77.2173,28.8353],[77.1944,28.8023],[77.3271,28.6852],[77.2936,28.5797],[77.3368,28.5157],[77.3377,28.509],[77.329,28.5083],[77.1658,28.4085],[77.057,28.5139],[77.0196,28.5333],[76.8794,28.5091],[76.8376,28.557],[76.9473,28.6772],[76.9466,28.774],[76.9375,28.8035],[76.9423,28.8207],[77.0498,28.8732],[77.1836,28.8623],[77.1869,28.8668],[77.2173,28.8353]]]},"properties":{"ID_0":105,"ISO":"IND","NAME_0":"India","ID_1":10,"NAME_1":"Delhi","ID_2":121,"NAME_2":"Delhi","NL_NAME_2":null,"VARNAME_2":null,"TYPE_2":"District","ENGTYPE_2":"District"}},{"type":"Feature","geometry":{"type":"Polygon","coordinates":[[[74.126,15.6503],[74.2553,15.6542],[74.2838,15.5195],[74.2563,15.4895],[74.0188,15.3061],[73.8901,15.4257],[73.7676,15.491],[73.6801,15.7244],[73.7865,15.7233],[73.8655,15.7975],[73.9454,15.7415],[74.0024,15.6091],[74.126,15.6503]]]},"properties":{"ID_0":105,"ISO":"IND","NAME_0":"India","ID_1":11,"NAME_1":"Goa","ID_2":122,"NAME_2":"North Goa","NL_NAME_2":null,"VARNAME_2":null,"TYPE_2":"District","ENGTYPE_2":"District"}},{"type":"Feature","geometry":{"type":"Polygon","coordinates":[[[73.8901,15.4257],[74.0188,15.3061],[74.2563,15.4895],[74.3417,15.2929],[74.2811,15.1018],[74.3023,15.0399],[74.2193,14.9314],[74.1042,14.9038],[73.9229,15.1101],[73.9482,15.1474],[73.8735,15.3701],[73.8901,15.4257]]]},"properties":{"ID_0":105,"ISO":"IND","NAME_0":"India","ID_1":11,"NAME_1":"Goa","ID_2":123,"NAME_2":"South Goa","NL_NAME_2":null,"VARNAME_2":null,"TYPE_2":"District","ENGTYPE_2":"District"}},{"type":"Feature","geometry":{"type":"Polygon","coordinates":[[[72.3447,23.1059],[72.3907,23.0599],[72.5067,23.0981],[72.7717,23.0928],[72.8479,22.9928],[72.7807,22.9086],[72.6165,22.8845],[72.6186,22.8159],[72.5308,22.7873],[72.5583,22.6708],[72.5163,22.6235],[72.5172,22.6139],[72.4342,22.5595],[72.3618,22.3757],[72.37,22.3149],[72.2785,22.2033],[72.22,22.0165],[72.2165,22.0121],[72.0886,22.0589],[72.0717,22.1033],[71.7709,22.1303],[71.6693,22.2132],[71.6203,22.335],[71.8625,22.3867],[72.042,22.5043],[72.0952,22.4353],[72.1716,22.4777],[72.179,22.5679],[72.0737,22.5972],[72.0819,22.7305],[71.9938,22.8532],[72.0301,22.9899],[71.9109,23.1079],[71.8841,23.3808],[71.9686,23.3909],[72.0087,23.5013],[72.107,23.4567],[72.3064,23.4118],[72.1872,23.2723],[72.1962,23.1419],[72.2945,23.0728],[72.3447,23.1059]]]},"properties":{"ID_0":105,"ISO":"IND","NAME_0":"India","ID_1":12,"NAME_1":"Gujarat","ID_2":124,"NAME_2":"Ahmadabad","NL_NAME_2":null,"VARNAME_2":null,"TYPE_2":"District","ENGTYPE_2":"District"}},{"type":"Feature","geometry":{"type":"Polygon","coordinates":[[[71.4068,21.9744],[71.4785,21.9204],[71.506,21.7983],[71.6111,21.723],[71.5922,21.6289],[71.4933,21.4799],[71.614,21.4395],[71.6933,21.3296],[71.5477,21.2836],[71.5347,21.1786],[71.6402,21.1046],[71.689,21.0079],[71.5096,20.944],[71.4374,20.8685],[71.2511,20.814],[71.1445,20.9594],[71.1435,21.0723],[71.0224,21.1637],[70.843,21.1911],[70.8196,21.3193],[70.9659,21.392],[70.8498,21.4867],[70.9115,21.5296],[70.8113,21.6597],[70.8434,21.7377],[70.9941,21.7248],[71.0634,21.7513],[71.075,21.8986],[71.322,22.038],[71.4068,21.9744]]]},"properties":{"ID_0":105,"ISO":"IND","NAME_0":"India","ID_1":12,"NAME_1":"Gujarat","ID_2":125,"NAME_2":"Amreli","NL_NAME_2":null,"VARNAME_2":"Amereli","TYPE_2":"District","ENGTYPE_2":"District"}},{"type":"Feature","geometry":{"type":"Polygon","coordinates":[[[72.3618,22.3757],[72.4342,22.5595],[72.5172,22.6139],[72.5222,22.6116],[72.5951,22.4987],[72.6646,22.4992],[72.698,22.625],[72.8039,22.6388],[72.8816,22.5808],[72.9951,22.6567],[73.0116,22.7153],[73.1376,22.7218],[73.2367,22.6344],[73.1691,22.5901],[73.008,22.2582],[72.9193,22.2666],[72.8526,22.2818],[72.7593,22.2315],[72.6371,22.2843],[72.4707,22.2426],[72.4124,22.3585],[72.3618,22.3757]]]},"properties":{"ID_0":105,"ISO":"IND","NAME_0":"India","ID_1":12,"NAME_1":"Gujarat","ID_2":126,"NAME_2":"Anand","NL_NAME_2":null,"VARNAME_2":null,"TYPE_2":"District","ENGTYPE_2":"District"}},{"type":"Feature","geometry":{"type":"Polygon","coordinates":[[[72.3402,24.623],[72.3579,24.5525],[72.4647,24.4071],[72.5421,24.5049],[72.6586,24.4564],[72.7325,24.3613],[72.9654,24.3511],[73.0341,24.2807],[72.9083,24.022],[72.8703,24.016],[72.7973,24.0813],[72.6286,24.04],[72.572,23.9313],[72.4848,23.929],[72.3608,24.0235],[72.2377,24.0634],[72.1054,24.0455],[71.9806,23.8895],[71.7624,23.8383],[71.6782,23.9669],[71.5475,23.9755],[71.4546,23.9367],[71.3264,23.9769],[71.323,23.9819],[71.3538,24.1058],[71.3154,24.2989],[71.404,24.347],[71.3582,24.5128],[71.2977,24.6076],[71.4883,24.6739],[71.6166,24.6707],[71.6616,24.6333],[71.7845,24.6689],[72.0849,24.6528],[72.1859,24.6094],[72.3402,24.623]]]},"properties":{"ID_0":105,"ISO":"IND","NAME_0":"India","ID_1":12,"NAME_1":"Gujarat","ID_2":127,"NAME_2":"Banas Kantha","NL_NAME_2":null,"VARNAME_2":"Banaskantha, Palanpur","TYPE_2":"District","ENGTYPE_2":"District"}},{"type":"Feature","geometry":{"type":"Polygon","coordinates":[[[72.8739,22.2237],[72.9157,22.0664],[73.0597,21.976],[73.0712,21.8809],[73.218,21.8202],[73.3073,21.89],[73.3463,21.8092],[73.4958,21.7037],[73.4583,21.5233],[73.1294,21.482],[73.0481,21.5242],[72.9192,21.4295],[72.686,21.4449],[72.5982,21.5443],[72.6282,21.6168],[72.5196,21.7132],[72.5685,21.824],[72.5024,21.9351],[72.5474,22.1499],[72.6012,22.2135],[72.7576,22.174],[72.8739,22.2237]]]},"properties":{"ID_0":105,"ISO":"IND","NAME_0":"India","ID_1":12,"NAME_1":"Gujarat","ID_2":128,"NAME_2":"Bharuch","NL_NAME_2":null,"VARNAME_2":null,"TYPE_2":"District","ENGTYPE_2":"District"}},{"type":"Feature","geometry":{"type":"MultiPolygon","coordinates":[[[[72.22,22.0165],[72.2785,22.2033],[72.37,22.3149],[72.3867,22.299],[72.3768,22.2286],[72.2799,21.9674],[72.22,22.0165]]],[[[71.6203,22.335],[71.6693,22.2132],[71.7709,22.1303],[72.0717,22.1033],[72.0886,22.0589],[72.2165,22.0121],[72.2562,21.8901],[72.2479,21.751],[72.306,21.6285],[72.2243,21.4404],[72.171,21.3899],[72.0479,21.1607],[71.689,21.0079],[71.6402,21.1046],[71.5347,21.1786],[71.5477,21.2836],[71.6933,21.3296],[71.614,21.4395],[71.4933,21.4799],[71.5922,21.6289],[71.6111,21.723],[71.506,21.7983],[71.4785,21.9204],[71.4068,21.9744],[71.5183,22.0497],[71.4472,22.2573],[71.5429,22.3398],[71.6203,22.335]]]]},"properties":{"ID_0":105,"ISO":"IND","NAME_0":"India","ID_1":12,"NAME_1":"Gujarat","ID_2":129,"NAME_2":"Bhavnagar","NL_NAME_2":null,"VARNAME_2":"Bhaunagar","TYPE_2":"District","ENGTYPE_2":"District"}},{"type":"Feature","geometry":{"type":"Polygon","coordinates":[[[73.9625,23.3814],[74.0487,23.2951],[74.1361,23.2647],[74.127,23.1789],[74.2498,23.1784],[74.3228,23.0627],[74.3816,22.9099],[74.4628,22.9135],[74.4649,22.8151],[74.3842,22.6436],[74.2782,22.6477],[74.1276,22.5244],[74.0667,22.5509],[73.9126,22.5092],[73.7631,22.5475],[73.7343,22.4556],[73.5957,22.4859],[73.5768,22.5683],[73.64,22.6473],[73.8309,22.7905],[73.9111,22.9356],[73.91,23.0487],[73.7783,23.0771],[73.6376,23.045],[73.7562,23.2357],[73.697,23.3275],[73.7261,23.4127],[73.8269,23.4468],[73.8943,23.3371],[73.9625,23.3814]]]},"properties":{"ID_0":105,"ISO":"IND","NAME_0":"India","ID_1":12,"NAME_1":"Gujarat","ID_2":130,"NAME_2":"Dahod","NL_NAME_2":null,"VARNAME_2":"Dohad","TYPE_2":"District","ENGTYPE_2":"District"}},{"type":"Feature","geometry":{"type":"Polygon","coordinates":[[[72.8479,22.9928],[72.7717,23.0928],[72.5067,23.0981],[72.3907,23.0599],[72.3447,23.1059],[72.448,23.2043],[72.5318,23.4191],[72.6482,23.3714],[72.733,23.3856],[72.7325,23.3258],[72.9134,23.3214],[73.0214,23.1609],[72.9691,23.0743],[72.8479,22.9928]]]},"properties":{"ID_0":105,"ISO":"IND","NAME_0":"India","ID_1":12,"NAME_1":"Gujarat","ID_2":131,"NAME_2":"Gandhinagar","NL_NAME_2":null,"VARNAME_2":null,"TYPE_2":"District","ENGTYPE_2":"District"}},{"type":"Feature","geometry":{"type":"Polygon","coordinates":[[[70.5512,22.9546],[70.6616,22.8526],[70.6312,22.6465],[70.5907,22.6246],[70.513,22.4675],[70.4919,22.3688],[70.5396,22.2387],[70.5927,22.2316],[70.566,22.0414],[70.4726,22.0437],[70.2359,21.9571],[70.2356,21.8999],[70.1186,21.8394],[70.0966,21.7241],[70.0123,21.7994],[69.8399,21.7353],[69.8379,21.8131],[69.6606,21.8223],[69.7394,21.9645],[69.4162,21.8554],[69.3962,21.8018],[69.2588,21.9176],[68.9526,22.2485],[68.936,22.3121],[69.0079,22.4399],[69.0693,22.3957],[69.1913,22.4221],[69.1604,22.3065],[69.291,22.2757],[69.3401,22.3304],[69.4226,22.3165],[69.5212,22.3793],[69.6001,22.3487],[69.7926,22.4035],[69.911,22.4682],[69.946,22.5285],[70.1629,22.5515],[70.4365,22.9638],[70.5512,22.9546]]]},"properties":{"ID_0":105,"ISO":"IND","NAME_0":"India","ID_1":12,"NAME_1":"Gujarat","ID_2":132,"NAME_2":"Jamnagar","NL_NAME_2":null,"VARNAME_2":null,"TYPE_2":"District","ENGTYPE_2":"District"}},{"type":"Feature","geometry":{"type":"Polygon","coordinates":[[[70.9626,20.7294],[70.8921,20.7082],[70.8544,20.7535],[70.8939,20.7947],[70.8802,20.9554],[70.768,20.962],[70.6942,20.883],[70.6768,20.7686],[70.5854,20.7815],[70.2582,20.9726],[69.9988,21.2074],[69.9732,21.3745],[70.0037,21.5218],[70.0548,21.6267],[70.1693,21.6538],[70.3222,21.5798],[70.4567,21.6517],[70.7392,21.6048],[70.8113,21.6597],[70.9115,21.5296],[70.8498,21.4867],[70.9659,21.392],[70.8196,21.3193],[70.843,21.1911],[71.0224,21.1637],[71.1435,21.0723],[71.1445,20.9594],[71.2511,20.814],[70.9626,20.7294]]]},"properties":{"ID_0":105,"ISO":"IND","NAME_0":"India","ID_1":12,"NAME_1":"Gujarat","ID_2":133,"NAME_2":"Junagadh","NL_NAME_2":null,"VARNAME_2":null,"TYPE_2":"District","ENGTYPE_2":"District"}},{"type":"Feature","geometry":{"type":"MultiPolygon","coordinates":[[[[71.2977,24.6076],[71.3582,24.5128],[71.404,24.347],[71.3154,24.2989],[71.3538,24.1058],[71.323,23.9819],[71.3264,23.9769],[71.3131,23.9482],[71.1115,23.8954],[71.0691,23.798],[71.086,23.597],[71.2342,23.656],[71.3888,23.6455],[71.4328,23.5631],[71.5433,23.4777],[71.6745,23.2906],[71.6051,23.134],[71.3334,23.1831],[71.2265,23.152],[71.1204,23.1965],[71.0583,23.1657],[70.786,23.1612],[70.5772,23.0289],[70.5512,22.9546],[70.4365,22.9638],[70.3451,22.9304],[70.2293,22.9771],[70.106,22.909],[69.8657,22.8727],[69.7526,22.8199],[69.7113,22.7382],[69.5235,22.7904],[69.4737,22.7735],[69.3187,22.8324],[69.1974,22.8385],[68.6524,23.1551],[68.5851,23.2218],[68.6371,23.3438],[68.5074,23.4626],[68.4893,23.6351],[68.6849,23.8204],[68.5971,23.8396],[68.5471,23.9632],[68.7492,23.962],[68.7641,24.2841],[68.8477,24.2084],[68.922,24.2586],[69.0137,24.2291],[69.0854,24.2683],[69.1998,24.2352],[69.3103,24.2767],[69.5012,24.255],[69.6007,24.2778],[69.7246,24.1751],[70.0241,24.1694],[70.1101,24.2849],[70.5749,24.4203],[70.5936,24.2403],[70.8058,24.2227],[70.9984,24.3606],[71.0006,24.5992],[71.1071,24.6807],[71.1716,24.6489],[71.1971,24.6429],[71.2073,24.6395],[71.2977,24.6076]]],[[[68.3585,23.8051],[68.4185,23.7288],[68.3468,23.5982],[68.2198,23.5912],[68.339,23.7329],[68.3585,23.8051]]],[[[68.4301,23.9954],[68.3504,23.9085],[68.3376,23.8193],[68.2093,23.811],[68.2835,23.9204],[68.4301,23.9954]]]]},"properties":{"ID_0":105,"ISO":"IND","NAME_0":"India","ID_1":12,"NAME_1":"Gujarat","ID_2":134,"NAME_2":"Kachchh","NL_NAME_2":null,"VARNAME_2":"Kutch","TYPE_2":"District","ENGTYPE_2":"District"}},{"type":"Feature","geometry":{"type":"Polygon","coordinates":[[[72.5172,22.6139],[72.5163,22.6235],[72.5583,22.6708],[72.5308,22.7873],[72.6186,22.8159],[72.6165,22.8845],[72.7807,22.9086],[72.8479,22.9928],[72.9691,23.0743],[73.0214,23.1609],[73.1631,23.1898],[73.2793,23.0594],[73.3345,23.0831],[73.3803,23.238],[73.5306,23.2866],[73.581,23.2504],[73.503,23.1534],[73.4351,23.1567],[73.42,23.03],[73.457,22.9692],[73.3775,22.9002],[73.3569,22.79],[73.2872,22.7795],[73.2367,22.6344],[73.1376,22.7218],[73.0116,22.7153],[72.9951,22.6567],[72.8816,22.5808],[72.8039,22.6388],[72.698,22.625],[72.6646,22.4992],[72.5951,22.4987],[72.5222,22.6116],[72.5172,22.6139]]]},"properties":{"ID_0":105,"ISO":"IND","NAME_0":"India","ID_1":12,"NAME_1":"Gujarat","ID_2":135,"NAME_2":"Kheda","NL_NAME_2":null,"VARNAME_2":"Kaira","TYPE_2":"District","ENGTYPE_2":"District"}},{"type":"Feature","geometry":{"type":"Polygon","coordinates":[[[72.3447,23.1059],[72.2945,23.0728],[72.1962,23.1419],[72.1872,23.2723],[72.3064,23.4118],[72.107,23.4567],[72.0087,23.5013],[71.9786,23.529],[72.0541,23.6121],[72.1488,23.6024],[72.3082,23.6331],[72.3528,23.7334],[72.4997,23.7661],[72.4848,23.929],[72.572,23.9313],[72.6286,24.04],[72.7973,24.0813],[72.8703,24.016],[72.7938,23.8327],[72.8393,23.6693],[72.8027,23.4226],[72.733,23.3856],[72.6482,23.3714],[72.5318,23.4191],[72.448,23.2043],[72.3447,23.1059]]]},"properties":{"ID_0":105,"ISO":"IND","NAME_0":"India","ID_1":12,"NAME_1":"Gujarat","ID_2":136,"NAME_2":"Mahesana","NL_NAME_2":null,"VARNAME_2":"Mehasana, Mehsana","TYPE_2":"District","ENGTYPE_2":"District"}},{"type":"Feature","geometry":{"type":"Polygon","coordinates":[[[73.4583,21.5233],[73.4958,21.7037],[73.3463,21.8092],[73.3073,21.89],[73.4582,21.9768],[73.5538,21.979],[73.6284,21.9095],[73.729,21.9811],[73.8644,21.9512],[73.9492,21.8703],[73.8276,21.8119],[73.8902,21.7106],[73.8245,21.5983],[73.8608,21.4958],[73.9875,21.5224],[73.9769,21.4616],[73.8242,21.4009],[73.7027,21.3985],[73.6829,21.4736],[73.5689,21.4727],[73.4583,21.5233]]]},"properties":{"ID_0":105,"ISO":"IND","NAME_0":"India","ID_1":12,"NAME_1":"Gujarat","ID_2":137,"NAME_2":"Narmada","NL_NAME_2":null,"VARNAME_2":null,"TYPE_2":"District","ENGTYPE_2":"District"}},{"type":"Feature","geometry":{"type":"Polygon","coordinates":[[[73.507,20.8187],[73.4752,20.7217],[73.416,20.6262],[73.2693,20.5813],[73.0842,20.5998],[73.0462,20.7027],[72.9831,20.7424],[72.874,20.7343],[72.754,20.9429],[72.7421,21.0493],[72.8531,21.0274],[73.0275,21.0583],[73.1032,20.9363],[73.3113,20.817],[73.507,20.8187]]]},"properties":{"ID_0":105,"ISO":"IND","NAME_0":"India","ID_1":12,"NAME_1":"Gujarat","ID_2":138,"NAME_2":"Navsari","NL_NAME_2":null,"VARNAME_2":null,"TYPE_2":"District","ENGTYPE_2":"District"}},{"type":"Feature","geometry":{"type":"Polygon","coordinates":[[[73.7261,23.4127],[73.697,23.3275],[73.7562,23.2357],[73.6376,23.045],[73.7783,23.0771],[73.91,23.0487],[73.9111,22.9356],[73.8309,22.7905],[73.64,22.6473],[73.5768,22.5683],[73.5957,22.4859],[73.7343,22.4556],[73.7591,22.3465],[73.7046,22.2865],[73.4914,22.3467],[73.3794,22.5539],[73.4217,22.6599],[73.3569,22.79],[73.3775,22.9002],[73.457,22.9692],[73.42,23.03],[73.4351,23.1567],[73.503,23.1534],[73.581,23.2504],[73.5306,23.2866],[73.6328,23.4524],[73.7261,23.4127]]]},"properties":{"ID_0":105,"ISO":"IND","NAME_0":"India","ID_1":12,"NAME_1":"Gujarat","ID_2":139,"NAME_2":"Panch Mahals","NL_NAME_2":null,"VARNAME_2":"Godhra, Panchmahal","TYPE_2":"District","ENGTYPE_2":"District"}},{"type":"Feature","geometry":{"type":"Polygon","coordinates":[[[71.3264,23.9769],[71.4546,23.9367],[71.5475,23.9755],[71.6782,23.9669],[71.7624,23.8383],[71.9806,23.8895],[72.1054,24.0455],[72.2377,24.0634],[72.3608,24.0235],[72.4848,23.929],[72.4997,23.7661],[72.3528,23.7334],[72.3082,23.6331],[72.1488,23.6024],[72.0541,23.6121],[71.9786,23.529],[71.8731,23.4723],[71.6209,23.5001],[71.5433,23.4777],[71.4328,23.5631],[71.3888,23.6455],[71.2342,23.656],[71.086,23.597],[71.0691,23.798],[71.1115,23.8954],[71.3131,23.9482],[71.3264,23.9769]]]},"properties":{"ID_0":105,"ISO":"IND","NAME_0":"India","ID_1":12,"NAME_1":"Gujarat","ID_2":140,"NAME_2":"Patan","NL_NAME_2":null,"VARNAME_2":null,"TYPE_2":"District","ENGTYPE_2":"District"}},{"type":"Feature","geometry":{"type":"Polygon","coordinates":[[[69.3962,21.8018],[69.4162,21.8554],[69.7394,21.9645],[69.6606,21.8223],[69.8379,21.8131],[69.8399,21.7353],[70.0123,21.7994],[70.0966,21.7241],[70.1693,21.6538],[70.0548,21.6267],[70.0037,21.5218],[69.9732,21.3745],[69.9988,21.2074],[69.7129,21.5285],[69.3962,21.8018]]]},"properties":{"ID_0":105,"ISO":"IND","NAME_0":"India","ID_1":12,"NAME_1":"Gujarat","ID_2":141,"NAME_2":"Porbandar","NL_NAME_2":null,"VARNAME_2":null,"TYPE_2":"District","ENGTYPE_2":"District"}},{"type":"Feature","geometry":{"type":"Polygon","coordinates":[[[71.4068,21.9744],[71.322,22.038],[71.075,21.8986],[71.0634,21.7513],[70.9941,21.7248],[70.8434,21.7377],[70.8113,21.6597],[70.7392,21.6048],[70.4567,21.6517],[70.3222,21.5798],[70.1693,21.6538],[70.0966,21.7241],[70.1186,21.8394],[70.2356,21.8999],[70.2359,21.9571],[70.4726,22.0437],[70.566,22.0414],[70.5927,22.2316],[70.5396,22.2387],[70.4919,22.3688],[70.513,22.4675],[70.5907,22.6246],[70.6312,22.6465],[70.6616,22.8526],[70.5512,22.9546],[70.5772,23.0289],[70.786,23.1612],[71.0583,23.1657],[70.9734,23.0181],[71.0323,22.868],[71.0022,22.7866],[71.1376,22.7512],[71.176,22.676],[71.0903,22.5517],[71.1778,22.4963],[71.0377,22.3244],[71.1709,22.1618],[71.2466,22.2724],[71.4472,22.2573],[71.5183,22.0497],[71.4068,21.9744]]]},"properties":{"ID_0":105,"ISO":"IND","NAME_0":"India","ID_1":12,"NAME_1":"Gujarat","ID_2":142,"NAME_2":"Rajkot","NL_NAME_2":null,"VARNAME_2":null,"TYPE_2":"District","ENGTYPE_2":"District"}},{"type":"Feature","geometry":{"type":"Polygon","coordinates":[[[72.8703,24.016],[72.9083,24.022],[73.0341,24.2807],[72.9654,24.3511],[73.0128,24.4824],[73.1802,24.3507],[73.0827,24.185],[73.2238,24.0982],[73.4138,24.0511],[73.4201,23.9234],[73.3704,23.8144],[73.5707,23.6535],[73.6607,23.6229],[73.6328,23.4524],[73.5306,23.2866],[73.3803,23.238],[73.3345,23.0831],[73.2793,23.0594],[73.1631,23.1898],[73.0214,23.1609],[72.9134,23.3214],[72.7325,23.3258],[72.733,23.3856],[72.8027,23.4226],[72.8393,23.6693],[72.7938,23.8327],[72.8703,24.016]]]},"properties":{"ID_0":105,"ISO":"IND","NAME_0":"India","ID_1":12,"NAME_1":"Gujarat","ID_2":143,"NAME_2":"Sabar Kantha","NL_NAME_2":null,"VARNAME_2":"Sabarkantha, Himatnagar","TYPE_2":"District","ENGTYPE_2":"District"}},{"type":"Feature","geometry":{"type":"Polygon","coordinates":[[[72.686,21.4449],[72.9192,21.4295],[73.0481,21.5242],[73.1294,21.482],[73.4583,21.5233],[73.5689,21.4727],[73.6829,21.4736],[73.7027,21.3985],[73.8242,21.4009],[73.9769,21.4616],[73.9875,21.5224],[74.0256,21.5526],[74.2917,21.5588],[74.3078,21.4801],[74.1208,21.4497],[73.9619,21.3931],[73.9485,21.2976],[73.8321,21.2675],[73.8225,21.1719],[73.7416,21.1671],[73.7476,21.04],[73.8572,20.9977],[73.8963,20.933],[73.7573,21.0046],[73.5772,21.012],[73.5009,20.9129],[73.507,20.8187],[73.3113,20.817],[73.1032,20.9363],[73.0275,21.0583],[72.8531,21.0274],[72.7421,21.0493],[72.6599,21.1388],[72.5932,21.3121],[72.686,21.4449]]]},"properties":{"ID_0":105,"ISO":"IND","NAME_0":"India","ID_1":12,"NAME_1":"Gujarat","ID_2":144,"NAME_2":"Surat","NL_NAME_2":null,"VARNAME_2":null,"TYPE_2":"District","ENGTYPE_2":"District"}},{"type":"Feature","geometry":{"type":"Polygon","coordinates":[[[72.0087,23.5013],[71.9686,23.3909],[71.8841,23.3808],[71.9109,23.1079],[72.0301,22.9899],[71.9938,22.8532],[72.0819,22.7305],[72.0737,22.5972],[72.179,22.5679],[72.1716,22.4777],[72.0952,22.4353],[72.042,22.5043],[71.8625,22.3867],[71.6203,22.335],[71.5429,22.3398],[71.4472,22.2573],[71.2466,22.2724],[71.1709,22.1618],[71.0377,22.3244],[71.1778,22.4963],[71.0903,22.5517],[71.176,22.676],[71.1376,22.7512],[71.0022,22.7866],[71.0323,22.868],[70.9734,23.0181],[71.0583,23.1657],[71.1204,23.1965],[71.2265,23.152],[71.3334,23.1831],[71.6051,23.134],[71.6745,23.2906],[71.5433,23.4777],[71.6209,23.5001],[71.8731,23.4723],[71.9786,23.529],[72.0087,23.5013]]]},"properties":{"ID_0":105,"ISO":"IND","NAME_0":"India","ID_1":12,"NAME_1":"Gujarat","ID_2":145,"NAME_2":"Surendranagar","NL_NAME_2":null,"VARNAME_2":null,"TYPE_2":"District","ENGTYPE_2":"District"}},{"type":"Feature","geometry":{"type":"Polygon","coordinates":[[[73.4752,20.7217],[73.507,20.8187],[73.5009,20.9129],[73.5772,21.012],[73.7573,21.0046],[73.8963,20.933],[73.9451,20.8401],[73.9383,20.7608],[73.8287,20.6965],[73.78,20.5919],[73.7482,20.5674],[73.7377,20.574],[73.6707,20.5623],[73.6073,20.6363],[73.4752,20.7217]]]},"properties":{"ID_0":105,"ISO":"IND","NAME_0":"India","ID_1":12,"NAME_1":"Gujarat","ID_2":146,"NAME_2":"The Dangs","NL_NAME_2":null,"VARNAME_2":"Dangs","TYPE_2":"District","ENGTYPE_2":"District"}},{"type":"Feature","geometry":{"type":"Polygon","coordinates":[[[72.9193,22.2666],[73.008,22.2582],[73.1691,22.5901],[73.2367,22.6344],[73.2872,22.7795],[73.3569,22.79],[73.4217,22.6599],[73.3794,22.5539],[73.4914,22.3467],[73.7046,22.2865],[73.7591,22.3465],[73.7343,22.4556],[73.7631,22.5475],[73.9126,22.5092],[74.0667,22.5509],[74.1051,22.4334],[74.2373,22.4393],[74.1983,22.343],[74.072,22.3602],[74.0758,22.2219],[74.1228,22.2129],[74.146,21.9541],[73.9492,21.8703],[73.8644,21.9512],[73.729,21.9811],[73.6284,21.9095],[73.5538,21.979],[73.4582,21.9768],[73.3073,21.89],[73.218,21.8202],[73.0712,21.8809],[73.0597,21.976],[72.9157,22.0664],[72.8739,22.2237],[72.9193,22.2666]]]},"properties":{"ID_0":105,"ISO":"IND","NAME_0":"India","ID_1":12,"NAME_1":"Gujarat","ID_2":147,"NAME_2":"Vadodara","NL_NAME_2":null,"VARNAME_2":"Baroda","TYPE_2":"District","ENGTYPE_2":"District"}},{"type":"Feature","geometry":{"type":"Polygon","coordinates":[[[73.2163,20.122],[73.211,20.1236],[73.1771,20.3123],[73.0974,20.3351],[72.9704,20.2123],[72.8843,20.2266],[72.7876,20.1301],[72.7376,20.1365],[72.741,20.2446],[72.8215,20.3711],[72.8512,20.4549],[72.8976,20.5743],[72.874,20.7343],[72.9831,20.7424],[73.0462,20.7027],[73.0842,20.5998],[73.2693,20.5813],[73.416,20.6262],[73.4808,20.5836],[73.4759,20.495],[73.4148,20.3816],[73.4268,20.2016],[73.3111,20.2072],[73.2595,20.1246],[73.2163,20.122]]]},"properties":{"ID_0":105,"ISO":"IND","NAME_0":"India","ID_1":12,"NAME_1":"Gujarat","ID_2":148,"NAME_2":"Valsad","NL_NAME_2":null,"VARNAME_2":"Bulsar|Walsad","TYPE_2":"District","ENGTYPE_2":"District"}},{"type":"Feature","geometry":{"type":"Polygon","coordinates":[[[77.1238,30.5727],[77.3107,30.4536],[77.1232,30.2735],[77.0987,30.1802],[77.0528,30.127],[76.7954,30.2162],[76.6276,30.1551],[76.5903,30.2541],[76.7385,30.3596],[76.7489,30.4266],[76.8899,30.4367],[76.9201,30.5247],[77.0197,30.6241],[77.1238,30.5727]]]},"properties":{"ID_0":105,"ISO":"IND","NAME_0":"India","ID_1":13,"NAME_1":"Haryana","ID_2":149,"NAME_2":"Ambala","NL_NAME_2":null,"VARNAME_2":null,"TYPE_2":"District","ENGTYPE_2":"District"}},{"type":"Feature","geometry":{"type":"Polygon","coordinates":[[[76.2232,28.9912],[76.3251,28.8171],[76.3963,28.756],[76.3965,28.6858],[76.3441,28.616],[76.2819,28.4393],[75.9914,28.4443],[75.8892,28.3937],[75.6639,28.5209],[75.5557,28.6146],[75.4689,28.938],[75.5165,28.9754],[75.5925,28.9961],[75.6714,28.9164],[75.8227,28.9167],[75.9057,29.0257],[76.0434,29.065],[76.1881,29.0607],[76.2232,28.9912]]]},"properties":{"ID_0":105,"ISO":"IND","NAME_0":"India","ID_1":13,"NAME_1":"Haryana","ID_2":150,"NAME_2":"Bhiwani","NL_NAME_2":null,"VARNAME_2":null,"TYPE_2":"District","ENGTYPE_2":"District"}},{"type":"Feature","geometry":{"type":"Polygon","coordinates":[[[77.1658,28.4085],[77.329,28.5083],[77.3377,28.509],[77.436,28.4316],[77.5379,28.1909],[77.47,28.0837],[77.5352,27.9933],[77.5192,27.9319],[77.3292,27.852],[77.2497,27.8828],[77.0933,28.0107],[77.2158,28.2952],[77.1446,28.322],[77.1658,28.4085]]]},"properties":{"ID_0":105,"ISO":"IND","NAME_0":"India","ID_1":13,"NAME_1":"Haryana","ID_2":151,"NAME_2":"Faridabad","NL_NAME_2":null,"VARNAME_2":null,"TYPE_2":"District","ENGTYPE_2":"District"}},{"type":"Feature","geometry":{"type":"Polygon","coordinates":[[[75.9387,29.7335],[75.9495,29.569],[75.7728,29.5277],[75.5889,29.3451],[75.5006,29.4052],[75.4073,29.4161],[75.3883,29.3224],[75.2767,29.2735],[75.2352,29.2519],[75.2145,29.4006],[75.2755,29.4653],[75.2906,29.5618],[75.2803,29.6033],[75.4443,29.8078],[75.5631,29.7442],[75.7099,29.8123],[75.726,29.8115],[75.82,29.8154],[75.9387,29.7335]]]},"properties":{"ID_0":105,"ISO":"IND","NAME_0":"India","ID_1":13,"NAME_1":"Haryana","ID_2":152,"NAME_2":"Fatehabad","NL_NAME_2":null,"VARNAME_2":null,"TYPE_2":"District","ENGTYPE_2":"District"}},{"type":"Feature","geometry":{"type":"Polygon","coordinates":[[[76.8794,28.5091],[77.0196,28.5333],[77.057,28.5139],[77.1658,28.4085],[77.1446,28.322],[77.2158,28.2952],[77.0933,28.0107],[77.2497,27.8828],[77.3292,27.852],[77.2758,27.8065],[77.0383,27.82],[76.9705,27.6571],[76.8885,27.7196],[76.9266,27.8342],[76.9186,27.9976],[76.9618,28.144],[76.8543,28.2252],[76.6731,28.2679],[76.6365,28.4146],[76.6706,28.4565],[76.8794,28.5091]]]},"properties":{"ID_0":105,"ISO":"IND","NAME_0":"India","ID_1":13,"NAME_1":"Haryana","ID_2":153,"NAME_2":"Gurgaon","NL_NAME_2":null,"VARNAME_2":null,"TYPE_2":"District","ENGTYPE_2":"District"}},{"type":"Feature","geometry":{"type":"Polygon","coordinates":[[[76.2232,28.9912],[76.1881,29.0607],[76.0434,29.065],[75.9057,29.0257],[75.8227,28.9167],[75.6714,28.9164],[75.5925,28.9961],[75.5165,28.9754],[75.3807,29.0703],[75.3795,29.2639],[75.2767,29.2735],[75.3883,29.3224],[75.4073,29.4161],[75.5006,29.4052],[75.5889,29.3451],[75.7728,29.5277],[75.9495,29.569],[75.9305,29.502],[76.1281,29.3938],[76.2204,29.2245],[76.2816,29.2128],[76.2916,29.0911],[76.2232,28.9912]]]},"properties":{"ID_0":105,"ISO":"IND","NAME_0":"India","ID_1":13,"NAME_1":"Haryana","ID_2":154,"NAME_2":"Hisar","NL_NAME_2":null,"VARNAME_2":null,"TYPE_2":"District","ENGTYPE_2":"District"}},{"type":"Feature","geometry":{"type":"Polygon","coordinates":[[[76.9423,28.8207],[76.9375,28.8035],[76.9466,28.774],[76.9473,28.6772],[76.8376,28.557],[76.8794,28.5091],[76.6706,28.4565],[76.6365,28.4146],[76.5423,28.3501],[76.3811,28.3691],[76.2819,28.4393],[76.3441,28.616],[76.3965,28.6858],[76.4408,28.741],[76.57,28.7386],[76.6634,28.7986],[76.7728,28.7472],[76.8928,28.8671],[76.9423,28.8207]]]},"properties":{"ID_0":105,"ISO":"IND","NAME_0":"India","ID_1":13,"NAME_1":"Haryana","ID_2":155,"NAME_2":"Jhajjar","NL_NAME_2":null,"VARNAME_2":null,"TYPE_2":"District","ENGTYPE_2":"District"}},{"type":"Feature","geometry":{"type":"Polygon","coordinates":[[[75.9495,29.569],[75.9387,29.7335],[76.0415,29.7488],[76.0906,29.8108],[76.2111,29.8432],[76.1664,29.6818],[76.2792,29.5416],[76.4819,29.5189],[76.546,29.463],[76.6472,29.4975],[76.745,29.4722],[76.646,29.3765],[76.6714,29.275],[76.5512,29.2875],[76.469,29.1008],[76.2916,29.0911],[76.2816,29.2128],[76.2204,29.2245],[76.1281,29.3938],[75.9305,29.502],[75.9495,29.569]]]},"properties":{"ID_0":105,"ISO":"IND","NAME_0":"India","ID_1":13,"NAME_1":"Haryana","ID_2":156,"NAME_2":"Jind","NL_NAME_2":null,"VARNAME_2":null,"TYPE_2":"District","ENGTYPE_2":"District"}},{"type":"Feature","geometry":{"type":"Polygon","coordinates":[[[76.4819,29.5189],[76.2792,29.5416],[76.1664,29.6818],[76.2111,29.8432],[76.1894,30.0042],[76.2512,30.119],[76.4521,30.1007],[76.4125,30.0479],[76.4591,29.9159],[76.5429,29.8619],[76.7439,29.9293],[76.6826,29.897],[76.6894,29.6743],[76.5545,29.6335],[76.4819,29.5189]]]},"properties":{"ID_0":105,"ISO":"IND","NAME_0":"India","ID_1":13,"NAME_1":"Haryana","ID_2":157,"NAME_2":"Kaithal","NL_NAME_2":null,"VARNAME_2":null,"TYPE_2":"District","ENGTYPE_2":"District"}},{"type":"Feature","geometry":{"type":"Polygon","coordinates":[[[76.745,29.4722],[76.6472,29.4975],[76.546,29.463],[76.4819,29.5189],[76.5545,29.6335],[76.6894,29.6743],[76.6826,29.897],[76.7439,29.9293],[76.9336,29.927],[77.0824,29.954],[77.2111,29.9407],[77.1322,29.6995],[77.0856,29.6008],[77.1241,29.4529],[76.9523,29.4629],[76.8576,29.4951],[76.745,29.4722]]]},"properties":{"ID_0":105,"ISO":"IND","NAME_0":"India","ID_1":13,"NAME_1":"Haryana","ID_2":158,"NAME_2":"Karnal","NL_NAME_2":null,"VARNAME_2":null,"TYPE_2":"District","ENGTYPE_2":"District"}},{"type":"Feature","geometry":{"type":"Polygon","coordinates":[[[76.6276,30.1551],[76.7954,30.2162],[77.0528,30.127],[77.0987,30.1802],[77.2652,30.0495],[77.2704,30.0483],[77.2111,29.9407],[77.0824,29.954],[76.9336,29.927],[76.7439,29.9293],[76.5429,29.8619],[76.4591,29.9159],[76.4125,30.0479],[76.4521,30.1007],[76.5011,30.0766],[76.6276,30.1551]]]},"properties":{"ID_0":105,"ISO":"IND","NAME_0":"India","ID_1":13,"NAME_1":"Haryana","ID_2":159,"NAME_2":"Kurukshetra","NL_NAME_2":null,"VARNAME_2":null,"TYPE_2":"District","ENGTYPE_2":"District"}},{"type":"Feature","geometry":{"type":"Polygon","coordinates":[[[75.8892,28.3937],[75.9914,28.4443],[76.2819,28.4393],[76.3811,28.3691],[76.3087,28.1834],[76.3556,28.1285],[76.3368,28.0297],[76.1773,28.0593],[76.1697,27.9097],[76.2233,27.8409],[76.0801,27.8511],[75.9754,27.8646],[75.9236,27.9331],[76.053,28.2242],[75.8892,28.3937]]]},"properties":{"ID_0":105,"ISO":"IND","NAME_0":"India","ID_1":13,"NAME_1":"Haryana","ID_2":160,"NAME_2":"Mahendragarh","NL_NAME_2":null,"VARNAME_2":"Mahendergarh, Mahendragarth, Mohindargarh, Mohindergarh","TYPE_2":"District","ENGTYPE_2":"District"}},{"type":"Feature","geometry":{"type":"Polygon","coordinates":[[[76.8198,30.6858],[76.8282,30.7638],[76.7625,30.8934],[76.7699,30.9064],[76.7988,30.9246],[76.8524,30.8707],[76.8696,30.8782],[77.0004,30.7976],[77.0047,30.7525],[77.1535,30.6887],[77.1238,30.5727],[77.0197,30.6241],[76.9201,30.5247],[76.9134,30.5997],[76.835,30.6641],[76.8198,30.6858]]]},"properties":{"ID_0":105,"ISO":"IND","NAME_0":"India","ID_1":13,"NAME_1":"Haryana","ID_2":161,"NAME_2":"Panchkula","NL_NAME_2":null,"VARNAME_2":null,"TYPE_2":"District","ENGTYPE_2":"District"}},{"type":"Feature","geometry":{"type":"Polygon","coordinates":[[[76.6714,29.275],[76.646,29.3765],[76.745,29.4722],[76.8576,29.4951],[76.9523,29.4629],[77.1241,29.4529],[77.1423,29.3015],[77.1324,29.1718],[77.1034,29.1754],[76.9052,29.2241],[76.8169,29.2137],[76.7555,29.2821],[76.6714,29.275]]]},"properties":{"ID_0":105,"ISO":"IND","NAME_0":"India","ID_1":13,"NAME_1":"Haryana","ID_2":162,"NAME_2":"Panipat","NL_NAME_2":null,"VARNAME_2":null,"TYPE_2":"District","ENGTYPE_2":"District"}},{"type":"Feature","geometry":{"type":"Polygon","coordinates":[[[76.6365,28.4146],[76.6731,28.2679],[76.8543,28.2252],[76.7915,28.1572],[76.5385,28.0391],[76.4723,28.1496],[76.3087,28.1834],[76.3811,28.3691],[76.5423,28.3501],[76.6365,28.4146]]]},"properties":{"ID_0":105,"ISO":"IND","NAME_0":"India","ID_1":13,"NAME_1":"Haryana","ID_2":163,"NAME_2":"Rewari","NL_NAME_2":null,"VARNAME_2":null,"TYPE_2":"District","ENGTYPE_2":"District"}},{"type":"Feature","geometry":{"type":"Polygon","coordinates":[[[76.3965,28.6858],[76.3963,28.756],[76.3251,28.8171],[76.2232,28.9912],[76.2916,29.0911],[76.469,29.1008],[76.6289,29.0633],[76.6615,28.9889],[76.7476,28.9685],[76.8928,28.8671],[76.7728,28.7472],[76.6634,28.7986],[76.57,28.7386],[76.4408,28.741],[76.3965,28.6858]]]},"properties":{"ID_0":105,"ISO":"IND","NAME_0":"India","ID_1":13,"NAME_1":"Haryana","ID_2":164,"NAME_2":"Rohtak","NL_NAME_2":null,"VARNAME_2":null,"TYPE_2":"District","ENGTYPE_2":"District"}},{"type":"Feature","geometry":{"type":"Polygon","coordinates":[[[75.2906,29.5618],[75.2755,29.4653],[75.2145,29.4006],[75.2352,29.2519],[75.0781,29.2325],[74.9531,29.2819],[74.9271,29.3646],[74.8495,29.4028],[74.7759,29.3602],[74.57,29.4062],[74.5717,29.5556],[74.6054,29.7529],[74.472,29.744],[74.5536,29.8656],[74.5191,29.9433],[74.6399,29.9225],[74.6955,29.9715],[74.6974,29.9711],[74.8012,29.9926],[74.9241,29.9415],[74.9899,29.8565],[75.0655,29.879],[75.1786,29.8369],[75.1978,29.8134],[75.2273,29.7561],[75.1589,29.6694],[75.2906,29.5618]]]},"properties":{"ID_0":105,"ISO":"IND","NAME_0":"India","ID_1":13,"NAME_1":"Haryana","ID_2":165,"NAME_2":"Sirsa","NL_NAME_2":null,"VARNAME_2":"Sirasa","TYPE_2":"District","ENGTYPE_2":"District"}},{"type":"Feature","geometry":{"type":"Polygon","coordinates":[[[77.1869,28.8668],[77.1836,28.8623],[77.0498,28.8732],[76.9423,28.8207],[76.8928,28.8671],[76.7476,28.9685],[76.6615,28.9889],[76.6289,29.0633],[76.469,29.1008],[76.5512,29.2875],[76.6714,29.275],[76.7555,29.2821],[76.8169,29.2137],[76.9052,29.2241],[77.1034,29.1754],[77.1324,29.1718],[77.1266,29.154],[77.2079,28.9911],[77.178,28.8856],[77.1869,28.8668]]]},"properties":{"ID_0":105,"ISO":"IND","NAME_0":"India","ID_1":13,"NAME_1":"Haryana","ID_2":166,"NAME_2":"Sonepat","NL_NAME_2":null,"VARNAME_2":"Sonipat","TYPE_2":"District","ENGTYPE_2":"District"}},{"type":"Feature","geometry":{"type":"Polygon","coordinates":[[[77.0987,30.1802],[77.1232,30.2735],[77.3107,30.4536],[77.3819,30.4393],[77.3955,30.4209],[77.4262,30.4411],[77.5749,30.3845],[77.5828,30.3584],[77.4101,30.1111],[77.2804,30.0525],[77.2704,30.0483],[77.2652,30.0495],[77.0987,30.1802]]]},"properties":{"ID_0":105,"ISO":"IND","NAME_0":"India","ID_1":13,"NAME_1":"Haryana","ID_2":167,"NAME_2":"Yamuna Nagar","NL_NAME_2":null,"VARNAME_2":null,"TYPE_2":"District","ENGTYPE_2":"District"}},{"type":"Feature","geometry":{"type":"Polygon","coordinates":[[[76.715,31.5883],[76.7263,31.5208],[76.8614,31.3577],[76.8562,31.2497],[76.6354,31.213],[76.428,31.3252],[76.3816,31.4106],[76.4446,31.4886],[76.5999,31.4216],[76.6074,31.5762],[76.715,31.5883]]]},"properties":{"ID_0":105,"ISO":"IND","NAME_0":"India","ID_1":14,"NAME_1":"Himachal Pradesh","ID_2":168,"NAME_2":"Bilaspur","NL_NAME_2":null,"VARNAME_2":null,"TYPE_2":"District","ENGTYPE_2":"District"}},{"type":"Feature","geometry":{"type":"Polygon","coordinates":[[[76.7142,33.1774],[76.7299,33.1794],[76.7459,32.931],[76.6678,32.8554],[76.5299,32.814],[76.3603,32.8205],[76.4098,32.6893],[76.5769,32.6438],[76.6328,32.5819],[76.8492,32.5354],[76.8488,32.4632],[76.7705,32.4083],[76.7571,32.2294],[76.6575,32.1811],[76.4087,32.2661],[76.2073,32.3966],[76.1447,32.319],[76.0014,32.2917],[75.9111,32.4092],[75.8553,32.4996],[75.8725,32.5762],[75.9254,32.6543],[75.9125,32.7571],[75.8083,32.8532],[75.7894,32.8636],[75.7954,32.8693],[75.7984,32.9022],[75.9338,32.8843],[76.1073,33.0079],[76.2295,33.0303],[76.275,33.104],[76.4007,33.1866],[76.5475,33.2095],[76.627,33.1625],[76.7142,33.1774]]]},"properties":{"ID_0":105,"ISO":"IND","NAME_0":"India","ID_1":14,"NAME_1":"Himachal Pradesh","ID_2":169,"NAME_2":"Chamba","NL_NAME_2":null,"VARNAME_2":null,"TYPE_2":"District","ENGTYPE_2":"District"}},{"type":"Feature","geometry":{"type":"Polygon","coordinates":[[[76.715,31.5883],[76.6074,31.5762],[76.5999,31.4216],[76.4446,31.4886],[76.2992,31.7238],[76.288,31.7782],[76.4465,31.8076],[76.5531,31.8921],[76.6255,31.8771],[76.6062,31.7926],[76.715,31.5883]]]},"properties":{"ID_0":105,"ISO":"IND","NAME_0":"India","ID_1":14,"NAME_1":"Himachal Pradesh","ID_2":170,"NAME_2":"Hamirpur","NL_NAME_2":null,"VARNAME_2":null,"TYPE_2":"District","ENGTYPE_2":"District"}},{"type":"Feature","geometry":{"type":"Polygon","coordinates":[[[75.9111,32.4092],[76.0014,32.2917],[76.1447,32.319],[76.2073,32.3966],[76.4087,32.2661],[76.6575,32.1811],[76.7571,32.2294],[76.7705,32.4083],[76.8488,32.4632],[76.9361,32.4055],[77.0581,32.3994],[77.0155,32.25],[76.9236,32.0654],[76.6472,32.0329],[76.6787,31.9351],[76.6255,31.8771],[76.5531,31.8921],[76.4465,31.8076],[76.288,31.7782],[76.2992,31.7238],[76.1002,31.8071],[76.0327,31.863],[75.9443,31.8575],[75.8945,31.9498],[75.6494,32.0772],[75.5788,32.0817],[75.6555,32.1461],[75.6225,32.2347],[75.7364,32.2738],[75.9111,32.4092]]]},"properties":{"ID_0":105,"ISO":"IND","NAME_0":"India","ID_1":14,"NAME_1":"Himachal Pradesh","ID_2":171,"NAME_2":"Kangra","NL_NAME_2":null,"VARNAME_2":null,"TYPE_2":"District","ENGTYPE_2":"District"}},{"type":"Feature","geometry":{"type":"Polygon","coordinates":[[[78.9069,31.2592],[78.9967,31.1176],[78.88,31.1038],[78.795,31.205],[78.6507,31.1979],[78.6006,31.2359],[78.4701,31.2038],[78.3693,31.2879],[78.2984,31.2882],[78.1563,31.3489],[78.0735,31.4268],[77.9485,31.407],[77.8299,31.5317],[77.8094,31.6422],[77.7352,31.7178],[77.851,31.7874],[78.0174,31.7652],[78.1862,31.9371],[78.338,31.9451],[78.4275,32.057],[78.5888,32.0569],[78.6511,32.0933],[78.771,31.9998],[78.6914,31.7934],[78.7344,31.692],[78.8269,31.628],[78.7213,31.541],[78.7955,31.4528],[78.829,31.3302],[78.9069,31.2592]]]},"properties":{"ID_0":105,"ISO":"IND","NAME_0":"India","ID_1":14,"NAME_1":"Himachal Pradesh","ID_2":172,"NAME_2":"Kinnaur","NL_NAME_2":null,"VARNAME_2":"Kalpa","TYPE_2":"District","ENGTYPE_2":"District"}},{"type":"Feature","geometry":{"type":"Polygon","coordinates":[[[76.9236,32.0654],[77.0155,32.25],[77.0581,32.3994],[77.1342,32.4185],[77.2918,32.3389],[77.4065,32.1977],[77.5501,32.1994],[77.7283,32.0952],[77.7854,31.9851],[77.7536,31.947],[77.851,31.7874],[77.7352,31.7178],[77.6324,31.6616],[77.6938,31.5065],[77.6191,31.4016],[77.5168,31.3575],[77.3719,31.3653],[77.2869,31.5611],[77.2906,31.6654],[77.1977,31.7345],[77.1519,31.8415],[77.0458,31.8591],[76.9236,32.0654]]]},"properties":{"ID_0":105,"ISO":"IND","NAME_0":"India","ID_1":14,"NAME_1":"Himachal Pradesh","ID_2":173,"NAME_2":"Kullu","NL_NAME_2":null,"VARNAME_2":null,"TYPE_2":"District","ENGTYPE_2":"District"}},{"type":"Feature","geometry":{"type":"Polygon","coordinates":[[[76.8488,32.4632],[76.8492,32.5354],[76.6328,32.5819],[76.5769,32.6438],[76.4098,32.6893],[76.3603,32.8205],[76.5299,32.814],[76.6678,32.8554],[76.7459,32.931],[76.7299,33.1794],[76.7421,33.1975],[76.8063,33.2362],[76.8085,33.2423],[76.8092,33.2443],[76.7993,33.1695],[76.9985,32.9896],[77.3565,32.8253],[77.5232,32.8898],[77.6631,32.9759],[77.7925,32.8981],[77.9871,32.5882],[78.079,32.6528],[78.195,32.6673],[78.3714,32.7618],[78.3771,32.6149],[78.2966,32.5775],[78.3062,32.4777],[78.4108,32.5117],[78.5188,32.4185],[78.4643,32.2778],[78.5929,32.2187],[78.5743,32.1586],[78.6511,32.0933],[78.5888,32.0569],[78.4275,32.057],[78.338,31.9451],[78.1862,31.9371],[78.0174,31.7652],[77.851,31.7874],[77.7536,31.947],[77.7854,31.9851],[77.7283,32.0952],[77.5501,32.1994],[77.4065,32.1977],[77.2918,32.3389],[77.1342,32.4185],[77.0581,32.3994],[76.9361,32.4055],[76.8488,32.4632]]]},"properties":{"ID_0":105,"ISO":"IND","NAME_0":"India","ID_1":14,"NAME_1":"Himachal Pradesh","ID_2":174,"NAME_2":"Lahul and Spiti","NL_NAME_2":null,"VARNAME_2":null,"TYPE_2":"District","ENGTYPE_2":"District"}},{"type":"Feature","geometry":{"type":"Polygon","coordinates":[[[76.8614,31.3577],[76.7263,31.5208],[76.715,31.5883],[76.6062,31.7926],[76.6255,31.8771],[76.6787,31.9351],[76.6472,32.0329],[76.9236,32.0654],[77.0458,31.8591],[77.1519,31.8415],[77.1977,31.7345],[77.2906,31.6654],[77.2869,31.5611],[77.3719,31.3653],[77.291,31.2752],[77.1182,31.2325],[76.9887,31.3014],[76.8614,31.3577]]]},"properties":{"ID_0":105,"ISO":"IND","NAME_0":"India","ID_1":14,"NAME_1":"Himachal Pradesh","ID_2":175,"NAME_2":"Mandi","NL_NAME_2":null,"VARNAME_2":null,"TYPE_2":"District","ENGTYPE_2":"District"}},{"type":"Feature","geometry":{"type":"Polygon","coordinates":[[[77.7352,31.7178],[77.8094,31.6422],[77.8299,31.5317],[77.9485,31.407],[78.0735,31.4268],[78.1563,31.3489],[78.2984,31.2882],[78.2326,31.235],[77.9022,31.1588],[77.805,31.0541],[77.791,30.9261],[77.6883,30.7687],[77.4792,30.7986],[77.3596,31.0265],[77.2324,30.9229],[77.1724,31.0131],[77.0128,31.0956],[76.9887,31.3014],[77.1182,31.2325],[77.291,31.2752],[77.3719,31.3653],[77.5168,31.3575],[77.6191,31.4016],[77.6938,31.5065],[77.6324,31.6616],[77.7352,31.7178]]]},"properties":{"ID_0":105,"ISO":"IND","NAME_0":"India","ID_1":14,"NAME_1":"Himachal Pradesh","ID_2":176,"NAME_2":"Shimla","NL_NAME_2":null,"VARNAME_2":"Simla","TYPE_2":"District","ENGTYPE_2":"District"}},{"type":"Feature","geometry":{"type":"Polygon","coordinates":[[[77.3107,30.4536],[77.1238,30.5727],[77.1535,30.6887],[77.0047,30.7525],[77.2324,30.9229],[77.3596,31.0265],[77.4792,30.7986],[77.6883,30.7687],[77.775,30.6411],[77.7992,30.5114],[77.5631,30.4045],[77.5749,30.3845],[77.4262,30.4411],[77.3955,30.4209],[77.3819,30.4393],[77.3107,30.4536]]]},"properties":{"ID_0":105,"ISO":"IND","NAME_0":"India","ID_1":14,"NAME_1":"Himachal Pradesh","ID_2":177,"NAME_2":"Sirmaur","NL_NAME_2":null,"VARNAME_2":"Sirmour|Sirmoor|Sirmur","TYPE_2":"District","ENGTYPE_2":"District"}},{"type":"Feature","geometry":{"type":"Polygon","coordinates":[[[77.0047,30.7525],[77.0004,30.7976],[76.8696,30.8782],[76.8524,30.8707],[76.7988,30.9246],[76.7699,30.9064],[76.6101,31.0042],[76.6354,31.213],[76.8562,31.2497],[76.8614,31.3577],[76.9887,31.3014],[77.0128,31.0956],[77.1724,31.0131],[77.2324,30.9229],[77.0047,30.7525]]]},"properties":{"ID_0":105,"ISO":"IND","NAME_0":"India","ID_1":14,"NAME_1":"Himachal Pradesh","ID_2":178,"NAME_2":"Solan","NL_NAME_2":null,"VARNAME_2":null,"TYPE_2":"District","ENGTYPE_2":"District"}},{"type":"Feature","geometry":{"type":"Polygon","coordinates":[[[76.4446,31.4886],[76.3816,31.4106],[76.2774,31.3099],[76.1728,31.3067],[76.1567,31.4045],[76.0027,31.6466],[75.9443,31.8575],[76.0327,31.863],[76.1002,31.8071],[76.2992,31.7238],[76.4446,31.4886]]]},"properties":{"ID_0":105,"ISO":"IND","NAME_0":"India","ID_1":14,"NAME_1":"Himachal Pradesh","ID_2":179,"NAME_2":"Una","NL_NAME_2":null,"VARNAME_2":null,"TYPE_2":"District","ENGTYPE_2":"District"}},{"type":"Feature","geometry":{"type":"Polygon","coordinates":[[[75.7429,34.1916],[75.6595,34.0662],[75.5992,34.0445],[75.525,33.9336],[75.6312,33.7498],[75.662,33.62],[75.5717,33.3934],[75.4625,33.3982],[75.4029,33.4611],[75.2411,33.5132],[75.185,33.4649],[75.1743,33.4583],[75.1574,33.4674],[74.97,33.4796],[74.8402,33.5251],[74.7532,33.5079],[74.7277,33.5037],[74.6939,33.6321],[74.7236,33.6865],[74.8756,33.6404],[75.2145,33.8155],[75.2426,34.0477],[75.2518,34.1487],[75.384,34.255],[75.4775,34.3738],[75.6341,34.2315],[75.7429,34.1916]]]},"properties":{"ID_0":105,"ISO":"IND","NAME_0":"India","ID_1":15,"NAME_1":"Jammu and Kashmir","ID_2":180,"NAME_2":"Anantnag (Kashmir South)","NL_NAME_2":null,"VARNAME_2":null,"TYPE_2":"District","ENGTYPE_2":"District"}},{"type":"Feature","geometry":{"type":"Polygon","coordinates":[[[74.9967,34.0425],[75.0079,33.976],[74.9541,33.8371],[74.8609,33.8095],[74.7236,33.6865],[74.6258,33.8418],[74.5915,33.9711],[74.5297,34.0277],[74.886,34.1525],[74.9967,34.0425]]]},"properties":{"ID_0":105,"ISO":"IND","NAME_0":"India","ID_1":15,"NAME_1":"Jammu and Kashmir","ID_2":181,"NAME_2":"Bagdam","NL_NAME_2":null,"VARNAME_2":null,"TYPE_2":"District","ENGTYPE_2":"District"}},{"type":"Feature","geometry":{"type":"Polygon","coordinates":[[[74.886,34.1525],[74.5297,34.0277],[74.4651,34.0008],[74.2812,34.0046],[74.2053,34.0784],[73.9478,34.105],[73.8843,34.0614],[73.9766,34.2118],[73.9133,34.3479],[74.1658,34.339],[74.3345,34.3016],[74.4019,34.3165],[74.4581,34.4477],[74.5219,34.4739],[74.5031,34.5864],[74.648,34.7226],[74.8938,34.6845],[75.0187,34.6415],[75.1423,34.6624],[75.2661,34.6395],[75.3505,34.5622],[75.4646,34.5434],[75.4775,34.3738],[75.3528,34.3953],[75.2642,34.368],[75.1061,34.4644],[75.0416,34.3863],[74.9332,34.3341],[74.7957,34.3402],[74.787,34.2698],[74.886,34.1525]]]},"properties":{"ID_0":105,"ISO":"IND","NAME_0":"India","ID_1":15,"NAME_1":"Jammu and Kashmir","ID_2":182,"NAME_2":"Baramula (Kashmir North)","NL_NAME_2":null,"VARNAME_2":null,"TYPE_2":"District","ENGTYPE_2":"District"}},{"type":"Feature","geometry":{"type":"Polygon","coordinates":[[[76.7142,33.1774],[76.627,33.1625],[76.5475,33.2095],[76.4007,33.1866],[76.275,33.104],[76.2295,33.0303],[76.1073,33.0079],[75.9338,32.8843],[75.7984,32.9022],[75.5878,32.9702],[75.5117,33.0311],[75.2918,33.1247],[75.2324,33.1749],[75.2833,33.2891],[75.1808,33.3801],[75.1743,33.4583],[75.185,33.4649],[75.2411,33.5132],[75.4029,33.4611],[75.4625,33.3982],[75.5717,33.3934],[75.662,33.62],[75.6312,33.7498],[75.525,33.9336],[75.5992,34.0445],[75.6595,34.0662],[75.7429,34.1916],[75.9382,33.9807],[76.0966,33.9864],[76.2283,33.8645],[76.3264,33.7292],[76.3068,33.5618],[76.4215,33.592],[76.534,33.5348],[76.7146,33.357],[76.7768,33.3124],[76.7744,33.2803],[76.8085,33.2423],[76.8063,33.2362],[76.7421,33.1975],[76.7299,33.1794],[76.7142,33.1774]]]},"properties":{"ID_0":105,"ISO":"IND","NAME_0":"India","ID_1":15,"NAME_1":"Jammu and Kashmir","ID_2":183,"NAME_2":"Doda","NL_NAME_2":null,"VARNAME_2":null,"TYPE_2":"District","ENGTYPE_2":"District"}},{"type":"Feature","geometry":{"type":"Polygon","coordinates":[[[74.6756,33.0007],[74.7746,32.9697],[74.8169,33.0422],[74.9402,33.0532],[74.9578,32.9308],[75.033,32.9308],[75.2411,32.8167],[75.2388,32.7019],[75.4311,32.609],[75.2151,32.4963],[75.1974,32.4041],[75.0826,32.48],[74.9879,32.4496],[74.8564,32.4927],[74.6984,32.4849],[74.6422,32.611],[74.6756,32.6658],[74.6142,32.7577],[74.4661,32.7814],[74.4139,32.9039],[74.3349,32.9548],[74.4489,32.9996],[74.5328,32.9587],[74.6756,33.0007]]]},"properties":{"ID_0":105,"ISO":"IND","NAME_0":"India","ID_1":15,"NAME_1":"Jammu and Kashmir","ID_2":184,"NAME_2":"Jammu","NL_NAME_2":null,"VARNAME_2":null,"TYPE_2":"District","ENGTYPE_2":"District"}},{"type":"Feature","geometry":{"type":"Polygon","coordinates":[[[76.8085,33.2423],[76.7744,33.2803],[76.7768,33.3124],[76.7146,33.357],[76.534,33.5348],[76.4215,33.592],[76.3068,33.5618],[76.3264,33.7292],[76.2283,33.8645],[76.0966,33.9864],[75.9382,33.9807],[75.7429,34.1916],[75.6341,34.2315],[75.4775,34.3738],[75.4646,34.5434],[75.7492,34.5158],[76.0365,34.6703],[76.1579,34.6434],[76.3287,34.7331],[76.3674,34.511],[76.3674,34.3474],[76.4204,34.2559],[76.6514,34.1549],[76.7525,34.0779],[76.8246,33.9576],[76.969,33.8853],[77.1423,33.8468],[77.4311,33.7217],[77.561,33.5292],[77.4696,33.3608],[77.3637,33.2741],[77.3781,33.1923],[77.484,33.0143],[77.5232,32.8898],[77.3565,32.8253],[76.9985,32.9896],[76.7993,33.1695],[76.8092,33.2443],[76.8085,33.2423]]]},"properties":{"ID_0":105,"ISO":"IND","NAME_0":"India","ID_1":15,"NAME_1":"Jammu and Kashmir","ID_2":185,"NAME_2":"Kargil","NL_NAME_2":null,"VARNAME_2":null,"TYPE_2":"District","ENGTYPE_2":"District"}},{"type":"Feature","geometry":{"type":"Polygon","coordinates":[[[75.7894,32.8636],[75.8083,32.8532],[75.9125,32.7571],[75.9254,32.6543],[75.8725,32.5762],[75.7901,32.4788],[75.6627,32.3935],[75.5243,32.34],[75.3244,32.3417],[75.1974,32.4041],[75.2151,32.4963],[75.4311,32.609],[75.6223,32.6788],[75.6388,32.7565],[75.758,32.778],[75.7894,32.8636]]]},"properties":{"ID_0":105,"ISO":"IND","NAME_0":"India","ID_1":15,"NAME_1":"Jammu and Kashmir","ID_2":186,"NAME_2":"Kathua","NL_NAME_2":null,"VARNAME_2":null,"TYPE_2":"District","ENGTYPE_2":"District"}},{"type":"Feature","geometry":{"type":"Polygon","coordinates":[[[74.648,34.7226],[74.5031,34.5864],[74.5219,34.4739],[74.4581,34.4477],[74.4019,34.3165],[74.3345,34.3016],[74.1658,34.339],[73.9133,34.3479],[73.7632,34.3596],[73.777,34.4163],[73.8987,34.4958],[73.9481,34.5731],[73.9602,34.6967],[74.149,34.6953],[74.3028,34.7975],[74.5802,34.7701],[74.648,34.7226]]]},"properties":{"ID_0":105,"ISO":"IND","NAME_0":"India","ID_1":15,"NAME_1":"Jammu and Kashmir","ID_2":187,"NAME_2":"Kupwara (Muzaffarabad)","NL_NAME_2":null,"VARNAME_2":null,"TYPE_2":"District","ENGTYPE_2":"District"}},{"type":"Feature","geometry":{"type":"Polygon","coordinates":[[[78.4108,32.5117],[78.3062,32.4777],[78.2966,32.5775],[78.3771,32.6149],[78.3714,32.7618],[78.195,32.6673],[78.079,32.6528],[77.9871,32.5882],[77.7925,32.8981],[77.6631,32.9759],[77.5232,32.8898],[77.484,33.0143],[77.3781,33.1923],[77.3637,33.2741],[77.4696,33.3608],[77.561,33.5292],[77.4311,33.7217],[77.1423,33.8468],[76.969,33.8853],[76.8246,33.9576],[76.7525,34.0779],[76.6514,34.1549],[76.4204,34.2559],[76.3674,34.3474],[76.3674,34.511],[76.3287,34.7331],[76.4692,34.7917],[76.6716,34.7574],[76.7389,34.9019],[76.8632,34.9708],[77.0101,34.9563],[77.6506,35.3671],[77.8468,35.5008],[77.8886,35.4289],[77.9903,35.379],[78.0829,35.0825],[78.1846,34.8815],[78.2073,34.7661],[78.2844,34.6674],[78.4181,34.6054],[78.5693,34.6119],[78.8381,34.4065],[78.9815,34.3329],[78.9562,34.2178],[78.7292,34.0957],[78.7636,34.0015],[78.7172,33.8905],[78.7752,33.7462],[78.7093,33.6796],[78.8233,33.4835],[79.0666,33.2959],[79.1414,33.2001],[79.4098,33.1788],[79.365,32.9569],[79.5405,32.7487],[79.5454,32.6074],[79.347,32.5266],[79.203,32.5108],[79.0675,32.385],[78.971,32.3443],[78.7812,32.4753],[78.7803,32.5983],[78.7365,32.6959],[78.6323,32.6111],[78.5264,32.6065],[78.4108,32.5117]]]},"properties":{"ID_0":105,"ISO":"IND","NAME_0":"India","ID_1":15,"NAME_1":"Jammu and Kashmir","ID_2":188,"NAME_2":"Ladakh (Leh)","NL_NAME_2":null,"VARNAME_2":null,"TYPE_2":"District","ENGTYPE_2":"District"}},{"type":"Feature","geometry":{"type":"Polygon","coordinates":[[[75.2426,34.0477],[75.2145,33.8155],[74.8756,33.6404],[74.7236,33.6865],[74.8609,33.8095],[74.9541,33.8371],[75.0079,33.976],[74.9967,34.0425],[75.2426,34.0477]]]},"properties":{"ID_0":105,"ISO":"IND","NAME_0":"India","ID_1":15,"NAME_1":"Jammu and Kashmir","ID_2":189,"NAME_2":"Pulwama","NL_NAME_2":null,"VARNAME_2":null,"TYPE_2":"District","ENGTYPE_2":"District"}},{"type":"Feature","geometry":{"type":"Polygon","coordinates":[[[74.7236,33.6865],[74.6939,33.6321],[74.7277,33.5037],[74.5502,33.5791],[74.4521,33.5657],[74.3456,33.3811],[74.2399,33.5113],[74.1646,33.4956],[74.0284,33.5747],[73.9665,33.7403],[74.049,33.8088],[74.1701,33.8399],[74.2611,33.9248],[74.2147,34.0386],[73.8982,34.0328],[73.8843,34.0614],[73.9478,34.105],[74.2053,34.0784],[74.2812,34.0046],[74.4651,34.0008],[74.5297,34.0277],[74.5915,33.9711],[74.6258,33.8418],[74.7236,33.6865]]]},"properties":{"ID_0":105,"ISO":"IND","NAME_0":"India","ID_1":15,"NAME_1":"Jammu and Kashmir","ID_2":190,"NAME_2":"Punch","NL_NAME_2":null,"VARNAME_2":null,"TYPE_2":"District","ENGTYPE_2":"District"}},{"type":"Feature","geometry":{"type":"Polygon","coordinates":[[[74.7277,33.5037],[74.7532,33.5079],[74.7748,33.4498],[74.8048,33.3992],[74.6756,33.0007],[74.5328,32.9587],[74.4489,32.9996],[74.3349,32.9548],[74.3517,33.0131],[74.2052,33.0433],[74.0828,33.1807],[74.103,33.2705],[74.1851,33.3835],[74.1646,33.4956],[74.2399,33.5113],[74.3456,33.3811],[74.4521,33.5657],[74.5502,33.5791],[74.7277,33.5037]]]},"properties":{"ID_0":105,"ISO":"IND","NAME_0":"India","ID_1":15,"NAME_1":"Jammu and Kashmir","ID_2":191,"NAME_2":"Rajauri","NL_NAME_2":null,"VARNAME_2":null,"TYPE_2":"District","ENGTYPE_2":"District"}},{"type":"Feature","geometry":{"type":"Polygon","coordinates":[[[75.4775,34.3738],[75.384,34.255],[75.2518,34.1487],[75.2426,34.0477],[74.9967,34.0425],[74.886,34.1525],[74.787,34.2698],[74.7957,34.3402],[74.9332,34.3341],[75.0416,34.3863],[75.1061,34.4644],[75.2642,34.368],[75.3528,34.3953],[75.4775,34.3738]]]},"properties":{"ID_0":105,"ISO":"IND","NAME_0":"India","ID_1":15,"NAME_1":"Jammu and Kashmir","ID_2":192,"NAME_2":"Srinagar","NL_NAME_2":null,"VARNAME_2":null,"TYPE_2":"District","ENGTYPE_2":"District"}},{"type":"Feature","geometry":{"type":"Polygon","coordinates":[[[75.7984,32.9022],[75.7954,32.8693],[75.7894,32.8636],[75.758,32.778],[75.6388,32.7565],[75.6223,32.6788],[75.4311,32.609],[75.2388,32.7019],[75.2411,32.8167],[75.033,32.9308],[74.9578,32.9308],[74.9402,33.0532],[74.8169,33.0422],[74.7746,32.9697],[74.6756,33.0007],[74.8048,33.3992],[74.7748,33.4498],[74.7532,33.5079],[74.8402,33.5251],[74.97,33.4796],[75.1574,33.4674],[75.1743,33.4583],[75.1808,33.3801],[75.2833,33.2891],[75.2324,33.1749],[75.2918,33.1247],[75.5117,33.0311],[75.5878,32.9702],[75.7984,32.9022]]]},"properties":{"ID_0":105,"ISO":"IND","NAME_0":"India","ID_1":15,"NAME_1":"Jammu and Kashmir","ID_2":193,"NAME_2":"Udhampur","NL_NAME_2":null,"VARNAME_2":null,"TYPE_2":"District","ENGTYPE_2":"District"}},{"type":"Feature","geometry":{"type":"Polygon","coordinates":[[[85.9081,23.9441],[85.9582,23.9045],[86.1215,23.9038],[86.1802,23.7665],[86.2735,23.7431],[86.4664,23.6296],[86.3648,23.5571],[86.3518,23.4636],[86.2395,23.4317],[86.1723,23.4785],[86.1448,23.5678],[86.0353,23.5751],[86.0414,23.4902],[85.8776,23.4759],[85.7456,23.6461],[85.6097,23.6142],[85.6114,23.7774],[85.5768,23.8339],[85.682,23.9429],[85.7377,23.9318],[85.8322,23.8282],[85.9081,23.9441]]]},"properties":{"ID_0":105,"ISO":"IND","NAME_0":"India","ID_1":16,"NAME_1":"Jharkhand","ID_2":194,"NAME_2":"Bokaro","NL_NAME_2":null,"VARNAME_2":null,"TYPE_2":"District","ENGTYPE_2":"District"}},{"type":"Feature","geometry":{"type":"Polygon","coordinates":[[[84.4935,24.287],[84.5725,24.4123],[84.8195,24.5248],[84.9033,24.3723],[85.0321,24.4254],[85.0807,24.3808],[85.1025,24.3401],[85.2917,24.3457],[85.2957,24.2112],[85.1532,24.2403],[85.1677,24.1084],[85.2442,24.0266],[85.1809,23.9486],[85.0304,23.986],[85.0469,23.7125],[84.957,23.7128],[84.916,23.95],[84.7521,23.9665],[84.7026,24.0388],[84.5784,23.9859],[84.5729,24.1413],[84.4659,24.2102],[84.4935,24.287]]]},"properties":{"ID_0":105,"ISO":"IND","NAME_0":"India","ID_1":16,"NAME_1":"Jharkhand","ID_2":195,"NAME_2":"Chatra","NL_NAME_2":null,"VARNAME_2":null,"TYPE_2":"District","ENGTYPE_2":"District"}},{"type":"Feature","geometry":{"type":"Polygon","coordinates":[[[86.6093,24.6074],[86.6684,24.5606],[86.9112,24.5387],[86.8811,24.446],[86.9567,24.316],[87.0392,24.2608],[86.9285,24.1424],[86.9739,24.108],[86.9379,24.0431],[86.6517,24.1322],[86.5697,24.1388],[86.4522,24.3686],[86.5235,24.5357],[86.6093,24.6074]]]},"properties":{"ID_0":105,"ISO":"IND","NAME_0":"India","ID_1":16,"NAME_1":"Jharkhand","ID_2":196,"NAME_2":"Deoghar","NL_NAME_2":null,"VARNAME_2":"Devghar","TYPE_2":"District","ENGTYPE_2":"District"}},{"type":"Feature","geometry":{"type":"Polygon","coordinates":[[[86.4664,23.6296],[86.2735,23.7431],[86.1802,23.7665],[86.1215,23.9038],[86.2629,23.9282],[86.3378,24.0532],[86.4649,24.0166],[86.568,24.0001],[86.7811,23.8562],[86.7928,23.8314],[86.7957,23.6935],[86.711,23.6972],[86.5287,23.629],[86.4664,23.6296]]]},"properties":{"ID_0":105,"ISO":"IND","NAME_0":"India","ID_1":16,"NAME_1":"Jharkhand","ID_2":197,"NAME_2":"Dhanbad","NL_NAME_2":null,"VARNAME_2":null,"TYPE_2":"District","ENGTYPE_2":"District"}},{"type":"Feature","geometry":{"type":"Polygon","coordinates":[[[86.9112,24.5387],[86.9361,24.6304],[87.0444,24.624],[87.2136,24.5866],[87.3087,24.5955],[87.4001,24.5048],[87.5689,24.504],[87.5793,24.257],[87.6417,24.2499],[87.6493,24.2466],[87.6432,24.2246],[87.5106,24.0398],[87.4391,23.9781],[87.3263,24.0301],[87.2327,24.0246],[87.1649,24.0305],[87.0238,24.142],[86.9739,24.108],[86.9285,24.1424],[87.0392,24.2608],[86.9567,24.316],[86.8811,24.446],[86.9112,24.5387]]]},"properties":{"ID_0":105,"ISO":"IND","NAME_0":"India","ID_1":16,"NAME_1":"Jharkhand","ID_2":198,"NAME_2":"Dumka","NL_NAME_2":null,"VARNAME_2":"Santhal Pargana, Santal Parganas","TYPE_2":"District","ENGTYPE_2":"District"}},{"type":"Feature","geometry":{"type":"Polygon","coordinates":[[[83.4982,24.5271],[83.7167,24.5049],[83.868,24.5329],[83.8109,24.292],[83.9697,24.1243],[83.8594,24.0701],[83.8189,24.0008],[83.9719,23.8459],[83.9926,23.7415],[84.007,23.6323],[83.9147,23.5687],[83.8005,23.5832],[83.7213,23.6737],[83.7294,23.7547],[83.6496,23.8481],[83.5718,23.8631],[83.5012,24.0307],[83.3276,24.0996],[83.339,24.1105],[83.4457,24.3633],[83.393,24.5012],[83.4982,24.5271]]]},"properties":{"ID_0":105,"ISO":"IND","NAME_0":"India","ID_1":16,"NAME_1":"Jharkhand","ID_2":199,"NAME_2":"Garhwa","NL_NAME_2":null,"VARNAME_2":null,"TYPE_2":"District","ENGTYPE_2":"District"}},{"type":"Feature","geometry":{"type":"Polygon","coordinates":[[[86.0506,24.7795],[86.1336,24.6755],[86.1657,24.5837],[86.2926,24.5861],[86.2939,24.4764],[86.4522,24.3686],[86.5697,24.1388],[86.4649,24.0166],[86.3378,24.0532],[86.2629,23.9282],[86.1215,23.9038],[85.9582,23.9045],[85.9081,23.9441],[85.8854,24.0305],[85.6632,24.1553],[85.7251,24.2053],[85.8376,24.2231],[85.8507,24.2857],[85.8612,24.5263],[85.7579,24.6256],[85.9046,24.7613],[85.9702,24.7336],[86.0506,24.7795]]]},"properties":{"ID_0":105,"ISO":"IND","NAME_0":"India","ID_1":16,"NAME_1":"Jharkhand","ID_2":200,"NAME_2":"Giridih","NL_NAME_2":null,"VARNAME_2":null,"TYPE_2":"District","ENGTYPE_2":"District"}},{"type":"Feature","geometry":{"type":"Polygon","coordinates":[[[87.0444,24.624],[87.0773,24.8083],[87.1473,24.8624],[87.1738,25.058],[87.1766,25.064],[87.2911,25.0893],[87.3183,25.2012],[87.4676,25.1931],[87.4722,25.1947],[87.5134,25.0567],[87.4533,24.9321],[87.5064,24.7971],[87.4562,24.7917],[87.4607,24.5686],[87.4001,24.5048],[87.3087,24.5955],[87.2136,24.5866],[87.0444,24.624]]]},"properties":{"ID_0":105,"ISO":"IND","NAME_0":"India","ID_1":16,"NAME_1":"Jharkhand","ID_2":201,"NAME_2":"Godda","NL_NAME_2":null,"VARNAME_2":"Goodda","TYPE_2":"District","ENGTYPE_2":"District"}},{"type":"Feature","geometry":{"type":"Polygon","coordinates":[[[84.2877,22.7709],[84.3699,22.8645],[84.3705,22.9751],[84.148,22.9639],[84.1294,23.0815],[84.0303,23.1494],[84.0338,23.1678],[84.044,23.1846],[84.0703,23.33],[84.1872,23.3235],[84.2535,23.3773],[84.2449,23.4505],[84.3919,23.6035],[84.4639,23.5752],[84.4684,23.4867],[84.4169,23.4254],[84.6219,23.3077],[84.8912,23.3186],[84.91,23.3191],[84.8879,23.1675],[84.9378,22.9717],[85.009,22.9411],[84.9784,22.7971],[84.9724,22.7828],[84.7881,22.7517],[84.7258,22.799],[84.6587,22.7264],[84.5527,22.7267],[84.5439,22.7894],[84.4443,22.8294],[84.4115,22.7631],[84.2877,22.7709]]]},"properties":{"ID_0":105,"ISO":"IND","NAME_0":"India","ID_1":16,"NAME_1":"Jharkhand","ID_2":202,"NAME_2":"Gumla","NL_NAME_2":null,"VARNAME_2":null,"TYPE_2":"District","ENGTYPE_2":"District"}},{"type":"Feature","geometry":{"type":"Polygon","coordinates":[[[85.0807,24.3808],[85.2794,24.5191],[85.3834,24.5352],[85.4421,24.5394],[85.5828,24.3386],[85.8507,24.2857],[85.8376,24.2231],[85.7251,24.2053],[85.6632,24.1553],[85.8854,24.0305],[85.9081,23.9441],[85.8322,23.8282],[85.7377,23.9318],[85.682,23.9429],[85.5768,23.8339],[85.6114,23.7774],[85.6097,23.6142],[85.7456,23.6461],[85.8776,23.4759],[85.8609,23.4282],[85.8536,23.4218],[85.6072,23.4767],[85.5401,23.5381],[85.2617,23.5789],[85.1589,23.6653],[85.0469,23.7125],[85.0304,23.986],[85.1809,23.9486],[85.2442,24.0266],[85.1677,24.1084],[85.1532,24.2403],[85.2957,24.2112],[85.2917,24.3457],[85.1025,24.3401],[85.0807,24.3808]]]},"properties":{"ID_0":105,"ISO":"IND","NAME_0":"India","ID_1":16,"NAME_1":"Jharkhand","ID_2":203,"NAME_2":"Hazaribag","NL_NAME_2":null,"VARNAME_2":null,"TYPE_2":"District","ENGTYPE_2":"District"}},{"type":"Feature","geometry":{"type":"Polygon","coordinates":[[[86.5697,24.1388],[86.6517,24.1322],[86.9379,24.0431],[86.9739,24.108],[87.0238,24.142],[87.1649,24.0305],[87.2327,24.0246],[87.2905,23.9475],[87.2552,23.8393],[87.1766,23.8525],[87.0845,23.8053],[86.9069,23.8795],[86.7974,23.8319],[86.7928,23.8314],[86.7811,23.8562],[86.568,24.0001],[86.4649,24.0166],[86.5697,24.1388]]]},"properties":{"ID_0":105,"ISO":"IND","NAME_0":"India","ID_1":16,"NAME_1":"Jharkhand","ID_2":204,"NAME_2":"Jamtara","NL_NAME_2":null,"VARNAME_2":null,"TYPE_2":"District","ENGTYPE_2":"District"}},{"type":"Feature","geometry":{"type":"Polygon","coordinates":[[[85.4421,24.5394],[85.5342,24.5322],[85.7772,24.799],[85.9046,24.7613],[85.7579,24.6256],[85.8612,24.5263],[85.8507,24.2857],[85.5828,24.3386],[85.4421,24.5394]]]},"properties":{"ID_0":105,"ISO":"IND","NAME_0":"India","ID_1":16,"NAME_1":"Jharkhand","ID_2":205,"NAME_2":"Koderma","NL_NAME_2":null,"VARNAME_2":null,"TYPE_2":"District","ENGTYPE_2":"District"}},{"type":"Feature","geometry":{"type":"Polygon","coordinates":[[[84.0703,23.33],[83.9658,23.3812],[84.0227,23.5442],[84.007,23.6323],[83.9926,23.7415],[84.0627,23.8572],[84.1305,23.9004],[84.3268,23.91],[84.44,23.9605],[84.4773,23.894],[84.5784,23.9859],[84.7026,24.0388],[84.7521,23.9665],[84.916,23.95],[84.957,23.7128],[84.8795,23.5564],[84.7744,23.5531],[84.6738,23.6031],[84.6371,23.6653],[84.5021,23.6751],[84.3919,23.6035],[84.2449,23.4505],[84.2535,23.3773],[84.1872,23.3235],[84.0703,23.33]]]},"properties":{"ID_0":105,"ISO":"IND","NAME_0":"India","ID_1":16,"NAME_1":"Jharkhand","ID_2":206,"NAME_2":"Latehar","NL_NAME_2":null,"VARNAME_2":null,"TYPE_2":"District","ENGTYPE_2":"District"}},{"type":"Feature","geometry":{"type":"Polygon","coordinates":[[[84.91,23.3191],[84.8912,23.3186],[84.6219,23.3077],[84.4169,23.4254],[84.4684,23.4867],[84.4639,23.5752],[84.3919,23.6035],[84.5021,23.6751],[84.6371,23.6653],[84.6738,23.6031],[84.7744,23.5531],[84.8795,23.5564],[84.9385,23.4993],[84.8795,23.4008],[84.9004,23.3415],[84.91,23.3191]]]},"properties":{"ID_0":105,"ISO":"IND","NAME_0":"India","ID_1":16,"NAME_1":"Jharkhand","ID_2":207,"NAME_2":"Lohardaga","NL_NAME_2":null,"VARNAME_2":"Lohargada","TYPE_2":"District","ENGTYPE_2":"District"}},{"type":"Feature","geometry":{"type":"Polygon","coordinates":[[[87.6493,24.2466],[87.6417,24.2499],[87.5793,24.257],[87.5689,24.504],[87.4001,24.5048],[87.4607,24.5686],[87.4562,24.7917],[87.5064,24.7971],[87.7089,24.737],[87.8397,24.7382],[87.8523,24.7349],[87.9009,24.7105],[87.8873,24.5627],[87.7971,24.53],[87.8075,24.4044],[87.7364,24.2889],[87.6493,24.2466]]]},"properties":{"ID_0":105,"ISO":"IND","NAME_0":"India","ID_1":16,"NAME_1":"Jharkhand","ID_2":208,"NAME_2":"Pakur","NL_NAME_2":null,"VARNAME_2":null,"TYPE_2":"District","ENGTYPE_2":"District"}},{"type":"Feature","geometry":{"type":"Polygon","coordinates":[[[83.9922,24.638],[84.0467,24.6123],[84.1098,24.4814],[84.1728,24.542],[84.3217,24.4898],[84.3359,24.3958],[84.4935,24.287],[84.4659,24.2102],[84.5729,24.1413],[84.5784,23.9859],[84.4773,23.894],[84.44,23.9605],[84.3268,23.91],[84.1305,23.9004],[84.0627,23.8572],[83.9926,23.7415],[83.9719,23.8459],[83.8189,24.0008],[83.8594,24.0701],[83.9697,24.1243],[83.8109,24.292],[83.868,24.5329],[83.9922,24.638]]]},"properties":{"ID_0":105,"ISO":"IND","NAME_0":"India","ID_1":16,"NAME_1":"Jharkhand","ID_2":209,"NAME_2":"Palamu","NL_NAME_2":null,"VARNAME_2":null,"TYPE_2":"District","ENGTYPE_2":"District"}},{"type":"Feature","geometry":{"type":"Polygon","coordinates":[[[85.5106,22.8059],[85.5246,22.8054],[85.6387,22.8472],[85.6932,22.7991],[85.7208,22.6824],[85.8619,22.6887],[85.878,22.5529],[85.922,22.4965],[85.9608,22.4786],[86.0215,22.3818],[85.9698,22.2434],[86.0267,22.1852],[85.9426,22.0191],[85.8942,21.9783],[85.7789,22.0363],[85.672,22.0515],[85.4103,22.1561],[85.2742,22.0801],[85.2309,22.0003],[85.2107,22.0432],[85.0254,22.154],[85.1053,22.2911],[85.0625,22.4784],[85.071,22.4979],[85.0737,22.5679],[85.1344,22.7754],[85.3036,22.8804],[85.4517,22.7991],[85.5106,22.8059]]]},"properties":{"ID_0":105,"ISO":"IND","NAME_0":"India","ID_1":16,"NAME_1":"Jharkhand","ID_2":210,"NAME_2":"Pashchim Singhbhum","NL_NAME_2":null,"VARNAME_2":"Singhbhum West","TYPE_2":"District","ENGTYPE_2":"District"}},{"type":"Feature","geometry":{"type":"Polygon","coordinates":[[[86.5551,22.7079],[86.6367,22.6551],[86.6573,22.5727],[86.756,22.5743],[86.7914,22.5167],[86.7639,22.4229],[86.8439,22.3961],[86.8228,22.2613],[86.7478,22.208],[86.7228,22.2152],[86.721,22.2168],[86.4746,22.3342],[86.4013,22.3194],[86.2798,22.4455],[86.2165,22.465],[86.2024,22.4703],[86.1014,22.4902],[86.0618,22.5485],[86.1514,22.6335],[86.191,22.8154],[86.1919,22.9663],[86.2345,22.9934],[86.393,22.9742],[86.4324,22.9158],[86.4162,22.7765],[86.5551,22.7079]]]},"properties":{"ID_0":105,"ISO":"IND","NAME_0":"India","ID_1":16,"NAME_1":"Jharkhand","ID_2":211,"NAME_2":"Purba Singhbhum","NL_NAME_2":null,"VARNAME_2":"Singhbhum East","TYPE_2":"District","ENGTYPE_2":"District"}},{"type":"Feature","geometry":{"type":"Polygon","coordinates":[[[84.957,23.7128],[85.0469,23.7125],[85.1589,23.6653],[85.2617,23.5789],[85.5401,23.5381],[85.6072,23.4767],[85.8536,23.4218],[85.8629,23.41],[85.878,23.3237],[85.8264,23.2631],[85.8892,23.1518],[85.793,23.0567],[85.8457,22.9455],[85.5871,22.9194],[85.5087,22.8263],[85.5106,22.8059],[85.4517,22.7991],[85.3036,22.8804],[85.1344,22.7754],[85.0737,22.5679],[85.0523,22.7255],[84.985,22.7827],[84.9724,22.7828],[84.9784,22.7971],[85.009,22.9411],[84.9378,22.9717],[84.8879,23.1675],[84.91,23.3191],[84.9004,23.3415],[84.8795,23.4008],[84.9385,23.4993],[84.8795,23.5564],[84.957,23.7128]]]},"properties":{"ID_0":105,"ISO":"IND","NAME_0":"India","ID_1":16,"NAME_1":"Jharkhand","ID_2":212,"NAME_2":"Ranchi","NL_NAME_2":null,"VARNAME_2":null,"TYPE_2":"District","ENGTYPE_2":"District"}},{"type":"Feature","geometry":{"type":"Polygon","coordinates":[[[87.4722,25.1947],[87.4718,25.2224],[87.5474,25.3309],[87.6842,25.3101],[87.7876,25.2205],[87.7727,25.0991],[87.9617,24.9359],[87.897,24.8544],[87.8914,24.8482],[87.8253,24.7522],[87.8397,24.7382],[87.7089,24.737],[87.5064,24.7971],[87.4533,24.9321],[87.5134,25.0567],[87.4722,25.1947]]]},"properties":{"ID_0":105,"ISO":"IND","NAME_0":"India","ID_1":16,"NAME_1":"Jharkhand","ID_2":213,"NAME_2":"Sahibganj","NL_NAME_2":null,"VARNAME_2":null,"TYPE_2":"District","ENGTYPE_2":"District"}},{"type":"Feature","geometry":{"type":"Polygon","coordinates":[[[85.9608,22.4786],[85.922,22.4965],[85.878,22.5529],[85.8619,22.6887],[85.7208,22.6824],[85.6932,22.7991],[85.6387,22.8472],[85.5246,22.8054],[85.5106,22.8059],[85.5087,22.8263],[85.5871,22.9194],[85.8457,22.9455],[85.793,23.0567],[85.8892,23.1518],[86.0369,23.1436],[86.1756,23.013],[86.2345,22.9934],[86.1919,22.9663],[86.191,22.8154],[86.1514,22.6335],[86.0618,22.5485],[85.967,22.486],[85.9608,22.4786]]]},"properties":{"ID_0":105,"ISO":"IND","NAME_0":"India","ID_1":16,"NAME_1":"Jharkhand","ID_2":214,"NAME_2":"Saraikela Kharsawan","NL_NAME_2":null,"VARNAME_2":null,"TYPE_2":"District","ENGTYPE_2":"District"}},{"type":"Feature","geometry":{"type":"Polygon","coordinates":[[[84.0025,22.5209],[84.0049,22.5301],[84.0804,22.6366],[84.2206,22.6689],[84.2877,22.7709],[84.4115,22.7631],[84.4443,22.8294],[84.5439,22.7894],[84.5527,22.7267],[84.6587,22.7264],[84.7258,22.799],[84.7881,22.7517],[84.9724,22.7828],[84.985,22.7827],[85.0523,22.7255],[85.0737,22.5679],[85.071,22.4979],[85.0625,22.4784],[85.0514,22.4794],[84.9077,22.4196],[84.5266,22.42],[84.4261,22.3488],[84.2892,22.3373],[84.1941,22.3718],[84.1349,22.4709],[84.0191,22.5211],[84.0025,22.5209]]]},"properties":{"ID_0":105,"ISO":"IND","NAME_0":"India","ID_1":16,"NAME_1":"Jharkhand","ID_2":215,"NAME_2":"Simdega","NL_NAME_2":null,"VARNAME_2":null,"TYPE_2":"District","ENGTYPE_2":"District"}},{"type":"Feature","geometry":{"type":"Polygon","coordinates":[[[76.2399,16.1622],[76.3016,16.0693],[76.3266,15.9274],[76.2842,15.8979],[76.2272,15.9359],[76.1171,15.8816],[76.0854,15.9892],[75.9753,15.9787],[75.8247,15.8977],[75.8457,15.8347],[75.7459,15.8105],[75.5409,15.8296],[75.457,15.8838],[75.4175,16.1064],[75.2935,16.1673],[75.2345,16.2574],[75.0371,16.3352],[74.9993,16.4562],[75.0116,16.5361],[75.1115,16.5071],[75.1728,16.5993],[75.2697,16.6341],[75.2909,16.7098],[75.39,16.7601],[75.4919,16.5978],[75.4884,16.5069],[76.0664,16.2559],[76.0632,16.2071],[76.2399,16.1622]]]},"properties":{"ID_0":105,"ISO":"IND","NAME_0":"India","ID_1":17,"NAME_1":"Karnataka","ID_2":216,"NAME_2":"Bagalkot","NL_NAME_2":null,"VARNAME_2":null,"TYPE_2":"District","ENGTYPE_2":"District"}},{"type":"Feature","geometry":{"type":"Polygon","coordinates":[[[77.3794,13.4924],[77.6547,13.3703],[77.8194,13.3171],[77.8631,13.2235],[77.9569,13.2344],[77.9479,13.1154],[77.8931,13.09],[77.8588,12.8576],[77.8256,12.859],[77.7576,12.9288],[77.7737,13.037],[77.7202,13.1791],[77.4715,13.2129],[77.3966,13.1049],[77.3293,12.9007],[77.4713,12.797],[77.4685,12.7454],[77.6086,12.6968],[77.5893,12.6483],[77.5785,12.507],[77.6252,12.4773],[77.6038,12.3538],[77.463,12.2358],[77.3133,12.2986],[77.2604,12.4567],[77.139,12.4536],[77.0732,12.7384],[77.1414,12.7752],[77.1608,12.9219],[77.0655,13.0382],[77.0657,13.1167],[77.2157,13.2607],[77.332,13.3219],[77.3794,13.4924]]]},"properties":{"ID_0":105,"ISO":"IND","NAME_0":"India","ID_1":17,"NAME_1":"Karnataka","ID_2":217,"NAME_2":"Bangalore Rural","NL_NAME_2":null,"VARNAME_2":null,"TYPE_2":"District","ENGTYPE_2":"District"}},{"type":"Feature","geometry":{"type":"Polygon","coordinates":[[[77.5893,12.6483],[77.6086,12.6968],[77.4685,12.7454],[77.4713,12.797],[77.3293,12.9007],[77.3966,13.1049],[77.4715,13.2129],[77.7202,13.1791],[77.7737,13.037],[77.7576,12.9288],[77.8256,12.859],[77.7502,12.6872],[77.5893,12.6483]]]},"properties":{"ID_0":105,"ISO":"IND","NAME_0":"India","ID_1":17,"NAME_1":"Karnataka","ID_2":218,"NAME_2":"Bangalore Urban","NL_NAME_2":null,"VARNAME_2":null,"TYPE_2":"District","ENGTYPE_2":"District"}},{"type":"Feature","geometry":{"type":"Polygon","coordinates":[[[74.2838,15.5195],[74.2553,15.6542],[74.126,15.6503],[74.1349,15.7222],[74.2174,15.7788],[74.3509,15.7634],[74.37,15.8757],[74.4352,15.9512],[74.4891,16.0873],[74.5083,16.2229],[74.3487,16.2915],[74.3389,16.4522],[74.2766,16.5206],[74.4955,16.6277],[74.5741,16.552],[74.6943,16.6152],[74.6982,16.7152],[74.9159,16.7857],[74.912,16.8559],[75.0037,16.9458],[75.23,16.8409],[75.3453,16.9525],[75.3968,16.8588],[75.39,16.7601],[75.2909,16.7098],[75.2697,16.6341],[75.1728,16.5993],[75.1115,16.5071],[75.0116,16.5361],[74.9993,16.4562],[75.0371,16.3352],[75.2345,16.2574],[75.2935,16.1673],[75.4175,16.1064],[75.457,15.8838],[75.2809,15.6863],[74.9708,15.6489],[74.846,15.6043],[74.8174,15.5006],[74.7468,15.4089],[74.6191,15.3562],[74.5396,15.4167],[74.4853,15.3934],[74.3464,15.5165],[74.2838,15.5195]]]},"properties":{"ID_0":105,"ISO":"IND","NAME_0":"India","ID_1":17,"NAME_1":"Karnataka","ID_2":219,"NAME_2":"Belgaum","NL_NAME_2":null,"VARNAME_2":null,"TYPE_2":"District","ENGTYPE_2":"District"}},{"type":"Feature","geometry":{"type":"Polygon","coordinates":[[[77.1528,15.1316],[77.1096,15.0286],[76.8767,15.0287],[76.7969,15.0908],[76.757,14.983],[76.6751,14.887],[76.6985,14.8107],[76.6082,14.6815],[76.5966,14.6165],[76.5079,14.5563],[76.4219,14.5764],[76.321,14.6876],[76.2005,14.7461],[76.0509,14.914],[75.8864,14.8655],[75.7565,14.7344],[75.6657,14.8044],[75.7018,14.9442],[75.7432,14.9404],[75.8848,15.0932],[75.9495,15.1333],[76.1002,15.1626],[76.1862,15.231],[76.2467,15.1872],[76.3608,15.3213],[76.4883,15.3381],[76.8106,15.5422],[76.8307,15.6113],[77.0244,15.8295],[77.0814,15.6528],[77.0271,15.6293],[77.038,15.3588],[77.1479,15.2857],[77.1528,15.1316]]]},"properties":{"ID_0":105,"ISO":"IND","NAME_0":"India","ID_1":17,"NAME_1":"Karnataka","ID_2":220,"NAME_2":"Bellary","NL_NAME_2":null,"VARNAME_2":null,"TYPE_2":"District","ENGTYPE_2":"District"}},{"type":"Feature","geometry":{"type":"Polygon","coordinates":[[[77.599,18.2729],[77.6067,18.018],[77.6534,17.9694],[77.4579,17.699],[77.4399,17.5815],[77.1879,17.6133],[76.9928,17.6933],[76.9266,17.6327],[76.7694,17.6449],[76.6906,17.68],[76.7882,17.8265],[76.7407,17.898],[76.8812,17.8931],[76.9521,18.0377],[76.9541,18.1849],[77.0577,18.1524],[77.2062,18.278],[77.2646,18.4184],[77.4005,18.3978],[77.4078,18.2996],[77.4654,18.26],[77.55,18.2913],[77.599,18.2729]]]},"properties":{"ID_0":105,"ISO":"IND","NAME_0":"India","ID_1":17,"NAME_1":"Karnataka","ID_2":221,"NAME_2":"Bidar","NL_NAME_2":null,"VARNAME_2":null,"TYPE_2":"District","ENGTYPE_2":"District"}},{"type":"Feature","geometry":{"type":"Polygon","coordinates":[[[76.2399,16.1622],[76.0632,16.2071],[76.0664,16.2559],[75.4884,16.5069],[75.4919,16.5978],[75.39,16.7601],[75.3968,16.8588],[75.3453,16.9525],[75.4679,16.9853],[75.493,16.9452],[75.6687,16.9832],[75.6741,17.1136],[75.6314,17.1601],[75.6575,17.2706],[75.606,17.3033],[75.6356,17.4775],[75.8113,17.3699],[75.8944,17.4059],[75.9312,17.3241],[76.0735,17.3323],[76.1247,17.2429],[76.2438,17.1469],[76.3653,17.1736],[76.4286,17.097],[76.4341,16.7602],[76.4037,16.645],[76.4358,16.4319],[76.3326,16.421],[76.301,16.2803],[76.3279,16.1879],[76.2399,16.1622]]]},"properties":{"ID_0":105,"ISO":"IND","NAME_0":"India","ID_1":17,"NAME_1":"Karnataka","ID_2":222,"NAME_2":"Bijapur","NL_NAME_2":null,"VARNAME_2":null,"TYPE_2":"District","ENGTYPE_2":"District"}},{"type":"Feature","geometry":{"type":"Polygon","coordinates":[[[77.3133,12.2986],[77.463,12.2358],[77.5113,12.184],[77.7264,12.1673],[77.767,12.1091],[77.6647,11.9397],[77.4904,11.9297],[77.4311,11.7717],[77.2417,11.8025],[77.0759,11.7239],[77.0044,11.803],[76.8997,11.7833],[76.83,11.649],[76.8373,11.5745],[76.7514,11.6067],[76.5536,11.6129],[76.5042,11.698],[76.4235,11.6593],[76.4077,11.7533],[76.5686,11.9139],[76.5758,11.9751],[76.7588,11.9885],[77.1246,12.2005],[77.104,12.2342],[77.157,12.3009],[77.3133,12.2986]]]},"properties":{"ID_0":105,"ISO":"IND","NAME_0":"India","ID_1":17,"NAME_1":"Karnataka","ID_2":223,"NAME_2":"Chamrajnagar","NL_NAME_2":null,"VARNAME_2":null,"TYPE_2":"District","ENGTYPE_2":"District"}},{"type":"Feature","geometry":{"type":"Polygon","coordinates":[[[76.3499,13.5719],[76.3598,13.5403],[76.1371,13.4017],[76.0522,13.374],[76.04,13.2664],[75.8328,13.2452],[75.7279,13.1761],[75.7376,13.0256],[75.6437,13.0268],[75.5549,12.91],[75.524,13.0435],[75.3761,13.1768],[75.2534,13.1243],[75.1997,13.1741],[75.1133,13.3539],[75.1407,13.4591],[75.2243,13.5236],[75.244,13.6013],[75.3416,13.5831],[75.3942,13.6961],[75.4884,13.7558],[75.6053,13.7563],[75.7317,13.7645],[75.823,13.8126],[75.9417,13.8079],[76.0315,13.8909],[76.0957,13.8584],[76.1482,13.7243],[76.2171,13.706],[76.2758,13.5996],[76.3499,13.5719]]]},"properties":{"ID_0":105,"ISO":"IND","NAME_0":"India","ID_1":17,"NAME_1":"Karnataka","ID_2":224,"NAME_2":"Chikmagalur","NL_NAME_2":null,"VARNAME_2":"Chikmaglur|Kadur","TYPE_2":"District","ENGTYPE_2":"District"}},{"type":"Feature","geometry":{"type":"Polygon","coordinates":[[[77.0198,14.1727],[76.8914,14.159],[76.9463,14.0853],[76.8871,14.0406],[76.762,13.8293],[76.6553,13.7145],[76.5686,13.7071],[76.5073,13.6231],[76.3499,13.5719],[76.2758,13.5996],[76.2171,13.706],[76.1482,13.7243],[76.0957,13.8584],[76.0315,13.8909],[76.0597,14.2149],[76.1294,14.2499],[76.1495,14.4014],[76.2023,14.4518],[76.2757,14.4007],[76.4567,14.4459],[76.5079,14.5563],[76.5966,14.6165],[76.6082,14.6815],[76.6985,14.8107],[76.6751,14.887],[76.757,14.983],[76.8645,14.964],[76.8338,14.7849],[76.7609,14.5963],[76.8638,14.4747],[76.9378,14.2401],[77.0041,14.2316],[77.0198,14.1727]]]},"properties":{"ID_0":105,"ISO":"IND","NAME_0":"India","ID_1":17,"NAME_1":"Karnataka","ID_2":225,"NAME_2":"Chitradurga","NL_NAME_2":null,"VARNAME_2":"Chitaldroog|Chitaldrug","TYPE_2":"District","ENGTYPE_2":"District"}},{"type":"Feature","geometry":{"type":"Polygon","coordinates":[[[75.1997,13.1741],[75.2534,13.1243],[75.3761,13.1768],[75.524,13.0435],[75.5549,12.91],[75.6699,12.6952],[75.6695,12.5496],[75.6149,12.5052],[75.4145,12.4967],[75.3356,12.485],[75.2014,12.6251],[75.1127,12.6759],[75.0478,12.6601],[75.0053,12.7855],[74.8671,12.7545],[74.8213,12.8529],[74.7877,13.1006],[74.8642,13.1221],[74.8868,13.0398],[75.0145,12.9799],[75.1302,13.1303],[75.1997,13.1741]]]},"properties":{"ID_0":105,"ISO":"IND","NAME_0":"India","ID_1":17,"NAME_1":"Karnataka","ID_2":226,"NAME_2":"Dakshin Kannad","NL_NAME_2":null,"VARNAME_2":null,"TYPE_2":"District","ENGTYPE_2":"District"}},{"type":"Feature","geometry":{"type":"Polygon","coordinates":[[[75.7565,14.7344],[75.8864,14.8655],[76.0509,14.914],[76.2005,14.7461],[76.321,14.6876],[76.4219,14.5764],[76.5079,14.5563],[76.4567,14.4459],[76.2757,14.4007],[76.2023,14.4518],[76.1495,14.4014],[76.1294,14.2499],[76.0597,14.2149],[76.0315,13.8909],[75.9417,13.8079],[75.823,13.8126],[75.7317,13.7645],[75.6053,13.7563],[75.6103,13.8391],[75.6743,13.9072],[75.6698,14.0611],[75.5855,14.0529],[75.4004,14.1103],[75.5361,14.2729],[75.6222,14.3326],[75.6874,14.4856],[75.7949,14.5043],[75.8114,14.6471],[75.7565,14.7344]]]},"properties":{"ID_0":105,"ISO":"IND","NAME_0":"India","ID_1":17,"NAME_1":"Karnataka","ID_2":227,"NAME_2":"Davanagere","NL_NAME_2":null,"VARNAME_2":null,"TYPE_2":"District","ENGTYPE_2":"District"}},{"type":"Feature","geometry":{"type":"Polygon","coordinates":[[[74.7468,15.4089],[74.8174,15.5006],[74.846,15.6043],[74.9708,15.6489],[75.2809,15.6863],[75.4152,15.6528],[75.4906,15.6993],[75.5573,15.6445],[75.487,15.5278],[75.494,15.369],[75.4163,15.2975],[75.4356,15.1952],[75.4199,15.0568],[75.344,15.062],[75.3398,15.1563],[75.2291,15.0959],[75.0838,15.0695],[74.9436,15.0633],[74.8324,15.1305],[74.9124,15.2479],[74.825,15.3812],[74.7468,15.4089]]]},"properties":{"ID_0":105,"ISO":"IND","NAME_0":"India","ID_1":17,"NAME_1":"Karnataka","ID_2":228,"NAME_2":"Dharwad","NL_NAME_2":null,"VARNAME_2":"Dhawad, Dharwar","TYPE_2":"District","ENGTYPE_2":"District"}},{"type":"Feature","geometry":{"type":"Polygon","coordinates":[[[75.457,15.8838],[75.5409,15.8296],[75.7459,15.8105],[75.8457,15.8347],[76.0394,15.7652],[75.968,15.6616],[75.8722,15.6702],[75.8597,15.5103],[75.8254,15.4466],[75.9029,15.3988],[75.8894,15.2843],[75.9495,15.1333],[75.8848,15.0932],[75.7432,14.9404],[75.7018,14.9442],[75.6005,14.9512],[75.5395,15.0231],[75.4199,15.0568],[75.4356,15.1952],[75.4163,15.2975],[75.494,15.369],[75.487,15.5278],[75.5573,15.6445],[75.4906,15.6993],[75.4152,15.6528],[75.2809,15.6863],[75.457,15.8838]]]},"properties":{"ID_0":105,"ISO":"IND","NAME_0":"India","ID_1":17,"NAME_1":"Karnataka","ID_2":229,"NAME_2":"Gadag","NL_NAME_2":null,"VARNAME_2":null,"TYPE_2":"District","ENGTYPE_2":"District"}},{"type":"Feature","geometry":{"type":"Polygon","coordinates":[[[77.4626,17.1041],[77.4994,17.0073],[77.4534,16.909],[77.4718,16.7963],[77.4166,16.6628],[77.4539,16.6074],[77.2847,16.403],[77.1675,16.4312],[77.0079,16.5419],[76.8797,16.4896],[76.8453,16.43],[76.7447,16.4087],[76.477,16.2869],[76.3279,16.1879],[76.301,16.2803],[76.3326,16.421],[76.4358,16.4319],[76.4037,16.645],[76.4341,16.7602],[76.4286,17.097],[76.3653,17.1736],[76.2438,17.1469],[76.1247,17.2429],[76.0735,17.3323],[76.229,17.3632],[76.3817,17.3118],[76.3317,17.5949],[76.4287,17.6444],[76.5237,17.7589],[76.6041,17.7558],[76.6906,17.68],[76.7694,17.6449],[76.9266,17.6327],[76.9928,17.6933],[77.1879,17.6133],[77.4399,17.5815],[77.6856,17.5056],[77.4564,17.345],[77.3804,17.2198],[77.3763,17.1379],[77.4626,17.1041]]]},"properties":{"ID_0":105,"ISO":"IND","NAME_0":"India","ID_1":17,"NAME_1":"Karnataka","ID_2":230,"NAME_2":"Gulbarga","NL_NAME_2":null,"VARNAME_2":null,"TYPE_2":"District","ENGTYPE_2":"District"}},{"type":"Feature","geometry":{"type":"Polygon","coordinates":[[[75.5549,12.91],[75.6437,13.0268],[75.7376,13.0256],[75.7279,13.1761],[75.8328,13.2452],[76.04,13.2664],[76.0522,13.374],[76.1371,13.4017],[76.3598,13.5403],[76.4137,13.4414],[76.3419,13.3539],[76.3675,13.1925],[76.4632,13.0891],[76.6113,13.0567],[76.6258,12.999],[76.5707,12.8412],[76.464,12.7884],[76.4061,12.8394],[76.3272,12.7915],[76.3394,12.6496],[76.2234,12.6369],[76.1271,12.5198],[76.0162,12.5606],[75.9355,12.6386],[75.9626,12.6944],[75.9246,12.8131],[75.7591,12.6696],[75.6699,12.6952],[75.5549,12.91]]]},"properties":{"ID_0":105,"ISO":"IND","NAME_0":"India","ID_1":17,"NAME_1":"Karnataka","ID_2":231,"NAME_2":"Hassan","NL_NAME_2":null,"VARNAME_2":null,"TYPE_2":"District","ENGTYPE_2":"District"}},{"type":"Feature","geometry":{"type":"Polygon","coordinates":[[[75.7018,14.9442],[75.6657,14.8044],[75.7565,14.7344],[75.8114,14.6471],[75.7949,14.5043],[75.6874,14.4856],[75.6222,14.3326],[75.5361,14.2729],[75.3713,14.3662],[75.3481,14.4792],[75.2091,14.6111],[75.0535,14.6453],[75.0736,14.7765],[75.0838,15.0695],[75.2291,15.0959],[75.3398,15.1563],[75.344,15.062],[75.4199,15.0568],[75.5395,15.0231],[75.6005,14.9512],[75.7018,14.9442]]]},"properties":{"ID_0":105,"ISO":"IND","NAME_0":"India","ID_1":17,"NAME_1":"Karnataka","ID_2":232,"NAME_2":"Haveri","NL_NAME_2":null,"VARNAME_2":null,"TYPE_2":"District","ENGTYPE_2":"District"}},{"type":"Feature","geometry":{"type":"Polygon","coordinates":[[[75.4145,12.4967],[75.6149,12.5052],[75.6695,12.5496],[75.6699,12.6952],[75.7591,12.6696],[75.9246,12.8131],[75.9626,12.6944],[75.9355,12.6386],[76.0162,12.5606],[75.9069,12.396],[75.995,12.3191],[76.0179,12.2457],[76.1277,12.1863],[76.1831,12.0458],[76.1079,11.9706],[75.9252,11.9329],[75.8244,11.9843],[75.7953,12.0742],[75.7171,12.0621],[75.5638,12.1668],[75.5039,12.2632],[75.4191,12.2864],[75.3656,12.407],[75.4145,12.4967]]]},"properties":{"ID_0":105,"ISO":"IND","NAME_0":"India","ID_1":17,"NAME_1":"Karnataka","ID_2":233,"NAME_2":"Kodagu","NL_NAME_2":null,"VARNAME_2":"Coorg","TYPE_2":"District","ENGTYPE_2":"District"}},{"type":"Feature","geometry":{"type":"Polygon","coordinates":[[[77.4498,13.6758],[77.9116,13.8972],[78.106,13.8535],[78.1182,13.7769],[78.08,13.6504],[78.1462,13.6497],[78.2497,13.5743],[78.3803,13.5813],[78.3552,13.3551],[78.5012,13.2772],[78.5672,13.2718],[78.5046,13.0528],[78.4516,13.0315],[78.4173,12.889],[78.3454,12.9281],[78.3031,12.8472],[78.2411,12.8474],[78.2206,12.7526],[78.1207,12.77],[78.0646,12.8302],[77.9813,12.8104],[77.8588,12.8576],[77.8931,13.09],[77.9479,13.1154],[77.9569,13.2344],[77.8631,13.2235],[77.8194,13.3171],[77.6547,13.3703],[77.3794,13.4924],[77.3552,13.6054],[77.4498,13.6758]]]},"properties":{"ID_0":105,"ISO":"IND","NAME_0":"India","ID_1":17,"NAME_1":"Karnataka","ID_2":234,"NAME_2":"Kolar","NL_NAME_2":null,"VARNAME_2":null,"TYPE_2":"District","ENGTYPE_2":"District"}},{"type":"Feature","geometry":{"type":"Polygon","coordinates":[[[75.8457,15.8347],[75.8247,15.8977],[75.9753,15.9787],[76.0854,15.9892],[76.1171,15.8816],[76.2272,15.9359],[76.2842,15.8979],[76.4257,15.8841],[76.4419,15.7322],[76.6896,15.6412],[76.8106,15.5422],[76.4883,15.3381],[76.3608,15.3213],[76.2467,15.1872],[76.1862,15.231],[76.1002,15.1626],[75.9495,15.1333],[75.8894,15.2843],[75.9029,15.3988],[75.8254,15.4466],[75.8597,15.5103],[75.8722,15.6702],[75.968,15.6616],[76.0394,15.7652],[75.8457,15.8347]]]},"properties":{"ID_0":105,"ISO":"IND","NAME_0":"India","ID_1":17,"NAME_1":"Karnataka","ID_2":235,"NAME_2":"Koppal","NL_NAME_2":null,"VARNAME_2":null,"TYPE_2":"District","ENGTYPE_2":"District"}},{"type":"Feature","geometry":{"type":"Polygon","coordinates":[[[77.0732,12.7384],[77.139,12.4536],[77.2604,12.4567],[77.3133,12.2986],[77.157,12.3009],[77.104,12.2342],[76.9911,12.2358],[76.9286,12.3939],[76.8281,12.3948],[76.7253,12.312],[76.6437,12.3884],[76.4464,12.4766],[76.3394,12.6496],[76.3272,12.7915],[76.4061,12.8394],[76.464,12.7884],[76.5707,12.8412],[76.6258,12.999],[76.6678,13.0472],[76.8452,12.9702],[76.9178,12.797],[77.0732,12.7384]]]},"properties":{"ID_0":105,"ISO":"IND","NAME_0":"India","ID_1":17,"NAME_1":"Karnataka","ID_2":236,"NAME_2":"Mandya","NL_NAME_2":null,"VARNAME_2":null,"TYPE_2":"District","ENGTYPE_2":"District"}},{"type":"Feature","geometry":{"type":"Polygon","coordinates":[[[77.104,12.2342],[77.1246,12.2005],[76.7588,11.9885],[76.5758,11.9751],[76.5686,11.9139],[76.4077,11.7533],[76.335,11.7306],[76.184,11.8638],[76.1081,11.8512],[76.1079,11.9706],[76.1831,12.0458],[76.1277,12.1863],[76.0179,12.2457],[75.995,12.3191],[75.9069,12.396],[76.0162,12.5606],[76.1271,12.5198],[76.2234,12.6369],[76.3394,12.6496],[76.4464,12.4766],[76.6437,12.3884],[76.7253,12.312],[76.8281,12.3948],[76.9286,12.3939],[76.9911,12.2358],[77.104,12.2342]]]},"properties":{"ID_0":105,"ISO":"IND","NAME_0":"India","ID_1":17,"NAME_1":"Karnataka","ID_2":237,"NAME_2":"Mysore","NL_NAME_2":null,"VARNAME_2":null,"TYPE_2":"District","ENGTYPE_2":"District"}},{"type":"Feature","geometry":{"type":"Polygon","coordinates":[[[77.5095,15.9209],[77.2489,15.9577],[77.0768,15.9097],[77.0244,15.8295],[76.8307,15.6113],[76.8106,15.5422],[76.6896,15.6412],[76.4419,15.7322],[76.4257,15.8841],[76.2842,15.8979],[76.3266,15.9274],[76.3016,16.0693],[76.2399,16.1622],[76.3279,16.1879],[76.477,16.2869],[76.7447,16.4087],[76.8453,16.43],[76.8797,16.4896],[77.0079,16.5419],[77.1675,16.4312],[77.2847,16.403],[77.4117,16.3627],[77.5189,16.3701],[77.5908,16.312],[77.4876,16.2498],[77.5095,15.9209]]]},"properties":{"ID_0":105,"ISO":"IND","NAME_0":"India","ID_1":17,"NAME_1":"Karnataka","ID_2":238,"NAME_2":"Raichur","NL_NAME_2":null,"VARNAME_2":null,"TYPE_2":"District","ENGTYPE_2":"District"}},{"type":"Feature","geometry":{"type":"Polygon","coordinates":[[[75.6053,13.7563],[75.4884,13.7558],[75.3942,13.6961],[75.3416,13.5831],[75.244,13.6013],[75.2243,13.5236],[75.1407,13.4591],[75.0502,13.5367],[75.0003,13.7354],[74.9352,13.7727],[74.9165,13.8536],[74.7945,13.9107],[74.7201,13.9035],[74.6711,13.981],[74.6704,13.9928],[74.6437,14.0941],[74.7205,14.2307],[74.9212,14.2278],[74.9086,14.5261],[74.9815,14.5491],[75.0535,14.6453],[75.2091,14.6111],[75.3481,14.4792],[75.3713,14.3662],[75.5361,14.2729],[75.4004,14.1103],[75.5855,14.0529],[75.6698,14.0611],[75.6743,13.9072],[75.6103,13.8391],[75.6053,13.7563]]]},"properties":{"ID_0":105,"ISO":"IND","NAME_0":"India","ID_1":17,"NAME_1":"Karnataka","ID_2":239,"NAME_2":"Shimoga","NL_NAME_2":null,"VARNAME_2":null,"TYPE_2":"District","ENGTYPE_2":"District"}},{"type":"Feature","geometry":{"type":"MultiPolygon","coordinates":[[[[76.9463,14.0853],[76.9311,14.0227],[77.0358,13.9256],[76.9688,13.8102],[77.0352,13.7693],[77.1666,13.7547],[77.1619,13.8155],[77.2401,13.8941],[77.4247,13.8267],[77.4498,13.6758],[77.3552,13.6054],[77.3794,13.4924],[77.332,13.3219],[77.2157,13.2607],[77.0657,13.1167],[77.0655,13.0382],[77.1608,12.9219],[77.1414,12.7752],[77.0732,12.7384],[76.9178,12.797],[76.8452,12.9702],[76.6678,13.0472],[76.6258,12.999],[76.6113,13.0567],[76.4632,13.0891],[76.3675,13.1925],[76.3419,13.3539],[76.4137,13.4414],[76.3598,13.5403],[76.3499,13.5719],[76.5073,13.6231],[76.5686,13.7071],[76.6553,13.7145],[76.762,13.8293],[76.8871,14.0406],[76.9463,14.0853]]],[[[77.0041,14.2316],[77.1099,14.2215],[77.1119,14.2875],[77.2811,14.3311],[77.3949,14.3292],[77.4994,14.2605],[77.5104,14.172],[77.3897,14.1653],[77.3834,14.0074],[77.3135,14.0248],[77.1343,13.9981],[77.0237,14.0533],[77.0198,14.1727],[77.0041,14.2316]]]]},"properties":{"ID_0":105,"ISO":"IND","NAME_0":"India","ID_1":17,"NAME_1":"Karnataka","ID_2":240,"NAME_2":"Tumkur","NL_NAME_2":null,"VARNAME_2":null,"TYPE_2":"District","ENGTYPE_2":"District"}},{"type":"Feature","geometry":{"type":"Polygon","coordinates":[[[75.1407,13.4591],[75.1133,13.3539],[75.1997,13.1741],[75.1302,13.1303],[75.0145,12.9799],[74.8868,13.0398],[74.8642,13.1221],[74.7877,13.1006],[74.7143,13.3346],[74.6618,13.6554],[74.5843,13.9235],[74.6612,13.9728],[74.6711,13.981],[74.7201,13.9035],[74.7945,13.9107],[74.9165,13.8536],[74.9352,13.7727],[75.0003,13.7354],[75.0502,13.5367],[75.1407,13.4591]]]},"properties":{"ID_0":105,"ISO":"IND","NAME_0":"India","ID_1":17,"NAME_1":"Karnataka","ID_2":241,"NAME_2":"Udupi","NL_NAME_2":null,"VARNAME_2":null,"TYPE_2":"District","ENGTYPE_2":"District"}},{"type":"Feature","geometry":{"type":"Polygon","coordinates":[[[74.2563,15.4895],[74.2838,15.5195],[74.3464,15.5165],[74.4853,15.3934],[74.5396,15.4167],[74.6191,15.3562],[74.7468,15.4089],[74.825,15.3812],[74.9124,15.2479],[74.8324,15.1305],[74.9436,15.0633],[75.0838,15.0695],[75.0736,14.7765],[75.0535,14.6453],[74.9815,14.5491],[74.9086,14.5261],[74.9212,14.2278],[74.7205,14.2307],[74.6437,14.0941],[74.6704,13.9928],[74.6711,13.981],[74.6612,13.9728],[74.5843,13.9235],[74.5146,13.9862],[74.4743,14.1688],[74.354,14.5212],[74.2735,14.6271],[74.2496,14.7396],[74.1101,14.7846],[74.1042,14.9038],[74.2193,14.9314],[74.3023,15.0399],[74.2811,15.1018],[74.3417,15.2929],[74.2563,15.4895]]]},"properties":{"ID_0":105,"ISO":"IND","NAME_0":"India","ID_1":17,"NAME_1":"Karnataka","ID_2":242,"NAME_2":"Uttar Kannand","NL_NAME_2":null,"VARNAME_2":null,"TYPE_2":"District","ENGTYPE_2":"District"}},{"type":"Feature","geometry":{"type":"Polygon","coordinates":[[[76.4639,9.5282],[76.4961,9.3949],[76.4997,9.3903],[76.6102,9.3326],[76.6496,9.2596],[76.641,9.1418],[76.4724,9.1147],[76.3518,9.3779],[76.3004,9.5863],[76.2709,9.8235],[76.2854,9.8446],[76.3304,9.8726],[76.3907,9.6582],[76.3571,9.5254],[76.4639,9.5282]]]},"properties":{"ID_0":105,"ISO":"IND","NAME_0":"India","ID_1":18,"NAME_1":"Kerala","ID_2":243,"NAME_2":"Alappuzha","NL_NAME_2":null,"VARNAME_2":"Alleppey","TYPE_2":"District","ENGTYPE_2":"District"}},{"type":"Feature","geometry":{"type":"Polygon","coordinates":[[[76.6771,10.2595],[76.6312,10.1539],[76.7815,10.0339],[76.6201,9.8482],[76.3932,9.8211],[76.224,9.9771],[76.1774,10.1836],[76.3038,10.1737],[76.4066,10.2886],[76.5676,10.2943],[76.6771,10.2595]]]},"properties":{"ID_0":105,"ISO":"IND","NAME_0":"India","ID_1":18,"NAME_1":"Kerala","ID_2":244,"NAME_2":"Ernakulam","NL_NAME_2":null,"VARNAME_2":null,"TYPE_2":"District","ENGTYPE_2":"District"}},{"type":"Feature","geometry":{"type":"Polygon","coordinates":[[[76.6201,9.8482],[76.7815,10.0339],[76.6312,10.1539],[76.6771,10.2595],[76.8271,10.276],[76.8918,10.2431],[76.9815,10.2199],[77.163,10.3463],[77.2748,10.2205],[77.2533,10.1114],[77.1881,10.0957],[77.2614,9.9637],[77.2082,9.7217],[77.1657,9.6482],[77.2228,9.5728],[77.3043,9.593],[77.3868,9.5167],[77.3241,9.4082],[77.2676,9.2624],[77.2321,9.3763],[77.1263,9.4807],[76.9253,9.4216],[76.8754,9.5289],[76.9151,9.6427],[76.8003,9.7755],[76.6201,9.8482]]]},"properties":{"ID_0":105,"ISO":"IND","NAME_0":"India","ID_1":18,"NAME_1":"Kerala","ID_2":245,"NAME_2":"Idukki","NL_NAME_2":null,"VARNAME_2":"Idikki","TYPE_2":"District","ENGTYPE_2":"District"}},{"type":"Feature","geometry":{"type":"Polygon","coordinates":[[[75.4191,12.2864],[75.5039,12.2632],[75.5638,12.1668],[75.7171,12.0621],[75.7953,12.0742],[75.8244,11.9843],[75.9252,11.9329],[75.9231,11.8371],[75.8026,11.8488],[75.7722,11.7919],[75.6814,11.7707],[75.5734,11.6708],[75.5301,11.7029],[75.3676,11.8518],[75.3007,11.9399],[75.3092,12.0784],[75.2559,12.1086],[75.2211,12.101],[75.2237,12.0545],[75.2249,12.0319],[75.2311,12.0246],[75.1749,12.0838],[75.1882,12.131],[75.2318,12.2158],[75.4191,12.2864]]]},"properties":{"ID_0":105,"ISO":"IND","NAME_0":"India","ID_1":18,"NAME_1":"Kerala","ID_2":246,"NAME_2":"Kannur","NL_NAME_2":null,"VARNAME_2":"Cannanore","TYPE_2":"District","ENGTYPE_2":"District"}},{"type":"Feature","geometry":{"type":"Polygon","coordinates":[[[74.8671,12.7545],[75.0053,12.7855],[75.0478,12.6601],[75.1127,12.6759],[75.2014,12.6251],[75.3356,12.485],[75.4145,12.4967],[75.3656,12.407],[75.4191,12.2864],[75.2318,12.2158],[75.1882,12.131],[75.1179,12.2057],[74.9735,12.4987],[74.8671,12.7545]]]},"properties":{"ID_0":105,"ISO":"IND","NAME_0":"India","ID_1":18,"NAME_1":"Kerala","ID_2":247,"NAME_2":"Kasaragod","NL_NAME_2":null,"VARNAME_2":null,"TYPE_2":"District","ENGTYPE_2":"District"}},{"type":"Feature","geometry":{"type":"Polygon","coordinates":[[[76.4724,9.1147],[76.641,9.1418],[76.7435,9.0656],[76.9133,9.1311],[77.0396,9.1137],[77.1915,9.062],[77.1322,9.0119],[77.247,8.8319],[77.183,8.7611],[77.0648,8.829],[76.9178,8.7529],[76.8314,8.8271],[76.6766,8.7757],[76.5413,8.9154],[76.4724,9.1147]]]},"properties":{"ID_0":105,"ISO":"IND","NAME_0":"India","ID_1":18,"NAME_1":"Kerala","ID_2":248,"NAME_2":"Kollam","NL_NAME_2":null,"VARNAME_2":"Quilon","TYPE_2":"District","ENGTYPE_2":"District"}},{"type":"Feature","geometry":{"type":"Polygon","coordinates":[[[76.4997,9.3903],[76.4961,9.3949],[76.4639,9.5282],[76.4179,9.5596],[76.3932,9.8211],[76.6201,9.8482],[76.8003,9.7755],[76.9151,9.6427],[76.8754,9.5289],[76.9253,9.4216],[76.6399,9.4728],[76.5018,9.3931],[76.4997,9.3903]]]},"properties":{"ID_0":105,"ISO":"IND","NAME_0":"India","ID_1":18,"NAME_1":"Kerala","ID_2":249,"NAME_2":"Kottayam","NL_NAME_2":null,"VARNAME_2":null,"TYPE_2":"District","ENGTYPE_2":"District"}},{"type":"Feature","geometry":{"type":"Polygon","coordinates":[[[75.5301,11.7029],[75.5734,11.6708],[75.6814,11.7707],[75.7722,11.7919],[75.9022,11.5965],[76.1276,11.4491],[76.1353,11.4427],[76.1374,11.4202],[76.1118,11.3166],[76.0438,11.262],[75.8921,11.2263],[75.8582,11.1581],[75.8024,11.1632],[75.6813,11.4499],[75.6179,11.4888],[75.5301,11.7029]]]},"properties":{"ID_0":105,"ISO":"IND","NAME_0":"India","ID_1":18,"NAME_1":"Kerala","ID_2":250,"NAME_2":"Kozhikode","NL_NAME_2":null,"VARNAME_2":"Calicut","TYPE_2":"District","ENGTYPE_2":"District"}},{"type":"Feature","geometry":{"type":"Polygon","coordinates":[[[75.8582,11.1581],[75.8921,11.2263],[76.0438,11.262],[76.1118,11.3166],[76.1374,11.4202],[76.1353,11.4427],[76.2332,11.5187],[76.5382,11.3516],[76.5135,11.262],[76.438,11.1945],[76.3434,11.0856],[76.3117,10.9047],[76.1243,10.8896],[76.0253,10.8189],[76.0615,10.7208],[75.9571,10.6839],[75.9101,10.7924],[75.8293,11.1224],[75.8582,11.1581]]]},"properties":{"ID_0":105,"ISO":"IND","NAME_0":"India","ID_1":18,"NAME_1":"Kerala","ID_2":251,"NAME_2":"Malappuram","NL_NAME_2":null,"VARNAME_2":null,"TYPE_2":"District","ENGTYPE_2":"District"}},{"type":"Feature","geometry":{"type":"Polygon","coordinates":[[[76.0615,10.7208],[76.0253,10.8189],[76.1243,10.8896],[76.3117,10.9047],[76.3434,11.0856],[76.438,11.1945],[76.623,11.1857],[76.697,11.2313],[76.7406,11.1099],[76.6528,10.92],[76.8176,10.8618],[76.8975,10.7708],[76.8726,10.6294],[76.8297,10.5851],[76.8268,10.3303],[76.6102,10.3738],[76.4697,10.4771],[76.4013,10.5711],[76.4608,10.7442],[76.2427,10.7403],[76.1544,10.6979],[76.0615,10.7208]]]},"properties":{"ID_0":105,"ISO":"IND","NAME_0":"India","ID_1":18,"NAME_1":"Kerala","ID_2":252,"NAME_2":"Palakkad","NL_NAME_2":null,"VARNAME_2":"Palghat","TYPE_2":"District","ENGTYPE_2":"District"}},{"type":"Feature","geometry":{"type":"Polygon","coordinates":[[[76.641,9.1418],[76.6496,9.2596],[76.6102,9.3326],[76.4997,9.3903],[76.5018,9.3931],[76.6399,9.4728],[76.9253,9.4216],[77.1263,9.4807],[77.2321,9.3763],[77.2676,9.2624],[77.2518,9.143],[77.1915,9.062],[77.0396,9.1137],[76.9133,9.1311],[76.7435,9.0656],[76.641,9.1418]]]},"properties":{"ID_0":105,"ISO":"IND","NAME_0":"India","ID_1":18,"NAME_1":"Kerala","ID_2":253,"NAME_2":"Pattanamtitta","NL_NAME_2":null,"VARNAME_2":null,"TYPE_2":"District","ENGTYPE_2":"District"}},{"type":"Feature","geometry":{"type":"Polygon","coordinates":[[[76.6766,8.7757],[76.8314,8.8271],[76.9178,8.7529],[77.0648,8.829],[77.183,8.7611],[77.167,8.7076],[77.2515,8.571],[77.1909,8.4882],[77.1498,8.3219],[77.0907,8.2975],[76.9632,8.4174],[76.6766,8.7757]]]},"properties":{"ID_0":105,"ISO":"IND","NAME_0":"India","ID_1":18,"NAME_1":"Kerala","ID_2":254,"NAME_2":"Thiruvananthapuram","NL_NAME_2":null,"VARNAME_2":"Trivandrum","TYPE_2":"District","ENGTYPE_2":"District"}},{"type":"Feature","geometry":{"type":"Polygon","coordinates":[[[76.6771,10.2595],[76.5676,10.2943],[76.4066,10.2886],[76.3038,10.1737],[76.1774,10.1836],[76.0796,10.4276],[75.9571,10.6839],[76.0615,10.7208],[76.1544,10.6979],[76.2427,10.7403],[76.4608,10.7442],[76.4013,10.5711],[76.4697,10.4771],[76.6102,10.3738],[76.8268,10.3303],[76.8918,10.2431],[76.8271,10.276],[76.6771,10.2595]]]},"properties":{"ID_0":105,"ISO":"IND","NAME_0":"India","ID_1":18,"NAME_1":"Kerala","ID_2":255,"NAME_2":"Thrissur","NL_NAME_2":null,"VARNAME_2":"Trichur","TYPE_2":"District","ENGTYPE_2":"District"}},{"type":"Feature","geometry":{"type":"Polygon","coordinates":[[[76.4077,11.7533],[76.4235,11.6593],[76.4213,11.6251],[76.2332,11.5187],[76.1353,11.4427],[76.1276,11.4491],[75.9022,11.5965],[75.7722,11.7919],[75.8026,11.8488],[75.9231,11.8371],[75.9252,11.9329],[76.1079,11.9706],[76.1081,11.8512],[76.184,11.8638],[76.335,11.7306],[76.4077,11.7533]]]},"properties":{"ID_0":105,"ISO":"IND","NAME_0":"India","ID_1":18,"NAME_1":"Kerala","ID_2":256,"NAME_2":"Wayanad","NL_NAME_2":null,"VARNAME_2":"Wynaad|Wynad","TYPE_2":"District","ENGTYPE_2":"District"}},{"type":"Feature","geometry":{"type":"Polygon","coordinates":[[[73.081,8.3276],[73.069,8.3079],[73.0671,8.2857],[73.0493,8.2668],[73.0685,8.3093],[73.081,8.3276]]]},"properties":{"ID_0":105,"ISO":"IND","NAME_0":"India","ID_1":19,"NAME_1":"Lakshadweep","ID_2":257,"NAME_2":"Kavaratti","NL_NAME_2":null,"VARNAME_2":null,"TYPE_2":"District","ENGTYPE_2":"District"}},{"type":"Feature","geometry":{"type":"Polygon","coordinates":[[[82.1159,23.1038],[81.9381,23.0778],[81.9402,22.9571],[81.7859,22.8771],[81.7069,22.9231],[81.6044,23.0726],[81.5311,23.1186],[81.5946,23.1939],[81.7506,23.2147],[81.821,23.2581],[81.8642,23.2397],[81.8744,23.2449],[81.8855,23.3232],[81.9736,23.4176],[82.1875,23.3222],[82.1159,23.1038]]]},"properties":{"ID_0":105,"ISO":"IND","NAME_0":"India","ID_1":20,"NAME_1":"Madhya Pradesh","ID_2":258,"NAME_2":"Anuppur","NL_NAME_2":null,"VARNAME_2":null,"TYPE_2":"District","ENGTYPE_2":"District"}},{"type":"Feature","geometry":{"type":"Polygon","coordinates":[[[78.1653,24.8482],[78.268,24.6696],[78.2607,24.4539],[78.0869,24.3236],[78.0667,24.2608],[77.9606,24.2524],[77.8743,24.3222],[77.6437,24.3197],[77.4713,24.4374],[77.484,24.6544],[77.5475,24.727],[77.5145,24.8314],[77.5573,24.876],[77.6149,24.9133],[77.7424,24.8717],[77.8201,25.0045],[78.0018,24.9661],[77.9636,24.8787],[78.0253,24.8423],[78.1653,24.8482]]]},"properties":{"ID_0":105,"ISO":"IND","NAME_0":"India","ID_1":20,"NAME_1":"Madhya Pradesh","ID_2":259,"NAME_2":"Ashoknagar","NL_NAME_2":null,"VARNAME_2":null,"TYPE_2":"District","ENGTYPE_2":"District"}},{"type":"Feature","geometry":{"type":"Polygon","coordinates":[[[81.0404,22.2406],[80.9992,22.0615],[80.9172,22.1209],[80.8334,21.9466],[80.8371,21.8318],[80.7401,21.7565],[80.7074,21.6716],[80.7302,21.4721],[80.6565,21.3308],[80.5932,21.3248],[80.4483,21.4023],[80.3753,21.4911],[80.2602,21.6201],[80.1882,21.6342],[80.0636,21.5546],[79.9158,21.5245],[79.7326,21.6025],[79.5366,21.5442],[79.5058,21.5903],[79.6661,21.6943],[79.6862,21.8003],[79.7632,21.8075],[79.9176,21.9716],[79.923,22.0629],[80.064,22.0824],[80.0292,22.1875],[80.0905,22.2461],[80.0936,22.3416],[80.102,22.3464],[80.2294,22.3019],[80.2955,22.3389],[80.5291,22.2414],[80.6927,22.2054],[80.7805,22.3135],[80.8854,22.35],[80.8852,22.3497],[80.874,22.3348],[81.0404,22.2406]]]},"properties":{"ID_0":105,"ISO":"IND","NAME_0":"India","ID_1":20,"NAME_1":"Madhya Pradesh","ID_2":260,"NAME_2":"Balaghat","NL_NAME_2":null,"VARNAME_2":null,"TYPE_2":"District","ENGTYPE_2":"District"}},{"type":"Feature","geometry":{"type":"Polygon","coordinates":[[[75.6194,21.3935],[75.5481,21.3725],[75.2075,21.4158],[75.1067,21.4696],[75.0577,21.5649],[74.8663,21.6311],[74.775,21.6155],[74.589,21.6653],[74.5114,21.7285],[74.5275,21.9088],[74.4355,22.031],[74.5061,22.0464],[74.6096,22.0262],[74.7914,22.0806],[75.2,22.1072],[75.32,22.1363],[75.3975,22.094],[75.2655,21.7477],[75.2931,21.6378],[75.4413,21.6783],[75.5017,21.6199],[75.4632,21.5455],[75.5842,21.4774],[75.6194,21.3935]]]},"properties":{"ID_0":105,"ISO":"IND","NAME_0":"India","ID_1":20,"NAME_1":"Madhya Pradesh","ID_2":261,"NAME_2":"Barwani","NL_NAME_2":null,"VARNAME_2":null,"TYPE_2":"District","ENGTYPE_2":"District"}},{"type":"Feature","geometry":{"type":"Polygon","coordinates":[[[78.3368,21.5905],[78.2155,21.5537],[78.0637,21.4389],[77.899,21.3784],[77.6459,21.3934],[77.487,21.3778],[77.4235,21.5426],[77.567,21.5298],[77.5586,21.6687],[77.4969,21.7492],[77.2771,21.7598],[77.2074,21.694],[77.0621,21.715],[77.1675,21.8105],[77.2159,21.9079],[77.3769,21.9948],[77.4523,22.0857],[77.4559,22.1746],[77.3538,22.2375],[77.3525,22.252],[77.3529,22.2521],[77.4397,22.2218],[77.5404,22.3579],[77.6341,22.3128],[77.8573,22.3487],[78.0316,22.3326],[78.1809,22.3997],[78.2683,22.4048],[78.2471,22.3294],[78.2749,22.0916],[78.5149,21.9316],[78.5416,21.869],[78.4647,21.8171],[78.4536,21.7198],[78.3368,21.5905]]]},"properties":{"ID_0":105,"ISO":"IND","NAME_0":"India","ID_1":20,"NAME_1":"Madhya Pradesh","ID_2":262,"NAME_2":"Betul","NL_NAME_2":null,"VARNAME_2":null,"TYPE_2":"District","ENGTYPE_2":"District"}},{"type":"Feature","geometry":{"type":"Polygon","coordinates":[[[78.7707,26.7642],[78.8649,26.7047],[78.9839,26.6857],[78.998,26.5509],[79.0643,26.4868],[79.1268,26.4448],[79.1166,26.3536],[79.0007,26.155],[79.0032,26.0818],[78.9274,25.9555],[78.8764,25.9157],[78.7754,25.9702],[78.8356,26.12],[78.7841,26.2313],[78.6899,26.2204],[78.6212,26.1624],[78.4865,26.2699],[78.3241,26.3527],[78.2564,26.3433],[78.2074,26.5345],[78.3433,26.5658],[78.4936,26.6781],[78.535,26.7717],[78.6774,26.7924],[78.7707,26.7642]]]},"properties":{"ID_0":105,"ISO":"IND","NAME_0":"India","ID_1":20,"NAME_1":"Madhya Pradesh","ID_2":263,"NAME_2":"Bhind","NL_NAME_2":null,"VARNAME_2":null,"TYPE_2":"District","ENGTYPE_2":"District"}},{"type":"Feature","geometry":{"type":"Polygon","coordinates":[[[77.2232,23.9002],[77.3141,23.8981],[77.3702,23.8883],[77.4665,23.7647],[77.5695,23.7728],[77.6459,23.7025],[77.5085,23.5852],[77.5175,23.5216],[77.4879,23.4311],[77.6211,23.3329],[77.5636,23.1483],[77.3794,23.0931],[77.2821,23.1077],[77.1863,23.2463],[77.1787,23.3145],[77.2942,23.4356],[77.2718,23.6146],[77.1659,23.6908],[77.2232,23.9002]]]},"properties":{"ID_0":105,"ISO":"IND","NAME_0":"India","ID_1":20,"NAME_1":"Madhya Pradesh","ID_2":264,"NAME_2":"Bhopal","NL_NAME_2":null,"VARNAME_2":null,"TYPE_2":"District","ENGTYPE_2":"District"}},{"type":"Feature","geometry":{"type":"Polygon","coordinates":[[[76.7802,21.5625],[76.7918,21.4899],[76.7321,21.4088],[76.6245,21.3351],[76.6611,21.2824],[76.62,21.1954],[76.4825,21.1882],[76.3828,21.0796],[76.167,21.0896],[76.1671,21.2036],[76.095,21.3727],[75.9916,21.3761],[76.006,21.4823],[75.9578,21.5491],[76.0788,21.5746],[76.1904,21.5486],[76.2476,21.5837],[76.4179,21.6001],[76.5108,21.5636],[76.7802,21.5625]]]},"properties":{"ID_0":105,"ISO":"IND","NAME_0":"India","ID_1":20,"NAME_1":"Madhya Pradesh","ID_2":265,"NAME_2":"Burhanpur","NL_NAME_2":null,"VARNAME_2":null,"TYPE_2":"District","ENGTYPE_2":"District"}},{"type":"Feature","geometry":{"type":"Polygon","coordinates":[[[80.2669,25.0302],[80.1422,24.9405],[80.0274,24.926],[80.0853,24.8276],[79.9522,24.6607],[79.8897,24.6972],[79.837,24.601],[79.8762,24.3782],[79.7901,24.3768],[79.6776,24.3963],[79.3884,24.3898],[79.3796,24.2423],[79.3205,24.1494],[79.1392,24.1049],[79.0692,24.133],[79.0431,24.2274],[79.166,24.2813],[79.2318,24.4204],[78.9869,24.4232],[78.982,24.4472],[79.0849,24.6346],[79.174,24.6142],[79.2899,24.6791],[79.3403,24.8967],[79.3139,25.151],[79.2765,25.327],[79.4019,25.2793],[79.4424,25.221],[79.3893,25.1206],[79.4899,25.0828],[79.5503,25.1694],[79.8272,25.1001],[79.8452,25.2366],[79.9973,25.2701],[80.0961,25.3516],[80.1888,25.4064],[80.3091,25.3918],[80.3027,25.297],[80.4017,25.221],[80.2669,25.0302]]]},"properties":{"ID_0":105,"ISO":"IND","NAME_0":"India","ID_1":20,"NAME_1":"Madhya Pradesh","ID_2":266,"NAME_2":"Chhatarpur","NL_NAME_2":null,"VARNAME_2":"Chhatapur|Chatarpur","TYPE_2":"District","ENGTYPE_2":"District"}},{"type":"Feature","geometry":{"type":"Polygon","coordinates":[[[78.3368,21.5905],[78.4536,21.7198],[78.4647,21.8171],[78.5416,21.869],[78.5149,21.9316],[78.2749,22.0916],[78.2471,22.3294],[78.2683,22.4048],[78.3161,22.4271],[78.4776,22.387],[78.5487,22.4563],[78.4957,22.5955],[78.5175,22.6671],[78.6122,22.6583],[78.6743,22.7022],[78.7785,22.6318],[78.8352,22.6853],[79.0048,22.6314],[79.0388,22.7615],[79.2348,22.8016],[79.2389,22.7233],[79.3195,22.6179],[79.3358,22.4852],[79.2822,22.3247],[79.3577,22.2654],[79.3372,22.1611],[79.4027,22.0419],[79.2709,21.8323],[79.2281,21.7219],[79.1041,21.6094],[78.9748,21.6176],[78.9127,21.5631],[78.9318,21.4874],[78.621,21.4775],[78.5086,21.5284],[78.4301,21.5018],[78.4135,21.5777],[78.3368,21.5905]]]},"properties":{"ID_0":105,"ISO":"IND","NAME_0":"India","ID_1":20,"NAME_1":"Madhya Pradesh","ID_2":267,"NAME_2":"Chhindwara","NL_NAME_2":null,"VARNAME_2":null,"TYPE_2":"District","ENGTYPE_2":"District"}},{"type":"Feature","geometry":{"type":"Polygon","coordinates":[[[79.1392,24.1049],[79.3205,24.1494],[79.3796,24.2423],[79.3884,24.3898],[79.6776,24.3963],[79.7901,24.3768],[79.8515,24.3024],[79.7549,24.0763],[79.8383,24.0253],[79.8592,23.8321],[79.8212,23.7003],[79.9349,23.6225],[79.7949,23.4679],[79.6884,23.3589],[79.5052,23.2679],[79.3656,23.1671],[79.2357,23.2529],[79.1833,23.2231],[79.2299,23.342],[79.1764,23.4341],[79.3253,23.5292],[79.2916,23.5766],[79.2788,23.7483],[79.0692,23.9351],[79.175,24.0115],[79.1392,24.1049]]]},"properties":{"ID_0":105,"ISO":"IND","NAME_0":"India","ID_1":20,"NAME_1":"Madhya Pradesh","ID_2":268,"NAME_2":"Damoh","NL_NAME_2":null,"VARNAME_2":null,"TYPE_2":"District","ENGTYPE_2":"District"}},{"type":"Feature","geometry":{"type":"Polygon","coordinates":[[[78.6212,26.1624],[78.6899,26.2204],[78.7841,26.2313],[78.8356,26.12],[78.7754,25.9702],[78.8764,25.9157],[78.7607,25.7208],[78.7945,25.6175],[78.6486,25.5656],[78.4371,25.5644],[78.2532,25.7244],[78.2737,25.7864],[78.4593,25.9099],[78.6337,26.0892],[78.6212,26.1624]]]},"properties":{"ID_0":105,"ISO":"IND","NAME_0":"India","ID_1":20,"NAME_1":"Madhya Pradesh","ID_2":269,"NAME_2":"Datia","NL_NAME_2":null,"VARNAME_2":null,"TYPE_2":"District","ENGTYPE_2":"District"}},{"type":"Feature","geometry":{"type":"Polygon","coordinates":[[[76.1114,23.2449],[76.1564,23.2252],[76.4068,23.2209],[76.5358,23.1324],[76.46,23.0749],[76.451,22.9301],[76.5742,22.7702],[76.7867,22.8373],[76.8238,22.8716],[76.9969,22.8719],[77.0379,22.6752],[77.1203,22.5627],[77.0674,22.5153],[76.8983,22.4899],[76.787,22.4319],[76.7797,22.3505],[76.6837,22.3052],[76.6035,22.4113],[76.5085,22.4183],[76.4466,22.3503],[76.2519,22.2957],[76.2122,22.3326],[76.2368,22.3957],[76.1009,22.4794],[76.0858,22.5506],[76.0884,22.5905],[76.2439,22.6468],[76.1021,22.7046],[76.0315,22.8475],[75.8992,23.0038],[76.1251,23.1795],[76.1114,23.2449]]]},"properties":{"ID_0":105,"ISO":"IND","NAME_0":"India","ID_1":20,"NAME_1":"Madhya Pradesh","ID_2":270,"NAME_2":"Dewas","NL_NAME_2":null,"VARNAME_2":null,"TYPE_2":"District","ENGTYPE_2":"District"}},{"type":"Feature","geometry":{"type":"Polygon","coordinates":[[[75.32,22.1363],[75.2,22.1072],[74.7914,22.0806],[74.6096,22.0262],[74.5061,22.0464],[74.4765,22.1146],[74.5307,22.2389],[74.6495,22.2746],[74.6954,22.3701],[74.72,22.5331],[74.7842,22.5814],[74.7665,22.7498],[74.9046,22.7596],[75.0088,22.9434],[75.0098,23.1138],[75.2352,23.0907],[75.2415,23.1391],[75.3019,23.1322],[75.332,22.8419],[75.4376,22.8727],[75.4372,22.7764],[75.5089,22.7341],[75.527,22.6349],[75.5927,22.5589],[75.5591,22.3778],[75.4972,22.3392],[75.5358,22.2288],[75.505,22.1604],[75.32,22.1363]]]},"properties":{"ID_0":105,"ISO":"IND","NAME_0":"India","ID_1":20,"NAME_1":"Madhya Pradesh","ID_2":271,"NAME_2":"Dhar","NL_NAME_2":null,"VARNAME_2":null,"TYPE_2":"District","ENGTYPE_2":"District"}},{"type":"Feature","geometry":{"type":"Polygon","coordinates":[[[81.7229,22.6762],[81.5998,22.5357],[81.4901,22.5084],[81.4799,22.4933],[81.4764,22.4922],[81.3862,22.4512],[81.3194,22.5196],[81.2404,22.4592],[81.11,22.4411],[81.115,22.3032],[81.0404,22.2406],[80.874,22.3348],[80.8852,22.3497],[80.8854,22.35],[80.8634,22.4367],[80.9685,22.5212],[80.9489,22.641],[80.8276,22.851],[80.819,22.8344],[80.7247,22.8141],[80.5786,22.8625],[80.5791,22.9621],[80.5182,23.0806],[80.4957,23.2098],[80.577,23.2899],[80.5669,23.354],[80.6944,23.3731],[80.71,23.2825],[80.8645,23.2387],[80.9304,23.2908],[81.0932,23.2036],[81.2335,23.0618],[81.1917,22.9144],[81.4192,22.8376],[81.5225,22.7509],[81.6779,22.7819],[81.7229,22.6762]]]},"properties":{"ID_0":105,"ISO":"IND","NAME_0":"India","ID_1":20,"NAME_1":"Madhya Pradesh","ID_2":272,"NAME_2":"Dindori","NL_NAME_2":null,"VARNAME_2":null,"TYPE_2":"District","ENGTYPE_2":"District"}},{"type":"Feature","geometry":{"type":"Polygon","coordinates":[[[77.2159,21.9079],[77.1675,21.8105],[77.0621,21.715],[76.8917,21.6007],[76.7802,21.5625],[76.5108,21.5636],[76.4179,21.6001],[76.2476,21.5837],[76.1904,21.5486],[76.0788,21.5746],[76.1178,21.723],[76.103,21.8501],[76.1702,21.8881],[76.1458,21.9817],[76.233,22.076],[76.1298,22.173],[76.2122,22.3326],[76.2519,22.2957],[76.4466,22.3503],[76.5085,22.4183],[76.6035,22.4113],[76.6837,22.3052],[76.7797,22.3505],[76.892,22.3025],[76.8387,22.2172],[76.8447,22.0599],[76.989,21.9872],[77.1338,21.9956],[77.2159,21.9079]]]},"properties":{"ID_0":105,"ISO":"IND","NAME_0":"India","ID_1":20,"NAME_1":"Madhya Pradesh","ID_2":273,"NAME_2":"East Nimar","NL_NAME_2":null,"VARNAME_2":"Khandwa","TYPE_2":"District","ENGTYPE_2":"District"}},{"type":"Feature","geometry":{"type":"Polygon","coordinates":[[[77.5573,24.876],[77.5145,24.8314],[77.5475,24.727],[77.484,24.6544],[77.4713,24.4374],[77.6437,24.3197],[77.5485,24.2532],[77.3964,24.2798],[77.2598,24.0746],[77.3061,24.0142],[77.3141,23.8981],[77.2232,23.9002],[77.1597,23.953],[77.1781,24.0869],[76.9536,24.0776],[76.8776,24.1349],[76.9439,24.1989],[76.8742,24.2711],[76.8412,24.4428],[76.8146,24.5344],[76.9184,24.5356],[76.9602,24.4602],[77.0503,24.5265],[77.0595,24.6424],[77.0192,24.715],[76.8467,24.77],[76.8023,24.8266],[76.9489,24.8729],[76.8693,25.0111],[76.9837,25.0776],[77.0772,25.058],[77.1696,25.1137],[77.3029,25.0839],[77.3526,24.9488],[77.5573,24.876]]]},"properties":{"ID_0":105,"ISO":"IND","NAME_0":"India","ID_1":20,"NAME_1":"Madhya Pradesh","ID_2":274,"NAME_2":"Guna","NL_NAME_2":null,"VARNAME_2":"Goona","TYPE_2":"District","ENGTYPE_2":"District"}},{"type":"Feature","geometry":{"type":"Polygon","coordinates":[[[78.2564,26.3433],[78.3241,26.3527],[78.4865,26.2699],[78.6212,26.1624],[78.6337,26.0892],[78.4593,25.9099],[78.2737,25.7864],[78.2069,25.744],[78.0514,25.7163],[77.9111,25.7588],[77.6701,25.9215],[77.7369,26.169],[77.8077,26.2609],[77.9776,26.2574],[78.0197,26.3174],[78.2564,26.3433]]]},"properties":{"ID_0":105,"ISO":"IND","NAME_0":"India","ID_1":20,"NAME_1":"Madhya Pradesh","ID_2":275,"NAME_2":"Gwalior","NL_NAME_2":null,"VARNAME_2":"Gird, Gird Gwalior","TYPE_2":"District","ENGTYPE_2":"District"}},{"type":"Feature","geometry":{"type":"Polygon","coordinates":[[[77.3525,22.252],[77.3538,22.2375],[77.4559,22.1746],[77.4523,22.0857],[77.3769,21.9948],[77.2159,21.9079],[77.1338,21.9956],[76.989,21.9872],[76.8447,22.0599],[76.8387,22.2172],[76.892,22.3025],[76.7797,22.3505],[76.787,22.4319],[76.8983,22.4899],[77.0674,22.5153],[77.1203,22.5627],[77.1921,22.5789],[77.2037,22.5719],[77.2043,22.5668],[77.2725,22.5064],[77.3525,22.252]]]},"properties":{"ID_0":105,"ISO":"IND","NAME_0":"India","ID_1":20,"NAME_1":"Madhya Pradesh","ID_2":276,"NAME_2":"Harda","NL_NAME_2":null,"VARNAME_2":null,"TYPE_2":"District","ENGTYPE_2":"District"}},{"type":"Feature","geometry":{"type":"Polygon","coordinates":[[[78.2683,22.4048],[78.1809,22.3997],[78.0316,22.3326],[77.8573,22.3487],[77.6341,22.3128],[77.5404,22.3579],[77.4397,22.2218],[77.3529,22.2521],[77.3525,22.252],[77.2725,22.5064],[77.2043,22.5668],[77.2037,22.5719],[77.3459,22.6019],[77.5762,22.6793],[77.615,22.7453],[77.73,22.7582],[77.8369,22.8642],[77.9339,22.8034],[78.0244,22.806],[78.0986,22.7933],[78.2088,22.8951],[78.2755,22.8717],[78.437,22.9883],[78.5662,22.9587],[78.5834,22.8265],[78.67,22.7799],[78.6743,22.7022],[78.6122,22.6583],[78.5175,22.6671],[78.4957,22.5955],[78.5487,22.4563],[78.4776,22.387],[78.3161,22.4271],[78.2683,22.4048]]]},"properties":{"ID_0":105,"ISO":"IND","NAME_0":"India","ID_1":20,"NAME_1":"Madhya Pradesh","ID_2":277,"NAME_2":"Hoshangabad","NL_NAME_2":null,"VARNAME_2":null,"TYPE_2":"District","ENGTYPE_2":"District"}},{"type":"Feature","geometry":{"type":"Polygon","coordinates":[[[75.8992,23.0038],[76.0315,22.8475],[76.1021,22.7046],[76.2439,22.6468],[76.0884,22.5905],[76.0858,22.5506],[76.0153,22.4429],[75.6209,22.3428],[75.5591,22.3778],[75.5927,22.5589],[75.527,22.6349],[75.5089,22.7341],[75.4372,22.7764],[75.4376,22.8727],[75.4791,23.0053],[75.5661,23.0683],[75.6339,23.0239],[75.8726,23.0417],[75.8992,23.0038]]]},"properties":{"ID_0":105,"ISO":"IND","NAME_0":"India","ID_1":20,"NAME_1":"Madhya Pradesh","ID_2":278,"NAME_2":"Indore","NL_NAME_2":null,"VARNAME_2":null,"TYPE_2":"District","ENGTYPE_2":"District"}},{"type":"Feature","geometry":{"type":"Polygon","coordinates":[[[79.3656,23.1671],[79.5052,23.2679],[79.6884,23.3589],[79.7949,23.4679],[79.8665,23.3663],[80.3209,23.3155],[80.5372,23.3921],[80.5669,23.354],[80.577,23.2899],[80.4957,23.2098],[80.5182,23.0806],[80.4237,23.1418],[80.3028,23.0987],[80.2394,23.1499],[79.9889,23.0281],[79.9573,22.8547],[79.8312,22.8333],[79.7162,22.9228],[79.6165,22.9573],[79.5705,23.1303],[79.454,23.0988],[79.3656,23.1671]]]},"properties":{"ID_0":105,"ISO":"IND","NAME_0":"India","ID_1":20,"NAME_1":"Madhya Pradesh","ID_2":279,"NAME_2":"Jabalpur","NL_NAME_2":null,"VARNAME_2":"Jubbulpore","TYPE_2":"District","ENGTYPE_2":"District"}},{"type":"Feature","geometry":{"type":"Polygon","coordinates":[[[74.0667,22.5509],[74.1276,22.5244],[74.2782,22.6477],[74.3842,22.6436],[74.4649,22.8151],[74.4628,22.9135],[74.3816,22.9099],[74.3228,23.0627],[74.3912,23.112],[74.5354,23.1015],[74.741,23.2293],[74.7816,23.15],[74.9179,23.1616],[75.0098,23.1138],[75.0088,22.9434],[74.9046,22.7596],[74.7665,22.7498],[74.7842,22.5814],[74.72,22.5331],[74.6954,22.3701],[74.6495,22.2746],[74.5307,22.2389],[74.4765,22.1146],[74.5061,22.0464],[74.4355,22.031],[74.2923,21.9373],[74.146,21.9541],[74.1228,22.2129],[74.0758,22.2219],[74.072,22.3602],[74.1983,22.343],[74.2373,22.4393],[74.1051,22.4334],[74.0667,22.5509]]]},"properties":{"ID_0":105,"ISO":"IND","NAME_0":"India","ID_1":20,"NAME_1":"Madhya Pradesh","ID_2":280,"NAME_2":"Jhabua","NL_NAME_2":null,"VARNAME_2":null,"TYPE_2":"District","ENGTYPE_2":"District"}},{"type":"Feature","geometry":{"type":"Polygon","coordinates":[[[79.7949,23.4679],[79.9349,23.6225],[79.8212,23.7003],[79.8592,23.8321],[79.9341,23.8319],[80.008,23.9792],[80.3026,23.9166],[80.3503,23.9701],[80.7069,24.0727],[80.8328,24.0289],[80.9506,24.0692],[80.9477,24.0661],[80.8971,24.0379],[80.8351,23.9101],[80.887,23.8633],[80.8948,23.6816],[80.8142,23.6718],[80.6801,23.7348],[80.6343,23.6278],[80.5529,23.5645],[80.5372,23.3921],[80.3209,23.3155],[79.8665,23.3663],[79.7949,23.4679]]]},"properties":{"ID_0":105,"ISO":"IND","NAME_0":"India","ID_1":20,"NAME_1":"Madhya Pradesh","ID_2":281,"NAME_2":"Katni","NL_NAME_2":null,"VARNAME_2":null,"TYPE_2":"District","ENGTYPE_2":"District"}},{"type":"Feature","geometry":{"type":"Polygon","coordinates":[[[80.8854,22.35],[80.7805,22.3135],[80.6927,22.2054],[80.5291,22.2414],[80.2955,22.3389],[80.2294,22.3019],[80.102,22.3464],[80.0936,22.3416],[80.0883,22.342],[80.0127,22.5988],[80.1538,22.6018],[80.2739,22.7229],[80.2758,22.7847],[80.0678,22.7602],[79.9573,22.8547],[79.9889,23.0281],[80.2394,23.1499],[80.3028,23.0987],[80.4237,23.1418],[80.5182,23.0806],[80.5791,22.9621],[80.5786,22.8625],[80.7247,22.8141],[80.819,22.8344],[80.8276,22.851],[80.9489,22.641],[80.9685,22.5212],[80.8634,22.4367],[80.8854,22.35]]]},"properties":{"ID_0":105,"ISO":"IND","NAME_0":"India","ID_1":20,"NAME_1":"Madhya Pradesh","ID_2":282,"NAME_2":"Mandla","NL_NAME_2":null,"VARNAME_2":null,"TYPE_2":"District","ENGTYPE_2":"District"}},{"type":"Feature","geometry":{"type":"Polygon","coordinates":[[[75.7862,24.7655],[75.8388,24.7299],[75.8525,24.6143],[75.9205,24.5438],[75.9034,24.4461],[75.7358,24.4034],[75.813,24.3007],[75.7435,24.1396],[75.7796,24.0621],[75.7004,23.9691],[75.5144,24.0487],[75.4565,23.9207],[75.3317,23.8424],[75.0503,23.8267],[74.9399,23.7659],[74.9146,23.9125],[74.993,24.0297],[74.8802,24.2165],[74.9041,24.2459],[74.959,24.3551],[75.2129,24.3318],[75.3729,24.34],[75.4845,24.4245],[75.5928,24.554],[75.5485,24.7156],[75.6133,24.6884],[75.7862,24.7655]]]},"properties":{"ID_0":105,"ISO":"IND","NAME_0":"India","ID_1":20,"NAME_1":"Madhya Pradesh","ID_2":283,"NAME_2":"Mandsaur","NL_NAME_2":null,"VARNAME_2":"Mandasor","TYPE_2":"District","ENGTYPE_2":"District"}},{"type":"Feature","geometry":{"type":"Polygon","coordinates":[[[78.535,26.7717],[78.4936,26.6781],[78.3433,26.5658],[78.2074,26.5345],[78.2564,26.3433],[78.0197,26.3174],[77.9776,26.2574],[77.8077,26.2609],[77.7369,26.169],[77.6701,25.9215],[77.6495,25.9164],[77.6416,26.0142],[77.5453,26.0293],[77.3939,26.1579],[77.2434,26.09],[77.1094,26.2251],[77.267,26.2762],[77.3662,26.3715],[77.5229,26.4149],[77.671,26.5097],[77.813,26.5548],[77.9922,26.7026],[78.0881,26.6867],[78.0954,26.7894],[78.2098,26.8361],[78.3625,26.8713],[78.3856,26.8279],[78.535,26.7717]]]},"properties":{"ID_0":105,"ISO":"IND","NAME_0":"India","ID_1":20,"NAME_1":"Madhya Pradesh","ID_2":284,"NAME_2":"Morena","NL_NAME_2":null,"VARNAME_2":"Tonwarghar","TYPE_2":"District","ENGTYPE_2":"District"}},{"type":"Feature","geometry":{"type":"Polygon","coordinates":[[[79.3195,22.6179],[79.2389,22.7233],[79.2348,22.8016],[79.0388,22.7615],[79.0048,22.6314],[78.8352,22.6853],[78.7785,22.6318],[78.6743,22.7022],[78.67,22.7799],[78.5834,22.8265],[78.5662,22.9587],[78.437,22.9883],[78.7206,23.0477],[78.7906,23.0952],[78.8016,23.2393],[78.9751,23.201],[79.1833,23.2231],[79.2357,23.2529],[79.3656,23.1671],[79.454,23.0988],[79.5705,23.1303],[79.6165,22.9573],[79.6188,22.8758],[79.5381,22.82],[79.5076,22.7222],[79.4069,22.7244],[79.3195,22.6179]]]},"properties":{"ID_0":105,"ISO":"IND","NAME_0":"India","ID_1":20,"NAME_1":"Madhya Pradesh","ID_2":285,"NAME_2":"Narsinghpur","NL_NAME_2":null,"VARNAME_2":"Narsimhapur","TYPE_2":"District","ENGTYPE_2":"District"}},{"type":"Feature","geometry":{"type":"Polygon","coordinates":[[[75.5485,24.7156],[75.5928,24.554],[75.4845,24.4245],[75.3729,24.34],[75.2129,24.3318],[74.959,24.3551],[74.9041,24.2459],[74.7725,24.272],[74.7846,24.3674],[74.8575,24.4515],[74.7573,24.4888],[74.748,24.5968],[74.8185,24.7653],[74.8734,24.6695],[74.9999,24.7085],[75.0129,24.7938],[74.8586,24.8131],[74.8271,24.8991],[75.0434,24.8592],[75.1189,24.889],[75.1157,24.9654],[75.1944,25.0377],[75.3506,25.0248],[75.3005,24.8152],[75.2284,24.7351],[75.4519,24.6932],[75.5485,24.7156]]]},"properties":{"ID_0":105,"ISO":"IND","NAME_0":"India","ID_1":20,"NAME_1":"Madhya Pradesh","ID_2":286,"NAME_2":"Neemuch","NL_NAME_2":null,"VARNAME_2":null,"TYPE_2":"District","ENGTYPE_2":"District"}},{"type":"Feature","geometry":{"type":"Polygon","coordinates":[[[79.7901,24.3768],[79.8762,24.3782],[79.837,24.601],[79.8897,24.6972],[79.9522,24.6607],[80.0853,24.8276],[80.0274,24.926],[80.1422,24.9405],[80.2669,25.0302],[80.3141,25.0035],[80.4407,25.0821],[80.4942,25.0453],[80.4887,24.9143],[80.6264,24.8691],[80.3606,24.6945],[80.4563,24.5878],[80.4545,24.4393],[80.5712,24.3029],[80.6158,24.1623],[80.3503,23.9701],[80.3026,23.9166],[80.008,23.9792],[79.9341,23.8319],[79.8592,23.8321],[79.8383,24.0253],[79.7549,24.0763],[79.8515,24.3024],[79.7901,24.3768]]]},"properties":{"ID_0":105,"ISO":"IND","NAME_0":"India","ID_1":20,"NAME_1":"Madhya Pradesh","ID_2":287,"NAME_2":"Panna","NL_NAME_2":null,"VARNAME_2":null,"TYPE_2":"District","ENGTYPE_2":"District"}},{"type":"Feature","geometry":{"type":"Polygon","coordinates":[[[77.3794,23.0931],[77.5636,23.1483],[77.6211,23.3329],[77.4879,23.4311],[77.5175,23.5216],[77.621,23.4678],[77.7301,23.5385],[77.8064,23.4652],[77.9103,23.4562],[78.0172,23.3488],[78.1288,23.5203],[78.2162,23.5326],[78.2871,23.6777],[78.4277,23.7485],[78.5003,23.5602],[78.7323,23.5799],[78.6169,23.422],[78.7129,23.3548],[78.8016,23.2393],[78.7906,23.0952],[78.7206,23.0477],[78.437,22.9883],[78.2755,22.8717],[78.2088,22.8951],[78.0986,22.7933],[78.0244,22.806],[78.0292,22.9111],[77.9602,22.9646],[77.8393,22.943],[77.6249,22.8341],[77.4339,22.9234],[77.3612,23.0049],[77.3794,23.0931]]]},"properties":{"ID_0":105,"ISO":"IND","NAME_0":"India","ID_1":20,"NAME_1":"Madhya Pradesh","ID_2":288,"NAME_2":"Raisen","NL_NAME_2":null,"VARNAME_2":null,"TYPE_2":"District","ENGTYPE_2":"District"}},{"type":"Feature","geometry":{"type":"Polygon","coordinates":[[[77.2232,23.9002],[77.1659,23.6908],[77.1462,23.5781],[77.0481,23.4846],[76.959,23.5047],[76.6923,23.4909],[76.6001,23.5652],[76.4867,23.5147],[76.4022,23.6763],[76.3948,23.7661],[76.2628,24.0571],[76.2012,24.1038],[76.2156,24.2168],[76.353,24.2489],[76.4634,24.2289],[76.5232,24.1632],[76.6163,24.2628],[76.7909,24.1258],[76.8776,24.1349],[76.9536,24.0776],[77.1781,24.0869],[77.1597,23.953],[77.2232,23.9002]]]},"properties":{"ID_0":105,"ISO":"IND","NAME_0":"India","ID_1":20,"NAME_1":"Madhya Pradesh","ID_2":289,"NAME_2":"Rajgarh","NL_NAME_2":null,"VARNAME_2":null,"TYPE_2":"District","ENGTYPE_2":"District"}},{"type":"Feature","geometry":{"type":"Polygon","coordinates":[[[75.2415,23.1391],[75.2352,23.0907],[75.0098,23.1138],[74.9179,23.1616],[74.7816,23.15],[74.741,23.2293],[74.5337,23.323],[74.6134,23.4614],[74.7741,23.5433],[74.8515,23.5574],[74.9397,23.6304],[74.9399,23.7659],[75.0503,23.8267],[75.3317,23.8424],[75.4565,23.9207],[75.566,23.8157],[75.6845,23.7606],[75.6895,23.7509],[75.6205,23.6653],[75.5234,23.6724],[75.496,23.5295],[75.3972,23.6054],[75.279,23.5908],[75.1833,23.5217],[75.1578,23.4389],[75.2607,23.3042],[75.2415,23.1391]]]},"properties":{"ID_0":105,"ISO":"IND","NAME_0":"India","ID_1":20,"NAME_1":"Madhya Pradesh","ID_2":290,"NAME_2":"Ratlam","NL_NAME_2":null,"VARNAME_2":null,"TYPE_2":"District","ENGTYPE_2":"District"}},{"type":"Feature","geometry":{"type":"Polygon","coordinates":[[[82.1,24.8099],[82.2384,24.7544],[82.2939,24.6137],[82.1912,24.6181],[81.5406,24.4452],[81.2983,24.3252],[81.2834,24.3992],[81.149,24.545],[81.1752,24.7019],[81.0453,24.7993],[81.1168,24.9018],[81.206,24.9392],[81.2616,25.0685],[81.2686,25.1652],[81.3494,25.1674],[81.4837,25.0749],[81.534,25.1883],[81.6468,25.075],[81.9016,24.9828],[81.9027,24.8841],[82.1,24.8099]]]},"properties":{"ID_0":105,"ISO":"IND","NAME_0":"India","ID_1":20,"NAME_1":"Madhya Pradesh","ID_2":291,"NAME_2":"Rewa","NL_NAME_2":null,"VARNAME_2":null,"TYPE_2":"District","ENGTYPE_2":"District"}},{"type":"Feature","geometry":{"type":"Polygon","coordinates":[[[78.0667,24.2608],[78.0869,24.3236],[78.2607,24.4539],[78.3626,24.3782],[78.3857,24.2731],[78.4999,24.3943],[78.5784,24.3571],[78.6989,24.2345],[78.7846,24.1851],[78.8582,24.2135],[78.9681,24.357],[78.9869,24.4232],[79.2318,24.4204],[79.166,24.2813],[79.0431,24.2274],[79.0692,24.133],[79.1392,24.1049],[79.175,24.0115],[79.0692,23.9351],[79.2788,23.7483],[79.2916,23.5766],[79.3253,23.5292],[79.1764,23.4341],[79.2299,23.342],[79.1833,23.2231],[78.9751,23.201],[78.8016,23.2393],[78.7129,23.3548],[78.6169,23.422],[78.7323,23.5799],[78.5003,23.5602],[78.4277,23.7485],[78.2871,23.6777],[78.2546,23.7283],[78.2849,23.9896],[78.2062,24.0723],[78.1128,24.0451],[78.1284,24.2153],[78.0667,24.2608]]]},"properties":{"ID_0":105,"ISO":"IND","NAME_0":"India","ID_1":20,"NAME_1":"Madhya Pradesh","ID_2":292,"NAME_2":"Sagar","NL_NAME_2":null,"VARNAME_2":"Saugor","TYPE_2":"District","ENGTYPE_2":"District"}},{"type":"Feature","geometry":{"type":"Polygon","coordinates":[[[80.9506,24.0692],[80.8328,24.0289],[80.7069,24.0727],[80.3503,23.9701],[80.6158,24.1623],[80.5712,24.3029],[80.4545,24.4393],[80.4563,24.5878],[80.3606,24.6945],[80.6264,24.8691],[80.4887,24.9143],[80.4942,25.0453],[80.5787,25.0883],[80.7144,25.0678],[80.7509,25.1417],[80.8707,25.0711],[80.8566,24.936],[81.0764,24.9523],[81.1168,24.9018],[81.0453,24.7993],[81.1752,24.7019],[81.149,24.545],[81.2834,24.3992],[81.2983,24.3252],[81.3829,24.2675],[81.1936,24.1124],[81.1207,24.137],[81.004,24.0953],[80.9992,24.0907],[80.9919,24.0947],[80.9542,24.07],[80.9506,24.0692]]]},"properties":{"ID_0":105,"ISO":"IND","NAME_0":"India","ID_1":20,"NAME_1":"Madhya Pradesh","ID_2":293,"NAME_2":"Satna","NL_NAME_2":null,"VARNAME_2":null,"TYPE_2":"District","ENGTYPE_2":"District"}},{"type":"Feature","geometry":{"type":"Polygon","coordinates":[[[77.1659,23.6908],[77.2718,23.6146],[77.2942,23.4356],[77.1787,23.3145],[77.1863,23.2463],[77.2821,23.1077],[77.3794,23.0931],[77.3612,23.0049],[77.4339,22.9234],[77.6249,22.8341],[77.8393,22.943],[77.9602,22.9646],[78.0292,22.9111],[78.0244,22.806],[77.9339,22.8034],[77.8369,22.8642],[77.73,22.7582],[77.615,22.7453],[77.5762,22.6793],[77.3459,22.6019],[77.2037,22.5719],[77.1921,22.5789],[77.1203,22.5627],[77.0379,22.6752],[76.9969,22.8719],[76.8238,22.8716],[76.7867,22.8373],[76.5742,22.7702],[76.451,22.9301],[76.46,23.0749],[76.5358,23.1324],[76.7313,23.1456],[76.861,23.1091],[76.8907,23.2098],[76.9905,23.2891],[76.9935,23.4028],[77.0481,23.4846],[77.1462,23.5781],[77.1659,23.6908]]]},"properties":{"ID_0":105,"ISO":"IND","NAME_0":"India","ID_1":20,"NAME_1":"Madhya Pradesh","ID_2":294,"NAME_2":"Sehore","NL_NAME_2":null,"VARNAME_2":null,"TYPE_2":"District","ENGTYPE_2":"District"}},{"type":"Feature","geometry":{"type":"Polygon","coordinates":[[[80.0936,22.3416],[80.0905,22.2461],[80.0292,22.1875],[80.064,22.0824],[79.923,22.0629],[79.9176,21.9716],[79.7632,21.8075],[79.6862,21.8003],[79.6661,21.6943],[79.5058,21.5903],[79.4886,21.6741],[79.2848,21.6939],[79.2281,21.7219],[79.2709,21.8323],[79.4027,22.0419],[79.3372,22.1611],[79.3577,22.2654],[79.2822,22.3247],[79.3358,22.4852],[79.3195,22.6179],[79.4069,22.7244],[79.5076,22.7222],[79.5381,22.82],[79.6188,22.8758],[79.6165,22.9573],[79.7162,22.9228],[79.8312,22.8333],[79.9573,22.8547],[80.0678,22.7602],[80.2758,22.7847],[80.2739,22.7229],[80.1538,22.6018],[80.0127,22.5988],[80.0883,22.342],[80.0936,22.3416]]]},"properties":{"ID_0":105,"ISO":"IND","NAME_0":"India","ID_1":20,"NAME_1":"Madhya Pradesh","ID_2":295,"NAME_2":"Seoni","NL_NAME_2":null,"VARNAME_2":null,"TYPE_2":"District","ENGTYPE_2":"District"}},{"type":"Feature","geometry":{"type":"Polygon","coordinates":[[[81.7859,22.8771],[81.7843,22.7666],[81.7229,22.6762],[81.6779,22.7819],[81.5225,22.7509],[81.4192,22.8376],[81.1917,22.9144],[81.2335,23.0618],[81.0932,23.2036],[80.9976,23.379],[81.0817,23.4527],[81.2309,23.6461],[81.2399,23.7267],[81.1814,23.7872],[81.124,23.9621],[81.0655,23.9656],[80.9992,24.0907],[81.004,24.0953],[81.1207,24.137],[81.1936,24.1124],[81.3829,24.2675],[81.4613,24.2715],[81.4666,24.1738],[81.5311,24.0719],[81.4952,23.9964],[81.5969,23.889],[81.6873,23.7213],[81.6132,23.661],[81.6052,23.5109],[81.7292,23.5651],[81.8272,23.5113],[81.9164,23.5321],[81.9736,23.4176],[81.8855,23.3232],[81.8744,23.2449],[81.8642,23.2397],[81.821,23.2581],[81.7506,23.2147],[81.5946,23.1939],[81.5311,23.1186],[81.6044,23.0726],[81.7069,22.9231],[81.7859,22.8771]]]},"properties":{"ID_0":105,"ISO":"IND","NAME_0":"India","ID_1":20,"NAME_1":"Madhya Pradesh","ID_2":296,"NAME_2":"Shahdol","NL_NAME_2":null,"VARNAME_2":"Sahdol","TYPE_2":"District","ENGTYPE_2":"District"}},{"type":"Feature","geometry":{"type":"Polygon","coordinates":[[[76.5358,23.1324],[76.4068,23.2209],[76.1564,23.2252],[76.1114,23.2449],[76.1802,23.2798],[76.2065,23.3898],[76.1939,23.5028],[76.0608,23.5662],[75.8503,23.5739],[75.7827,23.7271],[75.6895,23.7509],[75.6845,23.7606],[75.6902,23.8196],[75.9758,23.9329],[75.9602,24.0254],[76.1347,24.0953],[76.1234,24.2054],[76.2156,24.2168],[76.2012,24.1038],[76.2628,24.0571],[76.3948,23.7661],[76.4022,23.6763],[76.4867,23.5147],[76.6001,23.5652],[76.6923,23.4909],[76.959,23.5047],[77.0481,23.4846],[76.9935,23.4028],[76.9905,23.2891],[76.8907,23.2098],[76.861,23.1091],[76.7313,23.1456],[76.5358,23.1324]]]},"properties":{"ID_0":105,"ISO":"IND","NAME_0":"India","ID_1":20,"NAME_1":"Madhya Pradesh","ID_2":297,"NAME_2":"Shajapur","NL_NAME_2":null,"VARNAME_2":null,"TYPE_2":"District","ENGTYPE_2":"District"}},{"type":"Feature","geometry":{"type":"Polygon","coordinates":[[[77.1094,26.2251],[77.2434,26.09],[77.3939,26.1579],[77.5453,26.0293],[77.6416,26.0142],[77.6495,25.9164],[77.5511,25.8192],[77.4352,25.8967],[77.3933,25.7868],[77.2703,25.7248],[77.2885,25.5395],[77.1811,25.519],[77.0755,25.3397],[76.9587,25.2972],[76.7728,25.3159],[76.6025,25.389],[76.5743,25.4367],[76.5203,25.5299],[76.5108,25.6728],[76.5668,25.8397],[76.6414,25.9063],[76.7333,25.9025],[76.8381,26.0364],[77.1094,26.2251]]]},"properties":{"ID_0":105,"ISO":"IND","NAME_0":"India","ID_1":20,"NAME_1":"Madhya Pradesh","ID_2":298,"NAME_2":"Sheopur","NL_NAME_2":null,"VARNAME_2":"Sheopur Kala","TYPE_2":"District","ENGTYPE_2":"District"}},{"type":"Feature","geometry":{"type":"Polygon","coordinates":[[[78.1653,24.8482],[78.0253,24.8423],[77.9636,24.8787],[78.0018,24.9661],[77.8201,25.0045],[77.7424,24.8717],[77.6149,24.9133],[77.5573,24.876],[77.3526,24.9488],[77.3029,25.0839],[77.3867,25.122],[77.4064,25.2263],[77.3053,25.4364],[77.1536,25.3132],[77.0755,25.3397],[77.1811,25.519],[77.2885,25.5395],[77.2703,25.7248],[77.3933,25.7868],[77.4352,25.8967],[77.5511,25.8192],[77.6495,25.9164],[77.6701,25.9215],[77.9111,25.7588],[78.0514,25.7163],[78.2069,25.744],[78.2737,25.7864],[78.2532,25.7244],[78.4371,25.5644],[78.4216,25.4797],[78.3352,25.4311],[78.3313,25.3367],[78.3854,25.1952],[78.4429,25.1288],[78.3252,25.0841],[78.3275,24.9996],[78.1704,24.8853],[78.1653,24.8482]]]},"properties":{"ID_0":105,"ISO":"IND","NAME_0":"India","ID_1":20,"NAME_1":"Madhya Pradesh","ID_2":299,"NAME_2":"Shivpuri","NL_NAME_2":null,"VARNAME_2":"Narwar","TYPE_2":"District","ENGTYPE_2":"District"}},{"type":"Feature","geometry":{"type":"Polygon","coordinates":[[[82.4918,23.7857],[82.1993,23.8319],[82.0454,23.8206],[82.0007,23.8631],[81.8117,23.8095],[81.5969,23.889],[81.4952,23.9964],[81.5311,24.0719],[81.4666,24.1738],[81.4613,24.2715],[81.3829,24.2675],[81.2983,24.3252],[81.5406,24.4452],[82.1912,24.6181],[82.2939,24.6137],[82.4092,24.5978],[82.4202,24.7053],[82.5184,24.6783],[82.6656,24.6999],[82.7658,24.6416],[82.7161,24.5571],[82.7641,24.2924],[82.7084,24.0808],[82.8078,23.9631],[82.6547,23.9063],[82.6295,23.839],[82.4918,23.7857]]]},"properties":{"ID_0":105,"ISO":"IND","NAME_0":"India","ID_1":20,"NAME_1":"Madhya Pradesh","ID_2":300,"NAME_2":"Sidhi","NL_NAME_2":null,"VARNAME_2":null,"TYPE_2":"District","ENGTYPE_2":"District"}},{"type":"Feature","geometry":{"type":"Polygon","coordinates":[[[79.3139,25.151],[79.3403,24.8967],[79.2899,24.6791],[79.174,24.6142],[79.0849,24.6346],[78.982,24.4472],[78.8817,24.6397],[78.752,24.6025],[78.7645,24.8614],[78.6249,24.9619],[78.5626,25.226],[78.5209,25.288],[78.6035,25.4171],[78.7644,25.3584],[78.7246,25.4633],[78.9419,25.5312],[78.9291,25.4283],[78.7933,25.2931],[78.8674,25.19],[79.0265,25.2347],[79.1334,25.1111],[79.3139,25.151]]]},"properties":{"ID_0":105,"ISO":"IND","NAME_0":"India","ID_1":20,"NAME_1":"Madhya Pradesh","ID_2":301,"NAME_2":"Tikamgarh","NL_NAME_2":null,"VARNAME_2":null,"TYPE_2":"District","ENGTYPE_2":"District"}},{"type":"Feature","geometry":{"type":"Polygon","coordinates":[[[76.1114,23.2449],[76.1251,23.1795],[75.8992,23.0038],[75.8726,23.0417],[75.6339,23.0239],[75.5661,23.0683],[75.4791,23.0053],[75.4376,22.8727],[75.332,22.8419],[75.3019,23.1322],[75.2415,23.1391],[75.2607,23.3042],[75.1578,23.4389],[75.1833,23.5217],[75.279,23.5908],[75.3972,23.6054],[75.496,23.5295],[75.5234,23.6724],[75.6205,23.6653],[75.6895,23.7509],[75.7827,23.7271],[75.8503,23.5739],[76.0608,23.5662],[76.1939,23.5028],[76.2065,23.3898],[76.1802,23.2798],[76.1114,23.2449]]]},"properties":{"ID_0":105,"ISO":"IND","NAME_0":"India","ID_1":20,"NAME_1":"Madhya Pradesh","ID_2":302,"NAME_2":"Ujjain","NL_NAME_2":null,"VARNAME_2":null,"TYPE_2":"District","ENGTYPE_2":"District"}},{"type":"Feature","geometry":{"type":"Polygon","coordinates":[[[81.0932,23.2036],[80.9304,23.2908],[80.8645,23.2387],[80.71,23.2825],[80.6944,23.3731],[80.5669,23.354],[80.5372,23.3921],[80.5529,23.5645],[80.6343,23.6278],[80.6801,23.7348],[80.8142,23.6718],[80.8948,23.6816],[80.887,23.8633],[80.8351,23.9101],[80.8971,24.0379],[80.9477,24.0661],[80.9506,24.0692],[80.9542,24.07],[80.9919,24.0947],[80.9992,24.0907],[81.0655,23.9656],[81.124,23.9621],[81.1814,23.7872],[81.2399,23.7267],[81.2309,23.6461],[81.0817,23.4527],[80.9976,23.379],[81.0932,23.2036]]]},"properties":{"ID_0":105,"ISO":"IND","NAME_0":"India","ID_1":20,"NAME_1":"Madhya Pradesh","ID_2":303,"NAME_2":"Umaria","NL_NAME_2":null,"VARNAME_2":null,"TYPE_2":"District","ENGTYPE_2":"District"}},{"type":"Feature","geometry":{"type":"Polygon","coordinates":[[[77.6437,24.3197],[77.8743,24.3222],[77.9606,24.2524],[78.0667,24.2608],[78.1284,24.2153],[78.1128,24.0451],[78.2062,24.0723],[78.2849,23.9896],[78.2546,23.7283],[78.2871,23.6777],[78.2162,23.5326],[78.1288,23.5203],[78.0172,23.3488],[77.9103,23.4562],[77.8064,23.4652],[77.7301,23.5385],[77.621,23.4678],[77.5175,23.5216],[77.5085,23.5852],[77.6459,23.7025],[77.5695,23.7728],[77.4665,23.7647],[77.3702,23.8883],[77.3141,23.8981],[77.3061,24.0142],[77.2598,24.0746],[77.3964,24.2798],[77.5485,24.2532],[77.6437,24.3197]]]},"properties":{"ID_0":105,"ISO":"IND","NAME_0":"India","ID_1":20,"NAME_1":"Madhya Pradesh","ID_2":304,"NAME_2":"Vidisha","NL_NAME_2":null,"VARNAME_2":null,"TYPE_2":"District","ENGTYPE_2":"District"}},{"type":"Feature","geometry":{"type":"Polygon","coordinates":[[[75.6194,21.3935],[75.5842,21.4774],[75.4632,21.5455],[75.5017,21.6199],[75.4413,21.6783],[75.2931,21.6378],[75.2655,21.7477],[75.3975,22.094],[75.32,22.1363],[75.505,22.1604],[75.5358,22.2288],[75.4972,22.3392],[75.5591,22.3778],[75.6209,22.3428],[76.0153,22.4429],[76.0858,22.5506],[76.1009,22.4794],[76.2368,22.3957],[76.2122,22.3326],[76.1298,22.173],[76.233,22.076],[76.1458,21.9817],[76.1702,21.8881],[76.103,21.8501],[76.1178,21.723],[76.0788,21.5746],[75.9578,21.5491],[76.006,21.4823],[75.9916,21.3761],[75.6194,21.3935]]]},"properties":{"ID_0":105,"ISO":"IND","NAME_0":"India","ID_1":20,"NAME_1":"Madhya Pradesh","ID_2":305,"NAME_2":"West Nimar","NL_NAME_2":null,"VARNAME_2":"Khargone;Khargaon","TYPE_2":"District","ENGTYPE_2":"District"}},{"type":"Feature","geometry":{"type":"Polygon","coordinates":[[[74.6777,19.9476],[74.6407,19.7951],[74.7244,19.778],[74.7343,19.7],[75.1973,19.594],[75.3438,19.4641],[75.3685,19.398],[75.4811,19.4217],[75.5373,19.3755],[75.5193,19.277],[75.4476,19.2174],[75.4125,19.079],[75.3108,19.0936],[75.2118,19.0341],[75.0791,19.0534],[74.9463,19.1266],[74.9203,19.0402],[74.8328,18.9385],[75.1267,18.6845],[75.2184,18.5543],[75.1382,18.5261],[75.0961,18.4336],[74.8383,18.3389],[74.7317,18.4795],[74.5858,18.4731],[74.5492,18.5833],[74.392,18.8081],[74.1819,19.0419],[74.2772,19.1858],[74.1008,19.2264],[73.9384,19.3407],[73.7897,19.3861],[73.6993,19.4393],[73.708,19.5053],[73.6288,19.5871],[73.7874,19.6358],[73.8503,19.7413],[73.923,19.6819],[74.128,19.6442],[74.1706,19.7256],[74.3248,19.768],[74.3702,19.8713],[74.2561,19.9375],[74.3253,19.9862],[74.6777,19.9476]]]},"properties":{"ID_0":105,"ISO":"IND","NAME_0":"India","ID_1":21,"NAME_1":"Maharashtra","ID_2":306,"NAME_2":"Ahmednagar","NL_NAME_2":null,"VARNAME_2":"Ahmadnagar","TYPE_2":"District","ENGTYPE_2":"District"}},{"type":"Feature","geometry":{"type":"Polygon","coordinates":[[[77.6127,20.7611],[77.5185,20.7328],[77.4637,20.6113],[77.3369,20.5768],[77.3458,20.466],[77.2225,20.4491],[77.1298,20.4012],[77.0528,20.4497],[76.9775,20.3731],[76.8202,20.2815],[76.6981,20.3546],[76.6924,20.4598],[76.761,20.5421],[76.7153,20.6526],[76.7438,20.8012],[76.6623,20.9189],[76.7828,20.9309],[76.7818,21.191],[77.162,21.2391],[77.1707,21.0247],[77.1316,20.865],[77.5262,20.8494],[77.6127,20.7611]]]},"properties":{"ID_0":105,"ISO":"IND","NAME_0":"India","ID_1":21,"NAME_1":"Maharashtra","ID_2":307,"NAME_2":"Akola","NL_NAME_2":null,"VARNAME_2":null,"TYPE_2":"District","ENGTYPE_2":"District"}},{"type":"Feature","geometry":{"type":"Polygon","coordinates":[[[77.0621,21.715],[77.2074,21.694],[77.2771,21.7598],[77.4969,21.7492],[77.5586,21.6687],[77.567,21.5298],[77.4235,21.5426],[77.487,21.3778],[77.6459,21.3934],[77.899,21.3784],[78.0637,21.4389],[78.2155,21.5537],[78.3368,21.5905],[78.4135,21.5777],[78.4301,21.5018],[78.4414,21.4043],[78.2467,21.3301],[78.1009,21.3564],[78.0513,21.2507],[78.1385,21.1418],[78.1418,20.9533],[78.2333,20.8966],[78.2952,20.812],[78.275,20.6971],[78.1547,20.6599],[78.0595,20.6735],[77.9666,20.5881],[77.8133,20.5862],[77.768,20.5408],[77.6496,20.5652],[77.6127,20.7611],[77.5262,20.8494],[77.1316,20.865],[77.1707,21.0247],[77.162,21.2391],[76.7818,21.191],[76.7222,21.2913],[76.6611,21.2824],[76.6245,21.3351],[76.7321,21.4088],[76.7918,21.4899],[76.7802,21.5625],[76.8917,21.6007],[77.0621,21.715]]]},"properties":{"ID_0":105,"ISO":"IND","NAME_0":"India","ID_1":21,"NAME_1":"Maharashtra","ID_2":308,"NAME_2":"Amravati","NL_NAME_2":null,"VARNAME_2":"Amaravati, Amraoti, Amaraoti","TYPE_2":"District","ENGTYPE_2":"District"}},{"type":"Feature","geometry":{"type":"Polygon","coordinates":[[[75.4811,19.4217],[75.3685,19.398],[75.3438,19.4641],[75.1973,19.594],[74.7343,19.7],[74.7244,19.778],[74.6407,19.7951],[74.6777,19.9476],[74.7423,20.0833],[74.7196,20.1362],[74.8201,20.2454],[74.9273,20.1547],[74.9382,20.271],[75.0512,20.309],[75.1108,20.4084],[75.2418,20.5231],[75.257,20.5716],[75.393,20.5812],[75.4912,20.5326],[75.5602,20.6151],[75.7594,20.6159],[75.8899,20.565],[75.7526,20.3748],[75.6499,20.1926],[75.5949,20.0293],[75.655,19.9115],[75.6293,19.7768],[75.6571,19.5552],[75.6115,19.382],[75.4811,19.4217]]]},"properties":{"ID_0":105,"ISO":"IND","NAME_0":"India","ID_1":21,"NAME_1":"Maharashtra","ID_2":309,"NAME_2":"Aurangabad","NL_NAME_2":null,"VARNAME_2":null,"TYPE_2":"District","ENGTYPE_2":"District"}},{"type":"Feature","geometry":{"type":"MultiPolygon","coordinates":[[[[80.6565,21.3308],[80.6387,21.2548],[80.4573,21.1728],[80.4333,21.0972],[80.3349,21.188],[80.319,21.3974],[80.3753,21.4911],[80.4483,21.4023],[80.5932,21.3248],[80.6565,21.3308]]],[[[79.5366,21.5442],[79.7326,21.6025],[79.9158,21.5245],[79.8766,21.4248],[79.7932,21.3771],[79.842,21.2451],[79.9355,21.2522],[80.0433,21.2101],[80.0805,21.0478],[79.9465,21.0127],[79.9414,20.9256],[79.8589,20.8757],[79.958,20.689],[79.9266,20.6656],[79.7463,20.6851],[79.6873,20.6681],[79.503,20.7036],[79.6535,20.9693],[79.5077,21.1215],[79.5695,21.2837],[79.4772,21.428],[79.5366,21.5442]]]]},"properties":{"ID_0":105,"ISO":"IND","NAME_0":"India","ID_1":21,"NAME_1":"Maharashtra","ID_2":310,"NAME_2":"Bhandara","NL_NAME_2":null,"VARNAME_2":null,"TYPE_2":"District","ENGTYPE_2":"District"}},{"type":"Feature","geometry":{"type":"Polygon","coordinates":[[[75.2184,18.5543],[75.1267,18.6845],[74.8328,18.9385],[74.9203,19.0402],[74.9463,19.1266],[75.0791,19.0534],[75.2118,19.0341],[75.3108,19.0936],[75.4125,19.079],[75.4476,19.2174],[75.5193,19.277],[75.5373,19.3755],[75.4811,19.4217],[75.6115,19.382],[75.6894,19.3558],[75.9229,19.3741],[76.2092,19.2778],[76.3646,19.2341],[76.3608,19.1562],[76.4384,19.0882],[76.478,18.9563],[76.5829,18.9446],[76.5835,18.8823],[76.7256,18.7487],[76.7359,18.7016],[76.5626,18.6735],[76.4175,18.6245],[76.4099,18.5554],[76.2766,18.5565],[76.099,18.5874],[75.8264,18.6704],[75.6034,18.6925],[75.4547,18.5886],[75.4249,18.5351],[75.3171,18.5184],[75.2184,18.5543]]]},"properties":{"ID_0":105,"ISO":"IND","NAME_0":"India","ID_1":21,"NAME_1":"Maharashtra","ID_2":311,"NAME_2":"Bid","NL_NAME_2":null,"VARNAME_2":"Bir|Beed|Bhir|Bidh","TYPE_2":"District","ENGTYPE_2":"District"}},{"type":"Feature","geometry":{"type":"Polygon","coordinates":[[[76.3828,21.0796],[76.4825,21.1882],[76.62,21.1954],[76.6611,21.2824],[76.7222,21.2913],[76.7818,21.191],[76.7828,20.9309],[76.6623,20.9189],[76.7438,20.8012],[76.7153,20.6526],[76.761,20.5421],[76.6924,20.4598],[76.6981,20.3546],[76.8202,20.2815],[76.7571,20.1317],[76.6695,20.1274],[76.6456,19.8663],[76.532,19.8512],[76.4923,19.9178],[76.1745,19.8502],[76.1003,19.8568],[75.9974,19.9764],[76.0822,20.1216],[76.1513,20.1786],[76.1776,20.2982],[76.0986,20.353],[75.9813,20.3223],[75.9446,20.5055],[76.0403,20.5566],[76.0111,20.6447],[75.998,20.7798],[76.1151,20.8952],[76.0919,20.9454],[76.2252,21.0139],[76.2798,20.9601],[76.3823,20.9795],[76.3828,21.0796]]]},"properties":{"ID_0":105,"ISO":"IND","NAME_0":"India","ID_1":21,"NAME_1":"Maharashtra","ID_2":312,"NAME_2":"Buldana","NL_NAME_2":null,"VARNAME_2":null,"TYPE_2":"District","ENGTYPE_2":"District"}},{"type":"Feature","geometry":{"type":"Polygon","coordinates":[[[79.7854,19.5936],[79.5427,19.5485],[79.4704,19.4975],[79.2552,19.6112],[79.189,19.4587],[79.1029,19.528],[79.0184,19.54],[78.969,19.6492],[78.8588,19.6563],[78.8443,19.759],[78.9463,19.752],[79.1269,19.8618],[79.1095,19.9874],[78.9496,20.1677],[78.9163,20.2367],[78.7966,20.2975],[78.8137,20.3871],[79.0184,20.4782],[79.125,20.4537],[79.219,20.5818],[79.3159,20.5829],[79.503,20.7036],[79.6873,20.6681],[79.7463,20.6851],[79.9266,20.6656],[79.9349,20.4455],[79.9857,20.2359],[79.9072,20.1391],[79.985,20.0434],[79.944,19.9828],[79.7743,19.9986],[79.7992,19.898],[79.7377,19.8214],[79.7803,19.7152],[79.7854,19.5936]]]},"properties":{"ID_0":105,"ISO":"IND","NAME_0":"India","ID_1":21,"NAME_1":"Maharashtra","ID_2":313,"NAME_2":"Chandrapur","NL_NAME_2":null,"VARNAME_2":"Chanda","TYPE_2":"District","ENGTYPE_2":"District"}},{"type":"Feature","geometry":{"type":"Polygon","coordinates":[[[73.8963,20.933],[73.8572,20.9977],[74.1257,21.2152],[74.2278,21.2427],[74.3599,21.2335],[74.4367,21.2645],[74.5245,21.4312],[74.689,21.4044],[74.7634,21.5188],[74.775,21.6155],[74.8663,21.6311],[75.0577,21.5649],[75.1067,21.4696],[75.2075,21.4158],[75.1276,21.3413],[75.1065,21.238],[74.8958,21.1532],[74.8611,21.0648],[74.9241,21.0123],[74.9171,20.9285],[74.9731,20.879],[74.994,20.738],[74.9325,20.659],[74.8184,20.6352],[74.6548,20.6963],[74.6689,20.7757],[74.5525,20.8284],[74.1319,20.8662],[73.9451,20.8401],[73.8963,20.933]]]},"properties":{"ID_0":105,"ISO":"IND","NAME_0":"India","ID_1":21,"NAME_1":"Maharashtra","ID_2":314,"NAME_2":"Dhule","NL_NAME_2":null,"VARNAME_2":"Dhulia, West Khandesh","TYPE_2":"District","ENGTYPE_2":"District"}},{"type":"Feature","geometry":{"type":"Polygon","coordinates":[[[79.894,18.8308],[79.939,18.8589],[79.926,19.0425],[79.858,19.1041],[79.9424,19.1759],[79.9202,19.2264],[79.9731,19.401],[79.911,19.4923],[79.7854,19.5936],[79.7803,19.7152],[79.7377,19.8214],[79.7992,19.898],[79.7743,19.9986],[79.944,19.9828],[79.985,20.0434],[79.9072,20.1391],[79.9857,20.2359],[79.9349,20.4455],[79.9266,20.6656],[79.958,20.689],[80.012,20.6653],[80.155,20.6859],[80.2668,20.6705],[80.3251,20.8186],[80.5559,20.8197],[80.6129,20.5906],[80.6167,20.3257],[80.5108,20.2696],[80.383,20.2417],[80.4513,20.1449],[80.5404,20.1098],[80.5442,19.9815],[80.4898,19.8937],[80.5397,19.7746],[80.6646,19.6908],[80.721,19.6084],[80.8791,19.519],[80.7879,19.4267],[80.8264,19.348],[80.7492,19.2867],[80.6039,19.3118],[80.5593,19.3976],[80.3885,19.2433],[80.3811,19.1807],[80.2677,18.9873],[80.3462,18.8111],[80.2675,18.718],[80.1066,18.6775],[80.0124,18.7668],[79.894,18.8308]]]},"properties":{"ID_0":105,"ISO":"IND","NAME_0":"India","ID_1":21,"NAME_1":"Maharashtra","ID_2":315,"NAME_2":"Garhchiroli","NL_NAME_2":null,"VARNAME_2":null,"TYPE_2":"District","ENGTYPE_2":"District"}},{"type":"Feature","geometry":{"type":"Polygon","coordinates":[[[80.4333,21.0972],[80.4591,20.9282],[80.5352,20.9313],[80.5559,20.8197],[80.3251,20.8186],[80.2668,20.6705],[80.155,20.6859],[80.012,20.6653],[79.958,20.689],[79.8589,20.8757],[79.9414,20.9256],[79.9465,21.0127],[80.0805,21.0478],[80.0433,21.2101],[79.9355,21.2522],[79.842,21.2451],[79.7932,21.3771],[79.8766,21.4248],[79.9158,21.5245],[80.0636,21.5546],[80.1882,21.6342],[80.2602,21.6201],[80.3753,21.4911],[80.319,21.3974],[80.3349,21.188],[80.4333,21.0972]]]},"properties":{"ID_0":105,"ISO":"IND","NAME_0":"India","ID_1":21,"NAME_1":"Maharashtra","ID_2":316,"NAME_2":"Gondiya","NL_NAME_2":null,"VARNAME_2":null,"TYPE_2":"District","ENGTYPE_2":"District"}},{"type":"Feature","geometry":{"type":"Polygon","coordinates":[[[73.1208,19.1107],[73.0584,19.0971],[73.0323,18.9992],[72.9185,18.9996],[72.8238,19.0421],[72.776,19.2221],[72.7932,19.3104],[72.9638,19.3018],[73.1208,19.1107]]]},"properties":{"ID_0":105,"ISO":"IND","NAME_0":"India","ID_1":21,"NAME_1":"Maharashtra","ID_2":317,"NAME_2":"Greater Bombay","NL_NAME_2":null,"VARNAME_2":null,"TYPE_2":"District","ENGTYPE_2":"District"}},{"type":"Feature","geometry":{"type":"Polygon","coordinates":[[[77.2831,19.9109],[77.3871,19.8212],[77.3764,19.7431],[77.4565,19.682],[77.4672,19.4984],[77.4486,19.3887],[77.3615,19.3384],[77.2416,19.3206],[77.1758,19.2105],[77.189,19.1299],[77.0989,19.1067],[77.0112,19.2514],[76.8911,19.3113],[76.9672,19.5454],[76.9408,19.6225],[76.8492,19.7048],[76.7323,19.7171],[76.6772,19.8468],[76.7717,19.9335],[77.0341,20.011],[77.0997,19.9333],[77.2064,19.9475],[77.2831,19.9109]]]},"properties":{"ID_0":105,"ISO":"IND","NAME_0":"India","ID_1":21,"NAME_1":"Maharashtra","ID_2":318,"NAME_2":"Hingoli","NL_NAME_2":null,"VARNAME_2":null,"TYPE_2":"District","ENGTYPE_2":"District"}},{"type":"Feature","geometry":{"type":"Polygon","coordinates":[[[75.2075,21.4158],[75.5481,21.3725],[75.6194,21.3935],[75.9916,21.3761],[76.095,21.3727],[76.1671,21.2036],[76.167,21.0896],[76.3828,21.0796],[76.3823,20.9795],[76.2798,20.9601],[76.2252,21.0139],[76.0919,20.9454],[76.1151,20.8952],[75.998,20.7798],[76.0111,20.6447],[75.8899,20.565],[75.7594,20.6159],[75.5602,20.6151],[75.4912,20.5326],[75.393,20.5812],[75.257,20.5716],[75.2418,20.5231],[75.1108,20.4084],[75.0512,20.309],[74.9382,20.271],[74.8737,20.2783],[74.8414,20.4188],[74.7772,20.4719],[74.8184,20.6352],[74.9325,20.659],[74.994,20.738],[74.9731,20.879],[74.9171,20.9285],[74.9241,21.0123],[74.8611,21.0648],[74.8958,21.1532],[75.1065,21.238],[75.1276,21.3413],[75.2075,21.4158]]]},"properties":{"ID_0":105,"ISO":"IND","NAME_0":"India","ID_1":21,"NAME_1":"Maharashtra","ID_2":319,"NAME_2":"Jalgaon","NL_NAME_2":null,"VARNAME_2":"East Khandesh","TYPE_2":"District","ENGTYPE_2":"District"}},{"type":"Feature","geometry":{"type":"Polygon","coordinates":[[[75.6115,19.382],[75.6571,19.5552],[75.6293,19.7768],[75.655,19.9115],[75.5949,20.0293],[75.6499,20.1926],[75.7526,20.3748],[75.8899,20.565],[76.0111,20.6447],[76.0403,20.5566],[75.9446,20.5055],[75.9813,20.3223],[76.0986,20.353],[76.1776,20.2982],[76.1513,20.1786],[76.0822,20.1216],[75.9974,19.9764],[76.1003,19.8568],[76.1745,19.8502],[76.4923,19.9178],[76.532,19.8512],[76.4529,19.6672],[76.4418,19.5412],[76.2909,19.4319],[76.2092,19.2778],[75.9229,19.3741],[75.6894,19.3558],[75.6115,19.382]]]},"properties":{"ID_0":105,"ISO":"IND","NAME_0":"India","ID_1":21,"NAME_1":"Maharashtra","ID_2":320,"NAME_2":"Jalna","NL_NAME_2":null,"VARNAME_2":null,"TYPE_2":"District","ENGTYPE_2":"District"}},{"type":"Feature","geometry":{"type":"Polygon","coordinates":[[[74.6982,16.7152],[74.6943,16.6152],[74.5741,16.552],[74.4955,16.6277],[74.2766,16.5206],[74.3389,16.4522],[74.3487,16.2915],[74.5083,16.2229],[74.4891,16.0873],[74.4352,15.9512],[74.37,15.8757],[74.3509,15.7634],[74.2174,15.7788],[74.0913,15.8658],[74.0916,16.0017],[73.9097,16.0871],[73.9551,16.1704],[73.8581,16.3117],[73.8963,16.447],[73.8351,16.5419],[73.8627,16.6487],[73.7472,16.8192],[73.7968,16.9914],[73.7978,17.0918],[73.7187,17.1684],[73.858,17.1514],[74.0306,16.9831],[74.0472,16.9226],[74.4201,16.8404],[74.5018,16.8541],[74.6371,16.7843],[74.6982,16.7152]]]},"properties":{"ID_0":105,"ISO":"IND","NAME_0":"India","ID_1":21,"NAME_1":"Maharashtra","ID_2":321,"NAME_2":"Kolhapur","NL_NAME_2":null,"VARNAME_2":null,"TYPE_2":"District","ENGTYPE_2":"District"}},{"type":"Feature","geometry":{"type":"Polygon","coordinates":[[[77.2646,18.4184],[77.2062,18.278],[77.0577,18.1524],[76.9541,18.1849],[76.9521,18.0377],[76.8812,17.8931],[76.7407,17.898],[76.6753,17.9954],[76.5954,18.0315],[76.4276,18.0292],[76.2767,18.1385],[76.3182,18.3282],[76.2714,18.4194],[76.2766,18.5565],[76.4099,18.5554],[76.4175,18.6245],[76.5626,18.6735],[76.7359,18.7016],[76.7256,18.7487],[76.8833,18.8342],[76.9932,18.8267],[77.0546,18.7651],[77.0443,18.6821],[77.2678,18.6098],[77.2936,18.5461],[77.2646,18.4184]]]},"properties":{"ID_0":105,"ISO":"IND","NAME_0":"India","ID_1":21,"NAME_1":"Maharashtra","ID_2":322,"NAME_2":"Latur","NL_NAME_2":null,"VARNAME_2":"Kulaba, Kolaba, Kolabad","TYPE_2":"District","ENGTYPE_2":"District"}},{"type":"Feature","geometry":{"type":"Polygon","coordinates":[[[79.5058,21.5903],[79.5366,21.5442],[79.4772,21.428],[79.5695,21.2837],[79.5077,21.1215],[79.6535,20.9693],[79.503,20.7036],[79.3159,20.5829],[79.219,20.5818],[79.1372,20.6758],[78.9398,20.7672],[78.9106,20.8355],[78.7996,20.8772],[78.7258,21.0054],[78.647,21.0368],[78.4377,21.236],[78.3283,21.2519],[78.2467,21.3301],[78.4414,21.4043],[78.4301,21.5018],[78.5086,21.5284],[78.621,21.4775],[78.9318,21.4874],[78.9127,21.5631],[78.9748,21.6176],[79.1041,21.6094],[79.2281,21.7219],[79.2848,21.6939],[79.4886,21.6741],[79.5058,21.5903]]]},"properties":{"ID_0":105,"ISO":"IND","NAME_0":"India","ID_1":21,"NAME_1":"Maharashtra","ID_2":323,"NAME_2":"Nagpur","NL_NAME_2":null,"VARNAME_2":null,"TYPE_2":"District","ENGTYPE_2":"District"}},{"type":"Feature","geometry":{"type":"Polygon","coordinates":[[[78.3102,19.9127],[78.3677,19.7811],[78.2858,19.6897],[78.312,19.4659],[78.1876,19.3956],[78.1833,19.2415],[78.0457,19.2709],[77.9489,19.3413],[77.8609,19.3021],[77.8452,19.1142],[77.7617,19.062],[77.7674,18.9814],[77.8537,18.9523],[77.9441,18.8423],[77.8375,18.8075],[77.7472,18.5891],[77.5826,18.4431],[77.5273,18.3394],[77.55,18.2913],[77.4654,18.26],[77.4078,18.2996],[77.4005,18.3978],[77.2646,18.4184],[77.2936,18.5461],[77.2678,18.6098],[77.0443,18.6821],[77.0546,18.7651],[76.9932,18.8267],[77.0605,19.067],[77.0989,19.1067],[77.189,19.1299],[77.1758,19.2105],[77.2416,19.3206],[77.3615,19.3384],[77.4486,19.3887],[77.4672,19.4984],[77.4565,19.682],[77.6134,19.6376],[77.6429,19.5473],[77.746,19.5214],[77.7453,19.4305],[77.8437,19.4552],[77.8577,19.5191],[78.009,19.4647],[78.1101,19.4906],[78.1903,19.6249],[78.078,19.6479],[77.8453,19.8007],[77.9499,19.9112],[78.0742,19.9004],[78.3102,19.9127]]]},"properties":{"ID_0":105,"ISO":"IND","NAME_0":"India","ID_1":21,"NAME_1":"Maharashtra","ID_2":324,"NAME_2":"Nanded","NL_NAME_2":null,"VARNAME_2":"Nander","TYPE_2":"District","ENGTYPE_2":"District"}},{"type":"Feature","geometry":{"type":"Polygon","coordinates":[[[73.9875,21.5224],[73.8608,21.4958],[73.8245,21.5983],[73.8902,21.7106],[73.8276,21.8119],[73.9492,21.8703],[74.146,21.9541],[74.2923,21.9373],[74.4355,22.031],[74.5275,21.9088],[74.5114,21.7285],[74.589,21.6653],[74.775,21.6155],[74.7634,21.5188],[74.689,21.4044],[74.5245,21.4312],[74.4367,21.2645],[74.3599,21.2335],[74.2278,21.2427],[74.1257,21.2152],[73.8572,20.9977],[73.7476,21.04],[73.7416,21.1671],[73.8225,21.1719],[73.8321,21.2675],[73.9485,21.2976],[73.9619,21.3931],[74.1208,21.4497],[74.3078,21.4801],[74.2917,21.5588],[74.0256,21.5526],[73.9875,21.5224]]]},"properties":{"ID_0":105,"ISO":"IND","NAME_0":"India","ID_1":21,"NAME_1":"Maharashtra","ID_2":325,"NAME_2":"Nandurbar","NL_NAME_2":null,"VARNAME_2":null,"TYPE_2":"District","ENGTYPE_2":"District"}},{"type":"Feature","geometry":{"type":"Polygon","coordinates":[[[73.416,20.6262],[73.4752,20.7217],[73.6073,20.6363],[73.6707,20.5623],[73.7377,20.574],[73.7482,20.5674],[73.78,20.5919],[73.8287,20.6965],[73.9383,20.7608],[73.9451,20.8401],[74.1319,20.8662],[74.5525,20.8284],[74.6689,20.7757],[74.6548,20.6963],[74.8184,20.6352],[74.7772,20.4719],[74.8414,20.4188],[74.8737,20.2783],[74.9382,20.271],[74.9273,20.1547],[74.8201,20.2454],[74.7196,20.1362],[74.7423,20.0833],[74.6777,19.9476],[74.3253,19.9862],[74.2561,19.9375],[74.3702,19.8713],[74.3248,19.768],[74.1706,19.7256],[74.128,19.6442],[73.923,19.6819],[73.8503,19.7413],[73.7874,19.6358],[73.6288,19.5871],[73.5758,19.6215],[73.5098,19.7587],[73.471,19.7595],[73.4328,19.9157],[73.4614,19.9821],[73.305,20.0604],[73.2595,20.1246],[73.3111,20.2072],[73.4268,20.2016],[73.4148,20.3816],[73.4759,20.495],[73.4808,20.5836],[73.416,20.6262]]]},"properties":{"ID_0":105,"ISO":"IND","NAME_0":"India","ID_1":21,"NAME_1":"Maharashtra","ID_2":326,"NAME_2":"Nashik","NL_NAME_2":null,"VARNAME_2":"Nasik","TYPE_2":"District","ENGTYPE_2":"District"}},{"type":"Feature","geometry":{"type":"Polygon","coordinates":[[[76.7407,17.898],[76.7882,17.8265],[76.6906,17.68],[76.6041,17.7558],[76.5237,17.7589],[76.4287,17.6444],[76.2987,17.7276],[76.1897,17.681],[76.0188,17.8279],[75.8771,17.845],[75.8404,17.9776],[75.997,17.9916],[75.9251,18.3017],[75.8845,18.3655],[75.765,18.4396],[75.5767,18.2396],[75.5528,18.1443],[75.431,18.1802],[75.4313,18.2636],[75.3044,18.429],[75.3171,18.5184],[75.4249,18.5351],[75.4547,18.5886],[75.6034,18.6925],[75.8264,18.6704],[76.099,18.5874],[76.2766,18.5565],[76.2714,18.4194],[76.3182,18.3282],[76.2767,18.1385],[76.4276,18.0292],[76.5954,18.0315],[76.6753,17.9954],[76.7407,17.898]]]},"properties":{"ID_0":105,"ISO":"IND","NAME_0":"India","ID_1":21,"NAME_1":"Maharashtra","ID_2":327,"NAME_2":"Osmanabad","NL_NAME_2":null,"VARNAME_2":null,"TYPE_2":"District","ENGTYPE_2":"District"}},{"type":"Feature","geometry":{"type":"Polygon","coordinates":[[[76.7256,18.7487],[76.5835,18.8823],[76.5829,18.9446],[76.478,18.9563],[76.4384,19.0882],[76.3608,19.1562],[76.3646,19.2341],[76.2092,19.2778],[76.2909,19.4319],[76.4418,19.5412],[76.4529,19.6672],[76.532,19.8512],[76.6456,19.8663],[76.6772,19.8468],[76.7323,19.7171],[76.8492,19.7048],[76.9408,19.6225],[76.9672,19.5454],[76.8911,19.3113],[77.0112,19.2514],[77.0989,19.1067],[77.0605,19.067],[76.9932,18.8267],[76.8833,18.8342],[76.7256,18.7487]]]},"properties":{"ID_0":105,"ISO":"IND","NAME_0":"India","ID_1":21,"NAME_1":"Maharashtra","ID_2":328,"NAME_2":"Parbhani","NL_NAME_2":null,"VARNAME_2":null,"TYPE_2":"District","ENGTYPE_2":"District"}},{"type":"Feature","geometry":{"type":"Polygon","coordinates":[[[73.7897,19.3861],[73.9384,19.3407],[74.1008,19.2264],[74.2772,19.1858],[74.1819,19.0419],[74.392,18.8081],[74.5492,18.5833],[74.5858,18.4731],[74.7317,18.4795],[74.8383,18.3389],[74.8376,18.246],[74.9551,18.2631],[75.0257,18.1871],[75.1131,18.2139],[75.0942,18.0632],[75.0215,17.9068],[74.8718,17.9504],[74.8682,17.9908],[74.7149,18.0288],[74.3827,18.0731],[73.9107,18.1599],[73.8662,18.0309],[73.668,18.0276],[73.5423,18.2467],[73.4344,18.3046],[73.3975,18.5017],[73.3342,18.5586],[73.3991,18.6537],[73.3624,18.7225],[73.3972,18.8462],[73.4719,18.9655],[73.5561,19.0177],[73.5367,19.1289],[73.6738,19.24],[73.6825,19.3026],[73.7897,19.3861]]]},"properties":{"ID_0":105,"ISO":"IND","NAME_0":"India","ID_1":21,"NAME_1":"Maharashtra","ID_2":329,"NAME_2":"Pune","NL_NAME_2":null,"VARNAME_2":"Poona","TYPE_2":"District","ENGTYPE_2":"District"}},{"type":"Feature","geometry":{"type":"Polygon","coordinates":[[[73.0323,18.9992],[73.0584,19.0971],[73.1208,19.1107],[73.2054,19.1245],[73.2571,19.0633],[73.3602,19.1283],[73.5367,19.1289],[73.5561,19.0177],[73.4719,18.9655],[73.3972,18.8462],[73.3624,18.7225],[73.3991,18.6537],[73.3342,18.5586],[73.3975,18.5017],[73.4344,18.3046],[73.5423,18.2467],[73.668,18.0276],[73.5799,17.8759],[73.4196,17.8844],[73.2773,18.0683],[73.1893,18.0593],[73.1089,17.9907],[73.0373,17.9849],[72.9896,18.056],[72.9921,18.2801],[72.914,18.3549],[72.8949,18.4582],[72.9285,18.5357],[72.8554,18.696],[72.8635,18.7912],[72.9826,18.8101],[72.9396,18.9471],[73.0323,18.9992]]]},"properties":{"ID_0":105,"ISO":"IND","NAME_0":"India","ID_1":21,"NAME_1":"Maharashtra","ID_2":330,"NAME_2":"Raigarh","NL_NAME_2":null,"VARNAME_2":"Raygad","TYPE_2":"District","ENGTYPE_2":"District"}},{"type":"Feature","geometry":{"type":"Polygon","coordinates":[[[73.7187,17.1684],[73.7978,17.0918],[73.7968,16.9914],[73.7472,16.8192],[73.8627,16.6487],[73.7773,16.6582],[73.6712,16.5743],[73.476,16.4916],[73.3901,16.514],[73.3054,16.7293],[73.3157,16.8071],[73.2818,16.9479],[73.2885,17.0579],[73.1771,17.3871],[73.1815,17.5076],[73.1137,17.6893],[73.1351,17.7099],[73.0373,17.9849],[73.1089,17.9907],[73.1893,18.0593],[73.2773,18.0683],[73.4196,17.8844],[73.5799,17.8759],[73.6123,17.7938],[73.5763,17.7209],[73.7125,17.657],[73.7513,17.5594],[73.6916,17.3622],[73.7056,17.2613],[73.7187,17.1684]]]},"properties":{"ID_0":105,"ISO":"IND","NAME_0":"India","ID_1":21,"NAME_1":"Maharashtra","ID_2":331,"NAME_2":"Ratnagiri","NL_NAME_2":null,"VARNAME_2":null,"TYPE_2":"District","ENGTYPE_2":"District"}},{"type":"Feature","geometry":{"type":"Polygon","coordinates":[[[75.3453,16.9525],[75.23,16.8409],[75.0037,16.9458],[74.912,16.8559],[74.9159,16.7857],[74.6982,16.7152],[74.6371,16.7843],[74.5018,16.8541],[74.4201,16.8404],[74.0472,16.9226],[74.0306,16.9831],[73.858,17.1514],[73.7187,17.1684],[73.7056,17.2613],[73.8417,17.2256],[73.8933,17.1548],[74.0444,17.0898],[74.1934,17.1476],[74.2549,17.1387],[74.3011,17.3144],[74.3047,17.4201],[74.5004,17.3819],[74.5404,17.4152],[74.6997,17.3904],[74.7051,17.454],[74.8148,17.4508],[74.9097,17.6256],[74.945,17.5116],[75.0446,17.4728],[74.9658,17.2922],[74.8709,17.1939],[74.9306,17.1441],[75.021,17.2238],[75.4244,17.2635],[75.5171,17.2378],[75.606,17.3033],[75.6575,17.2706],[75.6314,17.1601],[75.6741,17.1136],[75.6687,16.9832],[75.493,16.9452],[75.4679,16.9853],[75.3453,16.9525]]]},"properties":{"ID_0":105,"ISO":"IND","NAME_0":"India","ID_1":21,"NAME_1":"Maharashtra","ID_2":332,"NAME_2":"Sangli","NL_NAME_2":null,"VARNAME_2":"South Satara","TYPE_2":"District","ENGTYPE_2":"District"}},{"type":"Feature","geometry":{"type":"Polygon","coordinates":[[[73.668,18.0276],[73.8662,18.0309],[73.9107,18.1599],[74.3827,18.0731],[74.7149,18.0288],[74.6732,17.9747],[74.7188,17.7825],[74.8241,17.7463],[74.9097,17.6256],[74.8148,17.4508],[74.7051,17.454],[74.6997,17.3904],[74.5404,17.4152],[74.5004,17.3819],[74.3047,17.4201],[74.3011,17.3144],[74.2549,17.1387],[74.1934,17.1476],[74.0444,17.0898],[73.8933,17.1548],[73.8417,17.2256],[73.7056,17.2613],[73.6916,17.3622],[73.7513,17.5594],[73.7125,17.657],[73.5763,17.7209],[73.6123,17.7938],[73.5799,17.8759],[73.668,18.0276]]]},"properties":{"ID_0":105,"ISO":"IND","NAME_0":"India","ID_1":21,"NAME_1":"Maharashtra","ID_2":333,"NAME_2":"Satara","NL_NAME_2":null,"VARNAME_2":"North Satara","TYPE_2":"District","ENGTYPE_2":"District"}},{"type":"Feature","geometry":{"type":"Polygon","coordinates":[[[74.126,15.6503],[74.0024,15.6091],[73.9454,15.7415],[73.8655,15.7975],[73.7865,15.7233],[73.6801,15.7244],[73.586,15.9099],[73.5101,15.9396],[73.3865,16.3607],[73.3901,16.514],[73.476,16.4916],[73.6712,16.5743],[73.7773,16.6582],[73.8627,16.6487],[73.8351,16.5419],[73.8963,16.447],[73.8581,16.3117],[73.9551,16.1704],[73.9097,16.0871],[74.0916,16.0017],[74.0913,15.8658],[74.2174,15.7788],[74.1349,15.7222],[74.126,15.6503]]]},"properties":{"ID_0":105,"ISO":"IND","NAME_0":"India","ID_1":21,"NAME_1":"Maharashtra","ID_2":334,"NAME_2":"Sindhudurg","NL_NAME_2":null,"VARNAME_2":"Kudal, Sindhdurg","TYPE_2":"District","ENGTYPE_2":"District"}},{"type":"Feature","geometry":{"type":"Polygon","coordinates":[[[76.0735,17.3323],[75.9312,17.3241],[75.8944,17.4059],[75.8113,17.3699],[75.6356,17.4775],[75.606,17.3033],[75.5171,17.2378],[75.4244,17.2635],[75.021,17.2238],[74.9306,17.1441],[74.8709,17.1939],[74.9658,17.2922],[75.0446,17.4728],[74.945,17.5116],[74.9097,17.6256],[74.8241,17.7463],[74.7188,17.7825],[74.6732,17.9747],[74.7149,18.0288],[74.8682,17.9908],[74.8718,17.9504],[75.0215,17.9068],[75.0942,18.0632],[75.1131,18.2139],[75.0257,18.1871],[74.9551,18.2631],[74.8376,18.246],[74.8383,18.3389],[75.0961,18.4336],[75.1382,18.5261],[75.2184,18.5543],[75.3171,18.5184],[75.3044,18.429],[75.4313,18.2636],[75.431,18.1802],[75.5528,18.1443],[75.5767,18.2396],[75.765,18.4396],[75.8845,18.3655],[75.9251,18.3017],[75.997,17.9916],[75.8404,17.9776],[75.8771,17.845],[76.0188,17.8279],[76.1897,17.681],[76.2987,17.7276],[76.4287,17.6444],[76.3317,17.5949],[76.3817,17.3118],[76.229,17.3632],[76.0735,17.3323]]]},"properties":{"ID_0":105,"ISO":"IND","NAME_0":"India","ID_1":21,"NAME_1":"Maharashtra","ID_2":335,"NAME_2":"Solapur","NL_NAME_2":null,"VARNAME_2":"Sholapur","TYPE_2":"District","ENGTYPE_2":"District"}},{"type":"Feature","geometry":{"type":"Polygon","coordinates":[[[72.9704,20.2123],[73.0043,20.1179],[73.1367,20.0853],[73.2177,20.1063],[73.2163,20.122],[73.2595,20.1246],[73.305,20.0604],[73.4614,19.9821],[73.4328,19.9157],[73.471,19.7595],[73.5098,19.7587],[73.5758,19.6215],[73.6288,19.5871],[73.708,19.5053],[73.6993,19.4393],[73.7897,19.3861],[73.6825,19.3026],[73.6738,19.24],[73.5367,19.1289],[73.3602,19.1283],[73.2571,19.0633],[73.2054,19.1245],[73.1208,19.1107],[72.9638,19.3018],[72.7932,19.3104],[72.7576,19.376],[72.731,19.5988],[72.6874,19.7476],[72.6654,19.9349],[72.7218,19.9874],[72.7376,20.1365],[72.7876,20.1301],[72.8843,20.2266],[72.9704,20.2123]]]},"properties":{"ID_0":105,"ISO":"IND","NAME_0":"India","ID_1":21,"NAME_1":"Maharashtra","ID_2":336,"NAME_2":"Thane","NL_NAME_2":null,"VARNAME_2":"Thana","TYPE_2":"District","ENGTYPE_2":"District"}},{"type":"Feature","geometry":{"type":"Polygon","coordinates":[[[78.275,20.6971],[78.2952,20.812],[78.2333,20.8966],[78.1418,20.9533],[78.1385,21.1418],[78.0513,21.2507],[78.1009,21.3564],[78.2467,21.3301],[78.3283,21.2519],[78.4377,21.236],[78.647,21.0368],[78.7258,21.0054],[78.7996,20.8772],[78.9106,20.8355],[78.9398,20.7672],[79.1372,20.6758],[79.219,20.5818],[79.125,20.4537],[79.0184,20.4782],[78.8137,20.3871],[78.7966,20.2975],[78.7031,20.3092],[78.6359,20.4343],[78.5725,20.4292],[78.5044,20.5199],[78.4079,20.5118],[78.2754,20.5629],[78.275,20.6971]]]},"properties":{"ID_0":105,"ISO":"IND","NAME_0":"India","ID_1":21,"NAME_1":"Maharashtra","ID_2":337,"NAME_2":"Wardha","NL_NAME_2":null,"VARNAME_2":null,"TYPE_2":"District","ENGTYPE_2":"District"}},{"type":"Feature","geometry":{"type":"Polygon","coordinates":[[[76.8202,20.2815],[76.9775,20.3731],[77.0528,20.4497],[77.1298,20.4012],[77.2225,20.4491],[77.3458,20.466],[77.3369,20.5768],[77.4637,20.6113],[77.5185,20.7328],[77.6127,20.7611],[77.6496,20.5652],[77.6441,20.4498],[77.5722,20.3934],[77.6083,20.2646],[77.6651,20.2482],[77.6651,20.1004],[77.5776,20.0301],[77.5229,20.0945],[77.3709,20.0467],[77.2831,19.9109],[77.2064,19.9475],[77.0997,19.9333],[77.0341,20.011],[76.7717,19.9335],[76.6772,19.8468],[76.6456,19.8663],[76.6695,20.1274],[76.7571,20.1317],[76.8202,20.2815]]]},"properties":{"ID_0":105,"ISO":"IND","NAME_0":"India","ID_1":21,"NAME_1":"Maharashtra","ID_2":338,"NAME_2":"Washim","NL_NAME_2":null,"VARNAME_2":null,"TYPE_2":"District","ENGTYPE_2":"District"}},{"type":"Feature","geometry":{"type":"Polygon","coordinates":[[[78.8443,19.759],[78.3977,19.8364],[78.3102,19.9127],[78.0742,19.9004],[77.9499,19.9112],[77.8453,19.8007],[78.078,19.6479],[78.1903,19.6249],[78.1101,19.4906],[78.009,19.4647],[77.8577,19.5191],[77.8437,19.4552],[77.7453,19.4305],[77.746,19.5214],[77.6429,19.5473],[77.6134,19.6376],[77.4565,19.682],[77.3764,19.7431],[77.3871,19.8212],[77.2831,19.9109],[77.3709,20.0467],[77.5229,20.0945],[77.5776,20.0301],[77.6651,20.1004],[77.6651,20.2482],[77.6083,20.2646],[77.5722,20.3934],[77.6441,20.4498],[77.6496,20.5652],[77.768,20.5408],[77.8133,20.5862],[77.9666,20.5881],[78.0595,20.6735],[78.1547,20.6599],[78.275,20.6971],[78.2754,20.5629],[78.4079,20.5118],[78.5044,20.5199],[78.5725,20.4292],[78.6359,20.4343],[78.7031,20.3092],[78.7966,20.2975],[78.9163,20.2367],[78.9496,20.1677],[79.1095,19.9874],[79.1269,19.8618],[78.9463,19.752],[78.8443,19.759]]]},"properties":{"ID_0":105,"ISO":"IND","NAME_0":"India","ID_1":21,"NAME_1":"Maharashtra","ID_2":339,"NAME_2":"Yavatmal","NL_NAME_2":null,"VARNAME_2":"Yeotmal","TYPE_2":"District","ENGTYPE_2":"District"}},{"type":"Feature","geometry":{"type":"Polygon","coordinates":[[[93.8777,24.5571],[93.8511,24.4166],[93.8824,24.2908],[93.8109,24.3941],[93.7096,24.4484],[93.726,24.5962],[93.7752,24.742],[93.8076,24.6268],[93.8777,24.5571]]]},"properties":{"ID_0":105,"ISO":"IND","NAME_0":"India","ID_1":22,"NAME_1":"Manipur","ID_2":340,"NAME_2":"Bishnupur","NL_NAME_2":null,"VARNAME_2":"Bishenpur|Sishnupur","TYPE_2":"District","ENGTYPE_2":"District"}},{"type":"Feature","geometry":{"type":"Polygon","coordinates":[[[94.409,24.4896],[94.4075,24.4312],[94.2627,24.1677],[94.2453,24.0442],[94.1695,23.9287],[94.1615,23.8528],[94.0177,23.934],[93.8961,23.9548],[93.8081,23.9331],[93.7466,24.0085],[93.7829,24.1431],[93.8817,24.2297],[93.8824,24.2908],[93.9876,24.473],[94.0914,24.5232],[94.1523,24.6239],[94.2055,24.632],[94.2877,24.6072],[94.409,24.4896]]]},"properties":{"ID_0":105,"ISO":"IND","NAME_0":"India","ID_1":22,"NAME_1":"Manipur","ID_2":341,"NAME_2":"Chandel","NL_NAME_2":null,"VARNAME_2":"Tengnoupal","TYPE_2":"District","ENGTYPE_2":"District"}},{"type":"Feature","geometry":{"type":"Polygon","coordinates":[[[93.0005,24.4033],[93.0064,24.4119],[93.107,24.5836],[93.1613,24.7122],[93.2119,24.5704],[93.3493,24.5783],[93.494,24.5546],[93.7018,24.6163],[93.726,24.5962],[93.7096,24.4484],[93.8109,24.3941],[93.8824,24.2908],[93.8817,24.2297],[93.7829,24.1431],[93.7466,24.0085],[93.6093,23.9734],[93.4722,23.9707],[93.4154,24.0792],[93.3374,24.0534],[93.1983,24.0525],[93.1784,24.0541],[93.1698,24.055],[92.9893,24.1163],[93.0221,24.3742],[93.0005,24.4033]]]},"properties":{"ID_0":105,"ISO":"IND","NAME_0":"India","ID_1":22,"NAME_1":"Manipur","ID_2":342,"NAME_2":"Churachandpur","NL_NAME_2":null,"VARNAME_2":"Manipur South|Churchandpur","TYPE_2":"District","ENGTYPE_2":"District"}},{"type":"Feature","geometry":{"type":"MultiPolygon","coordinates":[[[[93.107,24.5836],[93.0888,24.7092],[93.1112,24.8123],[93.2001,24.8578],[93.2143,24.8619],[93.1613,24.7122],[93.107,24.5836]]],[[[94.089,24.6981],[93.9443,24.7204],[93.9365,24.9013],[94.0484,24.9626],[94.0895,24.8118],[94.089,24.6981]]]]},"properties":{"ID_0":105,"ISO":"IND","NAME_0":"India","ID_1":22,"NAME_1":"Manipur","ID_2":343,"NAME_2":"East Imphal","NL_NAME_2":null,"VARNAME_2":null,"TYPE_2":"District","ENGTYPE_2":"District"}},{"type":"Feature","geometry":{"type":"Polygon","coordinates":[[[93.7752,24.742],[93.726,24.5962],[93.7018,24.6163],[93.6663,24.7973],[93.7068,24.9154],[93.7955,24.9671],[93.7785,25.1545],[93.8314,25.2256],[93.9565,25.2913],[93.923,25.4014],[93.809,25.4656],[93.7706,25.5403],[94.0147,25.5961],[94.1482,25.5317],[94.1918,25.551],[94.1901,25.5346],[94.3135,25.4945],[94.4934,25.6143],[94.3003,25.2547],[94.1331,25.1175],[94.1752,24.9312],[94.1518,24.8808],[94.2055,24.632],[94.1523,24.6239],[94.089,24.6981],[94.0895,24.8118],[94.0484,24.9626],[93.9365,24.9013],[93.8492,24.9557],[93.7752,24.742]]]},"properties":{"ID_0":105,"ISO":"IND","NAME_0":"India","ID_1":22,"NAME_1":"Manipur","ID_2":344,"NAME_2":"Senapati","NL_NAME_2":null,"VARNAME_2":null,"TYPE_2":"District","ENGTYPE_2":"District"}},{"type":"Feature","geometry":{"type":"Polygon","coordinates":[[[93.2143,24.8619],[93.2162,24.8647],[93.2529,24.9751],[93.3358,25.0958],[93.3887,25.2459],[93.4656,25.2991],[93.4751,25.2997],[93.608,25.2021],[93.7,25.3594],[93.809,25.4656],[93.923,25.4014],[93.9565,25.2913],[93.8314,25.2256],[93.7785,25.1545],[93.7955,24.9671],[93.7068,24.9154],[93.6663,24.7973],[93.7018,24.6163],[93.494,24.5546],[93.3493,24.5783],[93.2119,24.5704],[93.1613,24.7122],[93.2143,24.8619]]]},"properties":{"ID_0":105,"ISO":"IND","NAME_0":"India","ID_1":22,"NAME_1":"Manipur","ID_2":345,"NAME_2":"Tamenglong","NL_NAME_2":null,"VARNAME_2":"Manipur West","TYPE_2":"District","ENGTYPE_2":"District"}},{"type":"Feature","geometry":{"type":"Polygon","coordinates":[[[93.8824,24.2908],[93.8511,24.4166],[93.8777,24.5571],[93.9443,24.7204],[94.089,24.6981],[94.1523,24.6239],[94.0914,24.5232],[93.9876,24.473],[93.8824,24.2908]]]},"properties":{"ID_0":105,"ISO":"IND","NAME_0":"India","ID_1":22,"NAME_1":"Manipur","ID_2":346,"NAME_2":"Thoubal","NL_NAME_2":null,"VARNAME_2":null,"TYPE_2":"District","ENGTYPE_2":"District"}},{"type":"Feature","geometry":{"type":"Polygon","coordinates":[[[94.409,24.4896],[94.2877,24.6072],[94.2055,24.632],[94.1518,24.8808],[94.1752,24.9312],[94.1331,25.1175],[94.3003,25.2547],[94.4934,25.6143],[94.5574,25.5128],[94.6824,25.4597],[94.6312,25.3873],[94.5854,25.2157],[94.7457,25.1366],[94.7422,25.0252],[94.6412,24.8487],[94.6108,24.7221],[94.551,24.7165],[94.5208,24.6168],[94.409,24.4896]]]},"properties":{"ID_0":105,"ISO":"IND","NAME_0":"India","ID_1":22,"NAME_1":"Manipur","ID_2":347,"NAME_2":"Ukhrul","NL_NAME_2":null,"VARNAME_2":"Manipur East, Ukhurul","TYPE_2":"District","ENGTYPE_2":"District"}},{"type":"Feature","geometry":{"type":"Polygon","coordinates":[[[93.8777,24.5571],[93.8076,24.6268],[93.7752,24.742],[93.8492,24.9557],[93.9365,24.9013],[93.9443,24.7204],[93.8777,24.5571]]]},"properties":{"ID_0":105,"ISO":"IND","NAME_0":"India","ID_1":22,"NAME_1":"Manipur","ID_2":348,"NAME_2":"West Imphal","NL_NAME_2":null,"VARNAME_2":null,"TYPE_2":"District","ENGTYPE_2":"District"}},{"type":"Feature","geometry":{"type":"Polygon","coordinates":[[[90.1109,25.9541],[90.1187,25.9613],[90.3243,25.9744],[90.4773,26.0153],[90.5345,25.958],[90.7405,25.9152],[90.883,25.9517],[91.0292,25.888],[91.0008,25.8223],[90.9082,25.6408],[90.7664,25.5542],[90.6445,25.4158],[90.335,25.4601],[90.4026,25.5513],[90.441,25.6958],[90.3816,25.8676],[90.4218,25.9529],[90.2243,25.9254],[90.1109,25.9541]]]},"properties":{"ID_0":105,"ISO":"IND","NAME_0":"India","ID_1":23,"NAME_1":"Meghalaya","ID_2":349,"NAME_2":"East Garo Hills","NL_NAME_2":null,"VARNAME_2":null,"TYPE_2":"District","ENGTYPE_2":"District"}},{"type":"Feature","geometry":{"type":"Polygon","coordinates":[[[91.8109,25.6554],[91.9558,25.683],[92.0504,25.6412],[92.153,25.6684],[92.0978,25.4939],[92.115,25.3087],[91.9876,25.2763],[92.018,25.1894],[91.8374,25.1824],[91.6445,25.1227],[91.4741,25.1339],[91.3888,25.1664],[91.4036,25.2639],[91.5448,25.2799],[91.5426,25.5116],[91.6971,25.5433],[91.8109,25.6554]]]},"properties":{"ID_0":105,"ISO":"IND","NAME_0":"India","ID_1":23,"NAME_1":"Meghalaya","ID_2":350,"NAME_2":"East Khasi Hills","NL_NAME_2":null,"VARNAME_2":null,"TYPE_2":"District","ENGTYPE_2":"District"}},{"type":"Feature","geometry":{"type":"Polygon","coordinates":[[[92.5429,25.0996],[92.4259,25.0318],[92.018,25.1894],[91.9876,25.2763],[92.115,25.3087],[92.0978,25.4939],[92.153,25.6684],[92.1605,25.6733],[92.1645,25.6693],[92.3835,25.7474],[92.5106,25.6172],[92.6026,25.5574],[92.6605,25.5851],[92.6607,25.5818],[92.581,25.4952],[92.7922,25.2868],[92.7471,25.2078],[92.6216,25.1177],[92.5429,25.0996]]]},"properties":{"ID_0":105,"ISO":"IND","NAME_0":"India","ID_1":23,"NAME_1":"Meghalaya","ID_2":351,"NAME_2":"Jaintia Hills","NL_NAME_2":null,"VARNAME_2":null,"TYPE_2":"District","ENGTYPE_2":"District"}},{"type":"Feature","geometry":{"type":"Polygon","coordinates":[[[91.3425,25.8361],[91.4687,25.859],[91.57,26.0275],[91.6301,25.9446],[91.7202,25.9541],[91.7313,26.0592],[91.8193,26.1187],[91.8832,26.03],[92.1331,26.0459],[92.1783,26.0795],[92.3016,26.0765],[92.2557,26.0289],[92.1608,25.9515],[92.2006,25.9082],[92.1531,25.8127],[92.1644,25.6849],[92.1605,25.6733],[92.153,25.6684],[92.0504,25.6412],[91.9558,25.683],[91.8109,25.6554],[91.7893,25.783],[91.5875,25.8125],[91.4589,25.7889],[91.3425,25.8361]]]},"properties":{"ID_0":105,"ISO":"IND","NAME_0":"India","ID_1":23,"NAME_1":"Meghalaya","ID_2":352,"NAME_2":"Ri-Bhoi","NL_NAME_2":null,"VARNAME_2":null,"TYPE_2":"District","ENGTYPE_2":"District"}},{"type":"Feature","geometry":{"type":"Polygon","coordinates":[[[90.335,25.4601],[90.6445,25.4158],[90.7664,25.5542],[90.7902,25.5077],[90.7649,25.3678],[90.8419,25.3514],[90.9592,25.2464],[90.9705,25.1714],[90.7044,25.1553],[90.5081,25.1714],[90.455,25.1444],[90.2776,25.2001],[90.2776,25.3131],[90.335,25.4601]]]},"properties":{"ID_0":105,"ISO":"IND","NAME_0":"India","ID_1":23,"NAME_1":"Meghalaya","ID_2":353,"NAME_2":"South Garo Hills","NL_NAME_2":null,"VARNAME_2":null,"TYPE_2":"District","ENGTYPE_2":"District"}},{"type":"Feature","geometry":{"type":"Polygon","coordinates":[[[89.8551,25.476],[89.8715,25.5373],[89.8738,25.5493],[90.0184,25.6084],[89.8942,25.7272],[90.1109,25.9541],[90.2243,25.9254],[90.4218,25.9529],[90.3816,25.8676],[90.441,25.6958],[90.4026,25.5513],[90.335,25.4601],[90.2776,25.3131],[90.2776,25.2001],[90.1196,25.2255],[89.9755,25.3013],[89.8606,25.2878],[89.8217,25.3854],[89.8551,25.476]]]},"properties":{"ID_0":105,"ISO":"IND","NAME_0":"India","ID_1":23,"NAME_1":"Meghalaya","ID_2":354,"NAME_2":"West Garo Hills","NL_NAME_2":null,"VARNAME_2":null,"TYPE_2":"District","ENGTYPE_2":"District"}},{"type":"Feature","geometry":{"type":"Polygon","coordinates":[[[91.0008,25.8223],[91.1529,25.8501],[91.2239,25.7234],[91.3425,25.8361],[91.4589,25.7889],[91.5875,25.8125],[91.7893,25.783],[91.8109,25.6554],[91.6971,25.5433],[91.5426,25.5116],[91.5448,25.2799],[91.4036,25.2639],[91.3888,25.1664],[91.199,25.1996],[90.9705,25.1714],[90.9592,25.2464],[90.8419,25.3514],[90.7649,25.3678],[90.7902,25.5077],[90.7664,25.5542],[90.9082,25.6408],[91.0008,25.8223]]]},"properties":{"ID_0":105,"ISO":"IND","NAME_0":"India","ID_1":23,"NAME_1":"Meghalaya","ID_2":355,"NAME_2":"West Khasi Hills","NL_NAME_2":null,"VARNAME_2":null,"TYPE_2":"District","ENGTYPE_2":"District"}},{"type":"Feature","geometry":{"type":"Polygon","coordinates":[[[92.8964,24.3943],[93.0005,24.4033],[93.0221,24.3742],[92.9893,24.1163],[93.1698,24.055],[93.1784,24.0541],[93.2111,23.9736],[93.1325,23.8205],[93.035,23.7542],[93.0138,23.4965],[92.7863,23.5486],[92.7804,23.4537],[92.8372,23.345],[92.6909,23.3117],[92.674,23.385],[92.6557,23.5203],[92.6767,23.6216],[92.6306,23.7647],[92.6639,23.9108],[92.6283,23.9561],[92.8484,24.0296],[92.9035,24.2245],[92.8619,24.3167],[92.8964,24.3943]]]},"properties":{"ID_0":105,"ISO":"IND","NAME_0":"India","ID_1":24,"NAME_1":"Mizoram","ID_2":356,"NAME_2":"Aizawl","NL_NAME_2":null,"VARNAME_2":"Aizawal","TYPE_2":"District","ENGTYPE_2":"District"}},{"type":"Feature","geometry":{"type":"Polygon","coordinates":[[[93.1784,24.0541],[93.1983,24.0525],[93.3374,24.0534],[93.3987,23.9303],[93.4283,23.6535],[93.3793,23.3327],[93.3947,23.2243],[93.3582,23.0779],[93.302,23.0083],[93.1869,23.0572],[93.1398,23.25],[93.0127,23.2826],[93.0547,23.3752],[93.0138,23.4965],[93.035,23.7542],[93.1325,23.8205],[93.2111,23.9736],[93.1784,24.0541]]]},"properties":{"ID_0":105,"ISO":"IND","NAME_0":"India","ID_1":24,"NAME_1":"Mizoram","ID_2":357,"NAME_2":"Champhai","NL_NAME_2":null,"VARNAME_2":null,"TYPE_2":"District","ENGTYPE_2":"District"}},{"type":"Feature","geometry":{"type":"Polygon","coordinates":[[[92.7652,24.5208],[92.8038,24.4217],[92.8964,24.3943],[92.8619,24.3167],[92.9035,24.2245],[92.8484,24.0296],[92.6283,23.9561],[92.5399,24.0353],[92.5329,24.1805],[92.6917,24.3564],[92.7652,24.5208]]]},"properties":{"ID_0":105,"ISO":"IND","NAME_0":"India","ID_1":24,"NAME_1":"Mizoram","ID_2":358,"NAME_2":"Kolasib","NL_NAME_2":null,"VARNAME_2":"Aizawal","TYPE_2":"District","ENGTYPE_2":"District"}},{"type":"Feature","geometry":{"type":"Polygon","coordinates":[[[92.9369,22.5571],[92.9357,22.5529],[92.9251,22.3909],[92.827,22.3274],[92.8524,22.0758],[92.7034,22.1538],[92.69,22.041],[92.6123,21.9803],[92.5712,22.1323],[92.6148,22.1469],[92.5121,22.7367],[92.6005,22.7243],[92.6492,22.6187],[92.78,22.5291],[92.839,22.6262],[92.9369,22.5571]]]},"properties":{"ID_0":105,"ISO":"IND","NAME_0":"India","ID_1":24,"NAME_1":"Mizoram","ID_2":359,"NAME_2":"Lawngtlai","NL_NAME_2":null,"VARNAME_2":null,"TYPE_2":"District","ENGTYPE_2":"District"}},{"type":"Feature","geometry":{"type":"Polygon","coordinates":[[[92.674,23.385],[92.6909,23.3117],[92.7261,23.2412],[92.9402,23.1894],[92.9647,23.1175],[93.1211,23.0128],[93.1628,22.9135],[93.104,22.7871],[92.922,22.7307],[92.9432,22.5618],[92.9369,22.5571],[92.839,22.6262],[92.78,22.5291],[92.6492,22.6187],[92.6005,22.7243],[92.5121,22.7367],[92.4583,22.872],[92.3758,22.9399],[92.3937,23.0582],[92.3611,23.2375],[92.4006,23.2673],[92.4623,23.3759],[92.674,23.385]]]},"properties":{"ID_0":105,"ISO":"IND","NAME_0":"India","ID_1":24,"NAME_1":"Mizoram","ID_2":360,"NAME_2":"Lunglei","NL_NAME_2":null,"VARNAME_2":null,"TYPE_2":"District","ENGTYPE_2":"District"}},{"type":"Feature","geometry":{"type":"Polygon","coordinates":[[[92.4224,24.2531],[92.4225,24.2482],[92.4366,24.1524],[92.5329,24.1805],[92.5399,24.0353],[92.6283,23.9561],[92.6639,23.9108],[92.6306,23.7647],[92.6767,23.6216],[92.6557,23.5203],[92.674,23.385],[92.4623,23.3759],[92.4006,23.2673],[92.3408,23.4312],[92.2663,23.7387],[92.2741,23.8436],[92.3307,23.9214],[92.3344,24.1508],[92.3136,24.2211],[92.2976,24.2272],[92.2966,24.2517],[92.3105,24.2513],[92.3141,24.2526],[92.4224,24.2531]]]},"properties":{"ID_0":105,"ISO":"IND","NAME_0":"India","ID_1":24,"NAME_1":"Mizoram","ID_2":361,"NAME_2":"Mamit","NL_NAME_2":null,"VARNAME_2":null,"TYPE_2":"District","ENGTYPE_2":"District"}},{"type":"Feature","geometry":{"type":"Polygon","coordinates":[[[92.8524,22.0758],[92.827,22.3274],[92.9251,22.3909],[92.9357,22.5529],[92.9369,22.5571],[92.9432,22.5618],[92.922,22.7307],[93.104,22.7871],[93.0918,22.7093],[93.1456,22.5861],[93.1345,22.4748],[93.1908,22.4273],[93.2019,22.2809],[93.077,22.2101],[93.0008,22.0556],[92.9158,21.965],[92.8524,22.0758]]]},"properties":{"ID_0":105,"ISO":"IND","NAME_0":"India","ID_1":24,"NAME_1":"Mizoram","ID_2":362,"NAME_2":"Saiha","NL_NAME_2":null,"VARNAME_2":"Chhimtuipui","TYPE_2":"District","ENGTYPE_2":"District"}},{"type":"Feature","geometry":{"type":"Polygon","coordinates":[[[92.6909,23.3117],[92.8372,23.345],[92.7804,23.4537],[92.7863,23.5486],[93.0138,23.4965],[93.0547,23.3752],[93.0127,23.2826],[93.1398,23.25],[93.1869,23.0572],[93.1211,23.0128],[92.9647,23.1175],[92.9402,23.1894],[92.7261,23.2412],[92.6909,23.3117]]]},"properties":{"ID_0":105,"ISO":"IND","NAME_0":"India","ID_1":24,"NAME_1":"Mizoram","ID_2":363,"NAME_2":"Serchhip","NL_NAME_2":null,"VARNAME_2":null,"TYPE_2":"District","ENGTYPE_2":"District"}},{"type":"Feature","geometry":{"type":"Polygon","coordinates":[[[93.773,25.966],[93.7798,25.8463],[93.9608,25.9059],[94.0015,25.7907],[93.8623,25.6443],[93.7353,25.7074],[93.6244,25.6588],[93.5913,25.6774],[93.5541,25.6799],[93.5379,25.6847],[93.5315,25.694],[93.5436,25.7017],[93.7064,25.8533],[93.773,25.966]]]},"properties":{"ID_0":105,"ISO":"IND","NAME_0":"India","ID_1":25,"NAME_1":"Nagaland","ID_2":364,"NAME_2":"Dimapur","NL_NAME_2":null,"VARNAME_2":null,"TYPE_2":"District","ENGTYPE_2":"District"}},{"type":"Feature","geometry":{"type":"Polygon","coordinates":[[[93.9608,25.9059],[93.9827,25.9263],[94.1072,25.9901],[94.274,26.015],[94.2857,25.9348],[94.2185,25.8903],[94.2818,25.8054],[94.2164,25.6799],[94.1949,25.5524],[94.1918,25.551],[94.1482,25.5317],[94.0147,25.5961],[93.7706,25.5403],[93.809,25.4656],[93.7,25.3594],[93.608,25.2021],[93.4751,25.2997],[93.474,25.3093],[93.4569,25.4419],[93.3317,25.5468],[93.5306,25.6927],[93.5315,25.694],[93.5379,25.6847],[93.5541,25.6799],[93.5913,25.6774],[93.6244,25.6588],[93.7353,25.7074],[93.8623,25.6443],[94.0015,25.7907],[93.9608,25.9059]]]},"properties":{"ID_0":105,"ISO":"IND","NAME_0":"India","ID_1":25,"NAME_1":"Nagaland","ID_2":365,"NAME_2":"Kohima","NL_NAME_2":null,"VARNAME_2":null,"TYPE_2":"District","ENGTYPE_2":"District"}},{"type":"Feature","geometry":{"type":"Polygon","coordinates":[[[94.3165,26.4629],[94.3966,26.5297],[94.4099,26.6164],[94.5952,26.7299],[94.7377,26.7689],[94.737,26.6006],[94.6914,26.5293],[94.7063,26.418],[94.5654,26.2845],[94.5877,26.2241],[94.4884,26.2952],[94.4374,26.209],[94.3704,26.1974],[94.3593,26.3626],[94.3165,26.4629]]]},"properties":{"ID_0":105,"ISO":"IND","NAME_0":"India","ID_1":25,"NAME_1":"Nagaland","ID_2":366,"NAME_2":"Mokokchung","NL_NAME_2":null,"VARNAME_2":"Mokochung","TYPE_2":"District","ENGTYPE_2":"District"}},{"type":"Feature","geometry":{"type":"Polygon","coordinates":[[[95.1955,27.0429],[95.2299,26.8857],[95.1845,26.8648],[95.2376,26.6863],[95.0688,26.4667],[95.1282,26.3293],[95.0079,26.289],[94.9034,26.4455],[94.8359,26.7229],[94.7908,26.8015],[94.8862,26.9325],[94.9857,26.9182],[95.0869,26.9527],[95.1955,27.0429]]]},"properties":{"ID_0":105,"ISO":"IND","NAME_0":"India","ID_1":25,"NAME_1":"Nagaland","ID_2":367,"NAME_2":"Mon","NL_NAME_2":null,"VARNAME_2":null,"TYPE_2":"District","ENGTYPE_2":"District"}},{"type":"Feature","geometry":{"type":"Polygon","coordinates":[[[94.4934,25.6143],[94.3135,25.4945],[94.1901,25.5346],[94.1918,25.551],[94.1949,25.5524],[94.2164,25.6799],[94.2818,25.8054],[94.4308,25.8437],[94.5598,25.7831],[94.7167,25.764],[94.8627,25.7233],[94.889,25.5931],[94.8125,25.4954],[94.6824,25.4597],[94.5574,25.5128],[94.4934,25.6143]]]},"properties":{"ID_0":105,"ISO":"IND","NAME_0":"India","ID_1":25,"NAME_1":"Nagaland","ID_2":368,"NAME_2":"Phek","NL_NAME_2":null,"VARNAME_2":"Pheka","TYPE_2":"District","ENGTYPE_2":"District"}},{"type":"Feature","geometry":{"type":"Polygon","coordinates":[[[94.7377,26.7689],[94.7908,26.8015],[94.8359,26.7229],[94.9034,26.4455],[95.0079,26.289],[95.1282,26.3293],[95.1267,26.101],[95.1854,26.0847],[95.0154,25.872],[95.0525,25.7627],[94.889,25.5931],[94.8627,25.7233],[94.7167,25.764],[94.577,25.9014],[94.7062,26.0579],[94.6936,26.1987],[94.5877,26.2241],[94.5654,26.2845],[94.7063,26.418],[94.6914,26.5293],[94.737,26.6006],[94.7377,26.7689]]]},"properties":{"ID_0":105,"ISO":"IND","NAME_0":"India","ID_1":25,"NAME_1":"Nagaland","ID_2":369,"NAME_2":"Tuensang","NL_NAME_2":null,"VARNAME_2":"Tuenasang","TYPE_2":"District","ENGTYPE_2":"District"}},{"type":"Feature","geometry":{"type":"Polygon","coordinates":[[[93.9827,25.9263],[93.9549,26.0073],[94.013,26.1863],[94.108,26.3264],[94.1677,26.3533],[94.1865,26.4605],[94.2823,26.5635],[94.3165,26.4629],[94.3593,26.3626],[94.3704,26.1974],[94.3624,26.0321],[94.274,26.015],[94.1072,25.9901],[93.9827,25.9263]]]},"properties":{"ID_0":105,"ISO":"IND","NAME_0":"India","ID_1":25,"NAME_1":"Nagaland","ID_2":370,"NAME_2":"Wokha","NL_NAME_2":null,"VARNAME_2":null,"TYPE_2":"District","ENGTYPE_2":"District"}},{"type":"Feature","geometry":{"type":"Polygon","coordinates":[[[94.2818,25.8054],[94.2185,25.8903],[94.2857,25.9348],[94.274,26.015],[94.3624,26.0321],[94.3704,26.1974],[94.4374,26.209],[94.4884,26.2952],[94.5877,26.2241],[94.6936,26.1987],[94.7062,26.0579],[94.577,25.9014],[94.7167,25.764],[94.5598,25.7831],[94.4308,25.8437],[94.2818,25.8054]]]},"properties":{"ID_0":105,"ISO":"IND","NAME_0":"India","ID_1":25,"NAME_1":"Nagaland","ID_2":371,"NAME_2":"Zunheboto","NL_NAME_2":null,"VARNAME_2":"Zanheboto|Zonheboto","TYPE_2":"District","ENGTYPE_2":"District"}},{"type":"Feature","geometry":{"type":"Polygon","coordinates":[[[85.3889,21.1795],[85.2627,21.1646],[85.2272,21.0659],[85.2506,20.9878],[85.2498,20.7927],[85.193,20.7774],[85.1087,20.6758],[85.1232,20.6091],[85.071,20.575],[84.8916,20.5742],[84.8546,20.5251],[84.845,20.5221],[84.84,20.5276],[84.7877,20.5752],[84.631,20.619],[84.5743,20.6758],[84.3769,20.7511],[84.3544,20.8217],[84.2607,20.8843],[84.2685,20.9134],[84.276,20.9222],[84.4006,20.974],[84.4784,21.0777],[84.6643,21.0815],[84.7387,21.166],[84.7425,21.1633],[84.8449,21.164],[84.8954,21.2544],[85.0103,21.3104],[84.9978,21.4351],[85.1561,21.4654],[85.2055,21.5282],[85.1442,21.5896],[85.1879,21.6589],[85.242,21.6728],[85.3278,21.4768],[85.2691,21.4223],[85.3376,21.3539],[85.2722,21.2878],[85.3889,21.1795]]]},"properties":{"ID_0":105,"ISO":"IND","NAME_0":"India","ID_1":26,"NAME_1":"Orissa","ID_2":372,"NAME_2":"Angul","NL_NAME_2":null,"VARNAME_2":null,"TYPE_2":"District","ENGTYPE_2":"District"}},{"type":"Feature","geometry":{"type":"Polygon","coordinates":[[[87.4393,21.7644],[87.482,21.6087],[87.3833,21.5489],[87.2072,21.5464],[87.1139,21.5083],[86.8922,21.3164],[86.8292,21.2015],[86.6715,21.1618],[86.6414,21.0758],[86.535,21.1543],[86.4527,21.1537],[86.366,21.2329],[86.37,21.2436],[86.3565,21.2947],[86.5297,21.4224],[86.5802,21.5156],[86.6831,21.5888],[86.9488,21.5748],[87.1669,21.7878],[87.1009,21.8518],[87.0946,21.8603],[87.0963,21.8821],[87.175,21.9662],[87.2348,21.9544],[87.2806,21.7992],[87.4393,21.7644]]]},"properties":{"ID_0":105,"ISO":"IND","NAME_0":"India","ID_1":26,"NAME_1":"Orissa","ID_2":373,"NAME_2":"Baleshwar","NL_NAME_2":null,"VARNAME_2":"Balasore, Baleswar","TYPE_2":"District","ENGTYPE_2":"District"}},{"type":"Feature","geometry":{"type":"Polygon","coordinates":[[[82.6318,21.087],[82.6359,21.1495],[82.9799,21.1575],[83.1198,21.1011],[83.1927,21.1394],[83.27,21.375],[83.3938,21.3994],[83.3421,21.4853],[83.3807,21.6128],[83.4831,21.6396],[83.5528,21.7402],[83.6983,21.6855],[83.7201,21.6275],[83.7997,21.571],[83.7931,21.563],[83.8798,21.4351],[83.8646,21.3067],[83.8885,21.174],[83.8347,21.0927],[83.763,21.1509],[83.6066,21.125],[83.4522,21.051],[83.3176,21.0515],[83.2897,21.0115],[83.406,20.8918],[83.2964,20.8488],[83.2133,20.9236],[83.1252,20.8596],[82.9861,20.8453],[82.8838,20.9065],[82.6955,20.7219],[82.6864,21.0184],[82.6318,21.087]]]},"properties":{"ID_0":105,"ISO":"IND","NAME_0":"India","ID_1":26,"NAME_1":"Orissa","ID_2":374,"NAME_2":"Baragarh","NL_NAME_2":null,"VARNAME_2":null,"TYPE_2":"District","ENGTYPE_2":"District"}},{"type":"Feature","geometry":{"type":"Polygon","coordinates":[[[86.366,21.2329],[86.4527,21.1537],[86.535,21.1543],[86.6414,21.0758],[86.6715,21.1618],[86.8292,21.2015],[86.8242,21.1378],[86.97,20.8278],[86.8814,20.7975],[86.8161,20.7244],[86.6208,20.7903],[86.5918,20.8507],[86.3498,20.8468],[86.2861,20.963],[86.2846,21.0125],[86.3015,21.0109],[86.2777,21.1316],[86.3479,21.229],[86.366,21.2329]]]},"properties":{"ID_0":105,"ISO":"IND","NAME_0":"India","ID_1":26,"NAME_1":"Orissa","ID_2":375,"NAME_2":"Bhadrak","NL_NAME_2":null,"VARNAME_2":null,"TYPE_2":"District","ENGTYPE_2":"District"}},{"type":"Feature","geometry":{"type":"Polygon","coordinates":[[[82.6955,20.7219],[82.8838,20.9065],[82.9861,20.8453],[83.1252,20.8596],[83.2133,20.9236],[83.2964,20.8488],[83.406,20.8918],[83.2897,21.0115],[83.3176,21.0515],[83.4522,21.051],[83.5064,20.9778],[83.6187,20.9812],[83.6184,20.8222],[83.6706,20.7375],[83.5883,20.5369],[83.5953,20.5228],[83.6508,20.4269],[83.6591,20.4176],[83.6454,20.384],[83.6179,20.3452],[83.4836,20.4105],[83.4162,20.3982],[83.3365,20.3115],[83.1381,20.1649],[83.0835,20.1935],[82.9038,20.1434],[82.8175,20.1605],[82.8057,20.168],[82.8549,20.2655],[82.817,20.3418],[82.7122,20.353],[82.6793,20.4458],[82.7358,20.6189],[82.6955,20.7219]]]},"properties":{"ID_0":105,"ISO":"IND","NAME_0":"India","ID_1":26,"NAME_1":"Orissa","ID_2":376,"NAME_2":"Bolangir","NL_NAME_2":null,"VARNAME_2":"Balangir","TYPE_2":"District","ENGTYPE_2":"District"}},{"type":"Feature","geometry":{"type":"Polygon","coordinates":[[[84.2607,20.8843],[84.3544,20.8217],[84.3769,20.7511],[84.5743,20.6758],[84.631,20.619],[84.7877,20.5752],[84.6932,20.4927],[84.6857,20.436],[84.5061,20.3924],[84.3772,20.5507],[84.3122,20.689],[84.229,20.5896],[84.049,20.5902],[83.8512,20.5669],[83.7717,20.4065],[83.6827,20.4111],[83.6591,20.4176],[83.6508,20.4269],[83.5953,20.5228],[83.5991,20.5248],[83.6819,20.5555],[83.7562,20.7702],[83.8448,20.8186],[84.1059,20.8407],[84.2607,20.8843]]]},"properties":{"ID_0":105,"ISO":"IND","NAME_0":"India","ID_1":26,"NAME_1":"Orissa","ID_2":377,"NAME_2":"Boudh","NL_NAME_2":null,"VARNAME_2":null,"TYPE_2":"District","ENGTYPE_2":"District"}},{"type":"Feature","geometry":{"type":"Polygon","coordinates":[[[84.845,20.5221],[84.8546,20.5251],[84.8916,20.5742],[85.071,20.575],[85.1232,20.6091],[85.2462,20.5117],[85.4521,20.4786],[85.5836,20.5055],[85.7134,20.6295],[85.8818,20.6529],[85.9063,20.6915],[86.0431,20.5831],[86.1488,20.6371],[86.2785,20.5772],[86.2481,20.371],[86.2495,20.3593],[86.2426,20.3572],[86.1315,20.3498],[86.045,20.386],[86.0272,20.2896],[86.1502,20.2037],[86.1839,20.0457],[86.0862,20.084],[86.077,20.0987],[86.0021,20.2167],[85.9283,20.2654],[85.9109,20.3385],[85.7964,20.3181],[85.7099,20.3924],[85.6207,20.2849],[85.5191,20.2966],[85.4441,20.2564],[85.3288,20.2734],[85.3666,20.3489],[85.1541,20.3716],[84.9391,20.486],[84.8783,20.4929],[84.8452,20.522],[84.845,20.5221]]]},"properties":{"ID_0":105,"ISO":"IND","NAME_0":"India","ID_1":26,"NAME_1":"Orissa","ID_2":378,"NAME_2":"Cuttack","NL_NAME_2":null,"VARNAME_2":null,"TYPE_2":"District","ENGTYPE_2":"District"}},{"type":"Feature","geometry":{"type":"Polygon","coordinates":[[[85.1442,21.5896],[85.2055,21.5282],[85.1561,21.4654],[84.9978,21.4351],[85.0103,21.3104],[84.8954,21.2544],[84.8449,21.164],[84.7425,21.1633],[84.7387,21.166],[84.7422,21.1789],[84.7599,21.2702],[84.666,21.3134],[84.5699,21.2497],[84.5425,21.3702],[84.4759,21.3914],[84.4728,21.4787],[84.5457,21.5786],[84.4949,21.6709],[84.6681,21.7342],[84.6719,21.7324],[84.6784,21.7245],[84.7491,21.624],[84.8047,21.6588],[85.0213,21.6674],[85.0456,21.5846],[85.1442,21.5896]]]},"properties":{"ID_0":105,"ISO":"IND","NAME_0":"India","ID_1":26,"NAME_1":"Orissa","ID_2":379,"NAME_2":"Deogarh","NL_NAME_2":null,"VARNAME_2":"Debagarh","TYPE_2":"District","ENGTYPE_2":"District"}},{"type":"Feature","geometry":{"type":"Polygon","coordinates":[[[85.1232,20.6091],[85.1087,20.6758],[85.193,20.7774],[85.2498,20.7927],[85.2506,20.9878],[85.2272,21.0659],[85.2627,21.1646],[85.3889,21.1795],[85.4955,21.1082],[85.6786,21.1799],[85.7227,21.1378],[85.7522,20.9849],[85.8958,20.8405],[86.0282,20.8025],[86.0216,20.7268],[85.9063,20.6915],[85.8818,20.6529],[85.7134,20.6295],[85.5836,20.5055],[85.4521,20.4786],[85.2462,20.5117],[85.1232,20.6091]]]},"properties":{"ID_0":105,"ISO":"IND","NAME_0":"India","ID_1":26,"NAME_1":"Orissa","ID_2":380,"NAME_2":"Dhenkanal","NL_NAME_2":null,"VARNAME_2":null,"TYPE_2":"District","ENGTYPE_2":"District"}},{"type":"Feature","geometry":{"type":"Polygon","coordinates":[[[84.428,18.9826],[84.418,18.9007],[84.3322,18.792],[84.1549,18.776],[84.0856,18.7452],[84.0223,18.7986],[83.8832,18.8197],[83.8025,18.9818],[83.7883,19.0078],[83.8522,18.9754],[84.006,19.0851],[83.9765,19.205],[84.0191,19.3462],[83.9368,19.4122],[83.9713,19.478],[83.9359,19.6279],[84.1123,19.6228],[84.2316,19.5642],[84.2339,19.5677],[84.2442,19.5641],[84.3651,19.5383],[84.3829,19.3831],[84.4168,19.3423],[84.3545,19.0341],[84.3463,19.0086],[84.37,18.9853],[84.4221,18.975],[84.428,18.9826]]]},"properties":{"ID_0":105,"ISO":"IND","NAME_0":"India","ID_1":26,"NAME_1":"Orissa","ID_2":381,"NAME_2":"Gajapati","NL_NAME_2":null,"VARNAME_2":null,"TYPE_2":"District","ENGTYPE_2":"District"}},{"type":"Feature","geometry":{"type":"Polygon","coordinates":[[[84.719,19.0958],[84.6612,19.1219],[84.5736,19.0351],[84.4264,18.984],[84.428,18.9826],[84.4221,18.975],[84.37,18.9853],[84.3463,19.0086],[84.3545,19.0341],[84.4168,19.3423],[84.3829,19.3831],[84.3651,19.5383],[84.2442,19.5641],[84.2339,19.5677],[84.2399,19.6345],[84.1548,19.727],[84.1781,19.8528],[84.3142,19.8698],[84.4536,19.8458],[84.463,19.9321],[84.3263,20.0038],[84.4287,20.1493],[84.5576,20.1341],[84.5779,20.1843],[84.6669,20.267],[84.8223,20.2158],[84.8043,20.0625],[84.8955,19.9858],[84.9279,19.8941],[84.9338,19.8896],[85.003,19.7949],[85.122,19.7411],[85.1779,19.6674],[85.089,19.5157],[85.165,19.4617],[84.719,19.0958]]]},"properties":{"ID_0":105,"ISO":"IND","NAME_0":"India","ID_1":26,"NAME_1":"Orissa","ID_2":382,"NAME_2":"Ganjam","NL_NAME_2":null,"VARNAME_2":null,"TYPE_2":"District","ENGTYPE_2":"District"}},{"type":"Feature","geometry":{"type":"Polygon","coordinates":[[[86.1839,20.0457],[86.1502,20.2037],[86.0272,20.2896],[86.045,20.386],[86.1315,20.3498],[86.2426,20.3572],[86.2495,20.3593],[86.4309,20.3321],[86.6544,20.327],[86.7085,20.2939],[86.4883,20.1669],[86.4758,20.1006],[86.3869,19.9761],[86.2419,20.0311],[86.1839,20.0457]]]},"properties":{"ID_0":105,"ISO":"IND","NAME_0":"India","ID_1":26,"NAME_1":"Orissa","ID_2":383,"NAME_2":"Jagatsinghpur","NL_NAME_2":null,"VARNAME_2":null,"TYPE_2":"District","ENGTYPE_2":"District"}},{"type":"Feature","geometry":{"type":"Polygon","coordinates":[[[86.2846,21.0125],[86.2861,20.963],[86.3498,20.8468],[86.5918,20.8507],[86.6208,20.7903],[86.5394,20.7474],[86.37,20.5878],[86.2785,20.5772],[86.1488,20.6371],[86.0431,20.5831],[85.9063,20.6915],[86.0216,20.7268],[86.0282,20.8025],[85.8958,20.8405],[85.7522,20.9849],[85.7227,21.1378],[85.8768,21.0814],[85.9276,21.129],[86.0721,21.1335],[86.1294,21.0683],[86.2846,21.0125]]]},"properties":{"ID_0":105,"ISO":"IND","NAME_0":"India","ID_1":26,"NAME_1":"Orissa","ID_2":384,"NAME_2":"Jajpur","NL_NAME_2":null,"VARNAME_2":null,"TYPE_2":"District","ENGTYPE_2":"District"}},{"type":"Feature","geometry":{"type":"Polygon","coordinates":[[[83.4831,21.6396],[83.4743,21.7861],[83.5575,21.8344],[83.5735,21.8297],[83.5777,21.8266],[83.7148,21.7834],[83.8897,21.9434],[84.0718,21.9342],[84.1212,22.001],[84.2628,22.011],[84.3824,22.0209],[84.2797,21.7585],[84.1083,21.7857],[83.9372,21.7244],[83.9572,21.5676],[83.7997,21.571],[83.7201,21.6275],[83.6983,21.6855],[83.5528,21.7402],[83.4831,21.6396]]]},"properties":{"ID_0":105,"ISO":"IND","NAME_0":"India","ID_1":26,"NAME_1":"Orissa","ID_2":385,"NAME_2":"Jharsuguda","NL_NAME_2":null,"VARNAME_2":null,"TYPE_2":"District","ENGTYPE_2":"District"}},{"type":"Feature","geometry":{"type":"Polygon","coordinates":[[[82.5851,19.771],[82.711,19.8486],[82.698,19.9927],[82.8139,20.1506],[82.8175,20.1605],[82.9038,20.1434],[83.0835,20.1935],[83.1381,20.1649],[83.3365,20.3115],[83.4162,20.3982],[83.4836,20.4105],[83.6179,20.3452],[83.6454,20.384],[83.6985,20.3648],[83.7132,20.2332],[83.7835,20.1748],[83.7037,20.0964],[83.5674,20.0818],[83.4887,19.9535],[83.4011,19.9173],[83.4483,19.7336],[83.3256,19.5896],[83.2593,19.5921],[83.2376,19.4992],[83.1605,19.4254],[83.0694,19.5535],[82.984,19.4408],[82.9497,19.3182],[82.871,19.1771],[82.8488,19.1967],[82.8483,19.1987],[82.8443,19.3025],[82.7133,19.3467],[82.7073,19.4013],[82.6092,19.5324],[82.5242,19.5758],[82.5851,19.771]]]},"properties":{"ID_0":105,"ISO":"IND","NAME_0":"India","ID_1":26,"NAME_1":"Orissa","ID_2":386,"NAME_2":"Kalahandi","NL_NAME_2":null,"VARNAME_2":null,"TYPE_2":"District","ENGTYPE_2":"District"}},{"type":"Feature","geometry":{"type":"Polygon","coordinates":[[[83.6454,20.384],[83.6591,20.4176],[83.6827,20.4111],[83.7717,20.4065],[83.8512,20.5669],[84.049,20.5902],[84.229,20.5896],[84.3122,20.689],[84.3772,20.5507],[84.5061,20.3924],[84.5779,20.1843],[84.5576,20.1341],[84.4287,20.1493],[84.3263,20.0038],[84.463,19.9321],[84.4536,19.8458],[84.3142,19.8698],[84.1781,19.8528],[84.1548,19.727],[84.2399,19.6345],[84.2339,19.5677],[84.2316,19.5642],[84.1123,19.6228],[83.9359,19.6279],[83.9132,19.6721],[83.7603,19.7015],[83.6301,19.6656],[83.6121,19.8085],[83.5378,19.8365],[83.555,19.9185],[83.4887,19.9535],[83.5674,20.0818],[83.7037,20.0964],[83.7835,20.1748],[83.7132,20.2332],[83.6985,20.3648],[83.6454,20.384]]]},"properties":{"ID_0":105,"ISO":"IND","NAME_0":"India","ID_1":26,"NAME_1":"Orissa","ID_2":387,"NAME_2":"Kandhamal","NL_NAME_2":null,"VARNAME_2":"Phulabani","TYPE_2":"District","ENGTYPE_2":"District"}},{"type":"Feature","geometry":{"type":"Polygon","coordinates":[[[86.6208,20.7903],[86.8161,20.7244],[86.8496,20.6524],[86.9354,20.7111],[87.027,20.6963],[86.7844,20.5358],[86.7333,20.455],[86.7817,20.3883],[86.7085,20.2939],[86.6544,20.327],[86.4309,20.3321],[86.2495,20.3593],[86.2481,20.371],[86.2785,20.5772],[86.37,20.5878],[86.5394,20.7474],[86.6208,20.7903]]]},"properties":{"ID_0":105,"ISO":"IND","NAME_0":"India","ID_1":26,"NAME_1":"Orissa","ID_2":388,"NAME_2":"Kendrapara","NL_NAME_2":null,"VARNAME_2":null,"TYPE_2":"District","ENGTYPE_2":"District"}},{"type":"Feature","geometry":{"type":"Polygon","coordinates":[[[85.2309,22.0003],[85.2742,22.0801],[85.4103,22.1561],[85.672,22.0515],[85.6659,22.0091],[85.79,21.9472],[85.8052,21.8076],[86.0483,21.7043],[86.075,21.6241],[86.0046,21.5273],[86.1242,21.4659],[86.1368,21.398],[86.0886,21.306],[86.1849,21.2678],[86.2807,21.3698],[86.3565,21.2947],[86.37,21.2436],[86.366,21.2329],[86.3479,21.229],[86.2777,21.1316],[86.3015,21.0109],[86.2846,21.0125],[86.1294,21.0683],[86.0721,21.1335],[85.9276,21.129],[85.8768,21.0814],[85.7227,21.1378],[85.6786,21.1799],[85.4955,21.1082],[85.3889,21.1795],[85.2722,21.2878],[85.3376,21.3539],[85.2691,21.4223],[85.3278,21.4768],[85.242,21.6728],[85.1879,21.6589],[85.1984,21.7639],[85.3711,21.9057],[85.2309,22.0003]]]},"properties":{"ID_0":105,"ISO":"IND","NAME_0":"India","ID_1":26,"NAME_1":"Orissa","ID_2":389,"NAME_2":"Keonjhar","NL_NAME_2":null,"VARNAME_2":"Kendujhar","TYPE_2":"District","ENGTYPE_2":"District"}},{"type":"Feature","geometry":{"type":"Polygon","coordinates":[[[85.3288,20.2734],[85.4441,20.2564],[85.5191,20.2966],[85.6207,20.2849],[85.7099,20.3924],[85.7964,20.3181],[85.9109,20.3385],[85.9283,20.2654],[86.0021,20.2167],[86.077,20.0987],[86.0577,20.1013],[85.9104,20.1131],[85.8213,20.151],[85.6835,20.1416],[85.5167,19.9217],[85.4222,19.8857],[85.3217,19.793],[85.2469,19.7728],[85.1779,19.6674],[85.122,19.7411],[85.003,19.7949],[84.9338,19.8896],[84.9384,19.8903],[85.1215,19.9258],[85.1609,19.8969],[85.4478,19.9564],[85.3798,20.0541],[85.4083,20.1202],[85.3178,20.2238],[85.3288,20.2734]]]},"properties":{"ID_0":105,"ISO":"IND","NAME_0":"India","ID_1":26,"NAME_1":"Orissa","ID_2":390,"NAME_2":"Khordha","NL_NAME_2":null,"VARNAME_2":null,"TYPE_2":"District","ENGTYPE_2":"District"}},{"type":"Feature","geometry":{"type":"Polygon","coordinates":[[[83.0658,18.3932],[82.9764,18.3549],[82.7992,18.4394],[82.7671,18.3311],[82.5892,18.2567],[82.6009,18.3661],[82.5359,18.4083],[82.5231,18.5039],[82.4291,18.4851],[82.4227,18.4862],[82.428,18.5949],[82.299,18.5704],[82.2258,18.6428],[82.1674,18.6318],[82.0849,18.7327],[82.1455,18.7733],[82.1708,18.8916],[82.2396,18.9105],[82.1612,19.2084],[82.4247,19.1652],[82.5269,19.1969],[82.8029,19.1528],[82.8485,19.1883],[82.8488,19.1967],[82.871,19.1771],[82.9606,19.1542],[83.0558,19.0368],[83.1297,19.1294],[83.3333,19.0938],[83.3409,19.0092],[83.3133,18.9666],[83.3987,18.8335],[83.1854,18.7441],[83.133,18.7724],[83.008,18.5884],[83.0512,18.5349],[83.0164,18.4477],[83.0658,18.3932]]]},"properties":{"ID_0":105,"ISO":"IND","NAME_0":"India","ID_1":26,"NAME_1":"Orissa","ID_2":391,"NAME_2":"Koraput","NL_NAME_2":null,"VARNAME_2":null,"TYPE_2":"District","ENGTYPE_2":"District"}},{"type":"Feature","geometry":{"type":"Polygon","coordinates":[[[81.9731,18.0057],[81.801,17.9361],[81.7583,17.8934],[81.6157,17.822],[81.385,17.8066],[81.3959,17.8876],[81.4773,17.97],[81.528,18.2591],[81.7621,18.4113],[81.8968,18.5284],[81.8854,18.6503],[82.0849,18.7327],[82.1674,18.6318],[82.2258,18.6428],[82.299,18.5704],[82.428,18.5949],[82.4227,18.4862],[82.4291,18.4851],[82.4269,18.477],[82.3344,18.3171],[82.3061,18.1957],[82.3363,18.0473],[82.2532,17.9802],[82.0801,18.0604],[81.9731,18.0057]]]},"properties":{"ID_0":105,"ISO":"IND","NAME_0":"India","ID_1":26,"NAME_1":"Orissa","ID_2":392,"NAME_2":"Malkangiri","NL_NAME_2":null,"VARNAME_2":null,"TYPE_2":"District","ENGTYPE_2":"District"}},{"type":"Feature","geometry":{"type":"Polygon","coordinates":[[[85.672,22.0515],[85.7789,22.0363],[85.8942,21.9783],[85.9426,22.0191],[86.0267,22.1852],[85.9698,22.2434],[86.0215,22.3818],[85.9608,22.4786],[85.967,22.486],[86.0618,22.5485],[86.1014,22.4902],[86.2024,22.4703],[86.2165,22.465],[86.2798,22.4455],[86.4013,22.3194],[86.4746,22.3342],[86.721,22.2168],[86.7228,22.2152],[86.7154,22.1435],[86.9572,22.0834],[87.0343,21.9892],[86.9979,21.9075],[87.0946,21.8603],[87.1009,21.8518],[87.1669,21.7878],[86.9488,21.5748],[86.6831,21.5888],[86.5802,21.5156],[86.5297,21.4224],[86.3565,21.2947],[86.2807,21.3698],[86.1849,21.2678],[86.0886,21.306],[86.1368,21.398],[86.1242,21.4659],[86.0046,21.5273],[86.075,21.6241],[86.0483,21.7043],[85.8052,21.8076],[85.79,21.9472],[85.6659,22.0091],[85.672,22.0515]]]},"properties":{"ID_0":105,"ISO":"IND","NAME_0":"India","ID_1":26,"NAME_1":"Orissa","ID_2":393,"NAME_2":"Mayurbhanj","NL_NAME_2":null,"VARNAME_2":null,"TYPE_2":"District","ENGTYPE_2":"District"}},{"type":"Feature","geometry":{"type":"Polygon","coordinates":[[[82.1612,19.2084],[82.1803,19.3322],[82.0921,19.5098],[82.041,19.5257],[82.0598,19.7831],[81.9702,19.8127],[81.839,19.9455],[81.8661,20.0352],[81.8738,20.0462],[81.9339,20.0993],[82.01,20.0448],[82.0143,20.0364],[82.0579,20.0499],[82.2617,19.9716],[82.3394,19.83],[82.4681,19.8995],[82.5935,19.8645],[82.5851,19.771],[82.5242,19.5758],[82.6092,19.5324],[82.7073,19.4013],[82.7133,19.3467],[82.8443,19.3025],[82.8483,19.1987],[82.8488,19.1967],[82.8485,19.1883],[82.8029,19.1528],[82.5269,19.1969],[82.4247,19.1652],[82.1612,19.2084]]]},"properties":{"ID_0":105,"ISO":"IND","NAME_0":"India","ID_1":26,"NAME_1":"Orissa","ID_2":394,"NAME_2":"Nabarangpur","NL_NAME_2":null,"VARNAME_2":null,"TYPE_2":"District","ENGTYPE_2":"District"}},{"type":"Feature","geometry":{"type":"Polygon","coordinates":[[[84.7877,20.5752],[84.84,20.5276],[84.845,20.5221],[84.8452,20.522],[84.8783,20.4929],[84.9391,20.486],[85.1541,20.3716],[85.3666,20.3489],[85.3288,20.2734],[85.3178,20.2238],[85.4083,20.1202],[85.3798,20.0541],[85.4478,19.9564],[85.1609,19.8969],[85.1215,19.9258],[84.9384,19.8903],[84.9338,19.8896],[84.9279,19.8941],[84.8955,19.9858],[84.8043,20.0625],[84.8223,20.2158],[84.6669,20.267],[84.5779,20.1843],[84.5061,20.3924],[84.6857,20.436],[84.6932,20.4927],[84.7877,20.5752]]]},"properties":{"ID_0":105,"ISO":"IND","NAME_0":"India","ID_1":26,"NAME_1":"Orissa","ID_2":395,"NAME_2":"Nayagarh","NL_NAME_2":null,"VARNAME_2":null,"TYPE_2":"District","ENGTYPE_2":"District"}},{"type":"Feature","geometry":{"type":"Polygon","coordinates":[[[82.3412,20.8681],[82.4484,20.8222],[82.5529,20.9415],[82.6318,21.087],[82.6864,21.0184],[82.6955,20.7219],[82.7358,20.6189],[82.6793,20.4458],[82.7122,20.353],[82.817,20.3418],[82.8549,20.2655],[82.8057,20.168],[82.8175,20.1605],[82.8139,20.1506],[82.698,19.9927],[82.5984,19.9856],[82.4062,20.0463],[82.3789,20.1446],[82.4224,20.3097],[82.4161,20.4662],[82.3264,20.5566],[82.3663,20.6203],[82.3331,20.8197],[82.3412,20.8681]]]},"properties":{"ID_0":105,"ISO":"IND","NAME_0":"India","ID_1":26,"NAME_1":"Orissa","ID_2":396,"NAME_2":"Nuapada","NL_NAME_2":null,"VARNAME_2":null,"TYPE_2":"District","ENGTYPE_2":"District"}},{"type":"Feature","geometry":{"type":"Polygon","coordinates":[[[86.077,20.0987],[86.0862,20.084],[86.1839,20.0457],[86.2419,20.0311],[86.3627,19.9528],[86.0451,19.8469],[85.6805,19.7457],[85.4192,19.6231],[85.165,19.4617],[85.089,19.5157],[85.1779,19.6674],[85.2469,19.7728],[85.3217,19.793],[85.4222,19.8857],[85.5167,19.9217],[85.6835,20.1416],[85.8213,20.151],[85.9104,20.1131],[86.0577,20.1013],[86.077,20.0987]]]},"properties":{"ID_0":105,"ISO":"IND","NAME_0":"India","ID_1":26,"NAME_1":"Orissa","ID_2":397,"NAME_2":"Puri","NL_NAME_2":null,"VARNAME_2":null,"TYPE_2":"District","ENGTYPE_2":"District"}},{"type":"Feature","geometry":{"type":"Polygon","coordinates":[[[83.7883,19.0078],[83.7705,18.9016],[83.6844,19.0439],[83.6044,19.0929],[83.4746,19.0003],[83.3409,19.0092],[83.3333,19.0938],[83.1297,19.1294],[83.0558,19.0368],[82.9606,19.1542],[82.871,19.1771],[82.9497,19.3182],[82.984,19.4408],[83.0694,19.5535],[83.1605,19.4254],[83.2376,19.4992],[83.2593,19.5921],[83.3256,19.5896],[83.4483,19.7336],[83.4011,19.9173],[83.4887,19.9535],[83.555,19.9185],[83.5378,19.8365],[83.6121,19.8085],[83.6301,19.6656],[83.7603,19.7015],[83.9132,19.6721],[83.9359,19.6279],[83.9713,19.478],[83.9368,19.4122],[84.0191,19.3462],[83.9765,19.205],[84.006,19.0851],[83.8522,18.9754],[83.7883,19.0078]]]},"properties":{"ID_0":105,"ISO":"IND","NAME_0":"India","ID_1":26,"NAME_1":"Orissa","ID_2":398,"NAME_2":"Rayagada","NL_NAME_2":null,"VARNAME_2":null,"TYPE_2":"District","ENGTYPE_2":"District"}},{"type":"Feature","geometry":{"type":"Polygon","coordinates":[[[84.7387,21.166],[84.6643,21.0815],[84.4784,21.0777],[84.4006,20.974],[84.276,20.9222],[84.2685,20.9134],[84.2589,20.9201],[84.1541,20.9709],[84.1414,21.0229],[84.0132,21.0507],[83.9798,21.1254],[83.8885,21.174],[83.8646,21.3067],[83.8798,21.4351],[83.7931,21.563],[83.7997,21.571],[83.9572,21.5676],[83.9372,21.7244],[84.1083,21.7857],[84.2797,21.7585],[84.3824,22.0209],[84.2628,22.011],[84.2721,22.105],[84.4714,22.1857],[84.507,22.05],[84.522,21.8097],[84.6719,21.7324],[84.6681,21.7342],[84.4949,21.6709],[84.5457,21.5786],[84.4728,21.4787],[84.4759,21.3914],[84.5425,21.3702],[84.5699,21.2497],[84.666,21.3134],[84.7599,21.2702],[84.7422,21.1789],[84.7387,21.166]]]},"properties":{"ID_0":105,"ISO":"IND","NAME_0":"India","ID_1":26,"NAME_1":"Orissa","ID_2":399,"NAME_2":"Sambalpur","NL_NAME_2":null,"VARNAME_2":null,"TYPE_2":"District","ENGTYPE_2":"District"}},{"type":"Feature","geometry":{"type":"Polygon","coordinates":[[[84.2685,20.9134],[84.2607,20.8843],[84.1059,20.8407],[83.8448,20.8186],[83.7562,20.7702],[83.6819,20.5555],[83.5991,20.5248],[83.5953,20.5228],[83.5883,20.5369],[83.6706,20.7375],[83.6184,20.8222],[83.6187,20.9812],[83.5064,20.9778],[83.4522,21.051],[83.6066,21.125],[83.763,21.1509],[83.8347,21.0927],[83.8885,21.174],[83.9798,21.1254],[84.0132,21.0507],[84.1414,21.0229],[84.1541,20.9709],[84.2589,20.9201],[84.2685,20.9134]]]},"properties":{"ID_0":105,"ISO":"IND","NAME_0":"India","ID_1":26,"NAME_1":"Orissa","ID_2":400,"NAME_2":"Sonepur","NL_NAME_2":null,"VARNAME_2":"Balangir","TYPE_2":"District","ENGTYPE_2":"District"}},{"type":"Feature","geometry":{"type":"Polygon","coordinates":[[[83.7975,22.2895],[83.861,22.3438],[84.0012,22.3697],[84.0416,22.4641],[84.0025,22.5209],[84.0191,22.5211],[84.1349,22.4709],[84.1941,22.3718],[84.2892,22.3373],[84.4261,22.3488],[84.5266,22.42],[84.9077,22.4196],[85.0514,22.4794],[85.0625,22.4784],[85.1053,22.2911],[85.0254,22.154],[85.2107,22.0432],[85.2309,22.0003],[85.3711,21.9057],[85.1984,21.7639],[85.1879,21.6589],[85.1442,21.5896],[85.0456,21.5846],[85.0213,21.6674],[84.8047,21.6588],[84.7491,21.624],[84.6784,21.7245],[84.6719,21.7324],[84.522,21.8097],[84.507,22.05],[84.4714,22.1857],[84.2721,22.105],[84.2628,22.011],[84.1212,22.001],[84.0718,21.9342],[83.8897,21.9434],[83.7148,21.7834],[83.5777,21.8266],[83.5735,21.8297],[83.6005,21.9108],[83.5352,21.9635],[83.5573,22.1],[83.6458,22.2246],[83.7975,22.2895]]]},"properties":{"ID_0":105,"ISO":"IND","NAME_0":"India","ID_1":26,"NAME_1":"Orissa","ID_2":401,"NAME_2":"Sundargarh","NL_NAME_2":null,"VARNAME_2":"Sundagarh|Bonai","TYPE_2":"District","ENGTYPE_2":"District"}},{"type":"Feature","geometry":{"type":"Polygon","coordinates":[[[79.8506,10.9758],[79.8512,10.8138],[79.7086,10.9142],[79.7382,10.9693],[79.7299,10.9814],[79.7302,10.9851],[79.8506,10.9758]]]},"properties":{"ID_0":105,"ISO":"IND","NAME_0":"India","ID_1":27,"NAME_1":"Puducherry","ID_2":402,"NAME_2":"Karaikal","NL_NAME_2":null,"VARNAME_2":"Karaikkal|Karikal","TYPE_2":"District","ENGTYPE_2":"District"}},{"type":"Feature","geometry":{"type":"Polygon","coordinates":[[[75.2311,12.0246],[75.2249,12.0319],[75.2237,12.0545],[75.2211,12.101],[75.2559,12.1086],[75.3092,12.0784],[75.2311,12.0246]]]},"properties":{"ID_0":105,"ISO":"IND","NAME_0":"India","ID_1":27,"NAME_1":"Puducherry","ID_2":403,"NAME_2":"Mahe","NL_NAME_2":null,"VARNAME_2":null,"TYPE_2":"District","ENGTYPE_2":"District"}},{"type":"Feature","geometry":{"type":"Polygon","coordinates":[[[79.794,11.8156],[79.6732,11.87],[79.7979,11.9635],[79.8376,11.9405],[79.794,11.8156]]]},"properties":{"ID_0":105,"ISO":"IND","NAME_0":"India","ID_1":27,"NAME_1":"Puducherry","ID_2":404,"NAME_2":"Puducherry","NL_NAME_2":null,"VARNAME_2":"Pondicherry|Puduchcheri|Pondichry","TYPE_2":"District","ENGTYPE_2":"District"}},{"type":"Feature","geometry":{"type":"Polygon","coordinates":[[[82.2534,16.6897],[82.1791,16.7163],[82.2807,16.7227],[82.2995,16.7143],[82.2534,16.6897]]]},"properties":{"ID_0":105,"ISO":"IND","NAME_0":"India","ID_1":27,"NAME_1":"Puducherry","ID_2":405,"NAME_2":"Yanam","NL_NAME_2":null,"VARNAME_2":"Yanaon","TYPE_2":"District","ENGTYPE_2":"District"}},{"type":"Feature","geometry":{"type":"Polygon","coordinates":[[[74.898,32.0496],[74.8876,31.9327],[74.9549,31.8334],[75.0629,31.8055],[75.213,31.6854],[75.3911,31.5949],[75.224,31.4608],[75.0713,31.2726],[75.0381,31.1921],[74.9367,31.1499],[74.6906,31.1145],[74.588,31.0932],[74.5062,31.1358],[74.5222,31.2475],[74.6421,31.4615],[74.5173,31.7229],[74.5564,31.8288],[74.652,31.9099],[74.8014,31.9618],[74.898,32.0496]]]},"properties":{"ID_0":105,"ISO":"IND","NAME_0":"India","ID_1":28,"NAME_1":"Punjab","ID_2":406,"NAME_2":"Amritsar","NL_NAME_2":null,"VARNAME_2":null,"TYPE_2":"District","ENGTYPE_2":"District"}},{"type":"Feature","geometry":{"type":"Polygon","coordinates":[[[75.1786,29.8369],[75.0655,29.879],[74.9899,29.8565],[74.9241,29.9415],[74.8012,29.9926],[74.6974,29.9711],[74.6955,29.9715],[74.6945,29.988],[74.6319,30.1482],[74.7044,30.1974],[74.7381,30.3436],[74.8113,30.3937],[74.9006,30.377],[75.0426,30.4063],[74.9969,30.4891],[75.1672,30.555],[75.2812,30.5112],[75.3613,30.2025],[75.3636,30.2005],[75.3532,30.1921],[75.25,30.1007],[75.2242,29.9587],[75.1592,29.926],[75.1786,29.8369]]]},"properties":{"ID_0":105,"ISO":"IND","NAME_0":"India","ID_1":28,"NAME_1":"Punjab","ID_2":407,"NAME_2":"Bathinda","NL_NAME_2":null,"VARNAME_2":"Bhatinda","TYPE_2":"District","ENGTYPE_2":"District"}},{"type":"Feature","geometry":{"type":"Polygon","coordinates":[[[74.9969,30.4891],[75.0426,30.4063],[74.9006,30.377],[74.8113,30.3937],[74.7232,30.4645],[74.6094,30.6351],[74.4915,30.6673],[74.4638,30.7488],[74.601,30.8236],[74.7598,30.8121],[74.8902,30.7393],[74.8995,30.7362],[74.9969,30.4891]]]},"properties":{"ID_0":105,"ISO":"IND","NAME_0":"India","ID_1":28,"NAME_1":"Punjab","ID_2":408,"NAME_2":"Faridkot","NL_NAME_2":null,"VARNAME_2":"Fridkot","TYPE_2":"District","ENGTYPE_2":"District"}},{"type":"Feature","geometry":{"type":"Polygon","coordinates":[[[76.3106,30.8815],[76.3952,30.7743],[76.5203,30.7685],[76.5491,30.6479],[76.5677,30.651],[76.5722,30.645],[76.4999,30.5711],[76.4705,30.4398],[76.3273,30.4344],[76.2998,30.5583],[76.0669,30.5116],[76.0684,30.555],[76.0712,30.5647],[76.0795,30.5696],[76.2231,30.6909],[76.2758,30.8692],[76.3106,30.8815]]]},"properties":{"ID_0":105,"ISO":"IND","NAME_0":"India","ID_1":28,"NAME_1":"Punjab","ID_2":409,"NAME_2":"Fatehgarh Sahib","NL_NAME_2":null,"VARNAME_2":null,"TYPE_2":"District","ENGTYPE_2":"District"}},{"type":"Feature","geometry":{"type":"Polygon","coordinates":[[[74.6906,31.1145],[74.9367,31.1499],[75.0615,31.1447],[75.1163,31.0972],[75.0497,30.9432],[74.9432,30.8916],[74.9025,30.7435],[74.8995,30.7362],[74.8902,30.7393],[74.7598,30.8121],[74.601,30.8236],[74.4638,30.7488],[74.4915,30.6673],[74.3266,30.4504],[74.2455,30.4245],[74.3469,30.2392],[74.3572,30.0848],[74.3789,30.0621],[74.442,29.9471],[74.279,29.9551],[73.8912,29.9701],[73.8984,30.0536],[73.9663,30.195],[73.9578,30.2617],[73.8732,30.3834],[73.9885,30.5046],[74.1968,30.6718],[74.3161,30.8476],[74.5318,31.0093],[74.6832,31.0722],[74.6906,31.1145]]]},"properties":{"ID_0":105,"ISO":"IND","NAME_0":"India","ID_1":28,"NAME_1":"Punjab","ID_2":410,"NAME_2":"Firozpur","NL_NAME_2":null,"VARNAME_2":"Ferojpur, Firozepur, Ferozepore, Feruzpur","TYPE_2":"District","ENGTYPE_2":"District"}},{"type":"Feature","geometry":{"type":"Polygon","coordinates":[[[75.8725,32.5762],[75.8553,32.4996],[75.9111,32.4092],[75.7364,32.2738],[75.6225,32.2347],[75.6555,32.1461],[75.5788,32.0817],[75.5159,31.9439],[75.5546,31.7762],[75.4617,31.652],[75.3911,31.5949],[75.213,31.6854],[75.0629,31.8055],[74.9549,31.8334],[74.8876,31.9327],[74.898,32.0496],[74.9984,32.0287],[75.12,32.0832],[75.2392,32.0872],[75.3637,32.2383],[75.3244,32.3417],[75.5243,32.34],[75.6627,32.3935],[75.7901,32.4788],[75.8725,32.5762]]]},"properties":{"ID_0":105,"ISO":"IND","NAME_0":"India","ID_1":28,"NAME_1":"Punjab","ID_2":411,"NAME_2":"Gurdaspur","NL_NAME_2":null,"VARNAME_2":"Guardaspur","TYPE_2":"District","ENGTYPE_2":"District"}},{"type":"Feature","geometry":{"type":"Polygon","coordinates":[[[75.5788,32.0817],[75.6494,32.0772],[75.8945,31.9498],[75.9443,31.8575],[76.0027,31.6466],[76.1567,31.4045],[76.1728,31.3067],[76.2774,31.3099],[76.3217,31.2294],[76.2282,31.2473],[76.1596,31.1382],[76.0398,31.2296],[75.8784,31.2776],[75.8829,31.3421],[75.7747,31.3716],[75.8092,31.4073],[75.6569,31.6085],[75.5811,31.6057],[75.4617,31.652],[75.5546,31.7762],[75.5159,31.9439],[75.5788,32.0817]]]},"properties":{"ID_0":105,"ISO":"IND","NAME_0":"India","ID_1":28,"NAME_1":"Punjab","ID_2":412,"NAME_2":"Hoshiarpur","NL_NAME_2":null,"VARNAME_2":null,"TYPE_2":"District","ENGTYPE_2":"District"}},{"type":"Feature","geometry":{"type":"Polygon","coordinates":[[[75.1163,31.0972],[75.0615,31.1447],[75.2166,31.1561],[75.4424,31.286],[75.5006,31.3912],[75.4571,31.4569],[75.5811,31.6057],[75.6569,31.6085],[75.8092,31.4073],[75.7747,31.3716],[75.6728,31.3208],[75.6936,31.1679],[75.7746,31.2003],[75.8345,31.1857],[75.9441,31.0214],[75.7469,31.0169],[75.5835,30.9708],[75.3429,30.99],[75.1163,31.0972]]]},"properties":{"ID_0":105,"ISO":"IND","NAME_0":"India","ID_1":28,"NAME_1":"Punjab","ID_2":413,"NAME_2":"Jalandhar","NL_NAME_2":null,"VARNAME_2":"Jullundur","TYPE_2":"District","ENGTYPE_2":"District"}},{"type":"Feature","geometry":{"type":"MultiPolygon","coordinates":[[[[74.9367,31.1499],[75.0381,31.1921],[75.0713,31.2726],[75.224,31.4608],[75.3911,31.5949],[75.4617,31.652],[75.5811,31.6057],[75.4571,31.4569],[75.5006,31.3912],[75.4424,31.286],[75.2166,31.1561],[75.0615,31.1447],[74.9367,31.1499]]],[[[75.7747,31.3716],[75.8829,31.3421],[75.8784,31.2776],[75.7746,31.2003],[75.6936,31.1679],[75.6728,31.3208],[75.7747,31.3716]]]]},"properties":{"ID_0":105,"ISO":"IND","NAME_0":"India","ID_1":28,"NAME_1":"Punjab","ID_2":414,"NAME_2":"Kapurthala","NL_NAME_2":null,"VARNAME_2":null,"TYPE_2":"District","ENGTYPE_2":"District"}},{"type":"Feature","geometry":{"type":"Polygon","coordinates":[[[76.3106,30.8815],[76.2758,30.8692],[76.2231,30.6909],[76.0795,30.5696],[76.0712,30.5647],[76.0156,30.6176],[75.9165,30.5786],[75.8641,30.6408],[75.6581,30.652],[75.6143,30.6157],[75.3962,30.5841],[75.3892,30.6005],[75.3591,30.7073],[75.3902,30.8855],[75.3429,30.99],[75.5835,30.9708],[75.7469,31.0169],[75.9441,31.0214],[75.9869,30.9913],[76.2004,31.0091],[76.2966,30.9926],[76.3106,30.8815]]]},"properties":{"ID_0":105,"ISO":"IND","NAME_0":"India","ID_1":28,"NAME_1":"Punjab","ID_2":415,"NAME_2":"Ludhiana","NL_NAME_2":null,"VARNAME_2":null,"TYPE_2":"District","ENGTYPE_2":"District"}},{"type":"Feature","geometry":{"type":"Polygon","coordinates":[[[75.726,29.8115],[75.7099,29.8123],[75.5631,29.7442],[75.4443,29.8078],[75.2803,29.6033],[75.2906,29.5618],[75.1589,29.6694],[75.2273,29.7561],[75.1978,29.8134],[75.1786,29.8369],[75.1592,29.926],[75.2242,29.9587],[75.25,30.1007],[75.3532,30.1921],[75.3636,30.2005],[75.6128,30.1453],[75.6342,29.9389],[75.7557,29.9212],[75.7455,29.8296],[75.726,29.8115]]]},"properties":{"ID_0":105,"ISO":"IND","NAME_0":"India","ID_1":28,"NAME_1":"Punjab","ID_2":416,"NAME_2":"Mansa","NL_NAME_2":null,"VARNAME_2":null,"TYPE_2":"District","ENGTYPE_2":"District"}},{"type":"Feature","geometry":{"type":"Polygon","coordinates":[[[75.2812,30.5112],[75.1672,30.555],[74.9969,30.4891],[74.8995,30.7362],[74.9025,30.7435],[74.9432,30.8916],[75.0497,30.9432],[75.1163,31.0972],[75.3429,30.99],[75.3902,30.8855],[75.3591,30.7073],[75.3892,30.6005],[75.3962,30.5841],[75.4036,30.5582],[75.2812,30.5112]]]},"properties":{"ID_0":105,"ISO":"IND","NAME_0":"India","ID_1":28,"NAME_1":"Punjab","ID_2":417,"NAME_2":"Moga","NL_NAME_2":null,"VARNAME_2":null,"TYPE_2":"District","ENGTYPE_2":"District"}},{"type":"Feature","geometry":{"type":"Polygon","coordinates":[[[74.6955,29.9715],[74.6399,29.9225],[74.5191,29.9433],[74.442,29.9471],[74.3789,30.0621],[74.3572,30.0848],[74.3469,30.2392],[74.2455,30.4245],[74.3266,30.4504],[74.4915,30.6673],[74.6094,30.6351],[74.7232,30.4645],[74.8113,30.3937],[74.7381,30.3436],[74.7044,30.1974],[74.6319,30.1482],[74.6945,29.988],[74.6955,29.9715]]]},"properties":{"ID_0":105,"ISO":"IND","NAME_0":"India","ID_1":28,"NAME_1":"Punjab","ID_2":418,"NAME_2":"Muktsar","NL_NAME_2":null,"VARNAME_2":null,"TYPE_2":"District","ENGTYPE_2":"District"}},{"type":"Feature","geometry":{"type":"Polygon","coordinates":[[[75.8784,31.2776],[76.0398,31.2296],[76.1596,31.1382],[76.2282,31.2473],[76.3217,31.2294],[76.4952,30.9814],[76.2966,30.9926],[76.2004,31.0091],[75.9869,30.9913],[75.9441,31.0214],[75.8345,31.1857],[75.7746,31.2003],[75.8784,31.2776]]]},"properties":{"ID_0":105,"ISO":"IND","NAME_0":"India","ID_1":28,"NAME_1":"Punjab","ID_2":419,"NAME_2":"Nawan Shehar","NL_NAME_2":null,"VARNAME_2":null,"TYPE_2":"District","ENGTYPE_2":"District"}},{"type":"Feature","geometry":{"type":"Polygon","coordinates":[[[76.8029,30.6755],[76.8059,30.6803],[76.8105,30.685],[76.8198,30.6858],[76.835,30.6641],[76.9134,30.5997],[76.9201,30.5247],[76.8899,30.4367],[76.7489,30.4266],[76.7385,30.3596],[76.5903,30.2541],[76.6276,30.1551],[76.5011,30.0766],[76.4521,30.1007],[76.2512,30.119],[76.1894,30.0042],[76.2111,29.8432],[76.0906,29.8108],[75.9716,29.9102],[76.0483,30.0776],[76.0387,30.1917],[76.1915,30.2875],[75.9785,30.3408],[76.0669,30.5116],[76.2998,30.5583],[76.3273,30.4344],[76.4705,30.4398],[76.4999,30.5711],[76.5722,30.645],[76.5677,30.651],[76.719,30.5749],[76.8029,30.6755]]]},"properties":{"ID_0":105,"ISO":"IND","NAME_0":"India","ID_1":28,"NAME_1":"Punjab","ID_2":420,"NAME_2":"Patiala","NL_NAME_2":null,"VARNAME_2":null,"TYPE_2":"District","ENGTYPE_2":"District"}},{"type":"Feature","geometry":{"type":"Polygon","coordinates":[[[76.8282,30.7638],[76.7944,30.6693],[76.8029,30.6755],[76.719,30.5749],[76.5677,30.651],[76.5491,30.6479],[76.5203,30.7685],[76.3952,30.7743],[76.3106,30.8815],[76.2966,30.9926],[76.4952,30.9814],[76.3217,31.2294],[76.2774,31.3099],[76.3816,31.4106],[76.428,31.3252],[76.6354,31.213],[76.6101,31.0042],[76.7699,30.9064],[76.7625,30.8934],[76.8282,30.7638]]]},"properties":{"ID_0":105,"ISO":"IND","NAME_0":"India","ID_1":28,"NAME_1":"Punjab","ID_2":421,"NAME_2":"Rupnagar","NL_NAME_2":null,"VARNAME_2":"Ropar, Roop Nagar, Rupar","TYPE_2":"District","ENGTYPE_2":"District"}},{"type":"Feature","geometry":{"type":"Polygon","coordinates":[[[75.9387,29.7335],[75.82,29.8154],[75.726,29.8115],[75.7455,29.8296],[75.7557,29.9212],[75.6342,29.9389],[75.6128,30.1453],[75.3636,30.2005],[75.3613,30.2025],[75.2812,30.5112],[75.4036,30.5582],[75.3962,30.5841],[75.6143,30.6157],[75.6581,30.652],[75.8641,30.6408],[75.9165,30.5786],[76.0156,30.6176],[76.0712,30.5647],[76.0684,30.555],[76.0669,30.5116],[75.9785,30.3408],[76.1915,30.2875],[76.0387,30.1917],[76.0483,30.0776],[75.9716,29.9102],[76.0906,29.8108],[76.0415,29.7488],[75.9387,29.7335]]]},"properties":{"ID_0":105,"ISO":"IND","NAME_0":"India","ID_1":28,"NAME_1":"Punjab","ID_2":422,"NAME_2":"Sangrur","NL_NAME_2":null,"VARNAME_2":"Sangroor","TYPE_2":"District","ENGTYPE_2":"District"}},{"type":"Feature","geometry":{"type":"MultiPolygon","coordinates":[[[[74.0551,25.8308],[73.9484,25.6523],[73.9056,25.6868],[73.9428,25.8327],[74.0551,25.8308]]],[[[74.9722,26.8935],[74.9123,26.84],[74.9363,26.7529],[75.0633,26.6539],[75.1658,26.4656],[75.1095,26.2884],[75.1844,26.1135],[75.2732,26.1392],[75.3516,26.0231],[75.2601,25.8567],[75.3157,25.7676],[75.2578,25.7015],[75.1059,25.697],[75.0072,25.8107],[74.9017,25.8841],[74.7992,25.8735],[74.7215,25.9196],[74.616,25.9066],[74.4333,25.9268],[74.3869,25.9647],[74.2232,25.8457],[74.1821,25.8505],[74.1157,25.8681],[74.1299,25.9652],[74.2854,26.123],[74.3003,26.1871],[74.2512,26.2884],[74.3015,26.3312],[74.2881,26.4511],[74.4781,26.4999],[74.5897,26.6317],[74.6703,26.5968],[74.718,26.6785],[74.6938,26.7739],[74.7769,26.8015],[74.8475,26.978],[74.9787,26.9444],[74.9722,26.8935]]]]},"properties":{"ID_0":105,"ISO":"IND","NAME_0":"India","ID_1":29,"NAME_1":"Rajasthan","ID_2":423,"NAME_2":"Ajmer","NL_NAME_2":null,"VARNAME_2":null,"TYPE_2":"District","ENGTYPE_2":"District"}},{"type":"Feature","geometry":{"type":"Polygon","coordinates":[[[76.8543,28.2252],[76.9618,28.144],[76.9186,27.9976],[76.9266,27.8342],[76.8885,27.7196],[76.9705,27.6571],[76.9372,27.5851],[77.0405,27.5537],[77.0185,27.4542],[77.1327,27.3518],[77.0887,27.1769],[76.9573,27.1515],[76.8934,27.1681],[76.8003,27.1102],[76.6365,27.0999],[76.614,27.1823],[76.4575,27.0829],[76.2866,27.0686],[76.274,27.1847],[76.1783,27.1893],[76.1179,27.2428],[76.2268,27.4223],[76.2392,27.6314],[76.2233,27.8409],[76.1697,27.9097],[76.1773,28.0593],[76.3368,28.0297],[76.3556,28.1285],[76.3087,28.1834],[76.4723,28.1496],[76.5385,28.0391],[76.7915,28.1572],[76.8543,28.2252]]]},"properties":{"ID_0":105,"ISO":"IND","NAME_0":"India","ID_1":29,"NAME_1":"Rajasthan","ID_2":424,"NAME_2":"Alwar","NL_NAME_2":null,"VARNAME_2":null,"TYPE_2":"District","ENGTYPE_2":"District"}},{"type":"Feature","geometry":{"type":"Polygon","coordinates":[[[74.3228,23.0627],[74.2498,23.1784],[74.127,23.1789],[74.1361,23.2647],[74.0487,23.2951],[73.9625,23.3814],[74.0349,23.5461],[74.1207,23.6118],[74.1563,23.7888],[74.3852,23.9083],[74.4807,23.9267],[74.5506,23.882],[74.6934,23.8916],[74.7837,23.8292],[74.6986,23.6474],[74.7741,23.5433],[74.6134,23.4614],[74.5337,23.323],[74.741,23.2293],[74.5354,23.1015],[74.3912,23.112],[74.3228,23.0627]]]},"properties":{"ID_0":105,"ISO":"IND","NAME_0":"India","ID_1":29,"NAME_1":"Rajasthan","ID_2":425,"NAME_2":"Banswara","NL_NAME_2":null,"VARNAME_2":null,"TYPE_2":"District","ENGTYPE_2":"District"}},{"type":"Feature","geometry":{"type":"Polygon","coordinates":[[[77.3029,25.0839],[77.1696,25.1137],[77.0772,25.058],[76.9837,25.0776],[76.8693,25.0111],[76.9489,24.8729],[76.8023,24.8266],[76.8467,24.77],[77.0192,24.715],[77.0595,24.6424],[77.0503,24.5265],[76.9602,24.4602],[76.9184,24.5356],[76.8146,24.5344],[76.8412,24.4428],[76.632,24.4186],[76.5331,24.5185],[76.5273,24.6669],[76.4728,24.6739],[76.4391,24.7876],[76.5717,24.8625],[76.4173,24.9817],[76.3201,24.9634],[76.214,25.0887],[76.2496,25.2423],[76.3267,25.3791],[76.5743,25.4367],[76.6025,25.389],[76.7728,25.3159],[76.9587,25.2972],[77.0755,25.3397],[77.1536,25.3132],[77.3053,25.4364],[77.4064,25.2263],[77.3867,25.122],[77.3029,25.0839]]]},"properties":{"ID_0":105,"ISO":"IND","NAME_0":"India","ID_1":29,"NAME_1":"Rajasthan","ID_2":426,"NAME_2":"Baran","NL_NAME_2":null,"VARNAME_2":null,"TYPE_2":"District","ENGTYPE_2":"District"}},{"type":"Feature","geometry":{"type":"Polygon","coordinates":[[[71.1971,24.6429],[71.1716,24.6489],[71.1071,24.6807],[70.9455,24.9345],[70.8943,25.1441],[70.7591,25.275],[70.6742,25.3893],[70.6811,25.6608],[70.6017,25.7033],[70.3997,25.6638],[70.2853,25.6989],[70.1539,25.8603],[70.1084,25.924],[70.0951,26.0762],[70.1443,26.1418],[70.3742,26.1378],[70.4384,26.1711],[70.7226,26.2033],[70.7582,26.1407],[70.8832,26.1201],[70.9502,26.0716],[71.0568,26.1351],[70.9594,26.2413],[71.147,26.305],[71.2258,26.4396],[71.3292,26.4191],[71.4436,26.4913],[71.5808,26.5026],[71.6317,26.4148],[71.8976,26.296],[72.075,26.3458],[72.2571,26.2075],[72.4111,26.2365],[72.4684,26.2987],[72.5973,26.278],[72.6894,26.1847],[72.6861,26.028],[72.6205,25.9763],[72.8077,25.8518],[72.8358,25.8621],[72.7795,25.8004],[72.7238,25.6881],[72.7227,25.6078],[72.5886,25.6005],[72.4663,25.4525],[72.3598,25.4515],[72.3207,25.3851],[72.0379,25.473],[71.9258,25.3415],[71.9397,25.281],[71.8551,25.2035],[71.7987,25.0806],[71.6861,24.9832],[71.6351,25.0302],[71.3488,24.929],[71.3385,24.8456],[71.1971,24.6429]]]},"properties":{"ID_0":105,"ISO":"IND","NAME_0":"India","ID_1":29,"NAME_1":"Rajasthan","ID_2":427,"NAME_2":"Barmer","NL_NAME_2":null,"VARNAME_2":null,"TYPE_2":"District","ENGTYPE_2":"District"}},{"type":"Feature","geometry":{"type":"Polygon","coordinates":[[[76.9705,27.6571],[77.0383,27.82],[77.2758,27.8065],[77.3423,27.653],[77.3403,27.5248],[77.4296,27.462],[77.6391,27.2471],[77.6546,27.1756],[77.5444,27.1156],[77.5589,27.0488],[77.6919,26.979],[77.4825,26.9038],[77.4175,26.8428],[77.4483,26.7467],[77.3416,26.717],[77.2867,26.7851],[77.0708,26.8647],[77.0102,26.9338],[76.9573,27.1515],[77.0887,27.1769],[77.1327,27.3518],[77.0185,27.4542],[77.0405,27.5537],[76.9372,27.5851],[76.9705,27.6571]]]},"properties":{"ID_0":105,"ISO":"IND","NAME_0":"India","ID_1":29,"NAME_1":"Rajasthan","ID_2":428,"NAME_2":"Bharatpur","NL_NAME_2":null,"VARNAME_2":null,"TYPE_2":"District","ENGTYPE_2":"District"}},{"type":"Feature","geometry":{"type":"Polygon","coordinates":[[[75.3506,25.0248],[75.1944,25.0377],[75.2028,25.0931],[75.0329,25.1297],[74.9724,25.1082],[74.8669,25.1808],[74.6571,25.1855],[74.6122,25.1458],[74.4957,25.2092],[74.4141,25.2051],[74.2592,25.0674],[74.0798,25.1511],[74.0236,25.3534],[74.0657,25.582],[74.1163,25.6383],[74.0973,25.718],[74.1946,25.7414],[74.1821,25.8505],[74.2232,25.8457],[74.3869,25.9647],[74.4333,25.9268],[74.616,25.9066],[74.7215,25.9196],[74.7992,25.8735],[74.9017,25.8841],[75.0072,25.8107],[75.1059,25.697],[75.2578,25.7015],[75.3157,25.7676],[75.4608,25.7224],[75.4318,25.6249],[75.3046,25.4235],[75.3417,25.3267],[75.4376,25.2792],[75.4501,25.0296],[75.3506,25.0248]]]},"properties":{"ID_0":105,"ISO":"IND","NAME_0":"India","ID_1":29,"NAME_1":"Rajasthan","ID_2":429,"NAME_2":"Bhilwara","NL_NAME_2":null,"VARNAME_2":"Bhilavara","TYPE_2":"District","ENGTYPE_2":"District"}},{"type":"Feature","geometry":{"type":"Polygon","coordinates":[[[74.105,28.9405],[74.1539,28.7778],[74.0931,28.68],[74.1019,28.5897],[74.0543,28.5296],[74.0564,28.3278],[73.9108,28.2914],[73.763,28.2893],[73.6899,28.0647],[73.7106,27.9532],[73.7893,27.9005],[73.8375,27.7912],[73.8476,27.5518],[73.7734,27.5105],[73.6387,27.5649],[73.503,27.4337],[73.5012,27.3333],[73.3726,27.2601],[73.1608,27.2939],[73.1429,27.3891],[72.9855,27.3823],[72.8288,27.4641],[72.8333,27.5776],[72.6695,27.5399],[72.6021,27.6037],[72.3258,27.5099],[72.283,27.5448],[72.3416,27.688],[72.2191,27.6702],[72.1542,27.7751],[72.144,27.8679],[72.0308,27.944],[71.8963,27.9568],[71.9306,28.122],[71.9959,28.207],[72.1261,28.3035],[72.2088,28.4],[72.302,28.6648],[72.3847,28.7639],[72.6435,28.8991],[72.7605,28.7962],[73.0061,28.7112],[73.1996,28.8512],[73.2219,28.9275],[73.3392,29.004],[73.5639,28.9955],[73.6174,29.0363],[73.7916,29.0065],[73.8701,28.9406],[74.105,28.9405]]]},"properties":{"ID_0":105,"ISO":"IND","NAME_0":"India","ID_1":29,"NAME_1":"Rajasthan","ID_2":430,"NAME_2":"Bikaner","NL_NAME_2":null,"VARNAME_2":null,"TYPE_2":"District","ENGTYPE_2":"District"}},{"type":"Feature","geometry":{"type":"Polygon","coordinates":[[[75.4501,25.0296],[75.4376,25.2792],[75.3417,25.3267],[75.3046,25.4235],[75.4318,25.6249],[75.4608,25.7224],[75.6278,25.7129],[75.769,25.8268],[75.8895,25.8732],[76.0566,25.8642],[76.1525,25.7664],[76.2829,25.6949],[76.2702,25.5156],[76.2046,25.4889],[76.1088,25.3332],[76.0209,25.3188],[75.9772,25.2444],[75.7904,25.2622],[75.7328,25.1698],[75.7548,25.1155],[75.6211,25.0003],[75.4501,25.0296]]]},"properties":{"ID_0":105,"ISO":"IND","NAME_0":"India","ID_1":29,"NAME_1":"Rajasthan","ID_2":431,"NAME_2":"Bundi","NL_NAME_2":null,"VARNAME_2":null,"TYPE_2":"District","ENGTYPE_2":"District"}},{"type":"Feature","geometry":{"type":"MultiPolygon","coordinates":[[[[74.9041,24.2459],[74.8802,24.2165],[74.993,24.0297],[74.9146,23.9125],[74.9399,23.7659],[74.9397,23.6304],[74.8515,23.5574],[74.7741,23.5433],[74.6986,23.6474],[74.7837,23.8292],[74.6934,23.8916],[74.5506,23.882],[74.5794,24.1525],[74.5016,24.24],[74.3864,24.3135],[74.3764,24.4226],[74.2517,24.5107],[74.2786,24.5952],[74.1109,24.8137],[74.147,24.8883],[74.2592,25.0674],[74.4141,25.2051],[74.4957,25.2092],[74.6122,25.1458],[74.6571,25.1855],[74.8669,25.1808],[74.9724,25.1082],[75.0329,25.1297],[75.2028,25.0931],[75.1944,25.0377],[75.1157,24.9654],[75.1189,24.889],[75.0434,24.8592],[74.8271,24.8991],[74.8586,24.8131],[75.0129,24.7938],[74.9999,24.7085],[74.8734,24.6695],[74.8185,24.7653],[74.748,24.5968],[74.7573,24.4888],[74.8575,24.4515],[74.7846,24.3674],[74.7725,24.272],[74.9041,24.2459]]],[[[75.7862,24.7655],[75.6133,24.6884],[75.5485,24.7156],[75.4519,24.6932],[75.2284,24.7351],[75.3005,24.8152],[75.3506,25.0248],[75.4501,25.0296],[75.6211,25.0003],[75.7581,24.8805],[75.7862,24.7655]]]]},"properties":{"ID_0":105,"ISO":"IND","NAME_0":"India","ID_1":29,"NAME_1":"Rajasthan","ID_2":432,"NAME_2":"Chittaurgarh","NL_NAME_2":null,"VARNAME_2":null,"TYPE_2":"District","ENGTYPE_2":"District"}},{"type":"Feature","geometry":{"type":"Polygon","coordinates":[[[75.4689,28.938],[75.5557,28.6146],[75.6639,28.5209],[75.6078,28.5091],[75.5638,28.3814],[75.5009,28.3435],[75.3754,28.3412],[75.2717,28.4527],[75.1441,28.3824],[75.1416,28.2946],[75.0226,28.201],[74.8858,28.1944],[74.8019,28.0607],[74.775,27.9581],[74.8113,27.8023],[74.7355,27.7669],[74.6755,27.6696],[74.3387,27.6811],[74.2525,27.6039],[74.2003,27.4254],[74.026,27.536],[73.8982,27.4971],[73.8476,27.5518],[73.8375,27.7912],[73.7893,27.9005],[73.7106,27.9532],[73.6899,28.0647],[73.763,28.2893],[73.9108,28.2914],[74.0564,28.3278],[74.0543,28.5296],[74.1019,28.5897],[74.0931,28.68],[74.1539,28.7778],[74.2709,28.8011],[74.412,28.8861],[74.4826,28.8215],[74.6867,28.8396],[74.8034,28.9342],[74.9906,28.9176],[75.2113,28.8602],[75.3501,28.9673],[75.4689,28.938]]]},"properties":{"ID_0":105,"ISO":"IND","NAME_0":"India","ID_1":29,"NAME_1":"Rajasthan","ID_2":433,"NAME_2":"Churu","NL_NAME_2":null,"VARNAME_2":null,"TYPE_2":"District","ENGTYPE_2":"District"}},{"type":"Feature","geometry":{"type":"Polygon","coordinates":[[[76.2866,27.0686],[76.4575,27.0829],[76.614,27.1823],[76.6365,27.0999],[76.8003,27.1102],[76.8934,27.1681],[76.9573,27.1515],[77.0102,26.9338],[77.0708,26.8647],[76.9822,26.8177],[76.8865,26.9318],[76.8127,26.9663],[76.6118,26.7815],[76.5334,26.7773],[76.4463,26.6448],[76.4755,26.5036],[76.3878,26.3929],[76.3171,26.459],[76.1748,26.4904],[76.1548,26.5194],[76.2144,26.7264],[76.1964,26.965],[76.2866,27.0686]]]},"properties":{"ID_0":105,"ISO":"IND","NAME_0":"India","ID_1":29,"NAME_1":"Rajasthan","ID_2":434,"NAME_2":"Dausa","NL_NAME_2":null,"VARNAME_2":null,"TYPE_2":"District","ENGTYPE_2":"District"}},{"type":"Feature","geometry":{"type":"Polygon","coordinates":[[[78.2098,26.8361],[78.0954,26.7894],[78.0881,26.6867],[77.9922,26.7026],[77.813,26.5548],[77.671,26.5097],[77.5229,26.4149],[77.3662,26.3715],[77.2557,26.4341],[77.2201,26.5364],[77.3508,26.5993],[77.3416,26.717],[77.4483,26.7467],[77.5207,26.822],[77.7158,26.8813],[77.7651,26.938],[77.8715,26.9055],[78.0422,26.9154],[78.1395,26.9571],[78.2327,26.9337],[78.2098,26.8361]]]},"properties":{"ID_0":105,"ISO":"IND","NAME_0":"India","ID_1":29,"NAME_1":"Rajasthan","ID_2":435,"NAME_2":"Dhaulpur","NL_NAME_2":null,"VARNAME_2":null,"TYPE_2":"District","ENGTYPE_2":"District"}},{"type":"Feature","geometry":{"type":"Polygon","coordinates":[[[73.9625,23.3814],[73.8943,23.3371],[73.8269,23.4468],[73.7261,23.4127],[73.6328,23.4524],[73.6607,23.6229],[73.5707,23.6535],[73.3704,23.8144],[73.4732,23.8481],[73.5213,23.9319],[73.8602,23.9378],[73.9201,23.9849],[74.0824,23.9702],[74.1618,24.0155],[74.2283,23.9116],[74.3036,23.9628],[74.3852,23.9083],[74.1563,23.7888],[74.1207,23.6118],[74.0349,23.5461],[73.9625,23.3814]]]},"properties":{"ID_0":105,"ISO":"IND","NAME_0":"India","ID_1":29,"NAME_1":"Rajasthan","ID_2":436,"NAME_2":"Dungarpur","NL_NAME_2":null,"VARNAME_2":null,"TYPE_2":"District","ENGTYPE_2":"District"}},{"type":"Feature","geometry":{"type":"Polygon","coordinates":[[[73.9663,30.195],[73.8984,30.0536],[73.8912,29.9701],[74.279,29.9551],[74.3202,29.8095],[74.2552,29.6632],[74.1403,29.628],[73.9915,29.6588],[73.9662,29.5415],[74.1229,29.3001],[74.21,29.2028],[74.1044,29.0965],[74.105,28.9405],[73.8701,28.9406],[73.7916,29.0065],[73.6174,29.0363],[73.5639,28.9955],[73.3392,29.004],[73.2219,28.9275],[73.1996,28.8512],[73.0061,28.7112],[72.7605,28.7962],[72.6435,28.8991],[72.9438,29.0299],[73.0785,29.2334],[73.2713,29.557],[73.3854,29.926],[73.6112,30.0224],[73.7941,30.0697],[73.9663,30.195]]]},"properties":{"ID_0":105,"ISO":"IND","NAME_0":"India","ID_1":29,"NAME_1":"Rajasthan","ID_2":437,"NAME_2":"Ganganagar","NL_NAME_2":null,"VARNAME_2":"Sri Ganganagar","TYPE_2":"District","ENGTYPE_2":"District"}},{"type":"Feature","geometry":{"type":"Polygon","coordinates":[[[75.5165,28.9754],[75.4689,28.938],[75.3501,28.9673],[75.2113,28.8602],[74.9906,28.9176],[74.8034,28.9342],[74.6867,28.8396],[74.4826,28.8215],[74.412,28.8861],[74.2709,28.8011],[74.1539,28.7778],[74.105,28.9405],[74.1044,29.0965],[74.21,29.2028],[74.1229,29.3001],[73.9662,29.5415],[73.9915,29.6588],[74.1403,29.628],[74.2552,29.6632],[74.3202,29.8095],[74.279,29.9551],[74.442,29.9471],[74.5191,29.9433],[74.5536,29.8656],[74.472,29.744],[74.6054,29.7529],[74.5717,29.5556],[74.57,29.4062],[74.7759,29.3602],[74.8495,29.4028],[74.9271,29.3646],[74.9531,29.2819],[75.0781,29.2325],[75.2352,29.2519],[75.2767,29.2735],[75.3795,29.2639],[75.3807,29.0703],[75.5165,28.9754]]]},"properties":{"ID_0":105,"ISO":"IND","NAME_0":"India","ID_1":29,"NAME_1":"Rajasthan","ID_2":438,"NAME_2":"Hanumangarh","NL_NAME_2":null,"VARNAME_2":null,"TYPE_2":"District","ENGTYPE_2":"District"}},{"type":"Feature","geometry":{"type":"Polygon","coordinates":[[[76.0801,27.8511],[76.2233,27.8409],[76.2392,27.6314],[76.2268,27.4223],[76.1179,27.2428],[76.1783,27.1893],[76.274,27.1847],[76.2866,27.0686],[76.1964,26.965],[76.2144,26.7264],[76.1548,26.5194],[76.0033,26.4965],[75.7789,26.5301],[75.7073,26.4491],[75.5691,26.4503],[75.3476,26.5053],[75.2822,26.5677],[75.1658,26.4656],[75.0633,26.6539],[74.9363,26.7529],[74.9123,26.84],[74.9722,26.8935],[75.0089,26.9485],[75.1606,26.9363],[75.2158,27.0863],[75.3106,27.1628],[75.3892,27.2863],[75.5247,27.3478],[75.864,27.4208],[75.9323,27.5013],[75.9839,27.7076],[76.0801,27.8511]]]},"properties":{"ID_0":105,"ISO":"IND","NAME_0":"India","ID_1":29,"NAME_1":"Rajasthan","ID_2":439,"NAME_2":"Jaipur","NL_NAME_2":null,"VARNAME_2":"Jeipur","TYPE_2":"District","ENGTYPE_2":"District"}},{"type":"Feature","geometry":{"type":"Polygon","coordinates":[[[72.075,26.3458],[71.8976,26.296],[71.6317,26.4148],[71.5808,26.5026],[71.4436,26.4913],[71.3292,26.4191],[71.2258,26.4396],[71.147,26.305],[70.9594,26.2413],[71.0568,26.1351],[70.9502,26.0716],[70.8832,26.1201],[70.7582,26.1407],[70.7226,26.2033],[70.4384,26.1711],[70.3742,26.1378],[70.1443,26.1418],[70.0951,26.0762],[70.1084,25.924],[70.1539,25.8603],[70.1067,25.9242],[70.0913,25.9652],[70.0805,26.0582],[70.1727,26.2451],[70.1839,26.4868],[70.1677,26.5507],[70.0248,26.5987],[69.8556,26.5829],[69.5224,26.736],[69.4837,26.8062],[69.5132,27.0169],[69.5867,27.178],[69.862,27.4028],[70.0163,27.556],[70.1078,27.7669],[70.2076,27.8854],[70.3662,28.0082],[70.5626,28.0198],[70.6721,27.9143],[70.6784,27.8391],[70.7577,27.7172],[70.9069,27.7006],[71.2087,27.8244],[71.4097,27.8658],[71.6583,27.8689],[71.8963,27.9568],[72.0308,27.944],[72.144,27.8679],[72.1542,27.7751],[72.2191,27.6702],[72.3416,27.688],[72.283,27.5448],[72.1749,27.4576],[72.0492,27.6096],[71.8147,27.4361],[71.8294,27.3236],[71.7894,27.2504],[71.9161,27.2063],[71.9684,27.1349],[72.0772,27.1124],[72.0409,26.9316],[72.1046,26.8829],[72.0554,26.7991],[72.0413,26.6714],[72.1002,26.5966],[72.0291,26.4948],[72.0841,26.4393],[72.075,26.3458]]]},"properties":{"ID_0":105,"ISO":"IND","NAME_0":"India","ID_1":29,"NAME_1":"Rajasthan","ID_2":440,"NAME_2":"Jaisalmer","NL_NAME_2":null,"VARNAME_2":null,"TYPE_2":"District","ENGTYPE_2":"District"}},{"type":"Feature","geometry":{"type":"Polygon","coordinates":[[[72.3402,24.623],[72.1859,24.6094],[72.0849,24.6528],[71.7845,24.6689],[71.6616,24.6333],[71.6166,24.6707],[71.4883,24.6739],[71.2977,24.6076],[71.2073,24.6395],[71.1971,24.6429],[71.3385,24.8456],[71.3488,24.929],[71.6351,25.0302],[71.6861,24.9832],[71.7987,25.0806],[71.8551,25.2035],[71.9397,25.281],[71.9258,25.3415],[72.0379,25.473],[72.3207,25.3851],[72.3598,25.4515],[72.4663,25.4525],[72.5886,25.6005],[72.7227,25.6078],[72.7238,25.6881],[72.7795,25.8004],[72.8906,25.7338],[72.9368,25.6382],[73.0579,25.56],[73.0985,25.468],[72.9746,25.3711],[72.9426,25.2433],[72.8303,25.2864],[72.6921,25.0469],[72.5852,24.94],[72.5104,24.9215],[72.4865,24.7489],[72.378,24.7595],[72.3402,24.623]]]},"properties":{"ID_0":105,"ISO":"IND","NAME_0":"India","ID_1":29,"NAME_1":"Rajasthan","ID_2":441,"NAME_2":"Jalor","NL_NAME_2":null,"VARNAME_2":null,"TYPE_2":"District","ENGTYPE_2":"District"}},{"type":"Feature","geometry":{"type":"Polygon","coordinates":[[[76.8412,24.4428],[76.8742,24.2711],[76.9439,24.1989],[76.8776,24.1349],[76.7909,24.1258],[76.6163,24.2628],[76.5232,24.1632],[76.4634,24.2289],[76.353,24.2489],[76.2156,24.2168],[76.1234,24.2054],[76.1347,24.0953],[75.9602,24.0254],[75.9758,23.9329],[75.6902,23.8196],[75.6845,23.7606],[75.566,23.8157],[75.4565,23.9207],[75.5144,24.0487],[75.7004,23.9691],[75.7796,24.0621],[75.7435,24.1396],[75.813,24.3007],[75.7358,24.4034],[75.9034,24.4461],[75.9205,24.5438],[76.0785,24.5809],[76.0654,24.6798],[76.1796,24.6687],[76.2226,24.8004],[76.3369,24.8738],[76.4391,24.7876],[76.4728,24.6739],[76.5273,24.6669],[76.5331,24.5185],[76.632,24.4186],[76.8412,24.4428]]]},"properties":{"ID_0":105,"ISO":"IND","NAME_0":"India","ID_1":29,"NAME_1":"Rajasthan","ID_2":442,"NAME_2":"Jhalawar","NL_NAME_2":null,"VARNAME_2":null,"TYPE_2":"District","ENGTYPE_2":"District"}},{"type":"Feature","geometry":{"type":"Polygon","coordinates":[[[75.6639,28.5209],[75.8892,28.3937],[76.053,28.2242],[75.9236,27.9331],[75.7626,27.8376],[75.6821,27.6776],[75.5297,27.7129],[75.4115,27.6476],[75.2828,27.7194],[75.1417,28.0288],[75.1217,28.1378],[75.0226,28.201],[75.1416,28.2946],[75.1441,28.3824],[75.2717,28.4527],[75.3754,28.3412],[75.5009,28.3435],[75.5638,28.3814],[75.6078,28.5091],[75.6639,28.5209]]]},"properties":{"ID_0":105,"ISO":"IND","NAME_0":"India","ID_1":29,"NAME_1":"Rajasthan","ID_2":443,"NAME_2":"Jhunjhunun","NL_NAME_2":null,"VARNAME_2":"Jhunjhunu","TYPE_2":"District","ENGTYPE_2":"District"}},{"type":"Feature","geometry":{"type":"Polygon","coordinates":[[[72.8358,25.8621],[72.8077,25.8518],[72.6205,25.9763],[72.6861,26.028],[72.6894,26.1847],[72.5973,26.278],[72.4684,26.2987],[72.4111,26.2365],[72.2571,26.2075],[72.075,26.3458],[72.0841,26.4393],[72.0291,26.4948],[72.1002,26.5966],[72.0413,26.6714],[72.0554,26.7991],[72.1046,26.8829],[72.0409,26.9316],[72.0772,27.1124],[71.9684,27.1349],[71.9161,27.2063],[71.7894,27.2504],[71.8294,27.3236],[71.8147,27.4361],[72.0492,27.6096],[72.1749,27.4576],[72.283,27.5448],[72.3258,27.5099],[72.6021,27.6037],[72.6695,27.5399],[72.8333,27.5776],[72.8288,27.4641],[72.9855,27.3823],[73.1429,27.3891],[73.1608,27.2939],[73.1299,27.2342],[73.1901,27.0557],[73.1214,26.9432],[73.2116,26.868],[73.3255,26.8564],[73.4362,26.8863],[73.5855,26.8637],[73.6528,26.8084],[73.6478,26.7107],[73.7189,26.5529],[73.8712,26.4318],[73.8125,26.3507],[73.7848,26.1648],[73.6494,26.079],[73.6278,26.1479],[73.466,26.0858],[73.3764,26.1566],[73.3164,26.0343],[73.2076,26.0766],[73.0595,26.0117],[72.9592,25.901],[72.8358,25.8621]]]},"properties":{"ID_0":105,"ISO":"IND","NAME_0":"India","ID_1":29,"NAME_1":"Rajasthan","ID_2":444,"NAME_2":"Jodhpur","NL_NAME_2":null,"VARNAME_2":null,"TYPE_2":"District","ENGTYPE_2":"District"}},{"type":"Feature","geometry":{"type":"Polygon","coordinates":[[[77.3662,26.3715],[77.267,26.2762],[77.1094,26.2251],[76.8381,26.0364],[76.7307,26.149],[76.577,26.2125],[76.5833,26.2705],[76.6756,26.3984],[76.827,26.4872],[76.9653,26.6087],[76.9388,26.6574],[76.6918,26.5137],[76.661,26.5624],[76.4463,26.6448],[76.5334,26.7773],[76.6118,26.7815],[76.8127,26.9663],[76.8865,26.9318],[76.9822,26.8177],[77.0708,26.8647],[77.2867,26.7851],[77.3416,26.717],[77.3508,26.5993],[77.2201,26.5364],[77.2557,26.4341],[77.3662,26.3715]]]},"properties":{"ID_0":105,"ISO":"IND","NAME_0":"India","ID_1":29,"NAME_1":"Rajasthan","ID_2":445,"NAME_2":"Karauli","NL_NAME_2":null,"VARNAME_2":null,"TYPE_2":"District","ENGTYPE_2":"District"}},{"type":"Feature","geometry":{"type":"Polygon","coordinates":[[[75.9205,24.5438],[75.8525,24.6143],[75.8388,24.7299],[75.7862,24.7655],[75.7581,24.8805],[75.6211,25.0003],[75.7548,25.1155],[75.7328,25.1698],[75.7904,25.2622],[75.9772,25.2444],[76.0209,25.3188],[76.1088,25.3332],[76.2046,25.4889],[76.2702,25.5156],[76.2829,25.6949],[76.1525,25.7664],[76.3169,25.8138],[76.3593,25.7432],[76.5668,25.8397],[76.5108,25.6728],[76.5203,25.5299],[76.5743,25.4367],[76.3267,25.3791],[76.2496,25.2423],[76.214,25.0887],[76.3201,24.9634],[76.4173,24.9817],[76.5717,24.8625],[76.4391,24.7876],[76.3369,24.8738],[76.2226,24.8004],[76.1796,24.6687],[76.0654,24.6798],[76.0785,24.5809],[75.9205,24.5438]]]},"properties":{"ID_0":105,"ISO":"IND","NAME_0":"India","ID_1":29,"NAME_1":"Rajasthan","ID_2":446,"NAME_2":"Kota","NL_NAME_2":null,"VARNAME_2":"Kotah","TYPE_2":"District","ENGTYPE_2":"District"}},{"type":"Feature","geometry":{"type":"Polygon","coordinates":[[[74.9722,26.8935],[74.9787,26.9444],[74.8475,26.978],[74.7769,26.8015],[74.6938,26.7739],[74.718,26.6785],[74.6703,26.5968],[74.5897,26.6317],[74.4781,26.4999],[74.2881,26.4511],[74.1723,26.4232],[73.8712,26.4318],[73.7189,26.5529],[73.6478,26.7107],[73.6528,26.8084],[73.5855,26.8637],[73.4362,26.8863],[73.3255,26.8564],[73.2116,26.868],[73.1214,26.9432],[73.1901,27.0557],[73.1299,27.2342],[73.1608,27.2939],[73.3726,27.2601],[73.5012,27.3333],[73.503,27.4337],[73.6387,27.5649],[73.7734,27.5105],[73.8476,27.5518],[73.8982,27.4971],[74.026,27.536],[74.2003,27.4254],[74.2525,27.6039],[74.3387,27.6811],[74.6755,27.6696],[74.7561,27.5702],[74.7178,27.5037],[74.8518,27.4531],[74.8933,27.3328],[75.0681,27.3885],[75.1623,27.3197],[75.0666,27.2226],[75.1732,27.1443],[75.3106,27.1628],[75.2158,27.0863],[75.1606,26.9363],[75.0089,26.9485],[74.9722,26.8935]]]},"properties":{"ID_0":105,"ISO":"IND","NAME_0":"India","ID_1":29,"NAME_1":"Rajasthan","ID_2":447,"NAME_2":"Nagaur","NL_NAME_2":null,"VARNAME_2":null,"TYPE_2":"District","ENGTYPE_2":"District"}},{"type":"Feature","geometry":{"type":"Polygon","coordinates":[[[74.0551,25.8308],[73.9428,25.8327],[73.9056,25.6868],[73.8642,25.6524],[73.7339,25.3835],[73.6128,25.2874],[73.6023,25.2045],[73.4921,25.1084],[73.3935,25.0671],[73.3298,24.9092],[73.1477,24.7579],[73.1457,24.8432],[73.0312,24.8876],[73.0505,25.0046],[73.1337,25.0646],[73.0591,25.1591],[73.0014,25.1437],[72.9426,25.2433],[72.9746,25.3711],[73.0985,25.468],[73.0579,25.56],[72.9368,25.6382],[72.8906,25.7338],[72.7795,25.8004],[72.8358,25.8621],[72.9592,25.901],[73.0595,26.0117],[73.2076,26.0766],[73.3164,26.0343],[73.3764,26.1566],[73.466,26.0858],[73.6278,26.1479],[73.6494,26.079],[73.7848,26.1648],[73.8125,26.3507],[73.8712,26.4318],[74.1723,26.4232],[74.2881,26.4511],[74.3015,26.3312],[74.2512,26.2884],[74.3003,26.1871],[74.2854,26.123],[74.1299,25.9652],[74.1157,25.8681],[74.0551,25.8308]]]},"properties":{"ID_0":105,"ISO":"IND","NAME_0":"India","ID_1":29,"NAME_1":"Rajasthan","ID_2":448,"NAME_2":"Pali","NL_NAME_2":null,"VARNAME_2":null,"TYPE_2":"District","ENGTYPE_2":"District"}},{"type":"Feature","geometry":{"type":"Polygon","coordinates":[[[73.9056,25.6868],[73.9484,25.6523],[74.0551,25.8308],[74.1157,25.8681],[74.1821,25.8505],[74.1946,25.7414],[74.0973,25.718],[74.1163,25.6383],[74.0657,25.582],[74.0236,25.3534],[74.0798,25.1511],[74.2592,25.0674],[74.147,24.8883],[74.0459,24.9058],[73.904,24.8805],[73.6553,24.7086],[73.6104,24.8622],[73.5407,24.9204],[73.4921,25.1084],[73.6023,25.2045],[73.6128,25.2874],[73.7339,25.3835],[73.8642,25.6524],[73.9056,25.6868]]]},"properties":{"ID_0":105,"ISO":"IND","NAME_0":"India","ID_1":29,"NAME_1":"Rajasthan","ID_2":449,"NAME_2":"Rajsamand","NL_NAME_2":null,"VARNAME_2":null,"TYPE_2":"District","ENGTYPE_2":"District"}},{"type":"Feature","geometry":{"type":"Polygon","coordinates":[[[76.8381,26.0364],[76.7333,25.9025],[76.6414,25.9063],[76.5668,25.8397],[76.3593,25.7432],[76.3169,25.8138],[76.2173,25.8669],[76.2451,26.0241],[76.1411,25.9708],[76.0636,26.1349],[75.9765,26.1993],[76.0984,26.2437],[76.1748,26.4904],[76.3171,26.459],[76.3878,26.3929],[76.4755,26.5036],[76.4463,26.6448],[76.661,26.5624],[76.6918,26.5137],[76.9388,26.6574],[76.9653,26.6087],[76.827,26.4872],[76.6756,26.3984],[76.5833,26.2705],[76.577,26.2125],[76.7307,26.149],[76.8381,26.0364]]]},"properties":{"ID_0":105,"ISO":"IND","NAME_0":"India","ID_1":29,"NAME_1":"Rajasthan","ID_2":450,"NAME_2":"Sawai Madhopur","NL_NAME_2":null,"VARNAME_2":null,"TYPE_2":"District","ENGTYPE_2":"District"}},{"type":"Feature","geometry":{"type":"Polygon","coordinates":[[[75.9236,27.9331],[75.9754,27.8646],[76.0801,27.8511],[75.9839,27.7076],[75.9323,27.5013],[75.864,27.4208],[75.5247,27.3478],[75.3892,27.2863],[75.3106,27.1628],[75.1732,27.1443],[75.0666,27.2226],[75.1623,27.3197],[75.0681,27.3885],[74.8933,27.3328],[74.8518,27.4531],[74.7178,27.5037],[74.7561,27.5702],[74.6755,27.6696],[74.7355,27.7669],[74.8113,27.8023],[74.775,27.9581],[74.8019,28.0607],[74.8858,28.1944],[75.0226,28.201],[75.1217,28.1378],[75.1417,28.0288],[75.2828,27.7194],[75.4115,27.6476],[75.5297,27.7129],[75.6821,27.6776],[75.7626,27.8376],[75.9236,27.9331]]]},"properties":{"ID_0":105,"ISO":"IND","NAME_0":"India","ID_1":29,"NAME_1":"Rajasthan","ID_2":451,"NAME_2":"Sikar","NL_NAME_2":null,"VARNAME_2":null,"TYPE_2":"District","ENGTYPE_2":"District"}},{"type":"Feature","geometry":{"type":"Polygon","coordinates":[[[72.9654,24.3511],[72.7325,24.3613],[72.6586,24.4564],[72.5421,24.5049],[72.4647,24.4071],[72.3579,24.5525],[72.3402,24.623],[72.378,24.7595],[72.4865,24.7489],[72.5104,24.9215],[72.5852,24.94],[72.6921,25.0469],[72.8303,25.2864],[72.9426,25.2433],[73.0014,25.1437],[73.0591,25.1591],[73.1337,25.0646],[73.0505,25.0046],[73.0312,24.8876],[73.1457,24.8432],[73.1477,24.7579],[73.1411,24.6879],[73.0128,24.4824],[72.9654,24.3511]]]},"properties":{"ID_0":105,"ISO":"IND","NAME_0":"India","ID_1":29,"NAME_1":"Rajasthan","ID_2":452,"NAME_2":"Sirohi","NL_NAME_2":null,"VARNAME_2":null,"TYPE_2":"District","ENGTYPE_2":"District"}},{"type":"Feature","geometry":{"type":"Polygon","coordinates":[[[75.3157,25.7676],[75.2601,25.8567],[75.3516,26.0231],[75.2732,26.1392],[75.1844,26.1135],[75.1095,26.2884],[75.1658,26.4656],[75.2822,26.5677],[75.3476,26.5053],[75.5691,26.4503],[75.7073,26.4491],[75.7789,26.5301],[76.0033,26.4965],[76.1548,26.5194],[76.1748,26.4904],[76.0984,26.2437],[75.9765,26.1993],[76.0636,26.1349],[76.1411,25.9708],[76.2451,26.0241],[76.2173,25.8669],[76.3169,25.8138],[76.1525,25.7664],[76.0566,25.8642],[75.8895,25.8732],[75.769,25.8268],[75.6278,25.7129],[75.4608,25.7224],[75.3157,25.7676]]]},"properties":{"ID_0":105,"ISO":"IND","NAME_0":"India","ID_1":29,"NAME_1":"Rajasthan","ID_2":453,"NAME_2":"Tonk","NL_NAME_2":null,"VARNAME_2":null,"TYPE_2":"District","ENGTYPE_2":"District"}},{"type":"Feature","geometry":{"type":"Polygon","coordinates":[[[73.3704,23.8144],[73.4201,23.9234],[73.4138,24.0511],[73.2238,24.0982],[73.0827,24.185],[73.1802,24.3507],[73.0128,24.4824],[73.1411,24.6879],[73.1477,24.7579],[73.3298,24.9092],[73.3935,25.0671],[73.4921,25.1084],[73.5407,24.9204],[73.6104,24.8622],[73.6553,24.7086],[73.904,24.8805],[74.0459,24.9058],[74.147,24.8883],[74.1109,24.8137],[74.2786,24.5952],[74.2517,24.5107],[74.3764,24.4226],[74.3864,24.3135],[74.5016,24.24],[74.5794,24.1525],[74.5506,23.882],[74.4807,23.9267],[74.3852,23.9083],[74.3036,23.9628],[74.2283,23.9116],[74.1618,24.0155],[74.0824,23.9702],[73.9201,23.9849],[73.8602,23.9378],[73.5213,23.9319],[73.4732,23.8481],[73.3704,23.8144]]]},"properties":{"ID_0":105,"ISO":"IND","NAME_0":"India","ID_1":29,"NAME_1":"Rajasthan","ID_2":454,"NAME_2":"Udaipur","NL_NAME_2":null,"VARNAME_2":null,"TYPE_2":"District","ENGTYPE_2":"District"}},{"type":"Feature","geometry":{"type":"Polygon","coordinates":[[[88.5208,27.1782],[88.4421,27.2613],[88.481,27.3784],[88.4862,27.3787],[88.7925,27.4164],[88.8899,27.3364],[88.8011,27.2476],[88.7517,27.1482],[88.594,27.1912],[88.5208,27.1782]]]},"properties":{"ID_0":105,"ISO":"IND","NAME_0":"India","ID_1":30,"NAME_1":"Sikkim","ID_2":455,"NAME_2":"East","NL_NAME_2":null,"VARNAME_2":null,"TYPE_2":"District","ENGTYPE_2":"District"}},{"type":"Feature","geometry":{"type":"Polygon","coordinates":[[[88.7925,27.4164],[88.4862,27.3787],[88.481,27.3784],[88.4654,27.3856],[88.3504,27.5214],[88.2857,27.5189],[88.2763,27.513],[88.1169,27.614],[88.2039,27.8373],[88.1139,27.9122],[88.3888,27.9778],[88.5748,28.0856],[88.7511,28.0733],[88.8409,27.991],[88.8802,27.8952],[88.8466,27.6689],[88.7671,27.565],[88.7925,27.4164]]]},"properties":{"ID_0":105,"ISO":"IND","NAME_0":"India","ID_1":30,"NAME_1":"Sikkim","ID_2":456,"NAME_2":"North Sikkim","NL_NAME_2":null,"VARNAME_2":"North District","TYPE_2":"District","ENGTYPE_2":"District"}},{"type":"Feature","geometry":{"type":"Polygon","coordinates":[[[88.481,27.3784],[88.4421,27.2613],[88.5208,27.1782],[88.4463,27.0854],[88.2781,27.1308],[88.3238,27.1876],[88.3295,27.1946],[88.3181,27.2206],[88.3028,27.2262],[88.2661,27.5037],[88.2763,27.513],[88.2857,27.5189],[88.3504,27.5214],[88.4654,27.3856],[88.481,27.3784]]]},"properties":{"ID_0":105,"ISO":"IND","NAME_0":"India","ID_1":30,"NAME_1":"Sikkim","ID_2":457,"NAME_2":"South Sikkim","NL_NAME_2":null,"VARNAME_2":"South District","TYPE_2":"District","ENGTYPE_2":"District"}},{"type":"Feature","geometry":{"type":"Polygon","coordinates":[[[88.1169,27.614],[88.2763,27.513],[88.2661,27.5037],[88.3028,27.2262],[88.3181,27.2206],[88.3295,27.1946],[88.3238,27.1876],[88.2781,27.1308],[88.0927,27.1363],[88.017,27.2189],[88.0692,27.3356],[88.0466,27.4784],[88.1169,27.614]]]},"properties":{"ID_0":105,"ISO":"IND","NAME_0":"India","ID_1":30,"NAME_1":"Sikkim","ID_2":458,"NAME_2":"West Sikkim","NL_NAME_2":null,"VARNAME_2":"West District","TYPE_2":"District","ENGTYPE_2":"District"}},{"type":"Feature","geometry":{"type":"Polygon","coordinates":[[[79.4433,11.1347],[79.3969,11.0654],[79.2051,10.9289],[78.9912,10.8759],[78.9501,10.9351],[78.993,11.0435],[78.9947,11.0464],[79.1071,11.2438],[79.1545,11.364],[79.3544,11.4053],[79.3792,11.3406],[79.4828,11.2892],[79.4976,11.2118],[79.4433,11.1347]]]},"properties":{"ID_0":105,"ISO":"IND","NAME_0":"India","ID_1":31,"NAME_1":"Tamil Nadu","ID_2":459,"NAME_2":"Ariyalur","NL_NAME_2":null,"VARNAME_2":null,"TYPE_2":"District","ENGTYPE_2":"District"}},{"type":"Feature","geometry":{"type":"Polygon","coordinates":[[[80.2976,13.1266],[80.2624,12.9545],[80.1743,13.0145],[80.1897,13.1119],[80.2976,13.1266]]]},"properties":{"ID_0":105,"ISO":"IND","NAME_0":"India","ID_1":31,"NAME_1":"Tamil Nadu","ID_2":460,"NAME_2":"Chennai","NL_NAME_2":null,"VARNAME_2":"Madras","TYPE_2":"District","ENGTYPE_2":"District"}},{"type":"Feature","geometry":{"type":"Polygon","coordinates":[[[77.2748,10.2205],[77.163,10.3463],[76.9815,10.2199],[76.8918,10.2431],[76.8268,10.3303],[76.8297,10.5851],[76.8726,10.6294],[76.8975,10.7708],[76.8176,10.8618],[76.6528,10.92],[76.7406,11.1099],[76.697,11.2313],[76.8411,11.3305],[76.9539,11.3744],[77.0379,11.3921],[77.1289,11.3266],[77.2552,11.3085],[77.3929,11.189],[77.4903,11.0142],[77.4615,10.944],[77.2763,10.8398],[77.309,10.6806],[77.404,10.6157],[77.311,10.4404],[77.3011,10.3457],[77.3363,10.2665],[77.2748,10.2205]]]},"properties":{"ID_0":105,"ISO":"IND","NAME_0":"India","ID_1":31,"NAME_1":"Tamil Nadu","ID_2":461,"NAME_2":"Coimbatore","NL_NAME_2":null,"VARNAME_2":null,"TYPE_2":"District","ENGTYPE_2":"District"}},{"type":"Feature","geometry":{"type":"Polygon","coordinates":[[[79.6732,11.87],[79.794,11.8156],[79.7588,11.5521],[79.814,11.4191],[79.7889,11.3674],[79.6409,11.2876],[79.6328,11.246],[79.5071,11.1663],[79.4433,11.1347],[79.4976,11.2118],[79.4828,11.2892],[79.3792,11.3406],[79.3544,11.4053],[79.1545,11.364],[78.95,11.3881],[78.8753,11.4722],[78.861,11.4924],[78.9088,11.5519],[79.0556,11.6164],[79.1699,11.5724],[79.3678,11.665],[79.4409,11.8562],[79.6682,11.7978],[79.6732,11.87]]]},"properties":{"ID_0":105,"ISO":"IND","NAME_0":"India","ID_1":31,"NAME_1":"Tamil Nadu","ID_2":462,"NAME_2":"Cuddalore","NL_NAME_2":null,"VARNAME_2":null,"TYPE_2":"District","ENGTYPE_2":"District"}},{"type":"Feature","geometry":{"type":"Polygon","coordinates":[[[78.2206,12.7526],[78.2274,12.6893],[78.3975,12.6136],[78.4053,12.4752],[78.6046,12.326],[78.6394,12.2463],[78.6234,12.1316],[78.7274,12.1221],[78.704,11.9679],[78.7108,11.9034],[78.6134,11.8518],[78.529,11.7888],[78.4409,11.8125],[78.2437,11.9242],[78.1336,11.9519],[77.9617,11.8823],[77.8351,11.883],[77.6647,11.9397],[77.767,12.1091],[77.7264,12.1673],[77.5113,12.184],[77.463,12.2358],[77.6038,12.3538],[77.6252,12.4773],[77.5785,12.507],[77.5893,12.6483],[77.7502,12.6872],[77.8256,12.859],[77.8588,12.8576],[77.9813,12.8104],[78.0646,12.8302],[78.1207,12.77],[78.2206,12.7526]]]},"properties":{"ID_0":105,"ISO":"IND","NAME_0":"India","ID_1":31,"NAME_1":"Tamil Nadu","ID_2":463,"NAME_2":"Dharmapuri","NL_NAME_2":null,"VARNAME_2":"Dharampuri","TYPE_2":"District","ENGTYPE_2":"District"}},{"type":"Feature","geometry":{"type":"Polygon","coordinates":[[[77.2533,10.1114],[77.2748,10.2205],[77.3363,10.2665],[77.3011,10.3457],[77.311,10.4404],[77.404,10.6157],[77.4959,10.5957],[77.5828,10.6648],[77.7154,10.6196],[77.7948,10.6686],[77.8164,10.6211],[77.9647,10.6269],[78.0193,10.7692],[78.1581,10.7909],[78.1183,10.5618],[78.1824,10.5352],[78.1921,10.4605],[78.2988,10.4265],[78.2652,10.3581],[78.3175,10.288],[78.2493,10.1634],[78.2428,10.0738],[78.1438,10.0992],[78.1052,10.1776],[78.0143,10.1682],[77.9037,10.0722],[77.7483,10.045],[77.6952,10.01],[77.6855,10.1799],[77.5965,10.2018],[77.4498,10.1179],[77.3799,10.1493],[77.2533,10.1114]]]},"properties":{"ID_0":105,"ISO":"IND","NAME_0":"India","ID_1":31,"NAME_1":"Tamil Nadu","ID_2":464,"NAME_2":"Dindigul","NL_NAME_2":null,"VARNAME_2":"Anna","TYPE_2":"District","ENGTYPE_2":"District"}},{"type":"Feature","geometry":{"type":"Polygon","coordinates":[[[76.8373,11.5745],[76.83,11.649],[76.8997,11.7833],[77.0044,11.803],[77.0759,11.7239],[77.2417,11.8025],[77.4311,11.7717],[77.4904,11.9297],[77.6647,11.9397],[77.6574,11.8113],[77.7273,11.592],[77.6839,11.4484],[77.6711,11.4094],[77.7954,11.2545],[77.8491,11.2341],[77.8755,11.0715],[77.9185,11.0568],[77.7774,11.0199],[77.7466,10.8893],[77.8248,10.8219],[77.7948,10.6686],[77.7154,10.6196],[77.5828,10.6648],[77.4959,10.5957],[77.404,10.6157],[77.309,10.6806],[77.2763,10.8398],[77.4615,10.944],[77.4903,11.0142],[77.3929,11.189],[77.2552,11.3085],[77.1289,11.3266],[77.0379,11.3921],[76.9539,11.3744],[76.9972,11.5353],[76.8373,11.5745]]]},"properties":{"ID_0":105,"ISO":"IND","NAME_0":"India","ID_1":31,"NAME_1":"Tamil Nadu","ID_2":465,"NAME_2":"Erode","NL_NAME_2":null,"VARNAME_2":"Periyar","TYPE_2":"District","ENGTYPE_2":"District"}},{"type":"Feature","geometry":{"type":"Polygon","coordinates":[[[80.1743,13.0145],[80.2624,12.9545],[80.254,12.779],[80.1574,12.4712],[80.0135,12.2635],[79.9451,12.2187],[79.8562,12.23],[79.7849,12.3222],[79.6351,12.3293],[79.6306,12.3315],[79.7245,12.4399],[79.7428,12.5044],[79.6201,12.6177],[79.733,12.7294],[79.5473,12.8367],[79.56,12.8866],[79.7725,13.009],[79.8812,12.933],[80.0164,13.1165],[80.1743,13.0145]]]},"properties":{"ID_0":105,"ISO":"IND","NAME_0":"India","ID_1":31,"NAME_1":"Tamil Nadu","ID_2":466,"NAME_2":"Kancheepuram","NL_NAME_2":null,"VARNAME_2":null,"TYPE_2":"District","ENGTYPE_2":"District"}},{"type":"Feature","geometry":{"type":"Polygon","coordinates":[[[77.0907,8.2975],[77.1498,8.3219],[77.1909,8.4882],[77.2515,8.571],[77.4228,8.4949],[77.5751,8.1343],[77.5362,8.0782],[77.306,8.1285],[77.0907,8.2975]]]},"properties":{"ID_0":105,"ISO":"IND","NAME_0":"India","ID_1":31,"NAME_1":"Tamil Nadu","ID_2":467,"NAME_2":"Kanniyakumari","NL_NAME_2":null,"VARNAME_2":null,"TYPE_2":"District","ENGTYPE_2":"District"}},{"type":"Feature","geometry":{"type":"Polygon","coordinates":[[[78.1824,10.5352],[78.1183,10.5618],[78.1581,10.7909],[78.0193,10.7692],[77.9647,10.6269],[77.8164,10.6211],[77.7948,10.6686],[77.8248,10.8219],[77.7466,10.8893],[77.7774,11.0199],[77.9185,11.0568],[78.0134,11.0804],[78.154,10.9997],[78.1844,10.9478],[78.3673,10.9528],[78.5714,10.8168],[78.4981,10.68],[78.2787,10.6907],[78.2453,10.5688],[78.1824,10.5352]]]},"properties":{"ID_0":105,"ISO":"IND","NAME_0":"India","ID_1":31,"NAME_1":"Tamil Nadu","ID_2":468,"NAME_2":"Karur","NL_NAME_2":null,"VARNAME_2":null,"TYPE_2":"District","ENGTYPE_2":"District"}},{"type":"Feature","geometry":{"type":"Polygon","coordinates":[[[77.6952,10.01],[77.7483,10.045],[77.9037,10.0722],[78.0143,10.1682],[78.1052,10.1776],[78.1438,10.0992],[78.2428,10.0738],[78.2493,10.1634],[78.3175,10.288],[78.364,10.2971],[78.3792,10.1657],[78.4405,10.088],[78.4405,9.9556],[78.302,9.9111],[78.2958,9.8532],[78.1382,9.8615],[78.1283,9.7721],[78.046,9.7297],[77.9979,9.6282],[77.7592,9.63],[77.6277,9.6953],[77.504,9.6285],[77.462,9.5531],[77.6066,9.8534],[77.6952,10.01]]]},"properties":{"ID_0":105,"ISO":"IND","NAME_0":"India","ID_1":31,"NAME_1":"Tamil Nadu","ID_2":469,"NAME_2":"Madurai","NL_NAME_2":null,"VARNAME_2":"Madura, Mathurai","TYPE_2":"District","ENGTYPE_2":"District"}},{"type":"Feature","geometry":{"type":"MultiPolygon","coordinates":[[[[79.7086,10.9142],[79.8512,10.8138],[79.866,10.4163],[79.884,10.306],[79.8357,10.2754],[79.637,10.3182],[79.6486,10.442],[79.7194,10.5173],[79.6914,10.6188],[79.7506,10.6712],[79.7965,10.793],[79.6419,10.8227],[79.7086,10.9142]]],[[[79.8506,10.9758],[79.7302,10.9851],[79.7299,10.9814],[79.6862,10.9981],[79.4981,10.9531],[79.4987,11.0254],[79.5574,11.1304],[79.5071,11.1663],[79.6328,11.246],[79.6409,11.2876],[79.7889,11.3674],[79.814,11.4191],[79.859,11.1399],[79.8506,10.9758]]]]},"properties":{"ID_0":105,"ISO":"IND","NAME_0":"India","ID_1":31,"NAME_1":"Tamil Nadu","ID_2":470,"NAME_2":"Nagapattinam","NL_NAME_2":null,"VARNAME_2":null,"TYPE_2":"District","ENGTYPE_2":"District"}},{"type":"Feature","geometry":{"type":"Polygon","coordinates":[[[77.9185,11.0568],[77.8755,11.0715],[77.8491,11.2341],[77.7954,11.2545],[77.6711,11.4094],[77.6839,11.4484],[77.7573,11.4687],[77.8607,11.3984],[78.0449,11.5009],[78.3155,11.544],[78.4384,11.5817],[78.4314,11.3862],[78.4722,11.3913],[78.4519,11.299],[78.3093,11.0447],[78.2338,11.0794],[78.154,10.9997],[78.0134,11.0804],[77.9185,11.0568]]]},"properties":{"ID_0":105,"ISO":"IND","NAME_0":"India","ID_1":31,"NAME_1":"Tamil Nadu","ID_2":471,"NAME_2":"Namakkal","NL_NAME_2":null,"VARNAME_2":null,"TYPE_2":"District","ENGTYPE_2":"District"}},{"type":"Feature","geometry":{"type":"Polygon","coordinates":[[[76.4235,11.6593],[76.5042,11.698],[76.5536,11.6129],[76.7514,11.6067],[76.8373,11.5745],[76.9972,11.5353],[76.9539,11.3744],[76.8411,11.3305],[76.697,11.2313],[76.623,11.1857],[76.438,11.1945],[76.5135,11.262],[76.5382,11.3516],[76.2332,11.5187],[76.4213,11.6251],[76.4235,11.6593]]]},"properties":{"ID_0":105,"ISO":"IND","NAME_0":"India","ID_1":31,"NAME_1":"Tamil Nadu","ID_2":472,"NAME_2":"Nilgiris","NL_NAME_2":null,"VARNAME_2":"Nilgiri","TYPE_2":"District","ENGTYPE_2":"District"}},{"type":"Feature","geometry":{"type":"Polygon","coordinates":[[[79.1545,11.364],[79.1071,11.2438],[78.9947,11.0464],[78.986,11.0558],[78.8687,11.0879],[78.8171,11.0636],[78.6455,11.1579],[78.7347,11.2682],[78.6736,11.3672],[78.6507,11.3598],[78.6453,11.3654],[78.8303,11.507],[78.8581,11.4949],[78.861,11.4924],[78.8753,11.4722],[78.95,11.3881],[79.1545,11.364]]]},"properties":{"ID_0":105,"ISO":"IND","NAME_0":"India","ID_1":31,"NAME_1":"Tamil Nadu","ID_2":473,"NAME_2":"Perambalur","NL_NAME_2":null,"VARNAME_2":null,"TYPE_2":"District","ENGTYPE_2":"District"}},{"type":"Feature","geometry":{"type":"Polygon","coordinates":[[[78.8549,10.6928],[79.0469,10.6546],[79.1663,10.5613],[79.123,10.484],[79.1373,10.3849],[79.0992,10.2228],[79.1342,10.1528],[79.2301,10.1319],[79.2621,10.0407],[79.1551,9.9324],[79.0962,9.8313],[79.0273,9.846],[78.9719,9.9316],[78.9118,10.0082],[78.8913,10.1158],[78.8288,10.1116],[78.7931,10.1982],[78.6906,10.1607],[78.6297,10.2452],[78.4978,10.2528],[78.491,10.3626],[78.5082,10.4236],[78.4348,10.5929],[78.5097,10.6609],[78.6135,10.6917],[78.7282,10.6336],[78.8549,10.6928]]]},"properties":{"ID_0":105,"ISO":"IND","NAME_0":"India","ID_1":31,"NAME_1":"Tamil Nadu","ID_2":474,"NAME_2":"Pudukkottai","NL_NAME_2":null,"VARNAME_2":"Pudukottai","TYPE_2":"District","ENGTYPE_2":"District"}},{"type":"Feature","geometry":{"type":"Polygon","coordinates":[[[78.9719,9.9316],[79.0273,9.846],[79.0962,9.8313],[78.9343,9.6068],[78.901,9.4682],[78.9893,9.3538],[79.0654,9.2996],[78.8601,9.2535],[78.5757,9.1315],[78.4576,9.1265],[78.3629,9.0854],[78.27,9.1549],[78.2577,9.2509],[78.2636,9.2634],[78.3185,9.3539],[78.2261,9.3653],[78.2013,9.4326],[78.3117,9.4671],[78.4,9.5838],[78.4323,9.6065],[78.5982,9.5232],[78.6889,9.5851],[78.801,9.58],[78.7576,9.7055],[78.6902,9.7994],[78.7149,9.8819],[78.8546,9.8478],[78.9719,9.9316]]]},"properties":{"ID_0":105,"ISO":"IND","NAME_0":"India","ID_1":31,"NAME_1":"Tamil Nadu","ID_2":475,"NAME_2":"Ramanathapuram","NL_NAME_2":null,"VARNAME_2":"Ramananthapuram, Rameswaram, Ramnad","TYPE_2":"District","ENGTYPE_2":"District"}},{"type":"Feature","geometry":{"type":"Polygon","coordinates":[[[77.6647,11.9397],[77.8351,11.883],[77.9617,11.8823],[78.1336,11.9519],[78.2437,11.9242],[78.4409,11.8125],[78.529,11.7888],[78.6134,11.8518],[78.637,11.6515],[78.7677,11.6864],[78.765,11.5912],[78.8303,11.507],[78.6453,11.3654],[78.6507,11.3598],[78.5376,11.3453],[78.4722,11.3913],[78.4314,11.3862],[78.4384,11.5817],[78.3155,11.544],[78.0449,11.5009],[77.8607,11.3984],[77.7573,11.4687],[77.6839,11.4484],[77.7273,11.592],[77.6574,11.8113],[77.6647,11.9397]]]},"properties":{"ID_0":105,"ISO":"IND","NAME_0":"India","ID_1":31,"NAME_1":"Tamil Nadu","ID_2":476,"NAME_2":"Salem","NL_NAME_2":null,"VARNAME_2":null,"TYPE_2":"District","ENGTYPE_2":"District"}},{"type":"Feature","geometry":{"type":"Polygon","coordinates":[[[78.1283,9.7721],[78.1382,9.8615],[78.2958,9.8532],[78.302,9.9111],[78.4405,9.9556],[78.4405,10.088],[78.3792,10.1657],[78.364,10.2971],[78.4411,10.395],[78.491,10.3626],[78.4978,10.2528],[78.6297,10.2452],[78.6906,10.1607],[78.7931,10.1982],[78.8288,10.1116],[78.8913,10.1158],[78.9118,10.0082],[78.9719,9.9316],[78.8546,9.8478],[78.7149,9.8819],[78.6902,9.7994],[78.7576,9.7055],[78.801,9.58],[78.6889,9.5851],[78.5982,9.5232],[78.4323,9.6065],[78.4,9.5838],[78.257,9.7403],[78.1283,9.7721]]]},"properties":{"ID_0":105,"ISO":"IND","NAME_0":"India","ID_1":31,"NAME_1":"Tamil Nadu","ID_2":477,"NAME_2":"Sivaganga","NL_NAME_2":null,"VARNAME_2":"Pasumpon Muthuramalinga","TYPE_2":"District","ENGTYPE_2":"District"}},{"type":"Feature","geometry":{"type":"Polygon","coordinates":[[[78.9912,10.8759],[79.2051,10.9289],[79.3969,11.0654],[79.4433,11.1347],[79.5071,11.1663],[79.5574,11.1304],[79.4987,11.0254],[79.4981,10.9531],[79.4413,10.8474],[79.2879,10.8869],[79.2861,10.7165],[79.3333,10.5687],[79.4668,10.4717],[79.4856,10.3359],[79.3968,10.3179],[79.2676,10.2299],[79.2301,10.1319],[79.1342,10.1528],[79.0992,10.2228],[79.1373,10.3849],[79.123,10.484],[79.1663,10.5613],[79.0469,10.6546],[78.8549,10.6928],[78.8392,10.8305],[78.9912,10.8759]]]},"properties":{"ID_0":105,"ISO":"IND","NAME_0":"India","ID_1":31,"NAME_1":"Tamil Nadu","ID_2":478,"NAME_2":"Thanjavur","NL_NAME_2":null,"VARNAME_2":"Tanjore","TYPE_2":"District","ENGTYPE_2":"District"}},{"type":"Feature","geometry":{"type":"Polygon","coordinates":[[[77.3868,9.5167],[77.3043,9.593],[77.2228,9.5728],[77.1657,9.6482],[77.2082,9.7217],[77.2614,9.9637],[77.1881,10.0957],[77.2533,10.1114],[77.3799,10.1493],[77.4498,10.1179],[77.5965,10.2018],[77.6855,10.1799],[77.6952,10.01],[77.6066,9.8534],[77.462,9.5531],[77.3868,9.5167]]]},"properties":{"ID_0":105,"ISO":"IND","NAME_0":"India","ID_1":31,"NAME_1":"Tamil Nadu","ID_2":479,"NAME_2":"Theni","NL_NAME_2":null,"VARNAME_2":null,"TYPE_2":"District","ENGTYPE_2":"District"}},{"type":"Feature","geometry":{"type":"Polygon","coordinates":[[[79.2738,13.1209],[79.4206,13.1845],[79.4173,13.322],[79.5358,13.3111],[79.5654,13.2494],[79.6711,13.2358],[79.8003,13.3043],[79.9255,13.3359],[79.9619,13.4513],[80.0295,13.5236],[80.2162,13.4818],[80.313,13.4279],[80.3457,13.3276],[80.2976,13.1266],[80.1897,13.1119],[80.1743,13.0145],[80.0164,13.1165],[79.8812,12.933],[79.7725,13.009],[79.7194,13.0823],[79.6168,13.131],[79.4118,13.1323],[79.3347,13.0484],[79.2738,13.1209]]]},"properties":{"ID_0":105,"ISO":"IND","NAME_0":"India","ID_1":31,"NAME_1":"Tamil Nadu","ID_2":480,"NAME_2":"Thiruvallur","NL_NAME_2":null,"VARNAME_2":null,"TYPE_2":"District","ENGTYPE_2":"District"}},{"type":"Feature","geometry":{"type":"Polygon","coordinates":[[[79.7299,10.9814],[79.7382,10.9693],[79.7086,10.9142],[79.6419,10.8227],[79.7965,10.793],[79.7506,10.6712],[79.6914,10.6188],[79.7194,10.5173],[79.6486,10.442],[79.637,10.3182],[79.4856,10.3359],[79.4668,10.4717],[79.3333,10.5687],[79.2861,10.7165],[79.2879,10.8869],[79.4413,10.8474],[79.4981,10.9531],[79.6862,10.9981],[79.7299,10.9814]]]},"properties":{"ID_0":105,"ISO":"IND","NAME_0":"India","ID_1":31,"NAME_1":"Tamil Nadu","ID_2":481,"NAME_2":"Thiruvarur","NL_NAME_2":null,"VARNAME_2":null,"TYPE_2":"District","ENGTYPE_2":"District"}},{"type":"Feature","geometry":{"type":"Polygon","coordinates":[[[78.2636,9.2634],[78.2577,9.2509],[78.27,9.1549],[78.3629,9.0854],[78.211,8.961],[78.1685,8.881],[78.1624,8.7374],[78.1012,8.6121],[78.1304,8.4976],[78.0549,8.3821],[77.9632,8.3288],[77.8779,8.3153],[77.8266,8.3669],[77.7839,8.5652],[77.7918,8.8613],[77.6759,8.9187],[77.6907,9.0605],[77.6579,9.1256],[77.8427,9.1845],[77.8298,9.2317],[77.8935,9.1881],[78.0381,9.3463],[78.1515,9.3566],[78.2648,9.2746],[78.2636,9.2634]]]},"properties":{"ID_0":105,"ISO":"IND","NAME_0":"India","ID_1":31,"NAME_1":"Tamil Nadu","ID_2":482,"NAME_2":"Thoothukudi","NL_NAME_2":null,"VARNAME_2":"Chidambaranar","TYPE_2":"District","ENGTYPE_2":"District"}},{"type":"Feature","geometry":{"type":"Polygon","coordinates":[[[78.9947,11.0464],[78.993,11.0435],[78.9501,10.9351],[78.9912,10.8759],[78.8392,10.8305],[78.8549,10.6928],[78.7282,10.6336],[78.6135,10.6917],[78.5097,10.6609],[78.4348,10.5929],[78.5082,10.4236],[78.491,10.3626],[78.4411,10.395],[78.364,10.2971],[78.3175,10.288],[78.2652,10.3581],[78.2988,10.4265],[78.1921,10.4605],[78.1824,10.5352],[78.2453,10.5688],[78.2787,10.6907],[78.4981,10.68],[78.5714,10.8168],[78.3673,10.9528],[78.1844,10.9478],[78.154,10.9997],[78.2338,11.0794],[78.3093,11.0447],[78.4519,11.299],[78.4722,11.3913],[78.5376,11.3453],[78.6507,11.3598],[78.6736,11.3672],[78.7347,11.2682],[78.6455,11.1579],[78.8171,11.0636],[78.8687,11.0879],[78.986,11.0558],[78.9947,11.0464]]]},"properties":{"ID_0":105,"ISO":"IND","NAME_0":"India","ID_1":31,"NAME_1":"Tamil Nadu","ID_2":483,"NAME_2":"Tiruchchirappalli","NL_NAME_2":null,"VARNAME_2":null,"TYPE_2":"District","ENGTYPE_2":"District"}},{"type":"Feature","geometry":{"type":"Polygon","coordinates":[[[77.2676,9.2624],[77.3241,9.4082],[77.4798,9.3246],[77.5294,9.362],[77.6078,9.2819],[77.8298,9.2317],[77.8427,9.1845],[77.6579,9.1256],[77.6907,9.0605],[77.6759,8.9187],[77.7918,8.8613],[77.7839,8.5652],[77.8266,8.3669],[77.8779,8.3153],[77.9632,8.3288],[77.8135,8.2462],[77.716,8.166],[77.5751,8.1343],[77.4228,8.4949],[77.2515,8.571],[77.167,8.7076],[77.183,8.7611],[77.247,8.8319],[77.1322,9.0119],[77.1915,9.062],[77.2518,9.143],[77.2676,9.2624]]]},"properties":{"ID_0":105,"ISO":"IND","NAME_0":"India","ID_1":31,"NAME_1":"Tamil Nadu","ID_2":484,"NAME_2":"Tirunelveli Kattabo","NL_NAME_2":null,"VARNAME_2":null,"TYPE_2":"District","ENGTYPE_2":"District"}},{"type":"Feature","geometry":{"type":"Polygon","coordinates":[[[78.704,11.9679],[78.7274,12.1221],[78.6234,12.1316],[78.6394,12.2463],[78.6993,12.2931],[78.8859,12.6759],[78.9682,12.6541],[79.0625,12.7399],[79.1932,12.7281],[79.2756,12.7678],[79.4392,12.6575],[79.4772,12.8597],[79.5473,12.8367],[79.733,12.7294],[79.6201,12.6177],[79.7428,12.5044],[79.7245,12.4399],[79.6306,12.3315],[79.6242,12.3293],[79.4361,12.3647],[79.3884,12.4215],[79.2246,12.4277],[79.273,12.3064],[79.2002,12.153],[79.2212,12.0488],[79.0855,12.0099],[78.947,12.0543],[78.904,12.0018],[78.7471,11.9974],[78.704,11.9679]]]},"properties":{"ID_0":105,"ISO":"IND","NAME_0":"India","ID_1":31,"NAME_1":"Tamil Nadu","ID_2":485,"NAME_2":"Tiruvannamalai","NL_NAME_2":null,"VARNAME_2":null,"TYPE_2":"District","ENGTYPE_2":"District"}},{"type":"Feature","geometry":{"type":"Polygon","coordinates":[[[78.3975,12.6136],[78.5522,12.6971],[78.6248,12.9142],[78.6202,12.9739],[78.8009,13.0755],[78.9817,13.0762],[79.1527,13.0073],[79.2264,13.1346],[79.2738,13.1209],[79.3347,13.0484],[79.4118,13.1323],[79.6168,13.131],[79.7194,13.0823],[79.7725,13.009],[79.56,12.8866],[79.5473,12.8367],[79.4772,12.8597],[79.4392,12.6575],[79.2756,12.7678],[79.1932,12.7281],[79.0625,12.7399],[78.9682,12.6541],[78.8859,12.6759],[78.6993,12.2931],[78.6394,12.2463],[78.6046,12.326],[78.4053,12.4752],[78.3975,12.6136]]]},"properties":{"ID_0":105,"ISO":"IND","NAME_0":"India","ID_1":31,"NAME_1":"Tamil Nadu","ID_2":486,"NAME_2":"Vellore","NL_NAME_2":null,"VARNAME_2":"North Arcot","TYPE_2":"District","ENGTYPE_2":"District"}},{"type":"Feature","geometry":{"type":"Polygon","coordinates":[[[79.8376,11.9405],[79.7979,11.9635],[79.6732,11.87],[79.6682,11.7978],[79.4409,11.8562],[79.3678,11.665],[79.1699,11.5724],[79.0556,11.6164],[78.9088,11.5519],[78.861,11.4924],[78.8581,11.4949],[78.8303,11.507],[78.765,11.5912],[78.7677,11.6864],[78.637,11.6515],[78.6134,11.8518],[78.7108,11.9034],[78.704,11.9679],[78.7471,11.9974],[78.904,12.0018],[78.947,12.0543],[79.0855,12.0099],[79.2212,12.0488],[79.2002,12.153],[79.273,12.3064],[79.2246,12.4277],[79.3884,12.4215],[79.4361,12.3647],[79.6242,12.3293],[79.6306,12.3315],[79.6351,12.3293],[79.7849,12.3222],[79.8562,12.23],[79.9451,12.2187],[79.8376,11.9405]]]},"properties":{"ID_0":105,"ISO":"IND","NAME_0":"India","ID_1":31,"NAME_1":"Tamil Nadu","ID_2":487,"NAME_2":"Villupuram","NL_NAME_2":null,"VARNAME_2":null,"TYPE_2":"District","ENGTYPE_2":"District"}},{"type":"Feature","geometry":{"type":"Polygon","coordinates":[[[77.3241,9.4082],[77.3868,9.5167],[77.462,9.5531],[77.504,9.6285],[77.6277,9.6953],[77.7592,9.63],[77.9979,9.6282],[78.046,9.7297],[78.1283,9.7721],[78.257,9.7403],[78.4,9.5838],[78.3117,9.4671],[78.2013,9.4326],[78.2261,9.3653],[78.3185,9.3539],[78.2636,9.2634],[78.2648,9.2746],[78.1515,9.3566],[78.0381,9.3463],[77.8935,9.1881],[77.8298,9.2317],[77.6078,9.2819],[77.5294,9.362],[77.4798,9.3246],[77.3241,9.4082]]]},"properties":{"ID_0":105,"ISO":"IND","NAME_0":"India","ID_1":31,"NAME_1":"Tamil Nadu","ID_2":488,"NAME_2":"Virudhunagar","NL_NAME_2":null,"VARNAME_2":"Kamarajar","TYPE_2":"District","ENGTYPE_2":"District"}},{"type":"Feature","geometry":{"type":"Polygon","coordinates":[[[91.9022,24.1379],[91.979,24.0732],[92.074,24.1066],[92.0923,23.9446],[92.1334,23.9305],[92.1739,23.7428],[92.0707,23.6446],[91.9423,23.6818],[91.9761,23.496],[91.9011,23.4371],[91.8316,23.5082],[91.7787,23.6915],[91.7773,23.9121],[91.7558,24.1428],[91.7435,24.2471],[91.9022,24.1379]]]},"properties":{"ID_0":105,"ISO":"IND","NAME_0":"India","ID_1":32,"NAME_1":"Tripura","ID_2":489,"NAME_2":"Dhalai","NL_NAME_2":null,"VARNAME_2":null,"TYPE_2":"District","ENGTYPE_2":"District"}},{"type":"Feature","geometry":{"type":"Polygon","coordinates":[[[92.2343,24.5004],[92.2676,24.3733],[92.2129,24.2493],[92.2596,24.2504],[92.2966,24.2517],[92.2976,24.2272],[92.3136,24.2211],[92.3344,24.1508],[92.3307,23.9214],[92.2741,23.8436],[92.2663,23.7387],[92.1739,23.7428],[92.1334,23.9305],[92.0923,23.9446],[92.074,24.1066],[91.979,24.0732],[91.9022,24.1379],[91.9784,24.3805],[92.1192,24.3838],[92.1734,24.534],[92.2343,24.5004]]]},"properties":{"ID_0":105,"ISO":"IND","NAME_0":"India","ID_1":32,"NAME_1":"Tripura","ID_2":490,"NAME_2":"North Tripura","NL_NAME_2":null,"VARNAME_2":null,"TYPE_2":"District","ENGTYPE_2":"District"}},{"type":"Feature","geometry":{"type":"Polygon","coordinates":[[[91.7787,23.6915],[91.8316,23.5082],[91.9011,23.4371],[91.8505,23.4028],[91.7709,23.2638],[91.8345,23.0919],[91.7561,23.0156],[91.5628,22.9765],[91.4578,23.2559],[91.3303,23.1577],[91.3168,23.2739],[91.3894,23.3517],[91.3968,23.5805],[91.462,23.655],[91.6158,23.7617],[91.7129,23.7626],[91.7787,23.6915]]]},"properties":{"ID_0":105,"ISO":"IND","NAME_0":"India","ID_1":32,"NAME_1":"Tripura","ID_2":491,"NAME_2":"South Tripura","NL_NAME_2":null,"VARNAME_2":null,"TYPE_2":"District","ENGTYPE_2":"District"}},{"type":"Feature","geometry":{"type":"Polygon","coordinates":[[[91.7558,24.1428],[91.7773,23.9121],[91.7787,23.6915],[91.7129,23.7626],[91.6158,23.7617],[91.462,23.655],[91.3968,23.5805],[91.3894,23.3517],[91.3168,23.2739],[91.2538,23.4897],[91.1626,23.6283],[91.1724,23.7521],[91.2341,23.7694],[91.2322,23.8995],[91.3064,23.9986],[91.3965,24.0514],[91.6341,24.1026],[91.6602,24.1876],[91.7558,24.1428]]]},"properties":{"ID_0":105,"ISO":"IND","NAME_0":"India","ID_1":32,"NAME_1":"Tripura","ID_2":492,"NAME_2":"West Tripura","NL_NAME_2":null,"VARNAME_2":null,"TYPE_2":"District","ENGTYPE_2":"District"}},{"type":"Feature","geometry":{"type":"Polygon","coordinates":[[[78.7707,26.7642],[78.6774,26.7924],[78.535,26.7717],[78.3856,26.8279],[78.3625,26.8713],[78.2098,26.8361],[78.2327,26.9337],[78.1395,26.9571],[78.0422,26.9154],[77.8715,26.9055],[77.7651,26.938],[77.7158,26.8813],[77.5207,26.822],[77.4483,26.7467],[77.4175,26.8428],[77.4825,26.9038],[77.6919,26.979],[77.5589,27.0488],[77.5444,27.1156],[77.6546,27.1756],[77.6391,27.2471],[77.7721,27.2392],[77.8388,27.2939],[77.9511,27.2995],[77.9531,27.298],[77.9547,27.2852],[77.9605,27.2728],[77.9543,27.2698],[78.0317,27.1829],[78.1972,27.1866],[78.2182,27.0816],[78.3554,27.0851],[78.4432,26.9899],[78.5843,26.9308],[78.7399,26.9201],[78.8428,26.8152],[78.7707,26.7642]]]},"properties":{"ID_0":105,"ISO":"IND","NAME_0":"India","ID_1":33,"NAME_1":"Uttar Pradesh","ID_2":493,"NAME_2":"Agra","NL_NAME_2":null,"VARNAME_2":null,"TYPE_2":"District","ENGTYPE_2":"District"}},{"type":"Feature","geometry":{"type":"Polygon","coordinates":[[[77.5192,27.9319],[77.5352,27.9933],[77.47,28.0837],[77.7531,28.1571],[77.8356,28.1775],[77.9097,28.0994],[78.0401,28.1354],[78.1339,28.0771],[78.342,28.1546],[78.4758,28.1301],[78.6104,28.0449],[78.4658,27.8144],[78.3618,27.6903],[78.2661,27.6663],[78.1378,27.7711],[78.0386,27.7899],[78.0111,27.6486],[77.8903,27.5875],[77.785,27.69],[77.825,27.7586],[77.7052,27.9487],[77.5192,27.9319]]]},"properties":{"ID_0":105,"ISO":"IND","NAME_0":"India","ID_1":33,"NAME_1":"Uttar Pradesh","ID_2":494,"NAME_2":"Aligarh","NL_NAME_2":null,"VARNAME_2":null,"TYPE_2":"District","ENGTYPE_2":"District"}},{"type":"Feature","geometry":{"type":"Polygon","coordinates":[[[82.1,24.8099],[81.9027,24.8841],[81.9016,24.9828],[81.6468,25.075],[81.534,25.1883],[81.5416,25.2936],[81.6277,25.3542],[81.8079,25.3453],[81.8105,25.4125],[81.6582,25.5172],[81.6056,25.5965],[81.7421,25.6723],[81.7971,25.7525],[81.9087,25.7175],[82.0123,25.7467],[82.0542,25.6624],[82.1472,25.6826],[82.1122,25.6469],[82.3217,25.5392],[82.2936,25.3112],[82.2139,25.2786],[82.2605,25.185],[82.319,25.0784],[82.2969,25.0222],[82.1,24.8099]]]},"properties":{"ID_0":105,"ISO":"IND","NAME_0":"India","ID_1":33,"NAME_1":"Uttar Pradesh","ID_2":495,"NAME_2":"Allahabad","NL_NAME_2":null,"VARNAME_2":null,"TYPE_2":"District","ENGTYPE_2":"District"}},{"type":"Feature","geometry":{"type":"Polygon","coordinates":[[[82.8937,26.5443],[83.0396,26.4356],[83.0614,26.4112],[83.1256,26.3881],[83.1019,26.2876],[82.8754,26.3865],[82.8513,26.1703],[82.6711,26.259],[82.4607,26.2869],[82.3778,26.3793],[82.2116,26.4114],[82.3295,26.5807],[82.4211,26.5502],[82.4689,26.6562],[82.704,26.5588],[82.8048,26.5779],[82.8937,26.5443]]]},"properties":{"ID_0":105,"ISO":"IND","NAME_0":"India","ID_1":33,"NAME_1":"Uttar Pradesh","ID_2":496,"NAME_2":"Ambedkar Nagar","NL_NAME_2":null,"VARNAME_2":null,"TYPE_2":"District","ENGTYPE_2":"District"}},{"type":"Feature","geometry":{"type":"Polygon","coordinates":[[[79.1268,26.4448],[79.0643,26.4868],[79.2137,26.5555],[79.3027,26.646],[79.3409,26.94],[79.4294,26.9468],[79.5513,26.8664],[79.6015,26.8978],[79.7499,26.7889],[79.7141,26.6711],[79.6334,26.6118],[79.6305,26.5135],[79.495,26.3693],[79.4276,26.437],[79.333,26.4069],[79.1268,26.4448]]]},"properties":{"ID_0":105,"ISO":"IND","NAME_0":"India","ID_1":33,"NAME_1":"Uttar Pradesh","ID_2":497,"NAME_2":"Auraiya","NL_NAME_2":null,"VARNAME_2":null,"TYPE_2":"District","ENGTYPE_2":"District"}},{"type":"Feature","geometry":{"type":"Polygon","coordinates":[[[82.6711,26.259],[82.8513,26.1703],[82.8754,26.3865],[83.1019,26.2876],[83.1256,26.3881],[83.2218,26.3963],[83.4317,26.2737],[83.4989,26.28],[83.4009,26.1705],[83.3696,26.0811],[83.2551,26.1286],[83.2058,26.0632],[83.1907,25.8757],[83.3373,25.8168],[83.2127,25.7621],[83.1765,25.6754],[83.0585,25.6542],[82.9371,25.707],[82.8903,25.7757],[82.7778,25.8282],[82.6717,26.11],[82.6731,26.1547],[82.6711,26.259]]]},"properties":{"ID_0":105,"ISO":"IND","NAME_0":"India","ID_1":33,"NAME_1":"Uttar Pradesh","ID_2":498,"NAME_2":"Azamgarh","NL_NAME_2":null,"VARNAME_2":null,"TYPE_2":"District","ENGTYPE_2":"District"}},{"type":"Feature","geometry":{"type":"Polygon","coordinates":[[[78.6104,28.0449],[78.4758,28.1301],[78.3118,28.2951],[78.2805,28.409],[78.405,28.4673],[78.5149,28.3639],[78.6282,28.3393],[78.7444,28.3825],[78.8599,28.487],[78.9094,28.4855],[78.9893,28.3909],[79.0401,28.3806],[79.107,28.21],[79.3248,28.1605],[79.4128,28.1748],[79.4882,28.1138],[79.4869,28.0265],[79.4495,27.8547],[79.3647,27.823],[79.3401,27.6583],[79.1992,27.713],[79.113,27.8532],[78.955,27.8568],[78.8076,27.9583],[78.7176,27.9671],[78.6104,28.0449]]]},"properties":{"ID_0":105,"ISO":"IND","NAME_0":"India","ID_1":33,"NAME_1":"Uttar Pradesh","ID_2":499,"NAME_2":"Badaun","NL_NAME_2":null,"VARNAME_2":null,"TYPE_2":"District","ENGTYPE_2":"District"}},{"type":"Feature","geometry":{"type":"Polygon","coordinates":[[[77.2173,28.8353],[77.1869,28.8668],[77.178,28.8856],[77.2079,28.9911],[77.1266,29.154],[77.1324,29.1718],[77.1423,29.3015],[77.4781,29.2023],[77.4397,29.119],[77.4688,28.9662],[77.454,28.9335],[77.4492,28.9312],[77.3985,28.8805],[77.4091,28.8491],[77.3531,28.807],[77.2343,28.8265],[77.2173,28.8353]]]},"properties":{"ID_0":105,"ISO":"IND","NAME_0":"India","ID_1":33,"NAME_1":"Uttar Pradesh","ID_2":500,"NAME_2":"Baghpat","NL_NAME_2":null,"VARNAME_2":null,"TYPE_2":"District","ENGTYPE_2":"District"}},{"type":"Feature","geometry":{"type":"MultiPolygon","coordinates":[[[[81.7571,27.943],[81.804,27.9054],[81.6946,27.9894],[81.7571,27.943]]],[[[81.65,27.9933],[81.4865,27.8852],[81.589,27.6869],[81.5743,27.5727],[81.6855,27.4938],[81.7135,27.3321],[81.5978,27.1462],[81.4973,27.0639],[81.4381,27.1388],[81.4337,27.314],[81.4019,27.3417],[81.3104,27.507],[81.2927,27.6865],[81.2897,27.6915],[81.269,27.9484],[81.1559,28.0502],[81.1762,28.1146],[81.0261,28.3001],[81.0727,28.3917],[81.2124,28.3605],[81.3224,28.1972],[81.4488,28.1602],[81.4802,28.0825],[81.65,27.9933]]]]},"properties":{"ID_0":105,"ISO":"IND","NAME_0":"India","ID_1":33,"NAME_1":"Uttar Pradesh","ID_2":501,"NAME_2":"Bahraich","NL_NAME_2":null,"VARNAME_2":null,"TYPE_2":"District","ENGTYPE_2":"District"}},{"type":"Feature","geometry":{"type":"Polygon","coordinates":[[[84.5955,25.7391],[84.5556,25.7364],[84.5164,25.6777],[84.3936,25.7289],[84.3845,25.7377],[84.3186,25.6719],[84.0797,25.6527],[83.921,25.5617],[83.9464,25.7496],[83.8108,25.7852],[83.7239,25.8586],[83.7898,25.925],[83.7637,26.0042],[83.6734,26.0735],[83.7865,26.1103],[83.8022,26.1932],[83.8897,26.1295],[84.0491,26.0997],[84.0692,26.0991],[84.2963,25.947],[84.4507,25.8902],[84.6202,25.7941],[84.6223,25.7473],[84.5955,25.7391]]]},"properties":{"ID_0":105,"ISO":"IND","NAME_0":"India","ID_1":33,"NAME_1":"Uttar Pradesh","ID_2":502,"NAME_2":"Ballia","NL_NAME_2":null,"VARNAME_2":"Balia","TYPE_2":"District","ENGTYPE_2":"District"}},{"type":"Feature","geometry":{"type":"Polygon","coordinates":[[[82.7357,27.5045],[82.7176,27.4165],[82.5679,27.4267],[82.4613,27.3316],[82.5133,27.2669],[82.4864,27.161],[82.4306,27.0711],[82.2175,27.1778],[82.252,27.2719],[82.0654,27.4118],[82.0252,27.575],[82.198,27.8475],[82.4507,27.6786],[82.707,27.7164],[82.7574,27.5884],[82.7357,27.5045]]]},"properties":{"ID_0":105,"ISO":"IND","NAME_0":"India","ID_1":33,"NAME_1":"Uttar Pradesh","ID_2":503,"NAME_2":"Balrampur","NL_NAME_2":null,"VARNAME_2":null,"TYPE_2":"District","ENGTYPE_2":"District"}},{"type":"Feature","geometry":{"type":"Polygon","coordinates":[[[80.2669,25.0302],[80.4017,25.221],[80.3027,25.297],[80.3091,25.3918],[80.1888,25.4064],[80.0961,25.3516],[80.113,25.4121],[80.1825,25.4466],[80.2062,25.5589],[80.3089,25.6497],[80.3389,25.7214],[80.2537,25.8105],[80.3415,25.9036],[80.5477,25.8714],[80.5147,25.7814],[80.5827,25.7148],[80.7113,25.6852],[80.8391,25.7241],[81.011,25.6371],[81.0137,25.5483],[80.9747,25.467],[80.7716,25.334],[80.759,25.2094],[80.6804,25.1347],[80.7144,25.0678],[80.5787,25.0883],[80.4942,25.0453],[80.4407,25.0821],[80.3141,25.0035],[80.2669,25.0302]]]},"properties":{"ID_0":105,"ISO":"IND","NAME_0":"India","ID_1":33,"NAME_1":"Uttar Pradesh","ID_2":504,"NAME_2":"Banda","NL_NAME_2":null,"VARNAME_2":null,"TYPE_2":"District","ENGTYPE_2":"District"}},{"type":"Feature","geometry":{"type":"Polygon","coordinates":[[[81.4019,27.3417],[81.4337,27.314],[81.4381,27.1388],[81.4973,27.0639],[81.6446,27.0092],[81.6481,26.9669],[81.8478,26.8394],[81.7972,26.6982],[81.6951,26.5914],[81.6094,26.6306],[81.5326,26.5255],[81.4524,26.5754],[81.3065,26.5438],[81.1565,26.5974],[81.2093,26.7109],[81.1472,26.8187],[80.9901,27.0052],[81.0021,27.1458],[80.9192,27.1643],[80.9557,27.2264],[81.1734,27.2514],[81.2868,27.3422],[81.4019,27.3417]]]},"properties":{"ID_0":105,"ISO":"IND","NAME_0":"India","ID_1":33,"NAME_1":"Uttar Pradesh","ID_2":505,"NAME_2":"Bara Banki","NL_NAME_2":null,"VARNAME_2":null,"TYPE_2":"District","ENGTYPE_2":"District"}},{"type":"Feature","geometry":{"type":"Polygon","coordinates":[[[79.4869,28.0265],[79.4882,28.1138],[79.4128,28.1748],[79.3248,28.1605],[79.107,28.21],[79.0401,28.3806],[78.9893,28.3909],[78.9892,28.4376],[79.1294,28.496],[79.2107,28.5786],[79.293,28.7249],[79.3765,28.7634],[79.3957,28.8854],[79.5331,28.8903],[79.6308,28.8589],[79.661,28.7496],[79.5883,28.622],[79.6641,28.5888],[79.7331,28.472],[79.6741,28.2691],[79.5754,28.0968],[79.4869,28.0265]]]},"properties":{"ID_0":105,"ISO":"IND","NAME_0":"India","ID_1":33,"NAME_1":"Uttar Pradesh","ID_2":506,"NAME_2":"Bareilly","NL_NAME_2":null,"VARNAME_2":"Bareilley","TYPE_2":"District","ENGTYPE_2":"District"}},{"type":"Feature","geometry":{"type":"Polygon","coordinates":[[[82.8937,26.5443],[82.8048,26.5779],[82.704,26.5588],[82.4689,26.6562],[82.3727,26.6618],[82.2264,26.7564],[82.2151,26.8116],[82.2337,26.9388],[82.3193,26.9599],[82.4773,26.9092],[82.6066,27.0084],[82.6929,27.0233],[82.82,26.9378],[82.9202,26.9251],[82.902,26.9227],[82.8264,26.8631],[82.9687,26.714],[82.8792,26.6139],[82.8937,26.5443]]]},"properties":{"ID_0":105,"ISO":"IND","NAME_0":"India","ID_1":33,"NAME_1":"Uttar Pradesh","ID_2":507,"NAME_2":"Basti","NL_NAME_2":null,"VARNAME_2":null,"TYPE_2":"District","ENGTYPE_2":"District"}},{"type":"Feature","geometry":{"type":"Polygon","coordinates":[[[78.896,29.4562],[78.8358,29.3723],[78.7586,29.2867],[78.695,29.2732],[78.6579,29.1793],[78.5904,29.0904],[78.404,29.0445],[78.1954,29.0563],[78.0946,29.0893],[78.1255,29.2592],[77.988,29.5459],[78.3317,29.7962],[78.4876,29.7414],[78.5115,29.6507],[78.6934,29.5089],[78.896,29.4562]]]},"properties":{"ID_0":105,"ISO":"IND","NAME_0":"India","ID_1":33,"NAME_1":"Uttar Pradesh","ID_2":508,"NAME_2":"Bijnor","NL_NAME_2":null,"VARNAME_2":"Bijnar|Bijnore","TYPE_2":"District","ENGTYPE_2":"District"}},{"type":"Feature","geometry":{"type":"Polygon","coordinates":[[[78.4758,28.1301],[78.342,28.1546],[78.1339,28.0771],[78.0401,28.1354],[77.9097,28.0994],[77.8356,28.1775],[77.7531,28.1571],[77.6653,28.2664],[77.6553,28.3671],[77.5859,28.4286],[77.6783,28.5576],[77.7148,28.5518],[77.9568,28.7195],[78.1176,28.6284],[78.1987,28.6212],[78.2094,28.5059],[78.2805,28.409],[78.3118,28.2951],[78.4758,28.1301]]]},"properties":{"ID_0":105,"ISO":"IND","NAME_0":"India","ID_1":33,"NAME_1":"Uttar Pradesh","ID_2":509,"NAME_2":"Bulandshahr","NL_NAME_2":null,"VARNAME_2":"Bulandshahar, Buland Sahar","TYPE_2":"District","ENGTYPE_2":"District"}},{"type":"Feature","geometry":{"type":"Polygon","coordinates":[[[83.5347,25.3152],[83.5331,25.3129],[83.3359,25.1836],[83.3182,25.0173],[83.357,24.9554],[83.3863,24.7866],[83.3868,24.7842],[83.179,24.7162],[83.0996,24.8184],[83.0591,24.9306],[83.1668,25.1865],[83.0257,25.2438],[83.0213,25.315],[83.1535,25.3333],[83.1863,25.4077],[83.1682,25.5065],[83.1711,25.5128],[83.4052,25.4892],[83.4961,25.4085],[83.5347,25.3152]]]},"properties":{"ID_0":105,"ISO":"IND","NAME_0":"India","ID_1":33,"NAME_1":"Uttar Pradesh","ID_2":510,"NAME_2":"Chandauli","NL_NAME_2":null,"VARNAME_2":null,"TYPE_2":"District","ENGTYPE_2":"District"}},{"type":"Feature","geometry":{"type":"Polygon","coordinates":[[[81.534,25.1883],[81.4837,25.0749],[81.3494,25.1674],[81.2686,25.1652],[81.2616,25.0685],[81.206,24.9392],[81.1168,24.9018],[81.0764,24.9523],[80.8566,24.936],[80.8707,25.0711],[80.7509,25.1417],[80.7144,25.0678],[80.6804,25.1347],[80.759,25.2094],[80.7716,25.334],[80.9747,25.467],[81.0137,25.5483],[81.1828,25.4915],[81.1841,25.4564],[81.1429,25.4009],[81.3889,25.3335],[81.4515,25.2622],[81.5416,25.2936],[81.534,25.1883]]]},"properties":{"ID_0":105,"ISO":"IND","NAME_0":"India","ID_1":33,"NAME_1":"Uttar Pradesh","ID_2":511,"NAME_2":"Chitrakoot","NL_NAME_2":null,"VARNAME_2":null,"TYPE_2":"District","ENGTYPE_2":"District"}},{"type":"Feature","geometry":{"type":"Polygon","coordinates":[[[84.0488,26.5503],[83.9625,26.5086],[84.0772,26.384],[84.1714,26.374],[84.1714,26.2677],[84.003,26.1782],[84.0482,26.1038],[84.0491,26.0997],[83.8897,26.1295],[83.8022,26.1932],[83.7327,26.2651],[83.6257,26.2257],[83.6163,26.3252],[83.4724,26.4601],[83.5926,26.5176],[83.6222,26.6602],[83.8651,26.7504],[84.0488,26.5503]]]},"properties":{"ID_0":105,"ISO":"IND","NAME_0":"India","ID_1":33,"NAME_1":"Uttar Pradesh","ID_2":512,"NAME_2":"Deoria","NL_NAME_2":null,"VARNAME_2":null,"TYPE_2":"District","ENGTYPE_2":"District"}},{"type":"Feature","geometry":{"type":"Polygon","coordinates":[[[78.4658,27.8144],[78.6104,28.0449],[78.7176,27.9671],[78.8076,27.9583],[78.955,27.8568],[79.113,27.8532],[79.1992,27.713],[79.1243,27.6378],[79.2137,27.5798],[79.2412,27.3366],[79.0999,27.4383],[78.9499,27.4252],[78.8972,27.4704],[78.8271,27.3669],[78.7116,27.3496],[78.6361,27.4256],[78.4568,27.4266],[78.3023,27.319],[78.2878,27.3882],[78.189,27.4087],[78.1884,27.4389],[78.205,27.5294],[78.3775,27.5724],[78.4961,27.6305],[78.5154,27.7343],[78.4658,27.8144]]]},"properties":{"ID_0":105,"ISO":"IND","NAME_0":"India","ID_1":33,"NAME_1":"Uttar Pradesh","ID_2":513,"NAME_2":"Etah","NL_NAME_2":null,"VARNAME_2":null,"TYPE_2":"District","ENGTYPE_2":"District"}},{"type":"Feature","geometry":{"type":"Polygon","coordinates":[[[79.0643,26.4868],[78.998,26.5509],[78.9839,26.6857],[78.8649,26.7047],[78.7707,26.7642],[78.8428,26.8152],[78.7399,26.9201],[78.7988,26.9644],[78.9471,26.9774],[78.993,26.9377],[79.1078,27.0062],[79.3179,26.9662],[79.3409,26.94],[79.3027,26.646],[79.2137,26.5555],[79.0643,26.4868]]]},"properties":{"ID_0":105,"ISO":"IND","NAME_0":"India","ID_1":33,"NAME_1":"Uttar Pradesh","ID_2":514,"NAME_2":"Etawah","NL_NAME_2":null,"VARNAME_2":null,"TYPE_2":"District","ENGTYPE_2":"District"}},{"type":"Feature","geometry":{"type":"Polygon","coordinates":[[[82.4689,26.6562],[82.4211,26.5502],[82.3295,26.5807],[82.2116,26.4114],[82.1001,26.4748],[81.8534,26.5371],[81.6921,26.5446],[81.6951,26.5914],[81.7972,26.6982],[81.8478,26.8394],[81.9675,26.7829],[82.1759,26.8374],[82.2151,26.8116],[82.2264,26.7564],[82.3727,26.6618],[82.4689,26.6562]]]},"properties":{"ID_0":105,"ISO":"IND","NAME_0":"India","ID_1":33,"NAME_1":"Uttar Pradesh","ID_2":515,"NAME_2":"Faizabad","NL_NAME_2":null,"VARNAME_2":"Fyzabad","TYPE_2":"District","ENGTYPE_2":"District"}},{"type":"Feature","geometry":{"type":"Polygon","coordinates":[[[79.1992,27.713],[79.3401,27.6583],[79.4703,27.6024],[79.6429,27.6203],[79.6539,27.5013],[79.7064,27.4791],[79.6803,27.3738],[79.7161,27.2222],[79.671,27.1772],[79.5522,27.1646],[79.5124,27.2152],[79.3852,27.2016],[79.2412,27.3366],[79.2137,27.5798],[79.1243,27.6378],[79.1992,27.713]]]},"properties":{"ID_0":105,"ISO":"IND","NAME_0":"India","ID_1":33,"NAME_1":"Uttar Pradesh","ID_2":516,"NAME_2":"Farrukhabad","NL_NAME_2":null,"VARNAME_2":"Farrukahabad, Ferrukhabad","TYPE_2":"District","ENGTYPE_2":"District"}},{"type":"Feature","geometry":{"type":"Polygon","coordinates":[[[81.0137,25.5483],[81.011,25.6371],[80.8391,25.7241],[80.7113,25.6852],[80.5827,25.7148],[80.5147,25.7814],[80.5477,25.8714],[80.3415,25.9036],[80.2281,25.9274],[80.2544,26.0534],[80.3155,26.1185],[80.4658,26.1857],[80.472,26.1821],[80.558,26.2316],[80.6672,26.1261],[80.8025,26.0376],[81.0103,26.068],[81.1074,25.9593],[81.3279,25.8143],[81.2286,25.7461],[81.2028,25.6461],[81.2544,25.5482],[81.1841,25.4564],[81.1828,25.4915],[81.0137,25.5483]]]},"properties":{"ID_0":105,"ISO":"IND","NAME_0":"India","ID_1":33,"NAME_1":"Uttar Pradesh","ID_2":517,"NAME_2":"Fatehpur","NL_NAME_2":null,"VARNAME_2":null,"TYPE_2":"District","ENGTYPE_2":"District"}},{"type":"Feature","geometry":{"type":"Polygon","coordinates":[[[78.7399,26.9201],[78.5843,26.9308],[78.4432,26.9899],[78.3554,27.0851],[78.2182,27.0816],[78.1972,27.1866],[78.0317,27.1829],[77.9543,27.2698],[77.9605,27.2728],[77.9715,27.2838],[77.9733,27.2861],[78.1824,27.408],[78.189,27.4087],[78.2878,27.3882],[78.3023,27.319],[78.4568,27.4266],[78.6361,27.4256],[78.7116,27.3496],[78.711,27.2682],[78.7989,27.1504],[78.7589,27.0711],[78.7988,26.9644],[78.7399,26.9201]]]},"properties":{"ID_0":105,"ISO":"IND","NAME_0":"India","ID_1":33,"NAME_1":"Uttar Pradesh","ID_2":518,"NAME_2":"Firozabad","NL_NAME_2":null,"VARNAME_2":null,"TYPE_2":"District","ENGTYPE_2":"District"}},{"type":"Feature","geometry":{"type":"Polygon","coordinates":[[[77.3377,28.509],[77.3368,28.5157],[77.2936,28.5797],[77.3271,28.6852],[77.3956,28.6342],[77.5116,28.6527],[77.6783,28.5576],[77.5859,28.4286],[77.6553,28.3671],[77.6653,28.2664],[77.7531,28.1571],[77.47,28.0837],[77.5379,28.1909],[77.436,28.4316],[77.3377,28.509]]]},"properties":{"ID_0":105,"ISO":"IND","NAME_0":"India","ID_1":33,"NAME_1":"Uttar Pradesh","ID_2":519,"NAME_2":"Gautam Buddha Nagar","NL_NAME_2":null,"VARNAME_2":null,"TYPE_2":"District","ENGTYPE_2":"District"}},{"type":"Feature","geometry":{"type":"Polygon","coordinates":[[[77.3271,28.6852],[77.1944,28.8023],[77.2173,28.8353],[77.2343,28.8265],[77.3531,28.807],[77.4091,28.8491],[77.3985,28.8805],[77.4492,28.9312],[77.5866,28.8802],[77.6824,28.8806],[77.7219,28.7421],[77.958,28.8492],[78.105,28.8622],[78.1305,28.727],[78.1987,28.6212],[78.1176,28.6284],[77.9568,28.7195],[77.7148,28.5518],[77.6783,28.5576],[77.5116,28.6527],[77.3956,28.6342],[77.3271,28.6852]]]},"properties":{"ID_0":105,"ISO":"IND","NAME_0":"India","ID_1":33,"NAME_1":"Uttar Pradesh","ID_2":520,"NAME_2":"Ghaziabad","NL_NAME_2":null,"VARNAME_2":null,"TYPE_2":"District","ENGTYPE_2":"District"}},{"type":"Feature","geometry":{"type":"Polygon","coordinates":[[[83.7619,25.3879],[83.5543,25.3141],[83.5347,25.3152],[83.4961,25.4085],[83.4052,25.4892],[83.1711,25.5128],[83.1654,25.526],[83.0637,25.5533],[83.0585,25.6542],[83.1765,25.6754],[83.2127,25.7621],[83.3373,25.8168],[83.651,25.8936],[83.7239,25.8586],[83.8108,25.7852],[83.9464,25.7496],[83.921,25.5617],[83.7619,25.3879]]]},"properties":{"ID_0":105,"ISO":"IND","NAME_0":"India","ID_1":33,"NAME_1":"Uttar Pradesh","ID_2":521,"NAME_2":"Ghazipur","NL_NAME_2":null,"VARNAME_2":"Gajipur","TYPE_2":"District","ENGTYPE_2":"District"}},{"type":"Feature","geometry":{"type":"Polygon","coordinates":[[[81.4973,27.0639],[81.5978,27.1462],[81.7135,27.3321],[81.8285,27.2872],[81.8947,27.3256],[81.928,27.4267],[82.0654,27.4118],[82.252,27.2719],[82.2175,27.1778],[82.4306,27.0711],[82.4864,27.161],[82.6066,27.0084],[82.4773,26.9092],[82.3193,26.9599],[82.2337,26.9388],[82.2151,26.8116],[82.1759,26.8374],[81.9675,26.7829],[81.8478,26.8394],[81.6481,26.9669],[81.6446,27.0092],[81.4973,27.0639]]]},"properties":{"ID_0":105,"ISO":"IND","NAME_0":"India","ID_1":33,"NAME_1":"Uttar Pradesh","ID_2":522,"NAME_2":"Gonda","NL_NAME_2":null,"VARNAME_2":null,"TYPE_2":"District","ENGTYPE_2":"District"}},{"type":"Feature","geometry":{"type":"Polygon","coordinates":[[[83.1256,26.3881],[83.0614,26.4112],[83.0727,26.4187],[83.1629,26.5046],[83.0845,26.7227],[83.1348,26.7708],[83.1266,26.8765],[83.1981,26.8846],[83.2167,26.9904],[83.2112,26.9974],[83.2384,26.9759],[83.2818,26.9573],[83.4673,26.9421],[83.5376,26.8928],[83.6107,26.7563],[83.6222,26.6602],[83.5926,26.5176],[83.4724,26.4601],[83.6163,26.3252],[83.6257,26.2257],[83.4989,26.28],[83.4317,26.2737],[83.2218,26.3963],[83.1256,26.3881]]]},"properties":{"ID_0":105,"ISO":"IND","NAME_0":"India","ID_1":33,"NAME_1":"Uttar Pradesh","ID_2":523,"NAME_2":"Gorakhpur","NL_NAME_2":null,"VARNAME_2":"Goruckpur","TYPE_2":"District","ENGTYPE_2":"District"}},{"type":"Feature","geometry":{"type":"Polygon","coordinates":[[[80.3415,25.9036],[80.2537,25.8105],[80.3389,25.7214],[80.3089,25.6497],[80.2062,25.5589],[80.1825,25.4466],[80.113,25.4121],[80.0161,25.449],[79.9719,25.6357],[79.8228,25.554],[79.6935,25.5554],[79.6367,25.4907],[79.5272,25.4881],[79.3811,25.5269],[79.3667,25.6077],[79.3898,25.8014],[79.6085,25.908],[79.7434,25.9117],[79.7974,25.8693],[79.9458,26.012],[79.9129,26.096],[80.0865,26.083],[80.133,25.9721],[80.2281,25.9274],[80.3415,25.9036]]]},"properties":{"ID_0":105,"ISO":"IND","NAME_0":"India","ID_1":33,"NAME_1":"Uttar Pradesh","ID_2":524,"NAME_2":"Hamirpur","NL_NAME_2":null,"VARNAME_2":null,"TYPE_2":"District","ENGTYPE_2":"District"}},{"type":"Feature","geometry":{"type":"Polygon","coordinates":[[[79.7161,27.2222],[79.6803,27.3738],[79.7064,27.4791],[79.6861,27.6589],[79.7562,27.7186],[79.8713,27.7059],[80.0525,27.7761],[80.2404,27.7621],[80.3017,27.6844],[80.2957,27.587],[80.3438,27.4897],[80.4377,27.4083],[80.5077,27.2725],[80.6311,27.2707],[80.8057,27.1713],[80.8173,27.1067],[80.6369,27.084],[80.5507,27.0162],[80.3746,26.9358],[80.295,27.0305],[80.2201,26.9759],[80.0908,26.9852],[80.0421,26.9247],[80.0112,26.9582],[79.8958,27.1522],[79.7161,27.2222]]]},"properties":{"ID_0":105,"ISO":"IND","NAME_0":"India","ID_1":33,"NAME_1":"Uttar Pradesh","ID_2":525,"NAME_2":"Hardoi","NL_NAME_2":null,"VARNAME_2":null,"TYPE_2":"District","ENGTYPE_2":"District"}},{"type":"Feature","geometry":{"type":"Polygon","coordinates":[[[77.9531,27.298],[77.9511,27.2995],[77.9203,27.3233],[77.8903,27.5875],[78.0111,27.6486],[78.0386,27.7899],[78.1378,27.7711],[78.2661,27.6663],[78.3618,27.6903],[78.4658,27.8144],[78.5154,27.7343],[78.4961,27.6305],[78.3775,27.5724],[78.205,27.5294],[78.1884,27.4389],[78.189,27.4087],[78.1824,27.408],[77.9733,27.2861],[77.9531,27.298]]]},"properties":{"ID_0":105,"ISO":"IND","NAME_0":"India","ID_1":33,"NAME_1":"Uttar Pradesh","ID_2":526,"NAME_2":"Hathras","NL_NAME_2":null,"VARNAME_2":null,"TYPE_2":"District","ENGTYPE_2":"District"}},{"type":"Feature","geometry":{"type":"Polygon","coordinates":[[[78.9274,25.9555],[79.0032,26.0818],[79.0007,26.155],[79.1166,26.3536],[79.1268,26.4448],[79.333,26.4069],[79.4276,26.437],[79.495,26.3693],[79.5405,26.2807],[79.7604,26.1723],[79.7783,26.1137],[79.9129,26.096],[79.9458,26.012],[79.7974,25.8693],[79.7434,25.9117],[79.6085,25.908],[79.3898,25.8014],[79.312,25.7747],[79.1258,25.8188],[79.0327,25.873],[79.0343,25.9327],[78.9274,25.9555]]]},"properties":{"ID_0":105,"ISO":"IND","NAME_0":"India","ID_1":33,"NAME_1":"Uttar Pradesh","ID_2":527,"NAME_2":"Jalaun","NL_NAME_2":null,"VARNAME_2":null,"TYPE_2":"District","ENGTYPE_2":"District"}},{"type":"Feature","geometry":{"type":"Polygon","coordinates":[[[82.3217,25.5392],[82.1122,25.6469],[82.1472,25.6826],[82.3404,25.9651],[82.4232,26.0124],[82.4279,26.1063],[82.6731,26.1547],[82.6717,26.11],[82.7778,25.8282],[82.8903,25.7757],[82.9371,25.707],[83.0585,25.6542],[83.0637,25.5533],[82.922,25.5721],[82.7281,25.549],[82.6851,25.3973],[82.5062,25.4446],[82.3217,25.5392]]]},"properties":{"ID_0":105,"ISO":"IND","NAME_0":"India","ID_1":33,"NAME_1":"Uttar Pradesh","ID_2":528,"NAME_2":"Jaunpur","NL_NAME_2":null,"VARNAME_2":"Jaupur","TYPE_2":"District","ENGTYPE_2":"District"}},{"type":"Feature","geometry":{"type":"Polygon","coordinates":[[[78.8764,25.9157],[78.9274,25.9555],[79.0343,25.9327],[79.0327,25.873],[79.1258,25.8188],[79.312,25.7747],[79.3898,25.8014],[79.3667,25.6077],[79.3811,25.5269],[79.2765,25.327],[79.3139,25.151],[79.1334,25.1111],[79.0265,25.2347],[78.8674,25.19],[78.7933,25.2931],[78.9291,25.4283],[78.9419,25.5312],[78.7246,25.4633],[78.7644,25.3584],[78.6035,25.4171],[78.5209,25.288],[78.5626,25.226],[78.4429,25.1288],[78.3854,25.1952],[78.3313,25.3367],[78.3352,25.4311],[78.4216,25.4797],[78.4371,25.5644],[78.6486,25.5656],[78.7945,25.6175],[78.7607,25.7208],[78.8764,25.9157]]]},"properties":{"ID_0":105,"ISO":"IND","NAME_0":"India","ID_1":33,"NAME_1":"Uttar Pradesh","ID_2":529,"NAME_2":"Jhansi","NL_NAME_2":null,"VARNAME_2":null,"TYPE_2":"District","ENGTYPE_2":"District"}},{"type":"Feature","geometry":{"type":"Polygon","coordinates":[[[78.405,28.4673],[78.2805,28.409],[78.2094,28.5059],[78.1987,28.6212],[78.1305,28.727],[78.105,28.8622],[78.0526,28.8984],[78.0946,29.0893],[78.1954,29.0563],[78.404,29.0445],[78.5904,29.0904],[78.6579,29.1793],[78.6932,29.07],[78.6306,29.0069],[78.6748,28.9126],[78.6003,28.8129],[78.4027,28.7846],[78.4189,28.58],[78.405,28.4673]]]},"properties":{"ID_0":105,"ISO":"IND","NAME_0":"India","ID_1":33,"NAME_1":"Uttar Pradesh","ID_2":530,"NAME_2":"Jyotiba Phule Nagar","NL_NAME_2":null,"VARNAME_2":null,"TYPE_2":"District","ENGTYPE_2":"District"}},{"type":"Feature","geometry":{"type":"Polygon","coordinates":[[[79.7499,26.7889],[79.6015,26.8978],[79.5513,26.8664],[79.4294,26.9468],[79.3409,26.94],[79.3179,26.9662],[79.3921,27.0548],[79.3852,27.2016],[79.5124,27.2152],[79.5522,27.1646],[79.671,27.1772],[79.7161,27.2222],[79.8958,27.1522],[80.0112,26.9582],[79.9352,26.9494],[79.9196,26.8592],[79.8324,26.7773],[79.7499,26.7889]]]},"properties":{"ID_0":105,"ISO":"IND","NAME_0":"India","ID_1":33,"NAME_1":"Uttar Pradesh","ID_2":531,"NAME_2":"Kannauj","NL_NAME_2":null,"VARNAME_2":null,"TYPE_2":"District","ENGTYPE_2":"District"}},{"type":"Feature","geometry":{"type":"Polygon","coordinates":[[[79.495,26.3693],[79.6305,26.5135],[79.6334,26.6118],[79.7141,26.6711],[79.7499,26.7889],[79.8324,26.7773],[79.9196,26.8592],[79.9352,26.9494],[80.0112,26.9582],[80.0421,26.9247],[80.0974,26.8772],[80.1238,26.7483],[80.2747,26.6399],[80.116,26.4643],[80.1609,26.2782],[80.3277,26.2875],[80.4624,26.1951],[80.4658,26.1857],[80.3155,26.1185],[80.2544,26.0534],[80.2281,25.9274],[80.133,25.9721],[80.0865,26.083],[79.9129,26.096],[79.7783,26.1137],[79.7604,26.1723],[79.5405,26.2807],[79.495,26.3693]]]},"properties":{"ID_0":105,"ISO":"IND","NAME_0":"India","ID_1":33,"NAME_1":"Uttar Pradesh","ID_2":532,"NAME_2":"Kanpur Dehat","NL_NAME_2":null,"VARNAME_2":"Kanpur Rural","TYPE_2":"District","ENGTYPE_2":"District"}},{"type":"Feature","geometry":{"type":"Polygon","coordinates":[[[80.558,26.2316],[80.472,26.1821],[80.4658,26.1857],[80.4624,26.1951],[80.3277,26.2875],[80.1609,26.2782],[80.116,26.4643],[80.2747,26.6399],[80.3387,26.4909],[80.5195,26.3657],[80.558,26.2316]]]},"properties":{"ID_0":105,"ISO":"IND","NAME_0":"India","ID_1":33,"NAME_1":"Uttar Pradesh","ID_2":533,"NAME_2":"Kanpur","NL_NAME_2":null,"VARNAME_2":"Kanpur Nagar","TYPE_2":"District","ENGTYPE_2":"District"}},{"type":"Feature","geometry":{"type":"Polygon","coordinates":[[[81.6056,25.5965],[81.6582,25.5172],[81.8105,25.4125],[81.8079,25.3453],[81.6277,25.3542],[81.5416,25.2936],[81.4515,25.2622],[81.3889,25.3335],[81.1429,25.4009],[81.1841,25.4564],[81.2544,25.5482],[81.2028,25.6461],[81.2286,25.7461],[81.3279,25.8143],[81.3601,25.7161],[81.4579,25.6384],[81.6056,25.5965]]]},"properties":{"ID_0":105,"ISO":"IND","NAME_0":"India","ID_1":33,"NAME_1":"Uttar Pradesh","ID_2":534,"NAME_2":"Kaushambi","NL_NAME_2":null,"VARNAME_2":null,"TYPE_2":"District","ENGTYPE_2":"District"}},{"type":"Feature","geometry":{"type":"Polygon","coordinates":[[[84.4074,26.6381],[84.2735,26.6014],[84.0845,26.6401],[84.0488,26.5503],[83.8651,26.7504],[83.6222,26.6602],[83.6107,26.7563],[83.5376,26.8928],[83.6121,26.9548],[83.7542,26.998],[83.8178,27.2515],[83.898,27.279],[83.8962,27.2771],[83.9851,27.1818],[83.9666,27.1608],[83.9408,27.0896],[84.0403,27.0353],[84.0304,27.0118],[84.0495,26.9908],[84.0591,26.8908],[84.2521,26.8449],[84.2545,26.7343],[84.4074,26.6381]]]},"properties":{"ID_0":105,"ISO":"IND","NAME_0":"India","ID_1":33,"NAME_1":"Uttar Pradesh","ID_2":535,"NAME_2":"Kushinagar","NL_NAME_2":null,"VARNAME_2":null,"TYPE_2":"District","ENGTYPE_2":"District"}},{"type":"Feature","geometry":{"type":"Polygon","coordinates":[[[81.0727,28.3917],[81.0261,28.3001],[81.1762,28.1146],[81.1559,28.0502],[81.269,27.9484],[81.2897,27.6915],[81.2831,27.6852],[81.2153,27.7695],[80.929,27.8603],[80.7147,27.8117],[80.6277,27.8416],[80.5956,27.7555],[80.4796,27.7783],[80.3017,27.6844],[80.2404,27.7621],[80.0525,27.7761],[80.0268,27.8432],[80.1128,28.0022],[80.1961,28.036],[80.2908,28.1579],[80.2958,28.2644],[80.357,28.3379],[80.2896,28.4593],[80.2994,28.4727],[80.4219,28.5085],[80.3237,28.6892],[80.5233,28.5768],[80.5416,28.6905],[80.7163,28.5679],[81.0727,28.3917]]]},"properties":{"ID_0":105,"ISO":"IND","NAME_0":"India","ID_1":33,"NAME_1":"Uttar Pradesh","ID_2":536,"NAME_2":"Lakhimpur Kheri","NL_NAME_2":null,"VARNAME_2":"Kheri","TYPE_2":"District","ENGTYPE_2":"District"}},{"type":"Feature","geometry":{"type":"Polygon","coordinates":[[[78.2607,24.4539],[78.268,24.6696],[78.1653,24.8482],[78.1704,24.8853],[78.3275,24.9996],[78.3252,25.0841],[78.4429,25.1288],[78.5626,25.226],[78.6249,24.9619],[78.7645,24.8614],[78.752,24.6025],[78.8817,24.6397],[78.982,24.4472],[78.9869,24.4232],[78.9681,24.357],[78.8582,24.2135],[78.7846,24.1851],[78.6989,24.2345],[78.5784,24.3571],[78.4999,24.3943],[78.3857,24.2731],[78.3626,24.3782],[78.2607,24.4539]]]},"properties":{"ID_0":105,"ISO":"IND","NAME_0":"India","ID_1":33,"NAME_1":"Uttar Pradesh","ID_2":537,"NAME_2":"Lalitpur","NL_NAME_2":null,"VARNAME_2":null,"TYPE_2":"District","ENGTYPE_2":"District"}},{"type":"Feature","geometry":{"type":"Polygon","coordinates":[[[80.9192,27.1643],[81.0021,27.1458],[80.9901,27.0052],[81.1472,26.8187],[81.2093,26.7109],[81.1565,26.5974],[81.0352,26.507],[80.9905,26.5399],[80.8333,26.6681],[80.6896,26.6939],[80.7281,26.7808],[80.6177,26.8941],[80.5507,27.0162],[80.6369,27.084],[80.8173,27.1067],[80.9192,27.1643]]]},"properties":{"ID_0":105,"ISO":"IND","NAME_0":"India","ID_1":33,"NAME_1":"Uttar Pradesh","ID_2":538,"NAME_2":"Lucknow","NL_NAME_2":null,"VARNAME_2":null,"TYPE_2":"District","ENGTYPE_2":"District"}},{"type":"Feature","geometry":{"type":"Polygon","coordinates":[[[83.8585,27.351],[83.9041,27.2812],[83.898,27.279],[83.8178,27.2515],[83.7542,26.998],[83.6121,26.9548],[83.5376,26.8928],[83.4673,26.9421],[83.2818,26.9573],[83.2384,26.9759],[83.2112,26.9974],[83.2069,27.0201],[83.1231,27.0503],[83.1158,27.1533],[83.2943,27.3355],[83.4076,27.4053],[83.3909,27.4795],[83.6167,27.4694],[83.8585,27.351]]]},"properties":{"ID_0":105,"ISO":"IND","NAME_0":"India","ID_1":33,"NAME_1":"Uttar Pradesh","ID_2":539,"NAME_2":"Maharajganj","NL_NAME_2":null,"VARNAME_2":null,"TYPE_2":"District","ENGTYPE_2":"District"}},{"type":"Feature","geometry":{"type":"Polygon","coordinates":[[[80.0961,25.3516],[79.9973,25.2701],[79.8452,25.2366],[79.8272,25.1001],[79.5503,25.1694],[79.4899,25.0828],[79.3893,25.1206],[79.4424,25.221],[79.4019,25.2793],[79.2765,25.327],[79.3811,25.5269],[79.5272,25.4881],[79.6367,25.4907],[79.6935,25.5554],[79.8228,25.554],[79.9719,25.6357],[80.0161,25.449],[80.113,25.4121],[80.0961,25.3516]]]},"properties":{"ID_0":105,"ISO":"IND","NAME_0":"India","ID_1":33,"NAME_1":"Uttar Pradesh","ID_2":540,"NAME_2":"Mahoba","NL_NAME_2":null,"VARNAME_2":null,"TYPE_2":"District","ENGTYPE_2":"District"}},{"type":"Feature","geometry":{"type":"Polygon","coordinates":[[[78.7116,27.3496],[78.8271,27.3669],[78.8972,27.4704],[78.9499,27.4252],[79.0999,27.4383],[79.2412,27.3366],[79.3852,27.2016],[79.3921,27.0548],[79.3179,26.9662],[79.1078,27.0062],[78.993,26.9377],[78.9471,26.9774],[78.7988,26.9644],[78.7589,27.0711],[78.7989,27.1504],[78.711,27.2682],[78.7116,27.3496]]]},"properties":{"ID_0":105,"ISO":"IND","NAME_0":"India","ID_1":33,"NAME_1":"Uttar Pradesh","ID_2":541,"NAME_2":"Mainpuri","NL_NAME_2":null,"VARNAME_2":null,"TYPE_2":"District","ENGTYPE_2":"District"}},{"type":"Feature","geometry":{"type":"MultiPolygon","coordinates":[[[[77.3292,27.852],[77.5192,27.9319],[77.7052,27.9487],[77.825,27.7586],[77.785,27.69],[77.8903,27.5875],[77.9203,27.3233],[77.9511,27.2995],[77.8388,27.2939],[77.7721,27.2392],[77.6391,27.2471],[77.4296,27.462],[77.3403,27.5248],[77.3423,27.653],[77.2758,27.8065],[77.3292,27.852]]],[[[77.9605,27.2728],[77.9547,27.2852],[77.9531,27.298],[77.9733,27.2861],[77.9715,27.2838],[77.9605,27.2728]]]]},"properties":{"ID_0":105,"ISO":"IND","NAME_0":"India","ID_1":33,"NAME_1":"Uttar Pradesh","ID_2":542,"NAME_2":"Mathura","NL_NAME_2":null,"VARNAME_2":"Muttra","TYPE_2":"District","ENGTYPE_2":"District"}},{"type":"Feature","geometry":{"type":"Polygon","coordinates":[[[83.3373,25.8168],[83.1907,25.8757],[83.2058,26.0632],[83.2551,26.1286],[83.3696,26.0811],[83.4009,26.1705],[83.4989,26.28],[83.6257,26.2257],[83.7327,26.2651],[83.8022,26.1932],[83.7865,26.1103],[83.6734,26.0735],[83.7637,26.0042],[83.7898,25.925],[83.7239,25.8586],[83.651,25.8936],[83.3373,25.8168]]]},"properties":{"ID_0":105,"ISO":"IND","NAME_0":"India","ID_1":33,"NAME_1":"Uttar Pradesh","ID_2":543,"NAME_2":"Mau","NL_NAME_2":null,"VARNAME_2":null,"TYPE_2":"District","ENGTYPE_2":"District"}},{"type":"Feature","geometry":{"type":"Polygon","coordinates":[[[77.4492,28.9312],[77.454,28.9335],[77.4688,28.9662],[77.4397,29.119],[77.4781,29.2023],[77.5779,29.2614],[77.7926,29.1861],[78.0256,29.2675],[78.1255,29.2592],[78.0946,29.0893],[78.0526,28.8984],[78.105,28.8622],[77.958,28.8492],[77.7219,28.7421],[77.6824,28.8806],[77.5866,28.8802],[77.4492,28.9312]]]},"properties":{"ID_0":105,"ISO":"IND","NAME_0":"India","ID_1":33,"NAME_1":"Uttar Pradesh","ID_2":544,"NAME_2":"Meerut","NL_NAME_2":null,"VARNAME_2":null,"TYPE_2":"District","ENGTYPE_2":"District"}},{"type":"Feature","geometry":{"type":"Polygon","coordinates":[[[82.2939,24.6137],[82.2384,24.7544],[82.1,24.8099],[82.2969,25.0222],[82.319,25.0784],[82.2605,25.185],[82.3931,25.2624],[82.6636,25.2509],[82.6669,25.2518],[82.8066,25.2596],[82.8899,25.2138],[83.0257,25.2438],[83.1668,25.1865],[83.0591,24.9306],[83.0996,24.8184],[83.0494,24.801],[82.8171,24.8565],[82.651,24.7868],[82.5393,24.8101],[82.5184,24.6783],[82.4202,24.7053],[82.4092,24.5978],[82.2939,24.6137]]]},"properties":{"ID_0":105,"ISO":"IND","NAME_0":"India","ID_1":33,"NAME_1":"Uttar Pradesh","ID_2":545,"NAME_2":"Mirzapur","NL_NAME_2":null,"VARNAME_2":null,"TYPE_2":"District","ENGTYPE_2":"District"}},{"type":"Feature","geometry":{"type":"Polygon","coordinates":[[[78.9094,28.4855],[78.8599,28.487],[78.7444,28.3825],[78.6282,28.3393],[78.5149,28.3639],[78.405,28.4673],[78.4189,28.58],[78.4027,28.7846],[78.6003,28.8129],[78.6748,28.9126],[78.6306,29.0069],[78.6932,29.07],[78.6579,29.1793],[78.695,29.2732],[78.7586,29.2867],[78.8641,29.2495],[78.9608,29.1616],[78.938,29.0389],[78.8763,28.9036],[78.9644,28.7693],[78.8281,28.6662],[78.9266,28.5686],[78.9094,28.4855]]]},"properties":{"ID_0":105,"ISO":"IND","NAME_0":"India","ID_1":33,"NAME_1":"Uttar Pradesh","ID_2":546,"NAME_2":"Moradabad","NL_NAME_2":null,"VARNAME_2":null,"TYPE_2":"District","ENGTYPE_2":"District"}},{"type":"Feature","geometry":{"type":"Polygon","coordinates":[[[77.1241,29.4529],[77.0856,29.6008],[77.1322,29.6995],[77.33,29.6502],[77.7322,29.6092],[77.8111,29.6725],[77.8739,29.702],[77.977,29.6421],[77.988,29.5459],[78.1255,29.2592],[78.0256,29.2675],[77.7926,29.1861],[77.5779,29.2614],[77.4781,29.2023],[77.1423,29.3015],[77.1241,29.4529]]]},"properties":{"ID_0":105,"ISO":"IND","NAME_0":"India","ID_1":33,"NAME_1":"Uttar Pradesh","ID_2":547,"NAME_2":"Muzaffarnagar","NL_NAME_2":null,"VARNAME_2":null,"TYPE_2":"District","ENGTYPE_2":"District"}},{"type":"Feature","geometry":{"type":"Polygon","coordinates":[[[79.6741,28.2691],[79.7331,28.472],[79.6641,28.5888],[79.5883,28.622],[79.661,28.7496],[79.6308,28.8589],[79.762,28.8897],[79.8556,28.8391],[79.9224,28.7327],[79.9883,28.717],[80.0724,28.8297],[80.3237,28.6892],[80.4219,28.5085],[80.2994,28.4727],[80.2896,28.4593],[80.2752,28.4618],[80.163,28.3569],[80.0965,28.3894],[79.9307,28.3169],[79.9542,28.1736],[79.8294,28.2146],[79.7708,28.1658],[79.6741,28.2691]]]},"properties":{"ID_0":105,"ISO":"IND","NAME_0":"India","ID_1":33,"NAME_1":"Uttar Pradesh","ID_2":548,"NAME_2":"Pilibhit","NL_NAME_2":null,"VARNAME_2":null,"TYPE_2":"District","ENGTYPE_2":"District"}},{"type":"Feature","geometry":{"type":"Polygon","coordinates":[[[82.1472,25.6826],[82.0542,25.6624],[82.0123,25.7467],[81.9087,25.7175],[81.7971,25.7525],[81.7421,25.6723],[81.6056,25.5965],[81.4579,25.6384],[81.3601,25.7161],[81.3279,25.8143],[81.3263,25.8742],[81.5626,25.9774],[81.532,26.1231],[81.6102,26.1826],[81.7778,26.0303],[81.9558,26.0824],[82.1777,26.0449],[82.2387,26.0606],[82.4232,26.0124],[82.3404,25.9651],[82.1472,25.6826]]]},"properties":{"ID_0":105,"ISO":"IND","NAME_0":"India","ID_1":33,"NAME_1":"Uttar Pradesh","ID_2":549,"NAME_2":"Pratapgarh","NL_NAME_2":null,"VARNAME_2":"Bela cum Pratapgarh, Partabgarh, Partapgarh","TYPE_2":"District","ENGTYPE_2":"District"}},{"type":"Feature","geometry":{"type":"Polygon","coordinates":[[[81.1565,26.5974],[81.3065,26.5438],[81.4524,26.5754],[81.5326,26.5255],[81.5619,26.4532],[81.5461,26.313],[81.6102,26.1826],[81.532,26.1231],[81.5626,25.9774],[81.3263,25.8742],[81.3279,25.8143],[81.1074,25.9593],[81.0103,26.068],[80.8025,26.0376],[80.6672,26.1261],[80.8031,26.2125],[80.9293,26.3616],[81.0287,26.3656],[80.9753,26.4782],[80.9905,26.5399],[81.0352,26.507],[81.1565,26.5974]]]},"properties":{"ID_0":105,"ISO":"IND","NAME_0":"India","ID_1":33,"NAME_1":"Uttar Pradesh","ID_2":550,"NAME_2":"Rae Bareli","NL_NAME_2":null,"VARNAME_2":"Rai Bareli, Rai Bareilly","TYPE_2":"District","ENGTYPE_2":"District"}},{"type":"Feature","geometry":{"type":"Polygon","coordinates":[[[78.9893,28.3909],[78.9094,28.4855],[78.9266,28.5686],[78.8281,28.6662],[78.9644,28.7693],[78.8763,28.9036],[78.938,29.0389],[78.9608,29.1616],[79.0729,29.152],[79.2789,28.9648],[79.3957,28.8854],[79.3765,28.7634],[79.293,28.7249],[79.2107,28.5786],[79.1294,28.496],[78.9892,28.4376],[78.9893,28.3909]]]},"properties":{"ID_0":105,"ISO":"IND","NAME_0":"India","ID_1":33,"NAME_1":"Uttar Pradesh","ID_2":551,"NAME_2":"Rampur","NL_NAME_2":null,"VARNAME_2":null,"TYPE_2":"District","ENGTYPE_2":"District"}},{"type":"Feature","geometry":{"type":"Polygon","coordinates":[[[77.1322,29.6995],[77.2111,29.9407],[77.2704,30.0483],[77.2804,30.0525],[77.4101,30.1111],[77.5828,30.3584],[77.5749,30.3845],[77.5631,30.4045],[77.6357,30.4101],[77.7108,30.3388],[77.9315,30.247],[77.7408,29.9941],[77.7301,29.8531],[77.7577,29.7159],[77.8111,29.6725],[77.7322,29.6092],[77.33,29.6502],[77.1322,29.6995]]]},"properties":{"ID_0":105,"ISO":"IND","NAME_0":"India","ID_1":33,"NAME_1":"Uttar Pradesh","ID_2":552,"NAME_2":"Saharanpur","NL_NAME_2":null,"VARNAME_2":null,"TYPE_2":"District","ENGTYPE_2":"District"}},{"type":"Feature","geometry":{"type":"Polygon","coordinates":[[[83.0614,26.4112],[83.0396,26.4356],[82.8937,26.5443],[82.8792,26.6139],[82.9687,26.714],[82.8264,26.8631],[82.902,26.9227],[82.9202,26.9251],[82.9632,26.9142],[83.0448,27.0115],[83.1231,27.0503],[83.2069,27.0201],[83.2112,26.9974],[83.2167,26.9904],[83.1981,26.8846],[83.1266,26.8765],[83.1348,26.7708],[83.0845,26.7227],[83.1629,26.5046],[83.0727,26.4187],[83.0614,26.4112]]]},"properties":{"ID_0":105,"ISO":"IND","NAME_0":"India","ID_1":33,"NAME_1":"Uttar Pradesh","ID_2":553,"NAME_2":"Sant Kabir Nagar","NL_NAME_2":null,"VARNAME_2":null,"TYPE_2":"District","ENGTYPE_2":"District"}},{"type":"Feature","geometry":{"type":"Polygon","coordinates":[[[82.2605,25.185],[82.2139,25.2786],[82.2936,25.3112],[82.3217,25.5392],[82.5062,25.4446],[82.6851,25.3973],[82.6636,25.2509],[82.3931,25.2624],[82.2605,25.185]]]},"properties":{"ID_0":105,"ISO":"IND","NAME_0":"India","ID_1":33,"NAME_1":"Uttar Pradesh","ID_2":554,"NAME_2":"Sant Ravi Das Nagar","NL_NAME_2":null,"VARNAME_2":null,"TYPE_2":"District","ENGTYPE_2":"District"}},{"type":"Feature","geometry":{"type":"Polygon","coordinates":[[[79.3401,27.6583],[79.3647,27.823],[79.4495,27.8547],[79.4869,28.0265],[79.5754,28.0968],[79.6741,28.2691],[79.7708,28.1658],[79.8294,28.2146],[79.9542,28.1736],[79.9307,28.3169],[80.0965,28.3894],[80.163,28.3569],[80.2752,28.4618],[80.2896,28.4593],[80.357,28.3379],[80.2958,28.2644],[80.2908,28.1579],[80.1961,28.036],[80.1128,28.0022],[80.0268,27.8432],[80.0525,27.7761],[79.8713,27.7059],[79.7562,27.7186],[79.6861,27.6589],[79.7064,27.4791],[79.6539,27.5013],[79.6429,27.6203],[79.4703,27.6024],[79.3401,27.6583]]]},"properties":{"ID_0":105,"ISO":"IND","NAME_0":"India","ID_1":33,"NAME_1":"Uttar Pradesh","ID_2":555,"NAME_2":"Shahjahanpur","NL_NAME_2":null,"VARNAME_2":"Shahajahanpur","TYPE_2":"District","ENGTYPE_2":"District"}},{"type":"Feature","geometry":{"type":"Polygon","coordinates":[[[81.6946,27.9894],[81.804,27.9054],[81.904,27.8537],[81.9701,27.9288],[82.0729,27.9225],[82.198,27.8475],[82.0252,27.575],[82.0654,27.4118],[81.928,27.4267],[81.8947,27.3256],[81.8285,27.2872],[81.7135,27.3321],[81.6855,27.4938],[81.5743,27.5727],[81.589,27.6869],[81.4865,27.8852],[81.65,27.9933],[81.6946,27.9894]]]},"properties":{"ID_0":105,"ISO":"IND","NAME_0":"India","ID_1":33,"NAME_1":"Uttar Pradesh","ID_2":556,"NAME_2":"Shravasti","NL_NAME_2":null,"VARNAME_2":null,"TYPE_2":"District","ENGTYPE_2":"District"}},{"type":"Feature","geometry":{"type":"Polygon","coordinates":[[[82.4864,27.161],[82.5133,27.2669],[82.4613,27.3316],[82.5679,27.4267],[82.7176,27.4165],[82.7357,27.5045],[82.9316,27.5009],[83.0361,27.4487],[83.1665,27.4575],[83.2943,27.3355],[83.1158,27.1533],[83.1231,27.0503],[83.0448,27.0115],[82.9632,26.9142],[82.9202,26.9251],[82.82,26.9378],[82.6929,27.0233],[82.6066,27.0084],[82.4864,27.161]]]},"properties":{"ID_0":105,"ISO":"IND","NAME_0":"India","ID_1":33,"NAME_1":"Uttar Pradesh","ID_2":557,"NAME_2":"Siddharth Nagar","NL_NAME_2":null,"VARNAME_2":"Sidharthnagar","TYPE_2":"District","ENGTYPE_2":"District"}},{"type":"Feature","geometry":{"type":"Polygon","coordinates":[[[81.2897,27.6915],[81.2927,27.6865],[81.3104,27.507],[81.4019,27.3417],[81.2868,27.3422],[81.1734,27.2514],[80.9557,27.2264],[80.9192,27.1643],[80.8173,27.1067],[80.8057,27.1713],[80.6311,27.2707],[80.5077,27.2725],[80.4377,27.4083],[80.3438,27.4897],[80.2957,27.587],[80.3017,27.6844],[80.4796,27.7783],[80.5956,27.7555],[80.6277,27.8416],[80.7147,27.8117],[80.929,27.8603],[81.2153,27.7695],[81.2831,27.6852],[81.2897,27.6915]]]},"properties":{"ID_0":105,"ISO":"IND","NAME_0":"India","ID_1":33,"NAME_1":"Uttar Pradesh","ID_2":558,"NAME_2":"Sitapur","NL_NAME_2":null,"VARNAME_2":null,"TYPE_2":"District","ENGTYPE_2":"District"}},{"type":"Feature","geometry":{"type":"Polygon","coordinates":[[[83.3868,24.7842],[83.3941,24.7795],[83.4798,24.7378],[83.5172,24.5492],[83.4982,24.5271],[83.393,24.5012],[83.4457,24.3633],[83.339,24.1105],[83.3276,24.0996],[83.3236,24.1013],[83.1896,23.9211],[83.1274,23.89],[82.9536,23.8728],[82.8078,23.9631],[82.7084,24.0808],[82.7641,24.2924],[82.7161,24.5571],[82.7658,24.6416],[82.6656,24.6999],[82.5184,24.6783],[82.5393,24.8101],[82.651,24.7868],[82.8171,24.8565],[83.0494,24.801],[83.0996,24.8184],[83.179,24.7162],[83.3868,24.7842]]]},"properties":{"ID_0":105,"ISO":"IND","NAME_0":"India","ID_1":33,"NAME_1":"Uttar Pradesh","ID_2":559,"NAME_2":"Sonbhadra","NL_NAME_2":null,"VARNAME_2":"Sonebhadra","TYPE_2":"District","ENGTYPE_2":"District"}},{"type":"Feature","geometry":{"type":"Polygon","coordinates":[[[82.2116,26.4114],[82.3778,26.3793],[82.4607,26.2869],[82.6711,26.259],[82.6731,26.1547],[82.4279,26.1063],[82.4232,26.0124],[82.2387,26.0606],[82.1777,26.0449],[81.9558,26.0824],[81.7778,26.0303],[81.6102,26.1826],[81.5461,26.313],[81.5619,26.4532],[81.5326,26.5255],[81.6094,26.6306],[81.6951,26.5914],[81.6921,26.5446],[81.8534,26.5371],[82.1001,26.4748],[82.2116,26.4114]]]},"properties":{"ID_0":105,"ISO":"IND","NAME_0":"India","ID_1":33,"NAME_1":"Uttar Pradesh","ID_2":560,"NAME_2":"Sultanpur","NL_NAME_2":null,"VARNAME_2":null,"TYPE_2":"District","ENGTYPE_2":"District"}},{"type":"Feature","geometry":{"type":"Polygon","coordinates":[[[80.6672,26.1261],[80.558,26.2316],[80.5195,26.3657],[80.3387,26.4909],[80.2747,26.6399],[80.1238,26.7483],[80.0974,26.8772],[80.0421,26.9247],[80.0908,26.9852],[80.2201,26.9759],[80.295,27.0305],[80.3746,26.9358],[80.5507,27.0162],[80.6177,26.8941],[80.7281,26.7808],[80.6896,26.6939],[80.8333,26.6681],[80.9905,26.5399],[80.9753,26.4782],[81.0287,26.3656],[80.9293,26.3616],[80.8031,26.2125],[80.6672,26.1261]]]},"properties":{"ID_0":105,"ISO":"IND","NAME_0":"India","ID_1":33,"NAME_1":"Uttar Pradesh","ID_2":561,"NAME_2":"Unnao","NL_NAME_2":null,"VARNAME_2":"Unnao Nagar, Unao","TYPE_2":"District","ENGTYPE_2":"District"}},{"type":"Feature","geometry":{"type":"Polygon","coordinates":[[[83.1711,25.5128],[83.1682,25.5065],[83.1863,25.4077],[83.1535,25.3333],[83.0213,25.315],[83.0257,25.2438],[82.8899,25.2138],[82.8066,25.2596],[82.6669,25.2518],[82.6636,25.2509],[82.6851,25.3973],[82.7281,25.549],[82.922,25.5721],[83.0637,25.5533],[83.1654,25.526],[83.1711,25.5128]]]},"properties":{"ID_0":105,"ISO":"IND","NAME_0":"India","ID_1":33,"NAME_1":"Uttar Pradesh","ID_2":562,"NAME_2":"Varanasi","NL_NAME_2":null,"VARNAME_2":"Benares","TYPE_2":"District","ENGTYPE_2":"District"}},{"type":"Feature","geometry":{"type":"Polygon","coordinates":[[[79.8633,29.697],[79.8833,29.7075],[79.9433,29.685],[79.9967,29.5544],[80.0595,29.5256],[79.8393,29.4404],[79.7316,29.4368],[79.6507,29.5462],[79.436,29.5259],[79.2959,29.605],[79.2106,29.5273],[79.0241,29.5915],[79.1088,29.714],[79.07,29.8906],[79.215,29.9835],[79.3131,29.9351],[79.4568,29.9885],[79.4951,29.8776],[79.6343,29.8221],[79.7353,29.6958],[79.8633,29.697]]]},"properties":{"ID_0":105,"ISO":"IND","NAME_0":"India","ID_1":34,"NAME_1":"Uttaranchal","ID_2":563,"NAME_2":"Almora","NL_NAME_2":null,"VARNAME_2":null,"TYPE_2":"District","ENGTYPE_2":"District"}},{"type":"Feature","geometry":{"type":"Polygon","coordinates":[[[79.8633,29.697],[79.7353,29.6958],[79.6343,29.8221],[79.4951,29.8776],[79.4568,29.9885],[79.5867,30.0207],[79.7933,30.023],[79.7506,30.1416],[79.8643,30.2756],[79.971,30.3142],[79.9793,30.3201],[80.0153,30.3181],[80.1042,30.2197],[80.0583,30.0245],[80.1001,29.9094],[79.9964,29.8812],[80.0262,29.7978],[79.8804,29.712],[79.8833,29.7075],[79.8633,29.697]]]},"properties":{"ID_0":105,"ISO":"IND","NAME_0":"India","ID_1":34,"NAME_1":"Uttaranchal","ID_2":564,"NAME_2":"Bageshwar","NL_NAME_2":null,"VARNAME_2":null,"TYPE_2":"District","ENGTYPE_2":"District"}},{"type":"Feature","geometry":{"type":"Polygon","coordinates":[[[79.4568,29.9885],[79.3131,29.9351],[79.215,29.9835],[79.1284,30.1715],[79.0214,30.3143],[79.2101,30.5014],[79.2328,30.5651],[79.3411,30.6538],[79.2713,30.7313],[79.2663,30.7323],[79.2157,30.8136],[79.3157,31.0337],[79.3924,31.0798],[79.4971,31.0414],[79.5848,30.944],[79.7456,31.0062],[80.0441,30.844],[80.0866,30.7919],[79.9658,30.7109],[80.0277,30.607],[79.9822,30.5437],[80.0225,30.4461],[79.9793,30.3201],[79.971,30.3142],[79.8643,30.2756],[79.7506,30.1416],[79.7933,30.023],[79.5867,30.0207],[79.4568,29.9885]]]},"properties":{"ID_0":105,"ISO":"IND","NAME_0":"India","ID_1":34,"NAME_1":"Uttaranchal","ID_2":565,"NAME_2":"Chamoli","NL_NAME_2":null,"VARNAME_2":"Chamoli cum Gopeshwar","TYPE_2":"District","ENGTYPE_2":"District"}},{"type":"Feature","geometry":{"type":"Polygon","coordinates":[[[79.8393,29.4404],[80.0595,29.5256],[80.2475,29.4384],[80.306,29.2853],[80.2744,29.1448],[80.1599,29.1129],[79.9596,29.058],[79.9541,29.062],[79.9659,29.1228],[79.8676,29.1755],[79.8897,29.2553],[79.8034,29.2814],[79.8393,29.4404]]]},"properties":{"ID_0":105,"ISO":"IND","NAME_0":"India","ID_1":34,"NAME_1":"Uttaranchal","ID_2":566,"NAME_2":"Champawat","NL_NAME_2":null,"VARNAME_2":null,"TYPE_2":"District","ENGTYPE_2":"District"}},{"type":"Feature","geometry":{"type":"Polygon","coordinates":[[[77.6883,30.7687],[77.791,30.9261],[77.9565,30.9799],[77.9743,30.8538],[78.0751,30.7236],[78.0018,30.6177],[77.9737,30.4709],[78.0889,30.4857],[78.2158,30.4424],[78.129,30.3711],[78.2566,30.3091],[78.2338,30.2092],[78.299,30.1182],[78.1811,29.9501],[78.0824,30.0225],[77.9315,30.247],[77.7108,30.3388],[77.6357,30.4101],[77.5631,30.4045],[77.7992,30.5114],[77.775,30.6411],[77.6883,30.7687]]]},"properties":{"ID_0":105,"ISO":"IND","NAME_0":"India","ID_1":34,"NAME_1":"Uttaranchal","ID_2":567,"NAME_2":"Dehra Dun","NL_NAME_2":null,"VARNAME_2":null,"TYPE_2":"District","ENGTYPE_2":"District"}},{"type":"Feature","geometry":{"type":"Polygon","coordinates":[[[78.3317,29.7962],[77.988,29.5459],[77.977,29.6421],[77.8739,29.702],[77.8111,29.6725],[77.7577,29.7159],[77.7301,29.8531],[77.7408,29.9941],[77.9315,30.247],[78.0824,30.0225],[78.1811,29.9501],[78.3086,29.8581],[78.3317,29.7962]]]},"properties":{"ID_0":105,"ISO":"IND","NAME_0":"India","ID_1":34,"NAME_1":"Uttaranchal","ID_2":568,"NAME_2":"Haridwar","NL_NAME_2":null,"VARNAME_2":"Hardwar","TYPE_2":"District","ENGTYPE_2":"District"}},{"type":"Feature","geometry":{"type":"Polygon","coordinates":[[[78.8358,29.3723],[78.896,29.4562],[79.0241,29.5915],[79.2106,29.5273],[79.2959,29.605],[79.436,29.5259],[79.6507,29.5462],[79.7316,29.4368],[79.8393,29.4404],[79.8034,29.2814],[79.8897,29.2553],[79.8676,29.1755],[79.9659,29.1228],[79.9541,29.062],[79.9596,29.058],[79.9554,29.0523],[79.8611,29.0065],[79.6162,29.0548],[79.4074,29.054],[79.1373,29.2731],[78.995,29.3446],[78.8358,29.3723]]]},"properties":{"ID_0":105,"ISO":"IND","NAME_0":"India","ID_1":34,"NAME_1":"Uttaranchal","ID_2":569,"NAME_2":"Naini Tal","NL_NAME_2":null,"VARNAME_2":null,"TYPE_2":"District","ENGTYPE_2":"District"}},{"type":"Feature","geometry":{"type":"Polygon","coordinates":[[[78.896,29.4562],[78.6934,29.5089],[78.5115,29.6507],[78.4876,29.7414],[78.3317,29.7962],[78.3086,29.8581],[78.1811,29.9501],[78.299,30.1182],[78.5807,30.0715],[78.5809,30.1454],[78.6767,30.2477],[78.7899,30.2284],[78.968,30.2945],[78.9681,30.2987],[78.9804,30.303],[79.0214,30.3143],[79.1284,30.1715],[79.215,29.9835],[79.07,29.8906],[79.1088,29.714],[79.0241,29.5915],[78.896,29.4562]]]},"properties":{"ID_0":105,"ISO":"IND","NAME_0":"India","ID_1":34,"NAME_1":"Uttaranchal","ID_2":570,"NAME_2":"Pauri Garhwal","NL_NAME_2":null,"VARNAME_2":"Garhwal","TYPE_2":"District","ENGTYPE_2":"District"}},{"type":"Feature","geometry":{"type":"Polygon","coordinates":[[[80.0595,29.5256],[79.9967,29.5544],[79.9433,29.685],[79.8833,29.7075],[79.8804,29.712],[80.0262,29.7978],[79.9964,29.8812],[80.1001,29.9094],[80.0583,30.0245],[80.1042,30.2197],[80.0153,30.3181],[79.9793,30.3201],[80.0225,30.4461],[79.9822,30.5437],[80.0277,30.607],[79.9658,30.7109],[80.0866,30.7919],[80.1594,30.8121],[80.2373,30.7407],[80.211,30.5823],[80.278,30.5745],[80.5306,30.4611],[80.5936,30.4822],[80.7313,30.4022],[80.9292,30.2359],[80.7398,29.9995],[80.6053,29.9587],[80.5552,29.853],[80.4094,29.7916],[80.3659,29.7402],[80.4095,29.5949],[80.3042,29.4531],[80.2475,29.4384],[80.0595,29.5256]]]},"properties":{"ID_0":105,"ISO":"IND","NAME_0":"India","ID_1":34,"NAME_1":"Uttaranchal","ID_2":571,"NAME_2":"Pithoragarh","NL_NAME_2":null,"VARNAME_2":null,"TYPE_2":"District","ENGTYPE_2":"District"}},{"type":"Feature","geometry":{"type":"Polygon","coordinates":[[[79.2663,30.7323],[79.2713,30.7313],[79.3411,30.6538],[79.2328,30.5651],[79.2101,30.5014],[79.0214,30.3143],[78.9804,30.303],[78.9681,30.2987],[78.9957,30.4078],[78.9858,30.5533],[78.9001,30.6944],[79.0185,30.8121],[79.2447,30.7294],[79.2663,30.7323]]]},"properties":{"ID_0":105,"ISO":"IND","NAME_0":"India","ID_1":34,"NAME_1":"Uttaranchal","ID_2":572,"NAME_2":"Rudra Prayag","NL_NAME_2":null,"VARNAME_2":null,"TYPE_2":"District","ENGTYPE_2":"District"}},{"type":"Feature","geometry":{"type":"Polygon","coordinates":[[[78.299,30.1182],[78.2338,30.2092],[78.2566,30.3091],[78.129,30.3711],[78.2158,30.4424],[78.0889,30.4857],[77.9737,30.4709],[78.0018,30.6177],[78.1416,30.6398],[78.2685,30.6152],[78.3993,30.4879],[78.4703,30.6322],[78.5361,30.5781],[78.5882,30.6965],[78.8407,30.7608],[78.8645,30.8828],[78.9853,30.8678],[79.0185,30.8121],[78.9001,30.6944],[78.9858,30.5533],[78.9957,30.4078],[78.9681,30.2987],[78.968,30.2945],[78.7899,30.2284],[78.6767,30.2477],[78.5809,30.1454],[78.5807,30.0715],[78.299,30.1182]]]},"properties":{"ID_0":105,"ISO":"IND","NAME_0":"India","ID_1":34,"NAME_1":"Uttaranchal","ID_2":573,"NAME_2":"Tehri Garhwal","NL_NAME_2":null,"VARNAME_2":"Tehri|Narendranagar|Tehri Garwal","TYPE_2":"District","ENGTYPE_2":"District"}},{"type":"Feature","geometry":{"type":"Polygon","coordinates":[[[79.6308,28.8589],[79.5331,28.8903],[79.3957,28.8854],[79.2789,28.9648],[79.0729,29.152],[78.9608,29.1616],[78.8641,29.2495],[78.7586,29.2867],[78.8358,29.3723],[78.995,29.3446],[79.1373,29.2731],[79.4074,29.054],[79.6162,29.0548],[79.8611,29.0065],[79.9554,29.0523],[79.9596,29.058],[80.1599,29.1129],[80.1285,29.0059],[80.0601,28.9163],[80.0724,28.8297],[79.9883,28.717],[79.9224,28.7327],[79.8556,28.8391],[79.762,28.8897],[79.6308,28.8589]]]},"properties":{"ID_0":105,"ISO":"IND","NAME_0":"India","ID_1":34,"NAME_1":"Uttaranchal","ID_2":574,"NAME_2":"Udham Singh Nagar","NL_NAME_2":null,"VARNAME_2":null,"TYPE_2":"District","ENGTYPE_2":"District"}},{"type":"Feature","geometry":{"type":"Polygon","coordinates":[[[78.2984,31.2882],[78.3693,31.2879],[78.4701,31.2038],[78.6006,31.2359],[78.6507,31.1979],[78.795,31.205],[78.88,31.1038],[78.9967,31.1176],[78.9069,31.2592],[79.0568,31.4723],[79.1289,31.4387],[79.2481,31.2966],[79.2996,31.1492],[79.3924,31.0798],[79.3157,31.0337],[79.2157,30.8136],[79.2663,30.7323],[79.2447,30.7294],[79.0185,30.8121],[78.9853,30.8678],[78.8645,30.8828],[78.8407,30.7608],[78.5882,30.6965],[78.5361,30.5781],[78.4703,30.6322],[78.3993,30.4879],[78.2685,30.6152],[78.1416,30.6398],[78.0018,30.6177],[78.0751,30.7236],[77.9743,30.8538],[77.9565,30.9799],[77.791,30.9261],[77.805,31.0541],[77.9022,31.1588],[78.2326,31.235],[78.2984,31.2882]]]},"properties":{"ID_0":105,"ISO":"IND","NAME_0":"India","ID_1":34,"NAME_1":"Uttaranchal","ID_2":575,"NAME_2":"Uttarkashi","NL_NAME_2":null,"VARNAME_2":null,"TYPE_2":"District","ENGTYPE_2":"District"}},{"type":"Feature","geometry":{"type":"Polygon","coordinates":[[[87.7097,23.0076],[87.6413,22.9845],[87.6136,22.8883],[87.5203,22.9271],[87.3552,22.9494],[87.0491,22.8206],[87.0827,22.7348],[86.9222,22.6231],[86.6547,22.7844],[86.6069,22.7958],[86.6993,22.8691],[86.6871,22.9267],[86.8177,23.3587],[86.8885,23.6273],[86.8941,23.638],[87.0123,23.6322],[87.4423,23.4029],[87.5562,23.3069],[87.6844,23.1283],[87.7599,23.0774],[87.7097,23.0076]]]},"properties":{"ID_0":105,"ISO":"IND","NAME_0":"India","ID_1":35,"NAME_1":"West Bengal","ID_2":576,"NAME_2":"Bankura","NL_NAME_2":null,"VARNAME_2":null,"TYPE_2":"District","ENGTYPE_2":"District"}},{"type":"Feature","geometry":{"type":"Polygon","coordinates":[[[86.7957,23.6935],[86.7928,23.8314],[86.7974,23.8319],[86.9069,23.8795],[87.0845,23.8053],[87.1587,23.7445],[87.2607,23.7476],[87.4122,23.6822],[87.4409,23.6128],[87.5883,23.5932],[87.7144,23.6154],[87.904,23.5378],[87.9114,23.6576],[87.9617,23.8013],[88.0328,23.7609],[88.1935,23.7627],[88.1527,23.6252],[88.2615,23.6136],[88.3876,23.4944],[88.3397,23.4213],[88.3269,23.3098],[88.4161,23.2095],[88.3445,23.1293],[88.1668,23.1476],[88.1465,23.0744],[88.0477,23.036],[88.0089,22.9597],[87.7898,22.9381],[87.7097,23.0076],[87.7599,23.0774],[87.6844,23.1283],[87.5562,23.3069],[87.4423,23.4029],[87.0123,23.6322],[86.8941,23.638],[86.8932,23.6409],[86.7957,23.6935]]]},"properties":{"ID_0":105,"ISO":"IND","NAME_0":"India","ID_1":35,"NAME_1":"West Bengal","ID_2":577,"NAME_2":"Barddhaman","NL_NAME_2":null,"VARNAME_2":null,"TYPE_2":"District","ENGTYPE_2":"District"}},{"type":"Feature","geometry":{"type":"Polygon","coordinates":[[[87.2327,24.0246],[87.3263,24.0301],[87.4391,23.9781],[87.5106,24.0398],[87.6432,24.2246],[87.6493,24.2466],[87.7364,24.2889],[87.8075,24.4044],[87.7971,24.53],[87.8873,24.5627],[87.9459,24.515],[87.9577,24.3381],[88.0191,24.2416],[87.896,24.1441],[87.8505,23.8845],[87.9617,23.8013],[87.9114,23.6576],[87.904,23.5378],[87.7144,23.6154],[87.5883,23.5932],[87.4409,23.6128],[87.4122,23.6822],[87.2607,23.7476],[87.1587,23.7445],[87.0845,23.8053],[87.1766,23.8525],[87.2552,23.8393],[87.2905,23.9475],[87.2327,24.0246]]]},"properties":{"ID_0":105,"ISO":"IND","NAME_0":"India","ID_1":35,"NAME_1":"West Bengal","ID_2":578,"NAME_2":"Birbhum","NL_NAME_2":null,"VARNAME_2":null,"TYPE_2":"District","ENGTYPE_2":"District"}},{"type":"Feature","geometry":{"type":"Polygon","coordinates":[[[88.4455,25.1961],[88.4255,25.3027],[88.1776,25.2891],[88.2461,25.3558],[88.2946,25.4783],[88.4441,25.5965],[88.5514,25.5161],[88.665,25.4707],[88.767,25.4913],[88.8421,25.4534],[88.8437,25.3624],[88.9581,25.2609],[88.923,25.1671],[88.7092,25.2096],[88.4455,25.1961]]]},"properties":{"ID_0":105,"ISO":"IND","NAME_0":"India","ID_1":35,"NAME_1":"West Bengal","ID_2":579,"NAME_2":"Dakshin Dinajpur","NL_NAME_2":null,"VARNAME_2":"Dinajpur(South)","TYPE_2":"District","ENGTYPE_2":"District"}},{"type":"Feature","geometry":{"type":"Polygon","coordinates":[[[88.2366,26.4493],[88.1061,26.5356],[88.1656,26.6457],[88.1905,26.7714],[88.1208,26.9871],[88.0403,27.0363],[88.017,27.2189],[88.0927,27.1363],[88.2781,27.1308],[88.4463,27.0854],[88.5208,27.1782],[88.594,27.1912],[88.7517,27.1482],[88.8699,27.1087],[88.8722,26.9646],[88.6623,26.9263],[88.4353,26.8261],[88.4096,26.6326],[88.3372,26.4971],[88.2366,26.4493]]]},"properties":{"ID_0":105,"ISO":"IND","NAME_0":"India","ID_1":35,"NAME_1":"West Bengal","ID_2":580,"NAME_2":"Darjiling","NL_NAME_2":null,"VARNAME_2":null,"TYPE_2":"District","ENGTYPE_2":"District"}},{"type":"Feature","geometry":{"type":"Polygon","coordinates":[[[87.482,21.6087],[87.4393,21.7644],[87.4838,21.9522],[87.4928,22.0861],[87.6996,22.1244],[87.7149,22.3213],[87.644,22.3373],[87.6541,22.4575],[87.8822,22.5056],[87.9159,22.4174],[87.9369,22.2669],[87.9904,22.2095],[88.1356,22.1847],[88.1936,22.1108],[88.0528,22.0133],[87.9803,21.8578],[87.7897,21.695],[87.482,21.6087]]]},"properties":{"ID_0":105,"ISO":"IND","NAME_0":"India","ID_1":35,"NAME_1":"West Bengal","ID_2":581,"NAME_2":"East Midnapore","NL_NAME_2":null,"VARNAME_2":"Purba Medinipur","TYPE_2":"District","ENGTYPE_2":"District"}},{"type":"Feature","geometry":{"type":"Polygon","coordinates":[[[87.9159,22.4174],[87.8822,22.5056],[87.8512,22.594],[87.9933,22.6997],[88.3521,22.6469],[88.3597,22.6297],[88.3641,22.6207],[88.2836,22.5481],[88.2572,22.5554],[88.1628,22.4761],[88.0952,22.3717],[88.0952,22.3023],[88.0492,22.22],[87.96,22.2802],[87.9159,22.4174]]]},"properties":{"ID_0":105,"ISO":"IND","NAME_0":"India","ID_1":35,"NAME_1":"West Bengal","ID_2":582,"NAME_2":"Haora","NL_NAME_2":null,"VARNAME_2":null,"TYPE_2":"District","ENGTYPE_2":"District"}},{"type":"Feature","geometry":{"type":"Polygon","coordinates":[[[87.5203,22.9271],[87.6136,22.8883],[87.6413,22.9845],[87.7097,23.0076],[87.7898,22.9381],[88.0089,22.9597],[88.0477,23.036],[88.1465,23.0744],[88.1668,23.1476],[88.3445,23.1293],[88.4161,23.2095],[88.4904,23.076],[88.4154,23.0128],[88.4081,22.9423],[88.3527,22.7914],[88.3521,22.6469],[87.9933,22.6997],[87.8512,22.594],[87.8124,22.6134],[87.7415,22.7698],[87.6319,22.8092],[87.5203,22.9271]]]},"properties":{"ID_0":105,"ISO":"IND","NAME_0":"India","ID_1":35,"NAME_1":"West Bengal","ID_2":583,"NAME_2":"Hugli","NL_NAME_2":null,"VARNAME_2":null,"TYPE_2":"District","ENGTYPE_2":"District"}},{"type":"Feature","geometry":{"type":"Polygon","coordinates":[[[89.8695,26.6738],[89.8448,26.4102],[89.8333,26.4123],[89.762,26.4641],[89.6951,26.4209],[89.5499,26.4256],[89.5277,26.4769],[89.2401,26.4916],[89.0721,26.5375],[88.9822,26.5341],[88.8479,26.3824],[88.7443,26.3539],[88.5571,26.4569],[88.4096,26.6326],[88.4353,26.8261],[88.6623,26.9263],[88.8722,26.9646],[89.0274,26.938],[89.129,26.8092],[89.3199,26.8532],[89.5284,26.819],[89.6419,26.747],[89.8614,26.7003],[89.8695,26.6738]]]},"properties":{"ID_0":105,"ISO":"IND","NAME_0":"India","ID_1":35,"NAME_1":"West Bengal","ID_2":584,"NAME_2":"Jalpaiguri","NL_NAME_2":null,"VARNAME_2":null,"TYPE_2":"District","ENGTYPE_2":"District"}},{"type":"Feature","geometry":{"type":"Polygon","coordinates":[[[89.762,26.3171],[89.7188,26.166],[89.5987,26.1391],[89.6502,26.0687],[89.5447,25.994],[89.3631,26.0076],[89.16,26.1423],[89.0997,26.3848],[89.0005,26.42],[88.9177,26.3747],[89.0666,26.2929],[88.7616,26.3006],[88.7443,26.3539],[88.8479,26.3824],[88.9822,26.5341],[89.0721,26.5375],[89.2401,26.4916],[89.5277,26.4769],[89.5499,26.4256],[89.6951,26.4209],[89.762,26.4641],[89.8333,26.4123],[89.8273,26.3965],[89.762,26.3171]]]},"properties":{"ID_0":105,"ISO":"IND","NAME_0":"India","ID_1":35,"NAME_1":"West Bengal","ID_2":585,"NAME_2":"Kochbihar","NL_NAME_2":null,"VARNAME_2":null,"TYPE_2":"District","ENGTYPE_2":"District"}},{"type":"Feature","geometry":{"type":"Polygon","coordinates":[[[88.2836,22.5481],[88.3641,22.6207],[88.3806,22.6278],[88.4073,22.5565],[88.2816,22.5431],[88.2836,22.5481]]]},"properties":{"ID_0":105,"ISO":"IND","NAME_0":"India","ID_1":35,"NAME_1":"West Bengal","ID_2":586,"NAME_2":"Kolkata","NL_NAME_2":null,"VARNAME_2":"Calcutta","TYPE_2":"District","ENGTYPE_2":"District"}},{"type":"Feature","geometry":{"type":"Polygon","coordinates":[[[87.7876,25.2205],[87.8504,25.2974],[87.7816,25.3384],[87.7865,25.4487],[87.9556,25.538],[88.0704,25.4805],[88.0743,25.4629],[88.1257,25.2628],[88.1776,25.2891],[88.4255,25.3027],[88.4455,25.1961],[88.4529,25.0409],[88.3975,24.9691],[88.2669,24.8934],[88.2305,24.958],[88.0084,24.6678],[87.9185,24.8193],[87.897,24.8544],[87.9617,24.9359],[87.7727,25.0991],[87.7876,25.2205]]]},"properties":{"ID_0":105,"ISO":"IND","NAME_0":"India","ID_1":35,"NAME_1":"West Bengal","ID_2":587,"NAME_2":"Maldah","NL_NAME_2":null,"VARNAME_2":null,"TYPE_2":"District","ENGTYPE_2":"District"}},{"type":"Feature","geometry":{"type":"Polygon","coordinates":[[[87.8873,24.5627],[87.9009,24.7105],[87.8523,24.7349],[87.8397,24.7382],[87.8253,24.7522],[87.8914,24.8482],[87.897,24.8544],[87.9185,24.8193],[88.0084,24.6678],[88.2055,24.4579],[88.3277,24.3868],[88.4378,24.3808],[88.7371,24.2678],[88.7039,24.0938],[88.5095,23.9815],[88.4067,23.8159],[88.2677,23.8078],[88.1935,23.7627],[88.0328,23.7609],[87.9617,23.8013],[87.8505,23.8845],[87.896,24.1441],[88.0191,24.2416],[87.9577,24.3381],[87.9459,24.515],[87.8873,24.5627]]]},"properties":{"ID_0":105,"ISO":"IND","NAME_0":"India","ID_1":35,"NAME_1":"West Bengal","ID_2":588,"NAME_2":"Murshidabad","NL_NAME_2":null,"VARNAME_2":null,"TYPE_2":"District","ENGTYPE_2":"District"}},{"type":"Feature","geometry":{"type":"Polygon","coordinates":[[[88.4161,23.2095],[88.3269,23.3098],[88.3397,23.4213],[88.3876,23.4944],[88.2615,23.6136],[88.1527,23.6252],[88.1935,23.7627],[88.2677,23.8078],[88.4067,23.8159],[88.5095,23.9815],[88.7039,24.0938],[88.7366,24.0556],[88.7333,23.9143],[88.576,23.8598],[88.5617,23.6457],[88.7644,23.4421],[88.6968,23.2929],[88.7496,23.2368],[88.6749,23.0914],[88.6561,22.871],[88.507,22.94],[88.4081,22.9423],[88.4154,23.0128],[88.4904,23.076],[88.4161,23.2095]]]},"properties":{"ID_0":105,"ISO":"IND","NAME_0":"India","ID_1":35,"NAME_1":"West Bengal","ID_2":589,"NAME_2":"Nadia","NL_NAME_2":null,"VARNAME_2":null,"TYPE_2":"District","ENGTYPE_2":"District"}},{"type":"Feature","geometry":{"type":"MultiPolygon","coordinates":[[[[88.3641,22.6207],[88.3597,22.6297],[88.3521,22.6469],[88.3527,22.7914],[88.4081,22.9423],[88.507,22.94],[88.6561,22.871],[88.6749,23.0914],[88.7496,23.2368],[88.9135,23.23],[88.9616,23.1899],[88.8701,23.0961],[88.8687,22.9688],[88.9676,22.8425],[88.9208,22.7339],[88.9592,22.6912],[88.9378,22.5708],[88.8689,22.5458],[88.8205,22.3631],[88.6649,22.4873],[88.5905,22.6118],[88.5245,22.5478],[88.4073,22.5565],[88.3806,22.6278],[88.3641,22.6207]]],[[[88.8366,21.9179],[88.9146,21.9281],[88.9644,21.8631],[88.89,21.8122],[88.8366,21.9179]]],[[[88.8499,22.3629],[88.9375,22.2974],[88.9025,22.1766],[88.8067,22.209],[88.8499,22.3629]]]]},"properties":{"ID_0":105,"ISO":"IND","NAME_0":"India","ID_1":35,"NAME_1":"West Bengal","ID_2":590,"NAME_2":"North 24 Parganas","NL_NAME_2":null,"VARNAME_2":null,"TYPE_2":"District","ENGTYPE_2":"District"}},{"type":"Feature","geometry":{"type":"Polygon","coordinates":[[[85.8776,23.4759],[86.0414,23.4902],[86.0353,23.5751],[86.1448,23.5678],[86.1723,23.4785],[86.2395,23.4317],[86.3518,23.4636],[86.3648,23.5571],[86.4664,23.6296],[86.5287,23.629],[86.711,23.6972],[86.7957,23.6935],[86.8932,23.6409],[86.8941,23.638],[86.8885,23.6273],[86.8177,23.3587],[86.6871,22.9267],[86.6993,22.8691],[86.6069,22.7958],[86.5551,22.7079],[86.4162,22.7765],[86.4324,22.9158],[86.393,22.9742],[86.2345,22.9934],[86.1756,23.013],[86.0369,23.1436],[85.8892,23.1518],[85.8264,23.2631],[85.878,23.3237],[85.8629,23.41],[85.8536,23.4218],[85.8609,23.4282],[85.8776,23.4759]]]},"properties":{"ID_0":105,"ISO":"IND","NAME_0":"India","ID_1":35,"NAME_1":"West Bengal","ID_2":591,"NAME_2":"Puruliya","NL_NAME_2":null,"VARNAME_2":null,"TYPE_2":"District","ENGTYPE_2":"District"}},{"type":"Feature","geometry":{"type":"MultiPolygon","coordinates":[[[[88.0952,22.3023],[88.0952,22.3717],[88.1628,22.4761],[88.2572,22.5554],[88.2836,22.5481],[88.2816,22.5431],[88.4073,22.5565],[88.5245,22.5478],[88.5905,22.6118],[88.6649,22.4873],[88.8205,22.3631],[88.7336,22.1956],[88.6726,22.2051],[88.6194,22.1053],[88.6355,22.0426],[88.6022,21.9067],[88.4619,21.918],[88.3112,21.8554],[88.2172,21.7644],[88.1538,21.9596],[88.2242,22.0897],[88.1881,22.1867],[88.0728,22.21],[88.0952,22.3023]]],[[[88.2209,21.7621],[88.3117,21.6719],[88.2172,21.6197],[88.2209,21.7621]]],[[[88.1369,21.875],[88.1709,21.7451],[88.1347,21.6294],[88.0417,21.6492],[88.0442,21.7177],[88.1369,21.875]]]]},"properties":{"ID_0":105,"ISO":"IND","NAME_0":"India","ID_1":35,"NAME_1":"West Bengal","ID_2":592,"NAME_2":"South 24 Parganas","NL_NAME_2":null,"VARNAME_2":null,"TYPE_2":"District","ENGTYPE_2":"District"}},{"type":"Feature","geometry":{"type":"Polygon","coordinates":[[[88.0704,25.4805],[88.0681,25.4968],[88.021,25.5869],[88.0433,25.6947],[87.905,25.772],[87.8995,25.8598],[87.8183,25.8815],[87.8179,25.933],[87.8268,25.9319],[87.8492,26.045],[87.9688,26.1394],[88.0586,26.1738],[88.2891,26.3511],[88.2366,26.4493],[88.3372,26.4971],[88.4842,26.4605],[88.444,26.3564],[88.3518,26.2816],[88.3525,26.22],[88.1804,26.1457],[88.188,26.0629],[88.1119,25.9331],[88.1057,25.824],[88.1579,25.7759],[88.2718,25.7799],[88.4567,25.6605],[88.4441,25.5965],[88.2946,25.4783],[88.2461,25.3558],[88.1776,25.2891],[88.1257,25.2628],[88.0743,25.4629],[88.0704,25.4805]]]},"properties":{"ID_0":105,"ISO":"IND","NAME_0":"India","ID_1":35,"NAME_1":"West Bengal","ID_2":593,"NAME_2":"Uttar Dinajpur","NL_NAME_2":null,"VARNAME_2":null,"TYPE_2":"District","ENGTYPE_2":"District"}},{"type":"Feature","geometry":{"type":"Polygon","coordinates":[[[86.7228,22.2152],[86.7478,22.208],[86.8228,22.2613],[86.8439,22.3961],[86.7639,22.4229],[86.7914,22.5167],[86.756,22.5743],[86.6573,22.5727],[86.6367,22.6551],[86.5551,22.7079],[86.6069,22.7958],[86.6547,22.7844],[86.9222,22.6231],[87.0827,22.7348],[87.0491,22.8206],[87.3552,22.9494],[87.5203,22.9271],[87.6319,22.8092],[87.7415,22.7698],[87.8124,22.6134],[87.8512,22.594],[87.8822,22.5056],[87.6541,22.4575],[87.644,22.3373],[87.7149,22.3213],[87.6996,22.1244],[87.4928,22.0861],[87.4838,21.9522],[87.4393,21.7644],[87.2806,21.7992],[87.2348,21.9544],[87.175,21.9662],[87.0963,21.8821],[87.0946,21.8603],[86.9979,21.9075],[87.0343,21.9892],[86.9572,22.0834],[86.7154,22.1435],[86.7228,22.2152]]]},"properties":{"ID_0":105,"ISO":"IND","NAME_0":"India","ID_1":35,"NAME_1":"West Bengal","ID_2":594,"NAME_2":"West Midnapore","NL_NAME_2":null,"VARNAME_2":"Paschim Medinipur","TYPE_2":"District","ENGTYPE_2":"District"}}]}