{"type":"FeatureCollection","features":[{"type":"Feature","geometry":{"type":"MultiPolygon","coordinates":[[[[93.8481,7.2403],[93.8703,7.2158],[93.9366,6.9624],[93.8972,6.9022],[93.8962,6.8049],[93.8473,6.7798],[93.7857,6.8358],[93.7797,6.8815],[93.7419,6.925],[93.7453,6.9619],[93.6993,7.0115],[93.6703,7.0131],[93.6558,7.1264],[93.6861,7.19],[93.8077,7.2149],[93.8481,7.2403]]],[[[93.7131,7.4436],[93.7247,7.3972],[93.7565,7.3744],[93.725,7.31],[93.6288,7.2686],[93.6311,7.3617],[93.7075,7.3939],[93.7131,7.4436]]],[[[93.38,8.0247],[93.4097,8.0071],[93.4614,7.9358],[93.4742,7.8958],[93.3975,7.9019],[93.3772,7.8817],[93.3106,7.9619],[93.3364,8.0122],[93.38,8.0247]]],[[[93.5473,8.0281],[93.5828,7.9917],[93.5739,7.9289],[93.5072,7.9853],[93.5473,8.0281]]],[[[93.5265,8.2313],[93.5447,8.1961],[93.5044,8.1443],[93.5483,8.0883],[93.4833,8.0775],[93.455,8.1756],[93.5265,8.2313]]],[[[93.1263,8.3559],[93.1261,8.2772],[93.1943,8.225],[93.1233,8.2208],[93.0853,8.2739],[93.0953,8.3403],[93.1263,8.3559]]],[[[92.7878,9.2442],[92.8319,9.1634],[92.8111,9.1239],[92.7317,9.1244],[92.7208,9.2136],[92.7653,9.2147],[92.7878,9.2442]]],[[[92.5158,10.8976],[92.5583,10.8633],[92.5614,10.8119],[92.5877,10.7869],[92.5976,10.6831],[92.5527,10.6378],[92.5683,10.5761],[92.5314,10.5184],[92.499,10.5112],[92.4347,10.5483],[92.3842,10.5439],[92.4206,10.6147],[92.381,10.6665],[92.3761,10.7817],[92.4131,10.7889],[92.4586,10.8631],[92.5158,10.8976]]],[[[92.6415,11.5101],[92.6682,11.4904],[92.6851,11.4333],[92.6384,11.3465],[92.5994,11.3468],[92.5879,11.4013],[92.6225,11.4045],[92.6163,11.4851],[92.6415,11.5101]]],[[[92.2189,11.5923],[92.2699,11.5849],[92.2746,11.5349],[92.2169,11.5288],[92.2189,11.5923]]],[[[92.9695,12.0337],[93.0033,12.0292],[93.0374,11.9475],[93.0225,11.9009],[92.9308,12.0056],[92.9695,12.0337]]],[[[93.0278,12.1569],[93.0356,12.0978],[92.9623,12.1228],[93.0278,12.1569]]],[[[93.0686,12.2113],[93.0855,12.1952],[93.0922,12.1069],[93.0374,12.1345],[93.0686,12.2113]]],[[[92.7009,12.2356],[92.7155,12.1683],[92.7572,12.1756],[92.7353,12.0888],[92.7757,12.0309],[92.716,11.9508],[92.7877,11.9256],[92.7869,11.8717],[92.7549,11.7174],[92.7529,11.6096],[92.7279,11.5176],[92.6639,11.5066],[92.6506,11.5518],[92.6074,11.5948],[92.5874,11.7173],[92.5523,11.7213],[92.5456,11.828],[92.5135,11.848],[92.5264,11.895],[92.5654,11.9432],[92.606,11.9234],[92.6236,12.1028],[92.6457,12.1792],[92.7009,12.2356]]],[[[92.7766,12.3103],[92.8095,12.3128],[92.83,12.3004],[92.8697,12.3008],[92.8876,12.2588],[92.765,12.0633],[92.7395,12.099],[92.7654,12.1765],[92.7766,12.3103]]],[[[93.8397,12.3208],[93.8807,12.2366],[93.8267,12.2449],[93.8148,12.2853],[93.8397,12.3208]]],[[[92.8989,12.9158],[92.9283,12.8833],[92.9541,12.8075],[92.9345,12.7816],[92.9769,12.7182],[92.9561,12.6081],[92.9755,12.5419],[92.9497,12.4644],[92.9236,12.436],[92.8381,12.3981],[92.8865,12.3233],[92.8324,12.3026],[92.8091,12.3149],[92.7719,12.3181],[92.7191,12.3009],[92.7008,12.3368],[92.6981,12.421],[92.7152,12.6364],[92.7445,12.6712],[92.7211,12.7881],[92.7381,12.8295],[92.7922,12.8901],[92.8747,12.8819],[92.8989,12.9158]]],[[[92.6957,12.992],[92.7193,12.9794],[92.7215,12.8883],[92.6718,12.7942],[92.6493,12.8606],[92.6701,12.9517],[92.6957,12.992]]],[[[93.0294,13.5733],[93.0436,13.5053],[93.0332,13.4576],[93.072,13.3228],[93.0133,13.3069],[93.0561,13.2328],[93.0322,13.1781],[93.0306,13.0689],[93.0063,13.0308],[92.9606,13.0148],[92.9163,13.0541],[92.8572,12.9343],[92.8721,12.8825],[92.8015,12.9008],[92.7908,13.0122],[92.8097,13.1531],[92.8497,13.2392],[92.8225,13.2772],[92.8364,13.3669],[92.8722,13.4156],[92.8767,13.475],[92.9294,13.5017],[92.9186,13.5369],[93.0294,13.5733]]]]},"properties":{"ID_0":105,"ISO":"IND","NAME_0":"India","ID_1":1,"NAME_1":"Andaman and Nicobar","NL_NAME_1":null,"VARNAME_1":"Andaman & Nicobar Islands|Andaman et Nicobar|Iihas de Andama e Nicobar|Inseln Andamanen und Nikobare","TYPE_1":"Union Territor","ENGTYPE_1":"Union Territory"}},{"type":"Feature","geometry":{"type":"Polygon","coordinates":[[[95.2376,26.6863],[95.2161,26.7353],[95.2151,26.7984],[95.1845,26.8648],[95.2299,26.8857],[95.1952,26.99],[95.1955,27.0429],[95.2482,27.0303],[95.3665,27.1129],[95.4578,27.1356],[95.4589,27.2096],[95.5348,27.2706],[95.5901,27.2295],[95.6844,27.2574],[95.8605,27.2942],[95.8724,27.2669],[95.9632,27.3171],[96.0149,27.3755],[95.9733,27.4368],[95.8826,27.4441],[95.8813,27.5532],[95.798,27.6078],[95.7704,27.72],[95.8231,27.8092],[95.8766,27.8418],[95.9553,27.9268],[95.9775,27.9685],[95.8259,27.9774],[95.6067,27.9578],[95.516,27.8818],[95.3843,27.842],[95.3166,27.8711],[94.987,27.7709],[94.8609,27.7395],[94.7427,27.6634],[94.6981,27.6671],[94.6398,27.631],[94.5915,27.6228],[94.5002,27.5773],[94.4535,27.5709],[94.4209,27.6013],[94.3675,27.5767],[94.2877,27.5918],[94.2351,27.6325],[94.2265,27.5756],[94.2591,27.5226],[94.1572,27.478],[94.0609,27.3636],[94,27.3347],[93.8073,27.1501],[93.8367,27.0782],[93.7189,27.0192],[93.6758,26.9711],[93.4681,26.9389],[93.4479,26.9542],[93.3479,26.9632],[93.0194,26.9168],[92.9178,26.9642],[92.8724,27.0077],[92.7691,27.033],[92.6589,27.0385],[92.6455,26.9874],[92.5852,26.9619],[92.4462,26.9606],[92.3998,26.9263],[92.3531,26.9356],[92.1948,26.891],[92.1079,26.8938],[92.1171,26.9324],[92.1033,27.0077],[92.0278,27.0786],[92.07,27.2774],[92.0545,27.4001],[92.0167,27.458],[91.9394,27.4606],[91.8491,27.4826],[91.7738,27.4645],[91.6532,27.483],[91.562,27.5842],[91.5577,27.6335],[91.6237,27.706],[91.6282,27.8008],[91.5697,27.8607],[91.6693,27.8567],[91.7096,27.8133],[91.8279,27.8076],[91.8786,27.7218],[91.9451,27.7287],[91.9839,27.77],[92.0554,27.7591],[92.1561,27.837],[92.2552,27.8622],[92.3074,27.7792],[92.4438,27.8008],[92.4925,27.8368],[92.5607,27.821],[92.6051,27.8775],[92.6692,27.9001],[92.7395,27.9894],[92.6954,28.0484],[92.6629,28.0628],[92.6802,28.118],[92.783,28.1837],[92.8213,28.1739],[92.8953,28.2046],[92.9645,28.2618],[93.0004,28.2308],[93.0338,28.2631],[93.0219,28.2999],[93.0954,28.3071],[93.1248,28.3268],[93.1938,28.318],[93.2227,28.3411],[93.2315,28.4007],[93.1904,28.426],[93.2291,28.478],[93.2759,28.5048],[93.3323,28.6337],[93.4955,28.684],[93.5245,28.6613],[93.607,28.6559],[93.7316,28.6893],[93.7752,28.6685],[93.844,28.7074],[93.9346,28.6771],[93.9949,28.8414],[94.0301,28.8535],[94.0788,28.9058],[94.1551,28.9548],[94.1752,29.0205],[94.2147,29.0841],[94.2877,29.1481],[94.3502,29.1502],[94.3723,29.1902],[94.4312,29.2268],[94.4945,29.2167],[94.5579,29.2289],[94.5739,29.2752],[94.6107,29.3012],[94.6282,29.3486],[94.6772,29.3278],[94.7665,29.2528],[94.7979,29.21],[94.798,29.1646],[94.8718,29.1843],[95.0397,29.1524],[95.1135,29.1212],[95.2508,29.1099],[95.2501,29.0686],[95.4101,29.0341],[95.4543,29.037],[95.5035,29.143],[95.5468,29.1287],[95.545,29.2156],[95.5858,29.218],[95.7776,29.3564],[95.8403,29.3537],[95.8809,29.3915],[95.9571,29.3827],[96.0556,29.4584],[96.0928,29.4564],[96.1858,29.3445],[96.1831,29.3093],[96.2342,29.2435],[96.293,29.2358],[96.375,29.2837],[96.3928,29.2565],[96.3464,29.171],[96.2602,29.1602],[96.2175,29.1381],[96.1504,29.0531],[96.1849,28.9881],[96.1452,28.9375],[96.1665,28.9059],[96.2281,28.9293],[96.2937,28.9987],[96.3467,29.0323],[96.4358,29.0376],[96.5252,29.0793],[96.4774,28.994],[96.5212,28.9652],[96.5375,28.8841],[96.6084,28.7981],[96.5859,28.7216],[96.4705,28.6846],[96.4952,28.6438],[96.4066,28.564],[96.3546,28.5606],[96.3243,28.5303],[96.367,28.4795],[96.266,28.417],[96.3199,28.3862],[96.3709,28.3943],[96.3994,28.3445],[96.4583,28.4192],[96.5103,28.4183],[96.5796,28.4631],[96.6646,28.4658],[96.7575,28.4154],[96.7744,28.3741],[96.8265,28.3672],[96.8987,28.3859],[96.9259,28.345],[96.9965,28.3162],[97.0518,28.3581],[97.1259,28.3562],[97.1694,28.3023],[97.2242,28.2999],[97.3747,28.2256],[97.3308,28.163],[97.366,28.0681],[97.3986,28.0341],[97.3781,27.9862],[97.3786,27.918],[97.3435,27.8941],[97.3087,27.93],[97.2565,27.9095],[97.1603,27.8226],[97.0675,27.7597],[97.0157,27.7406],[96.9783,27.6719],[96.929,27.656],[96.8976,27.6208],[96.9377,27.5301],[96.9118,27.4627],[96.9655,27.4154],[97.0033,27.3299],[97.0941,27.2479],[97.0951,27.2214],[97.1499,27.1783],[97.1717,27.1368],[97.0627,27.1112],[96.9847,27.1667],[96.8662,27.1997],[96.8851,27.268],[96.8024,27.3544],[96.6205,27.3728],[96.5307,27.298],[96.4335,27.3099],[96.2787,27.2794],[96.2343,27.2849],[96.0364,27.1961],[95.9571,27.0682],[95.8771,27.0205],[95.8153,27.0222],[95.7609,26.964],[95.755,26.9079],[95.6368,26.8793],[95.6115,26.8212],[95.5457,26.8379],[95.4835,26.755],[95.4233,26.6967],[95.3026,26.656],[95.2376,26.6863]]]},"properties":{"ID_0":105,"ISO":"IND","NAME_0":"India","ID_1":3,"NAME_1":"Arunachal Pradesh","NL_NAME_1":null,"VARNAME_1":"Agence de la Frontire du Nord-Est(French-obsolete)|North East Frontier Agency","TYPE_1":"State","ENGTYPE_1":"State"}},{"type":"Feature","geometry":{"type":"Polygon","coordinates":[[[92.1079,26.8938],[92.1948,26.891],[92.3531,26.9356],[92.3998,26.9263],[92.4462,26.9606],[92.5852,26.9619],[92.6455,26.9874],[92.6589,27.0385],[92.7691,27.033],[92.8724,27.0077],[92.9178,26.9642],[93.0194,26.9168],[93.3479,26.9632],[93.4479,26.9542],[93.4681,26.9389],[93.6758,26.9711],[93.7189,27.0192],[93.8367,27.0782],[93.8073,27.1501],[94,27.3347],[94.0609,27.3636],[94.1572,27.478],[94.2591,27.5226],[94.2265,27.5756],[94.2351,27.6325],[94.2877,27.5918],[94.3675,27.5767],[94.4209,27.6013],[94.4535,27.5709],[94.5002,27.5773],[94.5915,27.6228],[94.6398,27.631],[94.6981,27.6671],[94.7427,27.6634],[94.8609,27.7395],[94.987,27.7709],[95.3166,27.8711],[95.3843,27.842],[95.516,27.8818],[95.6067,27.9578],[95.8259,27.9774],[95.9775,27.9685],[95.9553,27.9268],[95.8766,27.8418],[95.8231,27.8092],[95.7704,27.72],[95.798,27.6078],[95.8813,27.5532],[95.8826,27.4441],[95.9733,27.4368],[96.0149,27.3755],[95.9632,27.3171],[95.8724,27.2669],[95.8605,27.2942],[95.6844,27.2574],[95.5901,27.2295],[95.5348,27.2706],[95.4589,27.2096],[95.4578,27.1356],[95.3665,27.1129],[95.2482,27.0303],[95.1955,27.0429],[95.0869,26.9527],[94.9857,26.9182],[94.9573,26.9436],[94.8862,26.9325],[94.8211,26.8545],[94.8022,26.8061],[94.6866,26.7326],[94.5924,26.7027],[94.5451,26.7109],[94.4545,26.639],[94.4099,26.6164],[94.3966,26.5297],[94.3239,26.4794],[94.2939,26.4807],[94.2823,26.5635],[94.1865,26.4605],[94.1645,26.3393],[94.108,26.3264],[94.0357,26.2032],[94.013,26.1863],[93.9549,26.0073],[93.9827,25.9263],[93.9159,25.8877],[93.8827,25.8459],[93.8517,25.863],[93.7958,25.8144],[93.7798,25.8463],[93.7983,25.9097],[93.7852,25.9583],[93.6877,25.9094],[93.7064,25.8533],[93.6485,25.824],[93.6223,25.7798],[93.5448,25.727],[93.5436,25.7017],[93.4834,25.6458],[93.4183,25.6211],[93.3576,25.5277],[93.3904,25.4692],[93.4569,25.4419],[93.4782,25.3799],[93.4519,25.3442],[93.474,25.3093],[93.4036,25.2631],[93.3531,25.1818],[93.3358,25.0958],[93.2467,25.0042],[93.2533,24.9188],[93.1958,24.8464],[93.1931,24.8062],[93.1127,24.8022],[93.0888,24.7092],[93.0973,24.5825],[93.0527,24.5447],[93.0322,24.4289],[93.0005,24.4033],[92.8629,24.3995],[92.8038,24.4217],[92.7652,24.5208],[92.6917,24.3564],[92.6262,24.3345],[92.6116,24.2533],[92.5506,24.2459],[92.5297,24.1748],[92.4374,24.1514],[92.419,24.1944],[92.4224,24.2531],[92.2966,24.2517],[92.2129,24.2493],[92.2731,24.3885],[92.2311,24.4604],[92.231,24.5041],[92.2393,24.6],[92.2627,24.6886],[92.2983,24.7366],[92.2778,24.8304],[92.2441,24.8494],[92.2452,24.9102],[92.3145,24.9076],[92.3951,24.8554],[92.4918,24.874],[92.4935,24.9359],[92.4588,24.9457],[92.4236,24.9961],[92.4259,25.0318],[92.451,25.041],[92.4843,25.1081],[92.5817,25.1319],[92.6216,25.1177],[92.677,25.1822],[92.7471,25.2078],[92.7922,25.2868],[92.7606,25.3353],[92.6505,25.4317],[92.607,25.4185],[92.581,25.4952],[92.6447,25.5374],[92.5875,25.553],[92.5576,25.612],[92.4979,25.627],[92.4654,25.6825],[92.4343,25.6875],[92.4164,25.7405],[92.2368,25.7084],[92.1698,25.6664],[92.1531,25.8127],[92.181,25.8716],[92.1599,25.9152],[92.1656,25.9644],[92.2557,26.0289],[92.2412,26.0625],[92.1783,26.0795],[92.1331,26.0459],[92.0529,26.0328],[91.9911,26.041],[91.934,26.0147],[91.8832,26.03],[91.8758,26.0977],[91.8193,26.1187],[91.7313,26.0592],[91.7202,25.9541],[91.6693,25.9054],[91.6328,25.9258],[91.6322,26.0224],[91.57,26.0275],[91.5513,25.9749],[91.5185,25.9582],[91.4687,25.859],[91.3324,25.8321],[91.2756,25.7469],[91.2239,25.7234],[91.1799,25.7763],[91.2026,25.8405],[91.1529,25.8501],[91.0665,25.8258],[91.0137,25.8843],[90.9675,25.8872],[90.9579,25.9339],[90.883,25.9517],[90.7971,25.9415],[90.7405,25.9152],[90.7131,25.9522],[90.629,25.9374],[90.5345,25.958],[90.4773,26.0153],[90.4286,25.989],[90.365,26.0103],[90.3243,25.9744],[90.2128,25.9539],[90.1138,25.9574],[90.0421,25.8908],[90.0047,25.8787],[90.0144,25.8718],[89.9506,25.8249],[89.9552,25.7745],[89.8942,25.7272],[89.947,25.6588],[90.0045,25.6238],[90.0058,25.5884],[89.8701,25.5442],[89.8864,25.6081],[89.8737,25.6576],[89.8304,25.735],[89.8449,25.7572],[89.8145,25.817],[89.8861,25.9436],[89.8261,26.0091],[89.7484,26.1578],[89.7188,26.166],[89.7056,26.2171],[89.782,26.3533],[89.8573,26.3845],[89.8695,26.4484],[89.8527,26.4878],[89.8775,26.5842],[89.8714,26.6835],[89.8569,26.7038],[89.8894,26.7244],[90.0552,26.7293],[90.1887,26.7706],[90.1946,26.833],[90.2262,26.8582],[90.3117,26.8509],[90.3551,26.8961],[90.4097,26.9019],[90.5638,26.7996],[90.6491,26.7743],[90.8969,26.7786],[90.996,26.7883],[91.054,26.7795],[91.0891,26.8184],[91.1297,26.8085],[91.2623,26.805],[91.3363,26.7797],[91.4083,26.8356],[91.4782,26.7918],[91.5908,26.8048],[91.6238,26.8213],[91.6793,26.8047],[91.7269,26.8126],[91.802,26.8521],[91.8535,26.9123],[91.8973,26.9161],[91.9856,26.8583],[92.0552,26.8481],[92.1079,26.8938]]]},"properties":{"ID_0":105,"ISO":"IND","NAME_0":"India","ID_1":4,"NAME_1":"Assam","NL_NAME_1":null,"VARNAME_1":null,"TYPE_1":"State","ENGTYPE_1":"State"}},{"type":"Feature","geometry":{"type":"Polygon","coordinates":[[[88.1061,26.5356],[88.2434,26.4493],[88.2891,26.3511],[88.2143,26.2817],[88.1444,26.2528],[88.0698,26.1757],[88.0374,26.1777],[87.9688,26.1394],[87.9598,26.084],[87.9129,26.091],[87.8421,26.0445],[87.8165,25.9127],[87.8228,25.8715],[87.9109,25.8517],[87.9009,25.7803],[87.9373,25.7679],[87.9797,25.7185],[88.0486,25.6906],[88.0391,25.5332],[88.0689,25.513],[88.0639,25.5062],[88.0042,25.494],[87.9556,25.538],[87.8699,25.503],[87.8635,25.4654],[87.7865,25.4487],[87.7631,25.3956],[87.7816,25.3384],[87.8504,25.2974],[87.8493,25.2534],[87.7876,25.2205],[87.7833,25.2462],[87.7078,25.2564],[87.6842,25.3101],[87.6069,25.3114],[87.5671,25.3339],[87.4726,25.2409],[87.4722,25.1947],[87.3918,25.2275],[87.3235,25.2231],[87.2911,25.0893],[87.2588,25.1046],[87.1766,25.064],[87.1537,24.991],[87.1473,24.8624],[87.0773,24.8083],[87.0819,24.7245],[87.0444,24.624],[87.0102,24.6063],[86.9361,24.6304],[86.8546,24.5505],[86.8087,24.5638],[86.7918,24.6153],[86.6684,24.5606],[86.6,24.5995],[86.5235,24.5357],[86.4903,24.4844],[86.4886,24.425],[86.4618,24.3767],[86.4156,24.3792],[86.3535,24.4421],[86.2939,24.4764],[86.3124,24.5085],[86.2926,24.5861],[86.1657,24.5837],[86.1256,24.6118],[86.1336,24.6755],[86.1055,24.736],[86.0479,24.7783],[85.9503,24.7321],[85.8778,24.8003],[85.7772,24.799],[85.7367,24.8227],[85.7048,24.7287],[85.66,24.6747],[85.6647,24.5819],[85.6085,24.585],[85.5342,24.5322],[85.4945,24.5506],[85.4333,24.5361],[85.2794,24.5191],[85.2239,24.4712],[85.1529,24.4641],[85.1694,24.4295],[85.1151,24.409],[85.0321,24.4254],[84.9686,24.3759],[84.9033,24.3723],[84.8629,24.4576],[84.8272,24.4701],[84.8195,24.5248],[84.742,24.4965],[84.6789,24.4563],[84.6583,24.3937],[84.5725,24.4123],[84.4935,24.287],[84.4545,24.3386],[84.3359,24.3958],[84.2932,24.4508],[84.3217,24.4898],[84.293,24.566],[84.2585,24.5377],[84.1728,24.542],[84.1098,24.4814],[84.0467,24.6123],[83.9922,24.638],[83.9285,24.5479],[83.799,24.5299],[83.7167,24.5049],[83.4982,24.5271],[83.5345,24.6156],[83.4975,24.6517],[83.5132,24.6789],[83.4798,24.7378],[83.4531,24.7333],[83.3868,24.7842],[83.3904,24.8331],[83.3514,24.9031],[83.357,24.9554],[83.3235,25.0481],[83.3534,25.1492],[83.3496,25.1989],[83.3882,25.207],[83.4093,25.2493],[83.4603,25.252],[83.4803,25.2824],[83.6107,25.3326],[83.7095,25.3953],[83.7823,25.3987],[83.8384,25.4369],[83.8511,25.4737],[83.921,25.5617],[84.0142,25.6161],[84.0765,25.6375],[84.0696,25.6956],[84.1079,25.7236],[84.1675,25.7218],[84.2171,25.6641],[84.3186,25.6719],[84.3256,25.7371],[84.4488,25.7145],[84.5164,25.6777],[84.5586,25.701],[84.5556,25.7364],[84.6211,25.7924],[84.5469,25.8413],[84.5286,25.8777],[84.4312,25.8927],[84.4083,25.9314],[84.3514,25.9593],[84.2916,25.9483],[84.1367,26.047],[84.091,26.0965],[84.0491,26.0997],[84.0021,26.1901],[84.0336,26.2321],[84.0736,26.2249],[84.1574,26.2609],[84.1817,26.317],[84.1714,26.374],[84.0615,26.3901],[84.0161,26.442],[83.9023,26.4503],[83.9068,26.5068],[83.9654,26.5117],[84.0478,26.5435],[84.0848,26.6106],[84.152,26.6385],[84.2722,26.5994],[84.297,26.6157],[84.4144,26.6272],[84.4022,26.6712],[84.3371,26.6814],[84.298,26.7533],[84.2423,26.7308],[84.2246,26.7571],[84.2523,26.8087],[84.2456,26.8587],[84.2092,26.871],[84.1505,26.8395],[84.1407,26.8839],[84.052,26.8917],[84.0387,26.9383],[84.0495,26.9908],[84.0243,27.0447],[83.9549,27.0861],[83.9414,27.1198],[83.9851,27.1818],[83.9615,27.228],[83.9019,27.2521],[83.908,27.3304],[83.8585,27.351],[83.8899,27.3582],[83.8702,27.4285],[83.9481,27.441],[84.0542,27.4426],[84.1107,27.5215],[84.151,27.4857],[84.2562,27.4519],[84.2934,27.385],[84.4433,27.37],[84.6245,27.3361],[84.6917,27.2223],[84.6778,27.1029],[84.6449,27.0472],[84.7957,26.9956],[84.9645,26.9603],[84.9729,26.9168],[85.0458,26.8911],[85.0461,26.8507],[85.1134,26.8722],[85.1913,26.8698],[85.1792,26.8149],[85.1997,26.7693],[85.3363,26.7414],[85.4096,26.7911],[85.4548,26.7817],[85.5451,26.8379],[85.6092,26.857],[85.6825,26.843],[85.7367,26.7956],[85.7258,26.6739],[85.7492,26.6396],[85.8533,26.6095],[85.8609,26.5686],[86.0307,26.6664],[86.1574,26.6096],[86.3102,26.6196],[86.5442,26.5381],[86.5669,26.5007],[86.6341,26.4663],[86.7492,26.428],[86.7716,26.4591],[86.8358,26.4387],[86.9322,26.4893],[86.9351,26.5165],[87.0177,26.5318],[87.0743,26.5855],[87.0939,26.45],[87.165,26.4038],[87.2686,26.4053],[87.3159,26.3672],[87.391,26.4187],[87.4691,26.4401],[87.5189,26.4306],[87.5902,26.3922],[87.6544,26.3932],[87.7122,26.4271],[87.7756,26.4192],[87.7949,26.4685],[87.8512,26.4362],[87.9025,26.4771],[87.935,26.4177],[88.0297,26.3815],[88.0974,26.4374],[88.1061,26.5356]]]},"properties":{"ID_0":105,"ISO":"IND","NAME_0":"India","ID_1":5,"NAME_1":"Bihar","NL_NAME_1":null,"VARNAME_1":null,"TYPE_1":"State","ENGTYPE_1":"State"}},{"type":"Feature","geometry":{"type":"Polygon","coordinates":[[[76.8105,30.685],[76.7944,30.6693],[76.7152,30.7133],[76.6906,30.7601],[76.7693,30.777],[76.7809,30.7739],[76.8282,30.7638],[76.8211,30.6968],[76.8198,30.6858],[76.8105,30.685]]]},"properties":{"ID_0":105,"ISO":"IND","NAME_0":"India","ID_1":6,"NAME_1":"Chandigarh","NL_NAME_1":null,"VARNAME_1":null,"TYPE_1":"Union Territor","ENGTYPE_1":"Union Territory"}},{"type":"Feature","geometry":{"type":"Polygon","coordinates":[[[84.0025,22.5209],[84.0416,22.4641],[84.0012,22.3697],[83.861,22.3438],[83.7457,22.2412],[83.693,22.2455],[83.6458,22.2246],[83.5573,22.1],[83.5384,22.0554],[83.5352,21.9635],[83.6005,21.9108],[83.5312,21.8319],[83.4913,21.8087],[83.4841,21.7416],[83.4412,21.6493],[83.3807,21.6128],[83.3421,21.4853],[83.3503,21.444],[83.3938,21.3994],[83.3748,21.34],[83.27,21.375],[83.2424,21.2764],[83.1927,21.1394],[83.1198,21.1011],[83.0406,21.1189],[82.9799,21.1575],[82.84,21.1634],[82.7821,21.141],[82.7575,21.1586],[82.6359,21.1495],[82.645,21.1019],[82.6091,21.0639],[82.6223,21.0366],[82.5529,20.9415],[82.4831,20.8997],[82.4776,20.8467],[82.4155,20.8265],[82.4014,20.8624],[82.334,20.8406],[82.3433,20.6989],[82.3675,20.6296],[82.324,20.5539],[82.3805,20.5098],[82.4099,20.4027],[82.3938,20.3355],[82.4224,20.3097],[82.4051,20.2635],[82.4136,20.2023],[82.3789,20.1446],[82.3958,20.049],[82.5436,20.0121],[82.5824,19.9899],[82.6505,19.9994],[82.7109,19.9833],[82.6984,19.8269],[82.6457,19.8254],[82.6189,19.7861],[82.5785,19.7758],[82.5718,19.8278],[82.5974,19.8605],[82.4757,19.9005],[82.3888,19.8818],[82.3394,19.83],[82.2982,19.8835],[82.2617,19.9716],[82.2306,19.9981],[82.1842,19.9812],[82.0579,20.0499],[82.0148,20.0195],[81.9736,20.0756],[81.9339,20.0993],[81.8602,20.0234],[81.8373,19.9501],[81.8584,19.8995],[81.9604,19.8547],[81.9801,19.7958],[82.0522,19.7913],[82.0376,19.7039],[82.0513,19.6244],[82.0349,19.5833],[82.0461,19.5386],[82.0921,19.5098],[82.1193,19.4239],[82.1705,19.4295],[82.1803,19.3322],[82.1517,19.2655],[82.1681,19.1338],[82.2086,19.0785],[82.2396,18.9105],[82.1708,18.8916],[82.1455,18.7733],[82.0913,18.7562],[82.0786,18.7121],[82.0337,18.7188],[81.9551,18.6802],[81.9469,18.5592],[81.8968,18.5284],[81.7621,18.4113],[81.7449,18.3454],[81.6581,18.3393],[81.528,18.2591],[81.5052,18.1778],[81.5226,18.1573],[81.5087,18.0924],[81.4739,18.0285],[81.4767,17.9739],[81.4445,17.9221],[81.3959,17.8876],[81.385,17.8066],[81.3151,17.8123],[81.254,17.8121],[81.192,17.8471],[81.1596,17.8526],[81.0977,17.8171],[81.0736,17.7863],[81.0324,17.7897],[81.0043,17.8383],[80.9943,17.9142],[80.9846,17.9229],[80.966,18.0435],[80.9484,18.0913],[80.9494,18.1232],[80.9726,18.1436],[80.9737,18.1681],[80.9007,18.1347],[80.862,18.1327],[80.8492,18.2002],[80.8591,18.226],[80.8242,18.2336],[80.8187,18.192],[80.7979,18.1663],[80.7624,18.163],[80.7346,18.1717],[80.7333,18.2188],[80.7843,18.2433],[80.7228,18.3613],[80.713,18.4057],[80.691,18.4193],[80.6805,18.4536],[80.6508,18.4723],[80.6327,18.5188],[80.601,18.545],[80.532,18.5861],[80.5107,18.6157],[80.4884,18.6267],[80.4502,18.6264],[80.3816,18.5936],[80.367,18.6047],[80.3193,18.6217],[80.2963,18.6856],[80.2675,18.718],[80.2408,18.7487],[80.3462,18.8111],[80.3357,18.8561],[80.2641,18.9405],[80.2677,18.9873],[80.3315,19.1011],[80.3455,19.1629],[80.3811,19.1807],[80.3885,19.2433],[80.4454,19.2699],[80.4705,19.3289],[80.5138,19.3482],[80.5593,19.3976],[80.5839,19.3772],[80.6039,19.3118],[80.6644,19.3266],[80.6836,19.2869],[80.7492,19.2867],[80.8391,19.3552],[80.7879,19.4267],[80.8675,19.4435],[80.8921,19.4657],[80.8791,19.519],[80.8196,19.5654],[80.7852,19.5604],[80.721,19.6084],[80.662,19.6087],[80.6658,19.6922],[80.5821,19.7381],[80.5397,19.7746],[80.5178,19.8289],[80.4603,19.828],[80.4898,19.8937],[80.4027,19.9096],[80.4437,19.9527],[80.5204,19.9309],[80.5442,19.9815],[80.5462,20.0657],[80.5236,20.1245],[80.4513,20.1449],[80.383,20.2417],[80.4565,20.2689],[80.5108,20.2696],[80.542,20.3068],[80.6167,20.3257],[80.586,20.392],[80.6034,20.4333],[80.6129,20.5906],[80.5787,20.6141],[80.5195,20.5847],[80.4816,20.6171],[80.5189,20.6618],[80.5783,20.6788],[80.5433,20.7918],[80.5559,20.8197],[80.5352,20.9313],[80.4591,20.9282],[80.4238,21.0096],[80.4485,21.0496],[80.4352,21.099],[80.4573,21.1728],[80.5612,21.2058],[80.6387,21.2548],[80.6727,21.3113],[80.6565,21.3308],[80.7302,21.4721],[80.7307,21.5387],[80.7094,21.604],[80.7074,21.6716],[80.7401,21.7565],[80.8112,21.7475],[80.8396,21.8754],[80.8334,21.9466],[80.879,22.0606],[80.9172,22.1209],[80.9505,22.113],[80.9634,22.0584],[80.9992,22.0615],[81.0258,22.1977],[81.0194,22.2292],[81.0847,22.2467],[81.1138,22.2944],[81.1009,22.3832],[81.11,22.4411],[81.1707,22.488],[81.2236,22.4516],[81.3229,22.5243],[81.3787,22.5053],[81.3889,22.4448],[81.4462,22.4959],[81.4799,22.4933],[81.5154,22.5368],[81.5631,22.551],[81.609,22.5364],[81.6494,22.5761],[81.6414,22.6075],[81.6786,22.6489],[81.766,22.6761],[81.7466,22.7265],[81.7843,22.7666],[81.7609,22.8343],[81.7694,22.8735],[81.8611,22.8939],[81.9402,22.9571],[81.9184,23.041],[81.9381,23.0778],[82.0283,23.0817],[82.0671,23.1168],[82.1159,23.1038],[82.1511,23.1417],[82.1425,23.2277],[82.1895,23.2846],[82.1875,23.3222],[82.0985,23.3977],[82.0232,23.3838],[81.9705,23.4239],[81.9489,23.4967],[81.9164,23.5321],[81.8272,23.5113],[81.7976,23.5488],[81.7292,23.5651],[81.6931,23.5233],[81.6052,23.5109],[81.6132,23.661],[81.6431,23.6603],[81.6873,23.7213],[81.6384,23.7779],[81.6426,23.8046],[81.5984,23.8537],[81.6076,23.9033],[81.6616,23.9256],[81.7027,23.8634],[81.7726,23.8142],[81.8117,23.8095],[81.8941,23.8441],[82.0007,23.8631],[82.0454,23.8206],[82.1341,23.8182],[82.1993,23.8319],[82.2976,23.8082],[82.3882,23.8014],[82.4635,23.8108],[82.4851,23.7884],[82.5445,23.7942],[82.6295,23.839],[82.6547,23.9063],[82.7481,23.9223],[82.8078,23.9631],[82.9536,23.8728],[83.1274,23.89],[83.1896,23.9211],[83.216,23.9894],[83.2761,24.0233],[83.2924,24.0772],[83.3236,24.1013],[83.4254,24.0838],[83.4476,24.0425],[83.5096,24.0254],[83.5124,23.967],[83.5494,23.8928],[83.5812,23.8619],[83.6954,23.8207],[83.7294,23.7547],[83.7147,23.6825],[83.7749,23.5995],[83.9353,23.563],[83.9379,23.6224],[83.9755,23.6308],[84.0203,23.6002],[84.0088,23.4996],[83.9697,23.4477],[83.9669,23.3742],[84.0065,23.3528],[84.0434,23.374],[84.0703,23.33],[84.0505,23.2409],[84.0561,23.1964],[84.0291,23.1539],[84.179,23.0226],[84.2171,22.9765],[84.2786,22.9612],[84.3705,22.9751],[84.3891,22.9387],[84.376,22.8736],[84.3203,22.8494],[84.2853,22.7634],[84.2254,22.7352],[84.2322,22.6886],[84.1499,22.6344],[84.0804,22.6366],[84.0051,22.5696],[84.0025,22.5209]]]},"properties":{"ID_0":105,"ISO":"IND","NAME_0":"India","ID_1":7,"NAME_1":"Chhattisgarh","NL_NAME_1":null,"VARNAME_1":null,"TYPE_1":"State","ENGTYPE_1":"State"}},{"type":"Feature","geometry":{"type":"Polygon","coordinates":[[[73.2163,20.122],[73.1838,20.0523],[73.1367,20.0853],[73.0043,20.1179],[72.9704,20.2123],[72.9246,20.2787],[72.9508,20.292],[73.0442,20.2911],[73.0974,20.3351],[73.1771,20.3123],[73.1019,20.2289],[73.0704,20.2215],[73.0724,20.1635],[73.1524,20.1761],[73.1992,20.1616],[73.2163,20.122]]]},"properties":{"ID_0":105,"ISO":"IND","NAME_0":"India","ID_1":8,"NAME_1":"Dadra and Nagar Haveli","NL_NAME_1":null,"VARNAME_1":"DAdra et Nagar Haveli|Dadra e Nagar Haveli","TYPE_1":"Union Territor","ENGTYPE_1":"Union Territory"}},{"type":"Feature","geometry":{"type":"MultiPolygon","coordinates":[[[[72.8659,20.4675],[72.8215,20.3711],[72.8285,20.4337],[72.8659,20.4675]]],[[[70.8544,20.7535],[70.8546,20.7521],[70.8704,20.7187],[70.8693,20.706],[70.7438,20.7201],[70.6768,20.7686],[70.679,20.844],[70.7176,20.9121],[70.768,20.962],[70.8802,20.9554],[70.9016,20.9033],[70.8843,20.8732],[70.8939,20.7947],[70.8544,20.7535]]]]},"properties":{"ID_0":105,"ISO":"IND","NAME_0":"India","ID_1":9,"NAME_1":"Daman and Diu","NL_NAME_1":null,"VARNAME_1":null,"TYPE_1":"Union Territor","ENGTYPE_1":"Union Territory"}},{"type":"Feature","geometry":{"type":"Polygon","coordinates":[[[77.329,28.5083],[77.2257,28.464],[77.2406,28.4289],[77.1658,28.4085],[77.1183,28.4424],[77.1077,28.4939],[77.0157,28.5333],[76.8937,28.5161],[76.8376,28.557],[76.8779,28.6376],[76.9473,28.6772],[76.9423,28.8207],[77.0315,28.8368],[77.0498,28.8732],[77.1836,28.8623],[77.1869,28.8668],[77.1935,28.8654],[77.2173,28.8353],[77.1969,28.7953],[77.3217,28.7118],[77.3099,28.599],[77.2952,28.5612],[77.3368,28.5157],[77.3377,28.509],[77.329,28.5083]]]},"properties":{"ID_0":105,"ISO":"IND","NAME_0":"India","ID_1":10,"NAME_1":"Delhi","NL_NAME_1":null,"VARNAME_1":null,"TYPE_1":"Union Territor","ENGTYPE_1":"Union Territory"}},{"type":"Feature","geometry":{"type":"Polygon","coordinates":[[[74.126,15.6503],[74.2553,15.6542],[74.2543,15.5658],[74.2873,15.526],[74.2563,15.4895],[74.2825,15.4431],[74.29,15.3812],[74.3284,15.3673],[74.3417,15.2929],[74.2766,15.2744],[74.3219,15.1841],[74.2811,15.1018],[74.3023,15.0399],[74.2417,14.9465],[74.1866,14.9534],[74.1394,14.9205],[74.1334,14.9159],[74.0974,14.8957],[74.0429,14.9185],[74.0329,14.999],[73.9929,15.0182],[73.9229,15.1101],[73.9482,15.1474],[73.8949,15.3318],[73.8418,15.3601],[73.8826,15.3985],[73.849,15.4521],[73.801,15.4607],[73.7676,15.491],[73.7326,15.6176],[73.6801,15.7244],[73.7865,15.7233],[73.8204,15.7399],[73.8655,15.7975],[73.9086,15.7423],[73.9454,15.7415],[73.9713,15.6873],[73.976,15.6289],[74.0024,15.6091],[74.0806,15.6262],[74.126,15.6503]]]},"properties":{"ID_0":105,"ISO":"IND","NAME_0":"India","ID_1":11,"NAME_1":"Goa","NL_NAME_1":null,"VARNAME_1":"Ga","TYPE_1":"State","ENGTYPE_1":"State"}},{"type":"Feature","geometry":{"type":"MultiPolygon","coordinates":[[[[73.2163,20.122],[73.1992,20.1616],[73.1524,20.1761],[73.0724,20.1635],[73.0704,20.2215],[73.1019,20.2289],[73.1771,20.3123],[73.0974,20.3351],[73.0442,20.2911],[72.9508,20.292],[72.9246,20.2787],[72.9704,20.2123],[72.8843,20.2266],[72.8503,20.2079],[72.8288,20.1566],[72.7876,20.1301],[72.7376,20.1365],[72.741,20.2446],[72.7757,20.3335],[72.8215,20.3711],[72.8659,20.4675],[72.8976,20.5743],[72.8346,20.7818],[72.8388,20.7988],[72.7857,20.9221],[72.754,20.9429],[72.7001,21.101],[72.6263,21.0899],[72.6188,21.2229],[72.5971,21.2501],[72.5932,21.3121],[72.6649,21.4274],[72.5982,21.5443],[72.6282,21.6168],[72.6726,21.6279],[72.7113,21.6785],[72.5974,21.6807],[72.5474,21.6585],[72.5196,21.7132],[72.5435,21.7429],[72.5685,21.824],[72.5232,21.8496],[72.5024,21.9351],[72.5074,21.9943],[72.5474,22.1499],[72.6012,22.2135],[72.6485,22.2168],[72.6996,22.1846],[72.7576,22.174],[72.7593,22.2315],[72.6915,22.2371],[72.6371,22.2843],[72.5079,22.2315],[72.4163,22.2846],[72.4165,22.2274],[72.3757,22.2321],[72.3524,22.1365],[72.3238,22.1471],[72.2799,21.9674],[72.2196,21.9482],[72.2562,21.8901],[72.2601,21.7843],[72.2479,21.751],[72.306,21.6285],[72.2685,21.5721],[72.2513,21.494],[72.2243,21.4404],[72.171,21.3899],[72.0821,21.2457],[72.1154,21.2021],[72.0479,21.1607],[71.916,21.1121],[71.7968,21.0579],[71.764,21.0212],[71.7207,21.0218],[71.6365,20.9735],[71.5096,20.944],[71.4771,20.8899],[71.4374,20.8685],[71.3226,20.8463],[71.149,20.7574],[71.086,20.7562],[71.0512,20.7318],[70.9912,20.746],[70.9626,20.7294],[70.8921,20.7082],[70.8885,20.709],[70.8737,20.7098],[70.8737,20.7271],[70.8544,20.7535],[70.8939,20.7947],[70.8843,20.8732],[70.9016,20.9033],[70.8802,20.9554],[70.768,20.962],[70.7176,20.9121],[70.679,20.844],[70.6768,20.7686],[70.6451,20.7632],[70.4629,20.8412],[70.2582,20.9726],[70.0996,21.1046],[70.0068,21.1987],[69.7129,21.5285],[69.7643,21.5788],[69.7438,21.636],[69.6629,21.6226],[69.7249,21.5699],[69.7063,21.5387],[69.6021,21.6374],[69.584,21.6379],[69.2588,21.9176],[69.0579,22.1257],[68.9526,22.2485],[68.936,22.3121],[68.9568,22.3665],[69.0079,22.4399],[69.0693,22.3957],[69.1485,22.4026],[69.1913,22.4221],[69.1604,22.3065],[69.2065,22.2643],[69.291,22.2757],[69.3401,22.3304],[69.4226,22.3165],[69.5212,22.3793],[69.6001,22.3487],[69.6546,22.359],[69.699,22.3957],[69.691,22.4513],[69.741,22.4574],[69.7926,22.4035],[69.841,22.456],[69.911,22.4682],[69.946,22.5285],[70.0471,22.5549],[70.1629,22.5515],[70.1993,22.6174],[70.2454,22.6699],[70.2546,22.7262],[70.3012,22.7576],[70.3415,22.8485],[70.4104,22.9199],[70.4715,23.0124],[70.4935,23.0751],[70.4293,23.0565],[70.3971,23.026],[70.3935,22.9632],[70.3451,22.9304],[70.2293,22.9771],[70.2087,22.9518],[70.1393,22.9407],[70.106,22.909],[69.9512,22.8929],[69.9057,22.8662],[69.8657,22.8727],[69.7526,22.8199],[69.7113,22.7382],[69.6215,22.7674],[69.5974,22.7596],[69.5235,22.7904],[69.4737,22.7735],[69.389,22.8143],[69.3187,22.8324],[69.2668,22.824],[69.1974,22.8385],[69.0446,22.9296],[68.9876,22.956],[68.8121,23.0607],[68.7624,23.0788],[68.6524,23.1551],[68.5851,23.2218],[68.6407,23.2665],[68.6371,23.3438],[68.5674,23.3785],[68.5587,23.4204],[68.5074,23.4626],[68.4899,23.5396],[68.4893,23.6351],[68.5565,23.7171],[68.6307,23.759],[68.6849,23.8204],[68.5971,23.8396],[68.5346,23.7565],[68.5229,23.8171],[68.5718,23.8801],[68.6135,23.9032],[68.5885,23.9224],[68.5596,23.9238],[68.5379,23.9454],[68.5471,23.9632],[68.7492,23.962],[68.7596,24.0358],[68.7641,24.2841],[68.8264,24.3084],[68.8477,24.2084],[68.8979,24.1989],[68.922,24.2586],[69.0137,24.2291],[69.0854,24.2683],[69.1998,24.2352],[69.3103,24.2767],[69.4316,24.2737],[69.5012,24.255],[69.6007,24.2778],[69.7246,24.1751],[69.9123,24.1642],[70.0241,24.1694],[70.0773,24.2156],[70.1101,24.2849],[70.3703,24.3535],[70.5749,24.4203],[70.6115,24.4015],[70.5721,24.3445],[70.5936,24.2403],[70.6553,24.2251],[70.8058,24.2227],[70.8941,24.2571],[70.8851,24.2908],[70.9984,24.3606],[71.0472,24.3473],[71.1341,24.4138],[71.0931,24.4359],[71.0076,24.4422],[71.0153,24.5228],[71.0006,24.5992],[71.0205,24.6305],[71.1071,24.6807],[71.1193,24.6686],[71.2977,24.6076],[71.3567,24.6541],[71.3807,24.6214],[71.4883,24.6739],[71.6166,24.6707],[71.6616,24.6333],[71.7845,24.6689],[71.8118,24.6218],[71.8687,24.6235],[71.8711,24.6722],[71.9934,24.6567],[72.0525,24.7058],[72.0849,24.6528],[72.1859,24.6094],[72.23,24.6329],[72.251,24.5802],[72.2951,24.5384],[72.3579,24.5525],[72.3863,24.5005],[72.4367,24.4605],[72.4647,24.4071],[72.5421,24.5049],[72.5885,24.4725],[72.6586,24.4564],[72.7325,24.3613],[72.8681,24.3658],[72.9239,24.3263],[72.9775,24.3588],[72.9642,24.3922],[72.981,24.451],[73.051,24.4653],[73.0944,24.4947],[73.1062,24.4203],[73.085,24.3945],[73.1802,24.3507],[73.1733,24.3011],[73.1161,24.2626],[73.0827,24.185],[73.1234,24.1403],[73.2238,24.0982],[73.2006,24.0452],[73.2525,24.0111],[73.3266,24.0625],[73.3352,24.1151],[73.4138,24.0511],[73.4201,23.9234],[73.3865,23.9058],[73.3598,23.8546],[73.4,23.784],[73.5104,23.697],[73.5014,23.6354],[73.5267,23.6106],[73.5707,23.6535],[73.619,23.6514],[73.6607,23.6229],[73.637,23.5311],[73.6328,23.4524],[73.7647,23.4586],[73.8269,23.4468],[73.8943,23.3371],[74.0327,23.3323],[74.0487,23.2951],[74.1066,23.2941],[74.1361,23.2647],[74.127,23.1789],[74.183,23.1522],[74.2075,23.1921],[74.2498,23.1784],[74.3228,23.0627],[74.3708,22.9801],[74.3416,22.9647],[74.3816,22.9099],[74.4628,22.9135],[74.4789,22.8586],[74.4649,22.8151],[74.4031,22.7307],[74.3842,22.6436],[74.2782,22.6477],[74.2367,22.6139],[74.2138,22.5674],[74.0853,22.5085],[74.1051,22.4334],[74.2373,22.4393],[74.2739,22.393],[74.1983,22.343],[74.1343,22.3323],[74.112,22.3716],[74.072,22.3602],[74.0592,22.2857],[74.0758,22.2219],[74.1228,22.2129],[74.1378,22.0535],[74.1003,22.0016],[74.1538,21.9864],[74.146,21.9541],[74.023,21.906],[73.8276,21.8119],[73.8464,21.742],[73.8902,21.7106],[73.8856,21.6451],[73.8245,21.5983],[73.8608,21.4958],[73.9835,21.542],[74.0682,21.5594],[74.2917,21.5588],[74.3355,21.5402],[74.3078,21.4801],[74.2226,21.459],[74.1208,21.4497],[74.0572,21.4557],[74.0516,21.4263],[73.9619,21.3931],[73.9485,21.2976],[73.892,21.2624],[73.8321,21.2675],[73.8225,21.1719],[73.7416,21.1671],[73.6364,21.1327],[73.6934,21.101],[73.7358,21.1032],[73.7476,21.04],[73.8164,20.9961],[73.9064,20.9832],[73.8963,20.933],[73.9451,20.8401],[73.9406,20.7689],[73.8428,20.7021],[73.8464,20.6235],[73.7871,20.6023],[73.7482,20.5674],[73.6368,20.5793],[73.6222,20.6253],[73.5629,20.6474],[73.4587,20.7143],[73.4399,20.6648],[73.4036,20.6524],[73.4404,20.5951],[73.4808,20.5836],[73.4759,20.495],[73.449,20.4667],[73.4148,20.3816],[73.4369,20.2821],[73.4268,20.2016],[73.3111,20.2072],[73.2936,20.1539],[73.2163,20.122]]],[[[68.3585,23.8051],[68.3979,23.7849],[68.4185,23.7288],[68.3907,23.6549],[68.3468,23.5982],[68.2949,23.5788],[68.264,23.6024],[68.2198,23.5912],[68.2074,23.6418],[68.2693,23.6499],[68.339,23.7329],[68.3585,23.8051]]],[[[68.3079,23.8237],[68.3126,23.8215],[68.3218,23.8032],[68.3243,23.7343],[68.2676,23.7049],[68.2643,23.7599],[68.2779,23.7968],[68.2976,23.8037],[68.2946,23.8193],[68.3079,23.8237]]],[[[68.4965,23.831],[68.5229,23.8037],[68.5171,23.7551],[68.4876,23.7371],[68.4476,23.806],[68.4965,23.831]]],[[[68.3957,23.8782],[68.4388,23.8343],[68.4001,23.7896],[68.3426,23.8365],[68.3957,23.8782]]],[[[68.4493,23.9385],[68.4521,23.8818],[68.3863,23.9063],[68.4493,23.9385]]],[[[68.5354,23.946],[68.5424,23.9338],[68.5615,23.9226],[68.5879,23.9215],[68.5207,23.8568],[68.4868,23.891],[68.5304,23.9171],[68.5354,23.946]]],[[[68.4821,23.9926],[68.5185,23.9243],[68.4538,23.8818],[68.4476,23.9807],[68.4821,23.9926]]],[[[68.4301,23.9954],[68.4026,23.9207],[68.3504,23.9085],[68.3376,23.8193],[68.3146,23.824],[68.3063,23.8251],[68.294,23.8207],[68.2743,23.7974],[68.2385,23.681],[68.1926,23.731],[68.226,23.7626],[68.2093,23.811],[68.2835,23.9204],[68.3424,23.9246],[68.3476,23.9629],[68.3999,23.9676],[68.4301,23.9954]]]]},"properties":{"ID_0":105,"ISO":"IND","NAME_0":"India","ID_1":12,"NAME_1":"Gujarat","NL_NAME_1":null,"VARNAME_1":"Goudjerate|Gujerat|Gujerate","TYPE_1":"State","ENGTYPE_1":"State"}},{"type":"Feature","geometry":{"type":"Polygon","coordinates":[[[76.8198,30.6858],[76.8211,30.6968],[76.8282,30.7638],[76.8278,30.8326],[76.769,30.8765],[76.7699,30.9064],[76.8524,30.8707],[76.9022,30.8972],[76.9538,30.8112],[76.998,30.8143],[77.0131,30.7422],[77.1023,30.7308],[77.1535,30.6887],[77.1575,30.5996],[77.1115,30.5673],[77.1853,30.5259],[77.2026,30.4803],[77.2518,30.4844],[77.3107,30.4536],[77.3461,30.4619],[77.435,30.4037],[77.4913,30.4174],[77.5749,30.3845],[77.5704,30.3112],[77.5322,30.2869],[77.4733,30.1886],[77.4108,30.1459],[77.4142,30.1111],[77.3248,30.0618],[77.2861,30.0575],[77.2505,29.9885],[77.1796,29.9023],[77.1524,29.7933],[77.113,29.7486],[77.1402,29.7173],[77.0856,29.6008],[77.1097,29.553],[77.0849,29.5336],[77.1233,29.4861],[77.1178,29.4565],[77.1542,29.3169],[77.1295,29.2728],[77.14,29.1821],[77.1244,29.1015],[77.2142,29.006],[77.191,28.9617],[77.2169,28.9003],[77.1869,28.8668],[77.1836,28.8623],[77.0498,28.8732],[77.0315,28.8368],[76.9423,28.8207],[76.9473,28.6772],[76.8779,28.6376],[76.8376,28.557],[76.8937,28.5161],[77.0157,28.5333],[77.1077,28.4939],[77.1183,28.4424],[77.1658,28.4085],[77.2406,28.4289],[77.2257,28.464],[77.329,28.5083],[77.3377,28.509],[77.436,28.4316],[77.4942,28.3583],[77.4664,28.3412],[77.5379,28.1909],[77.4989,28.163],[77.4731,28.1037],[77.4776,28.0491],[77.5352,27.9933],[77.5192,27.9319],[77.4124,27.8591],[77.3393,27.8596],[77.2758,27.8065],[77.2346,27.7858],[77.1497,27.8124],[77.1012,27.7855],[77.0383,27.82],[77.032,27.7484],[76.9944,27.742],[76.9705,27.6571],[76.8885,27.7196],[76.9079,27.8359],[76.9266,27.8342],[76.9186,27.9976],[76.9618,28.144],[76.8334,28.2248],[76.7903,28.1938],[76.7915,28.1572],[76.6822,28.0978],[76.6512,28.0968],[76.6601,28.0191],[76.599,28.0098],[76.531,27.9793],[76.5385,28.0391],[76.4557,28.0465],[76.4978,28.1066],[76.4723,28.1496],[76.3598,28.1434],[76.3319,28.1067],[76.3533,28.0656],[76.3368,28.0297],[76.2511,28.0709],[76.1773,28.0593],[76.1539,27.9925],[76.1795,27.9728],[76.1697,27.9097],[76.2059,27.848],[76.1729,27.8075],[76.0881,27.8684],[76.0496,27.8479],[75.9754,27.8646],[75.9555,27.9886],[75.9771,28.0842],[75.9361,28.0935],[76.0277,28.1727],[76.053,28.2242],[76.0112,28.2418],[75.9866,28.2959],[75.9224,28.3689],[75.8026,28.4142],[75.7782,28.4576],[75.6901,28.4991],[75.6291,28.546],[75.6093,28.6059],[75.5557,28.6146],[75.5309,28.7328],[75.4985,28.7877],[75.5134,28.8366],[75.488,28.8596],[75.5111,29.0108],[75.4347,29.0165],[75.4303,29.0647],[75.3807,29.0703],[75.3612,29.1426],[75.4007,29.1889],[75.3795,29.2639],[75.3149,29.236],[75.2717,29.2544],[75.0781,29.2325],[75.0239,29.2915],[74.9531,29.2819],[74.9271,29.3646],[74.8495,29.4028],[74.8095,29.3985],[74.7759,29.3602],[74.6502,29.3724],[74.6,29.3543],[74.57,29.4062],[74.6114,29.5315],[74.5717,29.5556],[74.5785,29.6548],[74.6054,29.7529],[74.472,29.744],[74.4653,29.7875],[74.4917,29.8265],[74.5536,29.8656],[74.5191,29.9433],[74.5858,29.9148],[74.8012,29.9926],[74.8496,29.9591],[74.9241,29.9415],[74.9899,29.8565],[75.0655,29.879],[75.1023,29.8026],[75.1823,29.8387],[75.231,29.7521],[75.1981,29.7308],[75.1733,29.6301],[75.2212,29.6066],[75.2235,29.5462],[75.2906,29.5618],[75.2803,29.6033],[75.3177,29.6707],[75.3972,29.761],[75.4438,29.7862],[75.5564,29.7658],[75.5631,29.7442],[75.6662,29.7727],[75.7059,29.8086],[75.7716,29.8254],[75.82,29.8154],[75.8638,29.7523],[75.934,29.7325],[76.0415,29.7488],[76.0743,29.7812],[76.2285,29.8545],[76.1827,29.8939],[76.2039,29.9441],[76.1894,30.0042],[76.2512,30.119],[76.3284,30.1095],[76.426,30.1476],[76.4521,30.1007],[76.5011,30.0766],[76.5549,30.0988],[76.6195,30.0954],[76.6389,30.2059],[76.5903,30.2541],[76.7385,30.3596],[76.7001,30.3936],[76.7489,30.4266],[76.8647,30.4088],[76.8899,30.4367],[76.885,30.5404],[76.9134,30.5997],[76.8198,30.6858]]]},"properties":{"ID_0":105,"ISO":"IND","NAME_0":"India","ID_1":13,"NAME_1":"Haryana","NL_NAME_1":null,"VARNAME_1":null,"TYPE_1":"State","ENGTYPE_1":"State"}},{"type":"Feature","geometry":{"type":"Polygon","coordinates":[[[77.5749,30.3845],[77.4913,30.4174],[77.435,30.4037],[77.3461,30.4619],[77.3107,30.4536],[77.2518,30.4844],[77.2026,30.4803],[77.1853,30.5259],[77.1115,30.5673],[77.1575,30.5996],[77.1535,30.6887],[77.1023,30.7308],[77.0131,30.7422],[76.998,30.8143],[76.9538,30.8112],[76.9022,30.8972],[76.8524,30.8707],[76.7699,30.9064],[76.7126,30.9634],[76.6101,31.0042],[76.599,31.0536],[76.6257,31.1102],[76.5893,31.1277],[76.5904,31.1829],[76.6354,31.213],[76.5705,31.2801],[76.5459,31.2559],[76.428,31.3252],[76.3591,31.4156],[76.3158,31.4024],[76.3301,31.3453],[76.2612,31.3058],[76.1728,31.3067],[76.1341,31.3826],[76.1567,31.4045],[76.084,31.5372],[76.0027,31.6466],[75.9218,31.8172],[75.9497,31.8481],[75.8945,31.9498],[75.7951,31.9886],[75.734,32.0373],[75.6106,32.0996],[75.6555,32.1461],[75.6202,32.1852],[75.6225,32.2347],[75.6758,32.264],[75.7364,32.2738],[75.8439,32.3793],[75.9346,32.4248],[75.8553,32.4996],[75.8725,32.5762],[75.9236,32.6437],[75.8966,32.6911],[75.9125,32.7571],[75.8738,32.8137],[75.8211,32.8428],[75.7874,32.8933],[75.808,32.9298],[75.8671,32.9302],[75.9338,32.8843],[76.0172,32.9176],[76.0822,32.9688],[76.0937,33.0048],[76.2373,33.0326],[76.275,33.104],[76.3846,33.1829],[76.4691,33.1799],[76.5475,33.2095],[76.5862,33.2042],[76.627,33.1625],[76.7299,33.1794],[76.7599,33.2247],[76.8219,33.2484],[76.7981,33.1733],[76.8526,33.1115],[76.8772,33.1142],[76.9175,33.0337],[76.9985,32.9896],[77.0749,32.9734],[77.1364,32.9805],[77.1574,32.9132],[77.2283,32.8956],[77.3216,32.8224],[77.3565,32.8253],[77.3794,32.8808],[77.4552,32.8617],[77.5196,32.8874],[77.5815,32.9392],[77.7125,32.9718],[77.7902,32.9054],[77.7614,32.8648],[77.8613,32.8162],[77.9179,32.7569],[77.9033,32.6931],[77.9767,32.5919],[78.0358,32.5919],[78.0934,32.6622],[78.184,32.6639],[78.2957,32.7128],[78.3447,32.7634],[78.3778,32.7193],[78.3632,32.672],[78.3888,32.6232],[78.2966,32.5775],[78.3104,32.4759],[78.3824,32.5297],[78.4108,32.5117],[78.4381,32.4564],[78.5188,32.4185],[78.4612,32.337],[78.4643,32.2778],[78.5929,32.2187],[78.5743,32.1586],[78.7371,32.0041],[78.771,31.9998],[78.7248,31.885],[78.7205,31.8353],[78.6914,31.7934],[78.7344,31.692],[78.8269,31.628],[78.7973,31.5762],[78.7213,31.541],[78.7442,31.4903],[78.7955,31.4528],[78.776,31.4024],[78.8272,31.3813],[78.829,31.3302],[78.9069,31.2592],[78.9719,31.1824],[78.9967,31.1176],[78.88,31.1038],[78.8187,31.1472],[78.795,31.205],[78.6507,31.1979],[78.6006,31.2359],[78.5371,31.2067],[78.4701,31.2038],[78.4195,31.2599],[78.3693,31.2879],[78.2984,31.2882],[78.2326,31.235],[78.1478,31.2316],[78.0924,31.1928],[78.03,31.1853],[78.0077,31.1571],[77.9548,31.1788],[77.9022,31.1588],[77.805,31.0541],[77.8247,31.0052],[77.7964,30.9698],[77.7539,30.9768],[77.7456,30.9223],[77.7934,30.926],[77.7835,30.8721],[77.6883,30.7687],[77.7411,30.7107],[77.775,30.6411],[77.7321,30.6071],[77.7535,30.5702],[77.8059,30.5607],[77.7992,30.5114],[77.6616,30.4488],[77.6038,30.4374],[77.5631,30.4045],[77.5749,30.3845]]]},"properties":{"ID_0":105,"ISO":"IND","NAME_0":"India","ID_1":14,"NAME_1":"Himachal Pradesh","NL_NAME_1":null,"VARNAME_1":null,"TYPE_1":"Union Territor","ENGTYPE_1":"Union Territory"}},{"type":"Feature","geometry":{"type":"Polygon","coordinates":[[[78.4108,32.5117],[78.3824,32.5297],[78.3104,32.4759],[78.2966,32.5775],[78.3888,32.6232],[78.3632,32.672],[78.3778,32.7193],[78.3447,32.7634],[78.2957,32.7128],[78.184,32.6639],[78.0934,32.6622],[78.0358,32.5919],[77.9767,32.5919],[77.9033,32.6931],[77.9179,32.7569],[77.8613,32.8162],[77.7614,32.8648],[77.7902,32.9054],[77.7125,32.9718],[77.5815,32.9392],[77.5196,32.8874],[77.4552,32.8617],[77.3794,32.8808],[77.3565,32.8253],[77.3216,32.8224],[77.2283,32.8956],[77.1574,32.9132],[77.1364,32.9805],[77.0749,32.9734],[76.9985,32.9896],[76.9175,33.0337],[76.8772,33.1142],[76.8526,33.1115],[76.7981,33.1733],[76.8219,33.2484],[76.7599,33.2247],[76.7299,33.1794],[76.627,33.1625],[76.5862,33.2042],[76.5475,33.2095],[76.4691,33.1799],[76.3846,33.1829],[76.275,33.104],[76.2373,33.0326],[76.0937,33.0048],[76.0822,32.9688],[76.0172,32.9176],[75.9338,32.8843],[75.8671,32.9302],[75.808,32.9298],[75.7874,32.8933],[75.8211,32.8428],[75.8738,32.8137],[75.9125,32.7571],[75.8966,32.6911],[75.9236,32.6437],[75.8725,32.5762],[75.8043,32.4871],[75.7459,32.4763],[75.7115,32.4182],[75.5926,32.3817],[75.4678,32.3176],[75.3223,32.3373],[75.1795,32.4254],[75.1476,32.4134],[75.0826,32.48],[75.0302,32.4918],[74.9879,32.4496],[74.8997,32.4661],[74.8564,32.4927],[74.6984,32.4849],[74.6524,32.5602],[74.6422,32.611],[74.6756,32.6658],[74.6501,32.7184],[74.7004,32.827],[74.642,32.8229],[74.6142,32.7577],[74.5315,32.7407],[74.4661,32.7814],[74.4061,32.907],[74.318,32.9197],[74.3517,33.0131],[74.255,33.0488],[74.2052,33.0433],[74.1762,33.1072],[74.0828,33.1807],[74.0143,33.1982],[74.0244,33.2625],[74.103,33.2705],[74.1851,33.3835],[74.1781,33.4817],[74.0884,33.5732],[74.0284,33.5747],[74,33.6237],[73.9665,33.7403],[74.049,33.8088],[74.1701,33.8399],[74.2197,33.8672],[74.2611,33.9248],[74.2487,34.0138],[74.2147,34.0386],[74.115,34.0538],[74.087,34.0378],[73.8982,34.0328],[73.8857,34.0751],[73.9041,34.1222],[73.9766,34.2118],[73.9762,34.2648],[73.8994,34.3598],[73.8418,34.3383],[73.7632,34.3596],[73.777,34.4163],[73.8987,34.4958],[73.8953,34.5467],[73.9481,34.5731],[73.9273,34.6459],[73.9602,34.6967],[74.1327,34.6902],[74.3028,34.7975],[74.3755,34.8034],[74.5802,34.7701],[74.6713,34.7007],[74.8356,34.6776],[74.8938,34.6845],[75.0187,34.6415],[75.1423,34.6624],[75.2661,34.6395],[75.2619,34.6109],[75.3505,34.5622],[75.5061,34.5373],[75.5919,34.5401],[75.7492,34.5158],[75.9322,34.6244],[76.0004,34.6358],[76.0365,34.6703],[76.0858,34.6715],[76.1579,34.6434],[76.2751,34.6936],[76.3161,34.7316],[76.3859,34.736],[76.4692,34.7917],[76.5618,34.7583],[76.6716,34.7574],[76.7447,34.8447],[76.7389,34.9019],[76.8632,34.9708],[76.9503,34.9409],[77.0101,34.9563],[77.0138,35.0351],[77.0684,35.0241],[77.1568,35.0547],[77.2808,35.1383],[77.4425,35.2344],[77.6506,35.3671],[77.7355,35.4338],[77.8468,35.5008],[77.8886,35.4289],[77.9906,35.4871],[78.0794,35.4922],[78.0973,35.4556],[78.0212,35.4169],[77.9903,35.379],[78.002,35.2946],[78.0576,35.1847],[78.1161,35.1454],[78.0829,35.0825],[78.1846,34.8815],[78.2073,34.7661],[78.248,34.6951],[78.2844,34.6674],[78.3872,34.6516],[78.4181,34.6054],[78.5693,34.6119],[78.6601,34.5297],[78.7301,34.4967],[78.8381,34.4065],[78.9225,34.3754],[78.9815,34.3329],[78.9934,34.2887],[78.9562,34.2178],[78.8711,34.1572],[78.7292,34.0957],[78.7121,34.0505],[78.7636,34.0015],[78.7158,33.9645],[78.7172,33.8905],[78.7751,33.8013],[78.7752,33.7462],[78.7093,33.6796],[78.7299,33.6176],[78.8233,33.4835],[78.9213,33.3987],[79.0666,33.2959],[79.075,33.2286],[79.1414,33.2001],[79.3991,33.1871],[79.4108,33.1357],[79.3662,33.0598],[79.35,32.9962],[79.365,32.9569],[79.457,32.8714],[79.4645,32.8167],[79.5405,32.7487],[79.5643,32.6708],[79.5454,32.6074],[79.4641,32.5927],[79.347,32.5266],[79.3203,32.4913],[79.2701,32.5178],[79.203,32.5108],[79.1181,32.45],[79.1045,32.3717],[79.0675,32.385],[78.971,32.3443],[78.9147,32.3671],[78.8746,32.4146],[78.836,32.4253],[78.7812,32.4753],[78.7652,32.5749],[78.7803,32.5983],[78.7603,32.6842],[78.7365,32.6959],[78.6544,32.6492],[78.6323,32.6111],[78.5264,32.6065],[78.4856,32.5732],[78.4122,32.5561],[78.4108,32.5117]]]},"properties":{"ID_0":105,"ISO":"IND","NAME_0":"India","ID_1":15,"NAME_1":"Jammu and Kashmir","NL_NAME_1":null,"VARNAME_1":null,"TYPE_1":"State","ENGTYPE_1":"State"}},{"type":"Feature","geometry":{"type":"Polygon","coordinates":[[[83.4982,24.5271],[83.7167,24.5049],[83.799,24.5299],[83.9285,24.5479],[83.9922,24.638],[84.0467,24.6123],[84.1098,24.4814],[84.1728,24.542],[84.2585,24.5377],[84.293,24.566],[84.3217,24.4898],[84.2932,24.4508],[84.3359,24.3958],[84.4545,24.3386],[84.4935,24.287],[84.5725,24.4123],[84.6583,24.3937],[84.6789,24.4563],[84.742,24.4965],[84.8195,24.5248],[84.8272,24.4701],[84.8629,24.4576],[84.9033,24.3723],[84.9686,24.3759],[85.0321,24.4254],[85.1151,24.409],[85.1694,24.4295],[85.1529,24.4641],[85.2239,24.4712],[85.2794,24.5191],[85.4333,24.5361],[85.4945,24.5506],[85.5342,24.5322],[85.6085,24.585],[85.6647,24.5819],[85.66,24.6747],[85.7048,24.7287],[85.7367,24.8227],[85.7772,24.799],[85.8778,24.8003],[85.9503,24.7321],[86.0479,24.7783],[86.1055,24.736],[86.1336,24.6755],[86.1256,24.6118],[86.1657,24.5837],[86.2926,24.5861],[86.3124,24.5085],[86.2939,24.4764],[86.3535,24.4421],[86.4156,24.3792],[86.4618,24.3767],[86.4886,24.425],[86.4903,24.4844],[86.5235,24.5357],[86.6,24.5995],[86.6684,24.5606],[86.7918,24.6153],[86.8087,24.5638],[86.8546,24.5505],[86.9361,24.6304],[87.0102,24.6063],[87.0444,24.624],[87.0819,24.7245],[87.0773,24.8083],[87.1473,24.8624],[87.1537,24.991],[87.1766,25.064],[87.2588,25.1046],[87.2911,25.0893],[87.3235,25.2231],[87.3918,25.2275],[87.4722,25.1947],[87.4726,25.2409],[87.5671,25.3339],[87.6069,25.3114],[87.6842,25.3101],[87.7078,25.2564],[87.7833,25.2462],[87.7876,25.2205],[87.7727,25.0991],[87.8643,25.0399],[87.9617,24.9359],[87.9665,24.8813],[87.8978,24.8428],[87.8397,24.7382],[87.9008,24.7216],[87.9116,24.6623],[87.8873,24.5627],[87.8245,24.5595],[87.7881,24.4321],[87.7975,24.3822],[87.7563,24.3036],[87.6814,24.2464],[87.6471,24.2486],[87.6896,24.1498],[87.5798,24.1615],[87.5702,24.0876],[87.4966,24.1158],[87.5014,24.0223],[87.4391,23.9781],[87.3324,24.031],[87.2327,24.0246],[87.2595,23.9699],[87.2918,23.9557],[87.2926,23.8901],[87.2225,23.8576],[87.1358,23.8681],[87.1664,23.8196],[87.1487,23.7944],[87.0569,23.8163],[86.963,23.8648],[86.895,23.88],[86.8167,23.7761],[86.792,23.6874],[86.7381,23.6776],[86.711,23.6972],[86.5906,23.6622],[86.5287,23.629],[86.4449,23.6315],[86.358,23.5431],[86.3518,23.4636],[86.2247,23.4357],[86.1551,23.5042],[86.1386,23.57],[86.0374,23.5835],[86.011,23.5612],[86.0414,23.4902],[85.9379,23.4551],[85.8741,23.4762],[85.8595,23.451],[85.8615,23.3033],[85.8264,23.2631],[85.835,23.1921],[85.915,23.1295],[86.0369,23.1436],[86.0442,23.1119],[86.1157,23.0936],[86.1756,23.013],[86.2125,22.9918],[86.2794,23.0107],[86.393,22.9742],[86.4163,22.9948],[86.4974,22.9899],[86.5122,22.9663],[86.4324,22.9158],[86.4162,22.7765],[86.479,22.7224],[86.5495,22.7109],[86.6367,22.6551],[86.6517,22.5758],[86.756,22.5743],[86.7841,22.5442],[86.7892,22.4745],[86.7639,22.4229],[86.8439,22.3961],[86.8292,22.3246],[86.8885,22.2814],[86.8203,22.2606],[86.7914,22.2175],[86.7228,22.2152],[86.6482,22.2357],[86.6456,22.2614],[86.5324,22.2982],[86.4999,22.341],[86.4393,22.3058],[86.3527,22.3454],[86.288,22.4254],[86.2024,22.4703],[86.1014,22.4902],[86.0692,22.5431],[85.9692,22.4998],[85.9535,22.456],[86.0215,22.3818],[85.9929,22.3382],[86.0178,22.3046],[85.9698,22.2434],[86.0267,22.1852],[86.0026,22.113],[85.9426,22.0191],[85.8942,21.9783],[85.7843,21.9786],[85.7789,22.0363],[85.802,22.1108],[85.7224,22.0581],[85.6815,22.0488],[85.6446,22.0903],[85.5911,22.0744],[85.4103,22.1561],[85.3632,22.1546],[85.2742,22.0801],[85.2411,22.0125],[85.2107,22.0432],[85.099,22.0961],[85.0237,22.112],[85.0254,22.154],[85.0695,22.2306],[85.0705,22.2722],[85.1053,22.2911],[85.0741,22.3486],[85.0831,22.3784],[85.0514,22.4794],[84.8802,22.4176],[84.8012,22.4437],[84.7439,22.4148],[84.6616,22.4139],[84.6321,22.4286],[84.5018,22.4153],[84.4258,22.352],[84.2892,22.3373],[84.2466,22.3737],[84.1941,22.3718],[84.1359,22.4207],[84.1374,22.4671],[84.0576,22.5102],[84.0025,22.5209],[84.0051,22.5696],[84.0804,22.6366],[84.1499,22.6344],[84.2322,22.6886],[84.2254,22.7352],[84.2853,22.7634],[84.3203,22.8494],[84.376,22.8736],[84.3891,22.9387],[84.3705,22.9751],[84.2786,22.9612],[84.2171,22.9765],[84.179,23.0226],[84.0291,23.1539],[84.0561,23.1964],[84.0505,23.2409],[84.0703,23.33],[84.0434,23.374],[84.0065,23.3528],[83.9669,23.3742],[83.9697,23.4477],[84.0088,23.4996],[84.0203,23.6002],[83.9755,23.6308],[83.9379,23.6224],[83.9353,23.563],[83.7749,23.5995],[83.7147,23.6825],[83.7294,23.7547],[83.6954,23.8207],[83.5812,23.8619],[83.5494,23.8928],[83.5124,23.967],[83.5096,24.0254],[83.4476,24.0425],[83.4254,24.0838],[83.3236,24.1013],[83.349,24.1264],[83.4019,24.266],[83.3756,24.3134],[83.4343,24.3475],[83.4299,24.4038],[83.3814,24.4557],[83.393,24.5012],[83.4982,24.5271]]]},"properties":{"ID_0":105,"ISO":"IND","NAME_0":"India","ID_1":16,"NAME_1":"Jharkhand","NL_NAME_1":null,"VARNAME_1":"Vananchal","TYPE_1":"State","ENGTYPE_1":"State"}},{"type":"Feature","geometry":{"type":"Polygon","coordinates":[[[74.0974,14.8957],[74.1334,14.9159],[74.1394,14.9205],[74.1866,14.9534],[74.2417,14.9465],[74.3023,15.0399],[74.2811,15.1018],[74.3219,15.1841],[74.2766,15.2744],[74.3417,15.2929],[74.3284,15.3673],[74.29,15.3812],[74.2825,15.4431],[74.2563,15.4895],[74.2873,15.526],[74.2543,15.5658],[74.2553,15.6542],[74.126,15.6503],[74.1349,15.7222],[74.1677,15.7493],[74.2922,15.7393],[74.3649,15.7737],[74.3874,15.8471],[74.37,15.8757],[74.4352,15.9512],[74.468,16.0467],[74.3901,16.0351],[74.371,16.0596],[74.4346,16.1106],[74.4891,16.0873],[74.5083,16.2229],[74.4841,16.2467],[74.4225,16.2575],[74.3801,16.2935],[74.3487,16.2915],[74.3237,16.3536],[74.3427,16.4005],[74.3389,16.4522],[74.2948,16.4744],[74.2766,16.5206],[74.3322,16.5537],[74.3854,16.5274],[74.4035,16.5787],[74.4955,16.6277],[74.5514,16.6332],[74.5741,16.552],[74.6943,16.6152],[74.6605,16.6376],[74.779,16.7486],[74.9159,16.7857],[74.912,16.8559],[75.0037,16.9458],[75.0947,16.9212],[75.1718,16.8648],[75.23,16.8409],[75.2828,16.8742],[75.2846,16.9536],[75.3453,16.9525],[75.3948,16.9764],[75.4679,16.9853],[75.493,16.9452],[75.5703,16.9636],[75.645,16.951],[75.6687,16.9832],[75.6811,17.0711],[75.6741,17.1136],[75.6314,17.1601],[75.6639,17.2138],[75.6575,17.2706],[75.606,17.3033],[75.6356,17.4775],[75.6808,17.454],[75.6912,17.4126],[75.737,17.4219],[75.8113,17.3699],[75.822,17.4197],[75.8944,17.4059],[75.8937,17.3536],[75.9312,17.3241],[76.1212,17.3663],[76.1631,17.3409],[76.229,17.3632],[76.2759,17.3305],[76.3817,17.3118],[76.4081,17.3693],[76.362,17.3751],[76.3732,17.4344],[76.35,17.4721],[76.3317,17.5949],[76.4157,17.6042],[76.4287,17.6444],[76.4846,17.6696],[76.4864,17.7135],[76.5237,17.7589],[76.6041,17.7558],[76.6924,17.7053],[76.7394,17.7791],[76.7882,17.8265],[76.7375,17.8571],[76.8538,17.8978],[76.9132,17.9372],[76.9177,18.0332],[76.9521,18.0377],[76.9534,18.1101],[76.9226,18.1161],[76.9541,18.1849],[77.0577,18.1524],[77.0955,18.1951],[77.1395,18.2072],[77.1778,18.2819],[77.2062,18.278],[77.2402,18.4086],[77.3133,18.4394],[77.3644,18.4298],[77.4005,18.3978],[77.3928,18.3405],[77.4078,18.2996],[77.4654,18.26],[77.55,18.2913],[77.5725,18.2406],[77.585,18.2167],[77.57,18.1892],[77.5794,18.1621],[77.5978,18.1518],[77.5975,18.0843],[77.5673,18.0763],[77.5457,18.0538],[77.5531,18.0347],[77.6067,18.018],[77.6534,17.9694],[77.644,17.9464],[77.62,17.9445],[77.6166,17.9029],[77.5852,17.9082],[77.5925,17.8795],[77.5674,17.8661],[77.5543,17.8305],[77.526,17.8268],[77.5045,17.7826],[77.5545,17.7613],[77.562,17.7471],[77.5394,17.7254],[77.4943,17.716],[77.4579,17.699],[77.4456,17.6575],[77.4508,17.6324],[77.4399,17.5815],[77.49,17.5663],[77.5016,17.5409],[77.5274,17.5732],[77.5484,17.5495],[77.5854,17.5584],[77.5917,17.5327],[77.6212,17.5223],[77.6566,17.5213],[77.684,17.4729],[77.6481,17.4812],[77.6109,17.4699],[77.6106,17.4442],[77.5732,17.4542],[77.5726,17.4295],[77.5335,17.441],[77.5101,17.4273],[77.5208,17.3621],[77.4564,17.345],[77.434,17.2883],[77.4545,17.2759],[77.3804,17.2198],[77.36,17.1616],[77.3763,17.1379],[77.4037,17.1232],[77.4626,17.1041],[77.4994,17.0073],[77.4784,16.9902],[77.4792,16.968],[77.4641,16.9527],[77.4677,16.9171],[77.4534,16.909],[77.4604,16.8441],[77.4566,16.8237],[77.4718,16.7963],[77.4673,16.7766],[77.4372,16.7631],[77.4234,16.7145],[77.4688,16.7087],[77.465,16.6783],[77.4166,16.6628],[77.4329,16.6376],[77.4713,16.6435],[77.4539,16.6074],[77.4564,16.581],[77.421,16.5652],[77.4153,16.5178],[77.3812,16.5115],[77.3663,16.4841],[77.3244,16.4809],[77.2515,16.4679],[77.2644,16.4301],[77.2847,16.403],[77.3525,16.3766],[77.3732,16.3799],[77.4117,16.3627],[77.4381,16.3744],[77.4814,16.3778],[77.5189,16.3701],[77.5352,16.3529],[77.5844,16.328],[77.5908,16.312],[77.5244,16.2698],[77.5012,16.2678],[77.4876,16.2498],[77.4949,16.1871],[77.4836,16.1586],[77.4867,16.1158],[77.5029,16.0732],[77.4907,16.0306],[77.5101,16.0023],[77.5149,15.9632],[77.5095,15.9209],[77.467,15.9276],[77.4264,15.9423],[77.3762,15.9333],[77.3536,15.9437],[77.2824,15.9474],[77.2489,15.9577],[77.1806,15.9501],[77.1434,15.9406],[77.0768,15.9097],[77.0332,15.8531],[77.0639,15.8232],[77.0625,15.7784],[77.0467,15.7513],[77.0471,15.725],[77.0763,15.7214],[77.0759,15.6909],[77.125,15.6591],[77.1162,15.6251],[77.0814,15.6528],[77.0271,15.6293],[77.0237,15.5764],[77.0266,15.5],[76.9704,15.4909],[77.0061,15.4482],[77.0274,15.4352],[77.0285,15.4013],[77.0438,15.3837],[77.038,15.3588],[77.0629,15.3379],[77.0691,15.3195],[77.1097,15.3273],[77.1154,15.2899],[77.1479,15.2857],[77.1414,15.2181],[77.1645,15.1685],[77.1528,15.1316],[77.1477,15.1073],[77.1255,15.0682],[77.1096,15.0286],[77.0821,15.0223],[77.0788,15],[77.041,15.0055],[77.0469,15.0292],[77.0007,15.0296],[76.9668,15.0132],[76.9507,15.0244],[76.9135,15.031],[76.8767,15.0287],[76.8606,15.0567],[76.7969,15.0908],[76.7726,15.0651],[76.7846,15.0167],[76.757,14.983],[76.7638,14.9699],[76.8412,14.9612],[76.8645,14.964],[76.8603,14.8912],[76.8401,14.83],[76.8338,14.7849],[76.7803,14.7793],[76.7981,14.7346],[76.7713,14.6738],[76.7609,14.5963],[76.7782,14.5793],[76.7997,14.5277],[76.8439,14.5091],[76.8638,14.4747],[76.9065,14.4842],[76.9734,14.4783],[76.9586,14.4454],[76.9438,14.4451],[76.9416,14.3995],[76.9131,14.4136],[76.8831,14.3903],[76.899,14.3192],[76.9429,14.3054],[76.9438,14.2817],[76.9249,14.2722],[76.9378,14.2401],[77.0041,14.2316],[77.0496,14.2395],[77.0753,14.2093],[77.1099,14.2215],[77.1119,14.2875],[77.1319,14.3306],[77.1522,14.3377],[77.1964,14.3143],[77.2451,14.3145],[77.2811,14.3311],[77.2796,14.2761],[77.3593,14.2693],[77.3554,14.23],[77.3766,14.2167],[77.3838,14.1918],[77.4149,14.2032],[77.401,14.2604],[77.375,14.2952],[77.3949,14.3292],[77.4423,14.3098],[77.4436,14.2776],[77.4791,14.2837],[77.4994,14.2605],[77.4901,14.2276],[77.5104,14.172],[77.5004,14.151],[77.4633,14.1642],[77.3897,14.1653],[77.3767,14.1296],[77.3477,14.1243],[77.3525,14.1054],[77.3897,14.1186],[77.3954,14.1034],[77.3724,14.0719],[77.338,14.0538],[77.3262,14.0229],[77.3834,14.0074],[77.3865,13.974],[77.4205,13.9769],[77.4287,13.9433],[77.4077,13.9361],[77.419,13.8949],[77.3483,13.8965],[77.3626,13.9423],[77.3437,13.9509],[77.3538,13.9823],[77.3335,13.9881],[77.3135,14.0248],[77.2785,14.0069],[77.2715,14.0281],[77.2426,14.0063],[77.1946,14.0029],[77.1714,14.0086],[77.1544,13.9906],[77.1343,13.9981],[77.1211,14.0422],[77.0908,14.0383],[77.0237,14.0533],[77.024,14.0834],[77.0104,14.092],[77.0198,14.1727],[76.9585,14.1755],[76.9172,14.1577],[76.8914,14.159],[76.8837,14.131],[76.9429,14.1119],[76.9681,14.0797],[76.9715,14.0524],[76.938,14.0476],[76.9311,14.0227],[76.9944,13.9815],[76.989,13.9567],[77.0358,13.9256],[77.0413,13.8974],[77.0173,13.8934],[77.006,13.8501],[76.9688,13.8102],[76.9926,13.7426],[77.0352,13.7693],[77.06,13.7389],[77.0953,13.7609],[77.1235,13.7509],[77.1666,13.7547],[77.1713,13.772],[77.1541,13.8006],[77.1619,13.8155],[77.1394,13.859],[77.1649,13.8662],[77.1559,13.8998],[77.1822,13.9013],[77.1751,13.8614],[77.1927,13.8562],[77.2255,13.8955],[77.2401,13.8941],[77.2504,13.8395],[77.3069,13.8572],[77.32,13.8258],[77.3522,13.8444],[77.3729,13.8313],[77.4247,13.8267],[77.4087,13.7993],[77.4508,13.7855],[77.4626,13.7436],[77.4448,13.6958],[77.4765,13.6776],[77.4797,13.7032],[77.5278,13.707],[77.5197,13.7438],[77.5395,13.7437],[77.5481,13.7204],[77.5815,13.7306],[77.6143,13.7603],[77.6702,13.7775],[77.6955,13.7614],[77.7284,13.8017],[77.7692,13.8085],[77.7741,13.8317],[77.8028,13.8407],[77.8277,13.8606],[77.8064,13.9176],[77.8142,13.931],[77.8624,13.9268],[77.9116,13.8972],[77.9508,13.9279],[77.9735,13.9242],[77.978,13.8933],[77.9418,13.8711],[77.9658,13.8202],[77.9852,13.8617],[78.0378,13.8528],[78.0412,13.8867],[78.106,13.8535],[78.1173,13.8218],[78.1182,13.7769],[78.0849,13.7335],[78.1094,13.7102],[78.1054,13.6844],[78.0659,13.6645],[78.08,13.6504],[78.1462,13.6497],[78.1605,13.6234],[78.1939,13.6162],[78.1937,13.5949],[78.2497,13.5743],[78.3125,13.5835],[78.3437,13.5778],[78.3803,13.5813],[78.3978,13.5662],[78.3673,13.4952],[78.3626,13.4521],[78.3713,13.391],[78.3552,13.3551],[78.3974,13.3323],[78.3913,13.3037],[78.4291,13.3171],[78.436,13.2984],[78.4702,13.2939],[78.5012,13.2772],[78.5672,13.2718],[78.5775,13.262],[78.5599,13.2334],[78.5533,13.1892],[78.5691,13.1565],[78.5388,13.1516],[78.5354,13.1307],[78.5088,13.1196],[78.5138,13.0847],[78.5046,13.0528],[78.4516,13.0315],[78.4614,12.9791],[78.4579,12.9632],[78.4227,12.9686],[78.4214,12.9235],[78.4358,12.9007],[78.4173,12.889],[78.3884,12.9055],[78.3783,12.8952],[78.3454,12.9281],[78.3272,12.8892],[78.3165,12.8926],[78.3031,12.8472],[78.2626,12.8566],[78.2411,12.8474],[78.2206,12.7526],[78.1207,12.77],[78.0646,12.8302],[78.0222,12.8412],[77.9813,12.8104],[77.9278,12.8505],[77.8256,12.859],[77.7584,12.7293],[77.7502,12.6872],[77.6678,12.6506],[77.6543,12.6742],[77.5903,12.6575],[77.5978,12.621],[77.5701,12.5579],[77.5785,12.507],[77.6252,12.4773],[77.6038,12.3538],[77.5183,12.2695],[77.4702,12.2619],[77.4657,12.2023],[77.5113,12.184],[77.6041,12.1952],[77.7264,12.1673],[77.767,12.1091],[77.6895,12.0099],[77.6637,11.953],[77.5733,11.924],[77.4904,11.9297],[77.4311,11.7717],[77.3552,11.7784],[77.3261,11.7589],[77.2848,11.7984],[77.2417,11.8025],[77.1139,11.7618],[77.0759,11.7239],[77.0413,11.7776],[77.0044,11.803],[76.9444,11.7813],[76.8997,11.7833],[76.8809,11.7246],[76.83,11.649],[76.8509,11.6018],[76.7514,11.6067],[76.6079,11.6004],[76.5536,11.6129],[76.5404,11.6705],[76.5042,11.698],[76.4514,11.6551],[76.4235,11.6593],[76.4022,11.6831],[76.4044,11.7499],[76.335,11.7306],[76.2751,11.8008],[76.2185,11.8],[76.184,11.8638],[76.1081,11.8512],[76.1079,11.9706],[76.0296,11.9328],[75.9763,11.925],[75.8767,11.9407],[75.8244,11.9843],[75.7953,12.0742],[75.6624,12.0912],[75.6368,12.1404],[75.5768,12.1508],[75.4827,12.2862],[75.4307,12.292],[75.4214,12.3619],[75.3656,12.407],[75.4243,12.4663],[75.4145,12.4967],[75.3348,12.4902],[75.2811,12.5181],[75.2709,12.5535],[75.214,12.5734],[75.2014,12.6251],[75.1613,12.6641],[75.1127,12.6759],[75.0478,12.6601],[75.0497,12.7147],[75.0031,12.7137],[75.0053,12.7855],[74.8671,12.7545],[74.8213,12.8529],[74.7579,13.1507],[74.7143,13.3346],[74.6982,13.3526],[74.6943,13.454],[74.6618,13.6554],[74.6507,13.6676],[74.6093,13.8621],[74.5668,13.949],[74.5146,13.9862],[74.4743,14.1688],[74.4532,14.2015],[74.4132,14.3174],[74.3926,14.4188],[74.354,14.5212],[74.3112,14.5518],[74.2735,14.6271],[74.2818,14.6779],[74.2496,14.7396],[74.1935,14.7351],[74.1101,14.7846],[74.1246,14.8374],[74.0974,14.8957]]]},"properties":{"ID_0":105,"ISO":"IND","NAME_0":"India","ID_1":17,"NAME_1":"Karnataka","NL_NAME_1":null,"VARNAME_1":"Maisur|Mysore","TYPE_1":"State","ENGTYPE_1":"State"}},{"type":"Feature","geometry":{"type":"Polygon","coordinates":[[[74.8671,12.7545],[75.0053,12.7855],[75.0031,12.7137],[75.0497,12.7147],[75.0478,12.6601],[75.1127,12.6759],[75.1613,12.6641],[75.2014,12.6251],[75.214,12.5734],[75.2709,12.5535],[75.2811,12.5181],[75.3348,12.4902],[75.4145,12.4967],[75.4243,12.4663],[75.3656,12.407],[75.4214,12.3619],[75.4307,12.292],[75.4827,12.2862],[75.5768,12.1508],[75.6368,12.1404],[75.6624,12.0912],[75.7953,12.0742],[75.8244,11.9843],[75.8767,11.9407],[75.9763,11.925],[76.0296,11.9328],[76.1079,11.9706],[76.1081,11.8512],[76.184,11.8638],[76.2185,11.8],[76.2751,11.8008],[76.335,11.7306],[76.4044,11.7499],[76.4022,11.6831],[76.4235,11.6593],[76.4213,11.6251],[76.2979,11.5643],[76.271,11.5929],[76.2257,11.5644],[76.2579,11.4732],[76.3209,11.4447],[76.3615,11.448],[76.4484,11.3814],[76.5382,11.3516],[76.5135,11.262],[76.4464,11.2305],[76.4429,11.2001],[76.623,11.1857],[76.697,11.2313],[76.7265,11.2065],[76.686,11.1577],[76.7406,11.1099],[76.7345,11.0639],[76.6904,11.0175],[76.6528,10.92],[76.7327,10.881],[76.8176,10.8618],[76.86,10.7998],[76.8975,10.7708],[76.875,10.7067],[76.8726,10.6294],[76.805,10.6263],[76.8297,10.5851],[76.8175,10.4385],[76.8073,10.4149],[76.8393,10.3597],[76.8197,10.2952],[76.8621,10.2825],[76.8923,10.2327],[76.9815,10.2199],[77.0386,10.2482],[77.0461,10.2743],[77.163,10.3463],[77.2222,10.3403],[77.2145,10.3058],[77.2505,10.2538],[77.261,10.1287],[77.1881,10.0957],[77.2489,10.0158],[77.2614,9.9637],[77.2219,9.9228],[77.1991,9.866],[77.2237,9.843],[77.2082,9.7217],[77.1657,9.6482],[77.2228,9.5728],[77.2611,9.5667],[77.3043,9.593],[77.3962,9.4965],[77.3722,9.4453],[77.3217,9.4057],[77.3206,9.3511],[77.2668,9.2909],[77.2518,9.143],[77.1959,9.0884],[77.1802,9.0448],[77.1322,9.0119],[77.247,8.8319],[77.1765,8.735],[77.1985,8.6411],[77.2283,8.6129],[77.2652,8.5374],[77.2475,8.5014],[77.1909,8.4882],[77.1887,8.4347],[77.1537,8.3774],[77.1498,8.3219],[77.0907,8.2975],[76.9788,8.3815],[76.9632,8.4174],[76.7046,8.7343],[76.6193,8.8504],[76.5413,8.9154],[76.5185,9.0179],[76.3518,9.3779],[76.3288,9.4485],[76.3004,9.5863],[76.2838,9.7501],[76.2607,9.8782],[76.2885,9.8912],[76.3374,9.8649],[76.3718,9.7415],[76.3654,9.6963],[76.3907,9.6582],[76.3671,9.611],[76.3571,9.5254],[76.4179,9.5596],[76.4299,9.6121],[76.4026,9.6474],[76.4137,9.6968],[76.369,9.7943],[76.3863,9.8407],[76.354,9.9107],[76.3193,9.889],[76.2701,9.9896],[76.224,9.9771],[76.1821,10.1307],[76.1132,10.3426],[76.0796,10.4276],[75.9996,10.589],[75.9101,10.7924],[75.8768,10.944],[75.8332,11.1049],[75.8024,11.1632],[75.7374,11.3485],[75.6813,11.4499],[75.6179,11.4888],[75.5299,11.7046],[75.3007,11.9399],[75.2907,11.9863],[75.3117,12.0493],[75.2974,12.0637],[75.3922,12.1263],[75.3352,12.144],[75.2778,12.1018],[75.2211,12.101],[75.2307,12.0241],[75.1868,12.0371],[75.1712,12.1151],[75.1179,12.2057],[75.0451,12.379],[74.9735,12.4987],[74.8671,12.7545]]]},"properties":{"ID_0":105,"ISO":"IND","NAME_0":"India","ID_1":18,"NAME_1":"Kerala","NL_NAME_1":null,"VARNAME_1":null,"TYPE_1":"State","ENGTYPE_1":"State"}},{"type":"Feature","geometry":{"type":"Polygon","coordinates":[[[73.081,8.3276],[73.069,8.3079],[73.0671,8.2857],[73.0493,8.2668],[73.0685,8.3093],[73.081,8.3276]]]},"properties":{"ID_0":105,"ISO":"IND","NAME_0":"India","ID_1":19,"NAME_1":"Lakshadweep","NL_NAME_1":null,"VARNAME_1":"les Laquedives|Laccadive|Minicoy and Amindivi Islands|Laccadives|Lackadiverna|Lakkadiven|Lakkadi","TYPE_1":"Union Territor","ENGTYPE_1":"Union Territory"}},{"type":"Feature","geometry":{"type":"Polygon","coordinates":[[[82.8078,23.9631],[82.7481,23.9223],[82.6547,23.9063],[82.6295,23.839],[82.5445,23.7942],[82.4851,23.7884],[82.4635,23.8108],[82.3882,23.8014],[82.2976,23.8082],[82.1993,23.8319],[82.1341,23.8182],[82.0454,23.8206],[82.0007,23.8631],[81.8941,23.8441],[81.8117,23.8095],[81.7726,23.8142],[81.7027,23.8634],[81.6616,23.9256],[81.6076,23.9033],[81.5984,23.8537],[81.6426,23.8046],[81.6384,23.7779],[81.6873,23.7213],[81.6431,23.6603],[81.6132,23.661],[81.6052,23.5109],[81.6931,23.5233],[81.7292,23.5651],[81.7976,23.5488],[81.8272,23.5113],[81.9164,23.5321],[81.9489,23.4967],[81.9705,23.4239],[82.0232,23.3838],[82.0985,23.3977],[82.1875,23.3222],[82.1895,23.2846],[82.1425,23.2277],[82.1511,23.1417],[82.1159,23.1038],[82.0671,23.1168],[82.0283,23.0817],[81.9381,23.0778],[81.9184,23.041],[81.9402,22.9571],[81.8611,22.8939],[81.7694,22.8735],[81.7609,22.8343],[81.7843,22.7666],[81.7466,22.7265],[81.766,22.6761],[81.6786,22.6489],[81.6414,22.6075],[81.6494,22.5761],[81.609,22.5364],[81.5631,22.551],[81.5154,22.5368],[81.4799,22.4933],[81.4462,22.4959],[81.3889,22.4448],[81.3787,22.5053],[81.3229,22.5243],[81.2236,22.4516],[81.1707,22.488],[81.11,22.4411],[81.1009,22.3832],[81.1138,22.2944],[81.0847,22.2467],[81.0194,22.2292],[81.0258,22.1977],[80.9992,22.0615],[80.9634,22.0584],[80.9505,22.113],[80.9172,22.1209],[80.879,22.0606],[80.8334,21.9466],[80.8396,21.8754],[80.8112,21.7475],[80.7401,21.7565],[80.7074,21.6716],[80.7094,21.604],[80.7307,21.5387],[80.7302,21.4721],[80.6565,21.3308],[80.5932,21.3248],[80.5194,21.3896],[80.4483,21.4023],[80.4113,21.4382],[80.3706,21.521],[80.2954,21.5755],[80.2602,21.6201],[80.1882,21.6342],[80.1186,21.6089],[80.0636,21.5546],[79.9272,21.5537],[79.9158,21.5245],[79.8571,21.5309],[79.7918,21.5814],[79.7326,21.6025],[79.6506,21.5588],[79.5761,21.5434],[79.5058,21.5903],[79.4886,21.6741],[79.4114,21.691],[79.3947,21.6746],[79.2848,21.6939],[79.2348,21.7152],[79.2166,21.6502],[79.1478,21.6605],[79.1041,21.6094],[79.0096,21.6015],[78.9748,21.6176],[78.9127,21.5631],[78.9318,21.4874],[78.761,21.4898],[78.7242,21.4644],[78.6841,21.482],[78.621,21.4775],[78.5086,21.5284],[78.4386,21.5038],[78.4226,21.6019],[78.361,21.5783],[78.1809,21.5587],[78.1693,21.4985],[78.0637,21.4389],[77.899,21.3784],[77.7994,21.4123],[77.7934,21.3907],[77.67,21.3729],[77.6459,21.3934],[77.487,21.3778],[77.4693,21.4569],[77.4383,21.4729],[77.4235,21.5426],[77.5044,21.5547],[77.567,21.5298],[77.5722,21.5877],[77.5586,21.6687],[77.4969,21.7492],[77.2771,21.7598],[77.258,21.7158],[77.2074,21.694],[77.1211,21.7253],[77.069,21.7218],[76.9973,21.6816],[76.8917,21.6007],[76.8521,21.615],[76.7953,21.5975],[76.7629,21.5226],[76.7918,21.4899],[76.7321,21.4088],[76.6258,21.3297],[76.6611,21.2824],[76.6234,21.1927],[76.5594,21.2058],[76.4912,21.1978],[76.4527,21.1149],[76.3764,21.0773],[76.2818,21.0753],[76.2692,21.093],[76.1839,21.09],[76.1357,21.1262],[76.1668,21.1707],[76.1592,21.2591],[76.0987,21.3739],[76.0524,21.3527],[75.9687,21.394],[75.8881,21.3996],[75.8326,21.3833],[75.6194,21.3935],[75.5481,21.3725],[75.4684,21.3942],[75.3845,21.3856],[75.2199,21.4109],[75.1298,21.4493],[75.0536,21.5672],[74.8663,21.6311],[74.8252,21.6102],[74.724,21.624],[74.6564,21.6543],[74.589,21.6653],[74.551,21.7194],[74.5114,21.7285],[74.5036,21.8072],[74.5275,21.9088],[74.4934,21.9545],[74.4517,21.9675],[74.4355,22.031],[74.3883,22.0202],[74.2923,21.9373],[74.2006,21.9256],[74.146,21.9541],[74.1538,21.9864],[74.1003,22.0016],[74.1378,22.0535],[74.1228,22.2129],[74.0758,22.2219],[74.0592,22.2857],[74.072,22.3602],[74.112,22.3716],[74.1343,22.3323],[74.1983,22.343],[74.2739,22.393],[74.2373,22.4393],[74.1051,22.4334],[74.0853,22.5085],[74.2138,22.5674],[74.2367,22.6139],[74.2782,22.6477],[74.3842,22.6436],[74.4031,22.7307],[74.4649,22.8151],[74.4789,22.8586],[74.4628,22.9135],[74.3816,22.9099],[74.3416,22.9647],[74.3708,22.9801],[74.3228,23.0627],[74.3912,23.112],[74.4672,23.0853],[74.5354,23.1015],[74.5457,23.1321],[74.6081,23.1448],[74.6692,23.2015],[74.7457,23.2121],[74.7011,23.2721],[74.6321,23.2634],[74.6153,23.2846],[74.5486,23.2868],[74.5337,23.323],[74.5724,23.3833],[74.5731,23.4192],[74.6134,23.4614],[74.7424,23.5195],[74.8515,23.5574],[74.8861,23.6064],[74.9397,23.6304],[74.9242,23.6685],[74.9406,23.7349],[74.9052,23.8681],[74.9146,23.9125],[74.993,24.0297],[74.9595,24.1101],[74.9003,24.1743],[74.9059,24.2337],[74.8754,24.278],[74.7725,24.272],[74.7846,24.3674],[74.8575,24.4515],[74.8145,24.4922],[74.7573,24.4888],[74.748,24.5968],[74.8171,24.6717],[74.7761,24.6861],[74.8185,24.7653],[74.8734,24.6695],[74.9439,24.6623],[74.9999,24.7085],[75.0129,24.7938],[74.9052,24.7975],[74.8586,24.8131],[74.8271,24.8991],[74.8672,24.9369],[74.9448,24.8779],[75.0434,24.8592],[75.1189,24.889],[75.1157,24.9654],[75.1644,24.9917],[75.1547,25.0289],[75.3105,25.0461],[75.3375,24.9631],[75.326,24.887],[75.4171,24.8639],[75.3005,24.8152],[75.2417,24.8609],[75.1923,24.7887],[75.2284,24.7351],[75.4519,24.6932],[75.5819,24.7227],[75.6133,24.6884],[75.7418,24.7604],[75.7862,24.7655],[75.8388,24.7299],[75.8525,24.6143],[75.9111,24.5771],[75.925,24.5383],[75.9034,24.4461],[75.829,24.4225],[75.7861,24.4584],[75.7358,24.4034],[75.7379,24.348],[75.7651,24.3107],[75.813,24.3007],[75.8053,24.2297],[75.7735,24.2209],[75.7435,24.1396],[75.8295,24.072],[75.7796,24.0621],[75.762,23.998],[75.7004,23.9691],[75.6692,24.0335],[75.6347,23.9998],[75.5144,24.0487],[75.4648,23.9807],[75.4565,23.9207],[75.5625,23.8581],[75.5825,23.8004],[75.6493,23.7994],[75.7222,23.8269],[75.7282,23.9021],[75.7799,23.8547],[75.8534,23.8942],[75.8786,23.8846],[75.9758,23.9329],[75.9602,24.0254],[76.0434,24.074],[76.1347,24.0953],[76.1234,24.2054],[76.1947,24.2848],[76.2062,24.2327],[76.2764,24.2165],[76.3179,24.2511],[76.353,24.2489],[76.4118,24.2096],[76.4634,24.2289],[76.5084,24.2002],[76.5232,24.1632],[76.5797,24.1807],[76.5715,24.2135],[76.6163,24.2628],[76.6787,24.2706],[76.7025,24.2488],[76.6742,24.1934],[76.7207,24.1617],[76.7689,24.1647],[76.7909,24.1258],[76.8999,24.1311],[76.9161,24.1887],[76.9439,24.1989],[76.8742,24.2711],[76.837,24.3607],[76.8513,24.4691],[76.8146,24.5344],[76.846,24.551],[76.9184,24.5356],[76.9146,24.4877],[76.9602,24.4602],[77.0503,24.5265],[77.0643,24.5641],[77.0595,24.6424],[77.0192,24.715],[76.8467,24.77],[76.8023,24.8266],[76.895,24.8395],[76.9489,24.8729],[76.8721,24.9546],[76.8693,25.0111],[76.9687,25.0559],[76.9837,25.0776],[77.0772,25.058],[77.1577,25.0883],[77.1696,25.1137],[77.2623,25.1193],[77.3029,25.0839],[77.3867,25.122],[77.4064,25.2263],[77.3497,25.2718],[77.3748,25.3059],[77.3443,25.3879],[77.3053,25.4364],[77.2203,25.3734],[77.218,25.3313],[77.1536,25.3132],[77.0755,25.3397],[77.0242,25.3011],[76.9587,25.2972],[76.843,25.3305],[76.7728,25.3159],[76.7404,25.3478],[76.6811,25.3455],[76.6025,25.389],[76.589,25.4315],[76.5203,25.5299],[76.5108,25.6728],[76.4824,25.7181],[76.5266,25.731],[76.5293,25.798],[76.5975,25.8765],[76.6414,25.9063],[76.7333,25.9025],[76.7948,25.9442],[76.8878,26.0933],[76.9945,26.1378],[77.0239,26.1762],[77.0964,26.1954],[77.1136,26.2314],[77.1945,26.236],[77.267,26.2762],[77.318,26.3464],[77.3662,26.3715],[77.4324,26.365],[77.4277,26.4069],[77.5229,26.4149],[77.5991,26.4542],[77.671,26.5097],[77.727,26.5154],[77.7394,26.5427],[77.813,26.5548],[77.8204,26.5998],[77.8794,26.6203],[77.9036,26.6662],[77.9399,26.6627],[77.9922,26.7026],[78.0881,26.6867],[78.0954,26.7894],[78.1794,26.8012],[78.2098,26.8361],[78.2556,26.8203],[78.2821,26.8641],[78.3625,26.8713],[78.3856,26.8279],[78.4259,26.8323],[78.4581,26.7952],[78.5658,26.7577],[78.6774,26.7924],[78.7411,26.7925],[78.8114,26.7655],[78.8649,26.7047],[78.9039,26.7134],[78.9839,26.6857],[79.0057,26.6105],[78.998,26.5509],[79.0609,26.5033],[79.0471,26.4614],[79.1268,26.4448],[79.0807,26.4055],[79.1166,26.3536],[79.0579,26.2838],[79.0406,26.2293],[79.0023,26.1968],[79.0007,26.155],[78.9444,26.1375],[79.0032,26.0818],[78.9443,26.037],[78.9432,25.9907],[78.8158,25.8311],[78.7607,25.7208],[78.8113,25.6745],[78.7945,25.6175],[78.677,25.5941],[78.6486,25.5656],[78.5812,25.5643],[78.4811,25.5804],[78.4087,25.5329],[78.4216,25.4797],[78.3352,25.4311],[78.2942,25.3676],[78.3313,25.3367],[78.3552,25.25],[78.3854,25.1952],[78.442,25.1574],[78.3252,25.0841],[78.3275,24.9996],[78.1704,24.8853],[78.2258,24.7766],[78.2263,24.7362],[78.268,24.6696],[78.2553,24.5523],[78.2242,24.5413],[78.2669,24.4474],[78.3626,24.3782],[78.3266,24.3385],[78.3857,24.2731],[78.4348,24.2977],[78.4999,24.3943],[78.5784,24.3571],[78.6173,24.2961],[78.6989,24.2345],[78.7605,24.2339],[78.7846,24.1851],[78.8811,24.2289],[78.9078,24.3012],[78.9649,24.3504],[78.9878,24.428],[78.9431,24.4849],[78.9455,24.5533],[78.8817,24.6397],[78.8308,24.6089],[78.752,24.6025],[78.7401,24.66],[78.7724,24.7041],[78.7645,24.8614],[78.6684,24.9024],[78.6249,24.9619],[78.6419,25.0615],[78.5972,25.0979],[78.5937,25.1574],[78.5615,25.2274],[78.5686,25.2586],[78.5209,25.288],[78.5336,25.3309],[78.5762,25.3519],[78.6035,25.4171],[78.6892,25.4454],[78.6579,25.388],[78.7644,25.3584],[78.7654,25.43],[78.7246,25.4633],[78.876,25.5243],[78.9419,25.5312],[78.9291,25.4283],[78.9484,25.37],[78.8747,25.3877],[78.7933,25.2931],[78.8351,25.2332],[78.8852,25.3467],[78.9312,25.3324],[78.9703,25.2911],[78.9086,25.2744],[78.8674,25.19],[78.8934,25.1732],[78.9528,25.2207],[78.9868,25.275],[79.0265,25.2347],[79.0246,25.1866],[79.0906,25.1762],[79.1334,25.1111],[79.1979,25.1282],[79.2765,25.1203],[79.3145,25.1519],[79.278,25.2106],[79.3411,25.2305],[79.2601,25.3102],[79.2947,25.3402],[79.4019,25.2793],[79.4424,25.221],[79.3839,25.1703],[79.3893,25.1206],[79.4899,25.0828],[79.5503,25.1694],[79.6662,25.1271],[79.7396,25.143],[79.8272,25.1001],[79.8606,25.1561],[79.8452,25.2366],[79.9973,25.2701],[80.0207,25.3432],[80.0833,25.3558],[80.1271,25.3406],[80.1888,25.4064],[80.3091,25.3918],[80.3027,25.297],[80.4017,25.221],[80.4237,25.1741],[80.3486,25.1407],[80.2669,25.0302],[80.3141,25.0035],[80.3678,25.0254],[80.4099,25.0767],[80.4702,25.0447],[80.5787,25.0883],[80.5946,25.1552],[80.6736,25.0542],[80.7509,25.1417],[80.8186,25.1306],[80.8695,25.1887],[80.9056,25.1645],[80.865,25.1236],[80.8707,25.0711],[80.8291,25.03],[80.8503,25.0031],[80.8022,24.9445],[80.8566,24.936],[80.9368,24.9725],[80.9529,24.9394],[81.0764,24.9523],[81.1282,24.8936],[81.1614,24.9585],[81.2616,25.0685],[81.2457,25.1055],[81.2686,25.1652],[81.3494,25.1674],[81.389,25.1243],[81.4837,25.0749],[81.492,25.1488],[81.5664,25.1957],[81.5921,25.1364],[81.6468,25.075],[81.7164,25.053],[81.7917,25.01],[81.8294,25.0193],[81.9016,24.9828],[81.9027,24.8841],[81.965,24.8414],[82.0049,24.8507],[82.0819,24.8221],[82.1122,24.7923],[82.2087,24.7978],[82.2384,24.7544],[82.243,24.7018],[82.2919,24.6648],[82.2984,24.628],[82.4092,24.5978],[82.4016,24.6838],[82.4202,24.7053],[82.5293,24.652],[82.6656,24.6999],[82.6917,24.6486],[82.7658,24.6416],[82.7964,24.5998],[82.8008,24.5527],[82.7161,24.5571],[82.7257,24.4263],[82.7072,24.3852],[82.7606,24.373],[82.7641,24.2924],[82.727,24.2233],[82.7204,24.139],[82.6574,24.1348],[82.7084,24.0808],[82.7549,24.0732],[82.7459,24.0131],[82.8015,24.0011],[82.8078,23.9631]]]},"properties":{"ID_0":105,"ISO":"IND","NAME_0":"India","ID_1":20,"NAME_1":"Madhya Pradesh","NL_NAME_1":null,"VARNAME_1":null,"TYPE_1":"State","ENGTYPE_1":"State"}},{"type":"Feature","geometry":{"type":"Polygon","coordinates":[[[80.6565,21.3308],[80.6727,21.3113],[80.6387,21.2548],[80.5612,21.2058],[80.4573,21.1728],[80.4352,21.099],[80.4485,21.0496],[80.4238,21.0096],[80.4591,20.9282],[80.5352,20.9313],[80.5559,20.8197],[80.5433,20.7918],[80.5783,20.6788],[80.5189,20.6618],[80.4816,20.6171],[80.5195,20.5847],[80.5787,20.6141],[80.6129,20.5906],[80.6034,20.4333],[80.586,20.392],[80.6167,20.3257],[80.542,20.3068],[80.5108,20.2696],[80.4565,20.2689],[80.383,20.2417],[80.4513,20.1449],[80.5236,20.1245],[80.5462,20.0657],[80.5442,19.9815],[80.5204,19.9309],[80.4437,19.9527],[80.4027,19.9096],[80.4898,19.8937],[80.4603,19.828],[80.5178,19.8289],[80.5397,19.7746],[80.5821,19.7381],[80.6658,19.6922],[80.662,19.6087],[80.721,19.6084],[80.7852,19.5604],[80.8196,19.5654],[80.8791,19.519],[80.8921,19.4657],[80.8675,19.4435],[80.7879,19.4267],[80.8391,19.3552],[80.7492,19.2867],[80.6836,19.2869],[80.6644,19.3266],[80.6039,19.3118],[80.5839,19.3772],[80.5593,19.3976],[80.5138,19.3482],[80.4705,19.3289],[80.4454,19.2699],[80.3885,19.2433],[80.3811,19.1807],[80.3455,19.1629],[80.3315,19.1011],[80.2677,18.9873],[80.2641,18.9405],[80.3357,18.8561],[80.3462,18.8111],[80.2408,18.7487],[80.2675,18.718],[80.2467,18.7013],[80.2019,18.6974],[80.189,18.6756],[80.1581,18.6959],[80.1066,18.6775],[80.0821,18.7024],[80.0464,18.7209],[80.0124,18.7668],[79.932,18.7844],[79.894,18.8308],[79.9255,18.8375],[79.939,18.8589],[79.9409,18.9377],[79.9345,19.0217],[79.926,19.0425],[79.8908,19.0455],[79.871,19.0355],[79.8611,19.0599],[79.858,19.1041],[79.8712,19.1227],[79.906,19.1418],[79.9424,19.1759],[79.9225,19.2034],[79.9202,19.2264],[79.9452,19.2841],[79.9618,19.2975],[79.9572,19.3346],[79.9731,19.401],[79.9458,19.4408],[79.945,19.4588],[79.911,19.4923],[79.8782,19.5007],[79.8282,19.537],[79.8166,19.569],[79.7854,19.5936],[79.7403,19.6031],[79.7129,19.5833],[79.6397,19.575],[79.6214,19.5651],[79.6009,19.508],[79.5656,19.5109],[79.5427,19.5485],[79.515,19.542],[79.5134,19.5181],[79.4704,19.4975],[79.4413,19.5335],[79.4136,19.5335],[79.3712,19.5615],[79.3409,19.5738],[79.3143,19.5655],[79.3048,19.5902],[79.2552,19.6112],[79.2366,19.5268],[79.2157,19.5106],[79.2088,19.4848],[79.2187,19.4645],[79.189,19.4587],[79.1691,19.4678],[79.1403,19.5011],[79.1029,19.528],[79.0634,19.5313],[79.0515,19.5453],[79.0184,19.54],[78.9779,19.5799],[78.9629,19.6173],[78.969,19.6492],[78.9436,19.6651],[78.9159,19.6677],[78.891,19.6553],[78.8588,19.6563],[78.8635,19.6968],[78.8443,19.759],[78.8076,19.758],[78.7849,19.7787],[78.7383,19.7794],[78.7164,19.7668],[78.7018,19.7856],[78.6193,19.8087],[78.5263,19.8217],[78.4939,19.7931],[78.4762,19.8164],[78.4287,19.8231],[78.3977,19.8364],[78.3841,19.8792],[78.3363,19.8832],[78.3102,19.9127],[78.2941,19.8496],[78.339,19.8392],[78.3392,19.8135],[78.3605,19.8057],[78.3677,19.7811],[78.3454,19.7344],[78.3453,19.7136],[78.3161,19.6906],[78.2858,19.6897],[78.2876,19.6545],[78.311,19.6042],[78.3111,19.5718],[78.2965,19.5584],[78.2994,19.5041],[78.312,19.4659],[78.2973,19.4488],[78.252,19.43],[78.2243,19.434],[78.1876,19.3956],[78.1796,19.353],[78.1972,19.3317],[78.1832,19.279],[78.1833,19.2415],[78.1497,19.2301],[78.1267,19.2464],[78.0823,19.2548],[78.0576,19.2397],[78.0457,19.2709],[78.0116,19.3011],[77.9855,19.309],[77.9489,19.3413],[77.9123,19.318],[77.8609,19.3021],[77.8619,19.2841],[77.9007,19.2771],[77.8681,19.2461],[77.8445,19.1882],[77.8492,19.1553],[77.8339,19.1327],[77.8452,19.1142],[77.8422,19.0868],[77.8152,19.1037],[77.8002,19.0989],[77.7972,19.0513],[77.7617,19.062],[77.7574,19.0286],[77.7674,18.9814],[77.8171,18.9824],[77.8127,18.9495],[77.8537,18.9523],[77.8405,18.9113],[77.8816,18.9085],[77.8992,18.8679],[77.9441,18.8423],[77.9426,18.8223],[77.9076,18.8295],[77.8375,18.8075],[77.8232,18.7685],[77.7865,18.6943],[77.7495,18.6898],[77.7329,18.676],[77.7297,18.6427],[77.743,18.6214],[77.7472,18.5891],[77.7279,18.5515],[77.7124,18.5544],[77.6576,18.5272],[77.6405,18.5539],[77.5973,18.5475],[77.5706,18.4669],[77.5826,18.4431],[77.5552,18.4179],[77.5493,18.3877],[77.5214,18.3647],[77.5273,18.3394],[77.5534,18.3312],[77.5702,18.3082],[77.55,18.2913],[77.4654,18.26],[77.4078,18.2996],[77.3928,18.3405],[77.4005,18.3978],[77.3644,18.4298],[77.3133,18.4394],[77.2402,18.4086],[77.2062,18.278],[77.1778,18.2819],[77.1395,18.2072],[77.0955,18.1951],[77.0577,18.1524],[76.9541,18.1849],[76.9226,18.1161],[76.9534,18.1101],[76.9521,18.0377],[76.9177,18.0332],[76.9132,17.9372],[76.8538,17.8978],[76.7375,17.8571],[76.7882,17.8265],[76.7394,17.7791],[76.6924,17.7053],[76.6041,17.7558],[76.5237,17.7589],[76.4864,17.7135],[76.4846,17.6696],[76.4287,17.6444],[76.4157,17.6042],[76.3317,17.5949],[76.35,17.4721],[76.3732,17.4344],[76.362,17.3751],[76.4081,17.3693],[76.3817,17.3118],[76.2759,17.3305],[76.229,17.3632],[76.1631,17.3409],[76.1212,17.3663],[75.9312,17.3241],[75.8937,17.3536],[75.8944,17.4059],[75.822,17.4197],[75.8113,17.3699],[75.737,17.4219],[75.6912,17.4126],[75.6808,17.454],[75.6356,17.4775],[75.606,17.3033],[75.6575,17.2706],[75.6639,17.2138],[75.6314,17.1601],[75.6741,17.1136],[75.6811,17.0711],[75.6687,16.9832],[75.645,16.951],[75.5703,16.9636],[75.493,16.9452],[75.4679,16.9853],[75.3948,16.9764],[75.3453,16.9525],[75.2846,16.9536],[75.2828,16.8742],[75.23,16.8409],[75.1718,16.8648],[75.0947,16.9212],[75.0037,16.9458],[74.912,16.8559],[74.9159,16.7857],[74.779,16.7486],[74.6605,16.6376],[74.6943,16.6152],[74.5741,16.552],[74.5514,16.6332],[74.4955,16.6277],[74.4035,16.5787],[74.3854,16.5274],[74.3322,16.5537],[74.2766,16.5206],[74.2948,16.4744],[74.3389,16.4522],[74.3427,16.4005],[74.3237,16.3536],[74.3487,16.2915],[74.3801,16.2935],[74.4225,16.2575],[74.4841,16.2467],[74.5083,16.2229],[74.4891,16.0873],[74.4346,16.1106],[74.371,16.0596],[74.3901,16.0351],[74.468,16.0467],[74.4352,15.9512],[74.37,15.8757],[74.3874,15.8471],[74.3649,15.7737],[74.2922,15.7393],[74.1677,15.7493],[74.1349,15.7222],[74.126,15.6503],[74.0806,15.6262],[74.0024,15.6091],[73.976,15.6289],[73.9713,15.6873],[73.9454,15.7415],[73.9086,15.7423],[73.8655,15.7975],[73.8204,15.7399],[73.7865,15.7233],[73.6801,15.7244],[73.626,15.8526],[73.586,15.9099],[73.5101,15.9396],[73.4654,16.0715],[73.449,16.1551],[73.3865,16.3607],[73.3112,16.5424],[73.3515,16.6221],[73.3054,16.7293],[73.3157,16.8071],[73.2954,16.8168],[73.3004,16.8926],[73.2818,16.9479],[73.2943,16.986],[73.2885,17.0579],[73.2465,17.2087],[73.1985,17.2893],[73.2188,17.331],[73.2071,17.3843],[73.1771,17.3871],[73.1815,17.5076],[73.1137,17.6893],[73.1351,17.7099],[73.0524,17.9315],[73.0296,17.9443],[72.979,18.1082],[72.9876,18.1604],[72.9737,18.2476],[72.9921,18.2801],[72.9529,18.3337],[72.914,18.3549],[72.8949,18.4582],[72.9285,18.5357],[72.8554,18.696],[72.8635,18.7912],[72.9826,18.8101],[72.9779,18.8632],[72.9265,18.851],[72.9082,18.8857],[72.9396,18.9471],[73.0171,18.981],[72.9929,19.059],[72.9185,18.9996],[72.8621,19.0029],[72.8443,18.929],[72.8015,18.969],[72.8238,19.0421],[72.8185,19.1243],[72.776,19.2221],[72.7988,19.331],[72.7576,19.376],[72.7451,19.4557],[72.7799,19.4915],[72.729,19.5287],[72.731,19.5988],[72.6874,19.7476],[72.6809,19.8649],[72.6654,19.9349],[72.7218,19.9874],[72.7079,20.0688],[72.7376,20.1365],[72.7876,20.1301],[72.8288,20.1566],[72.8503,20.2079],[72.8843,20.2266],[72.9704,20.2123],[73.0043,20.1179],[73.1367,20.0853],[73.1838,20.0523],[73.2163,20.122],[73.2936,20.1539],[73.3111,20.2072],[73.4268,20.2016],[73.4369,20.2821],[73.4148,20.3816],[73.449,20.4667],[73.4759,20.495],[73.4808,20.5836],[73.4404,20.5951],[73.4036,20.6524],[73.4399,20.6648],[73.4587,20.7143],[73.5629,20.6474],[73.6222,20.6253],[73.6368,20.5793],[73.7482,20.5674],[73.7871,20.6023],[73.8464,20.6235],[73.8428,20.7021],[73.9406,20.7689],[73.9451,20.8401],[73.8963,20.933],[73.9064,20.9832],[73.8164,20.9961],[73.7476,21.04],[73.7358,21.1032],[73.6934,21.101],[73.6364,21.1327],[73.7416,21.1671],[73.8225,21.1719],[73.8321,21.2675],[73.892,21.2624],[73.9485,21.2976],[73.9619,21.3931],[74.0516,21.4263],[74.0572,21.4557],[74.1208,21.4497],[74.2226,21.459],[74.3078,21.4801],[74.3355,21.5402],[74.2917,21.5588],[74.0682,21.5594],[73.9835,21.542],[73.8608,21.4958],[73.8245,21.5983],[73.8856,21.6451],[73.8902,21.7106],[73.8464,21.742],[73.8276,21.8119],[74.023,21.906],[74.146,21.9541],[74.2006,21.9256],[74.2923,21.9373],[74.3883,22.0202],[74.4355,22.031],[74.4517,21.9675],[74.4934,21.9545],[74.5275,21.9088],[74.5036,21.8072],[74.5114,21.7285],[74.551,21.7194],[74.589,21.6653],[74.6564,21.6543],[74.724,21.624],[74.8252,21.6102],[74.8663,21.6311],[75.0536,21.5672],[75.1298,21.4493],[75.2199,21.4109],[75.3845,21.3856],[75.4684,21.3942],[75.5481,21.3725],[75.6194,21.3935],[75.8326,21.3833],[75.8881,21.3996],[75.9687,21.394],[76.0524,21.3527],[76.0987,21.3739],[76.1592,21.2591],[76.1668,21.1707],[76.1357,21.1262],[76.1839,21.09],[76.2692,21.093],[76.2818,21.0753],[76.3764,21.0773],[76.4527,21.1149],[76.4912,21.1978],[76.5594,21.2058],[76.6234,21.1927],[76.6611,21.2824],[76.6258,21.3297],[76.7321,21.4088],[76.7918,21.4899],[76.7629,21.5226],[76.7953,21.5975],[76.8521,21.615],[76.8917,21.6007],[76.9973,21.6816],[77.069,21.7218],[77.1211,21.7253],[77.2074,21.694],[77.258,21.7158],[77.2771,21.7598],[77.4969,21.7492],[77.5586,21.6687],[77.5722,21.5877],[77.567,21.5298],[77.5044,21.5547],[77.4235,21.5426],[77.4383,21.4729],[77.4693,21.4569],[77.487,21.3778],[77.6459,21.3934],[77.67,21.3729],[77.7934,21.3907],[77.7994,21.4123],[77.899,21.3784],[78.0637,21.4389],[78.1693,21.4985],[78.1809,21.5587],[78.361,21.5783],[78.4226,21.6019],[78.4386,21.5038],[78.5086,21.5284],[78.621,21.4775],[78.6841,21.482],[78.7242,21.4644],[78.761,21.4898],[78.9318,21.4874],[78.9127,21.5631],[78.9748,21.6176],[79.0096,21.6015],[79.1041,21.6094],[79.1478,21.6605],[79.2166,21.6502],[79.2348,21.7152],[79.2848,21.6939],[79.3947,21.6746],[79.4114,21.691],[79.4886,21.6741],[79.5058,21.5903],[79.5761,21.5434],[79.6506,21.5588],[79.7326,21.6025],[79.7918,21.5814],[79.8571,21.5309],[79.9158,21.5245],[79.9272,21.5537],[80.0636,21.5546],[80.1186,21.6089],[80.1882,21.6342],[80.2602,21.6201],[80.2954,21.5755],[80.3706,21.521],[80.4113,21.4382],[80.4483,21.4023],[80.5194,21.3896],[80.5932,21.3248],[80.6565,21.3308]]]},"properties":{"ID_0":105,"ISO":"IND","NAME_0":"India","ID_1":21,"NAME_1":"Maharashtra","NL_NAME_1":null,"VARNAME_1":null,"TYPE_1":"State","ENGTYPE_1":"State"}},{"type":"Feature","geometry":{"type":"Polygon","coordinates":[[[93.0005,24.4033],[93.0322,24.4289],[93.0527,24.5447],[93.0973,24.5825],[93.0888,24.7092],[93.1127,24.8022],[93.1931,24.8062],[93.1958,24.8464],[93.2533,24.9188],[93.2467,25.0042],[93.3358,25.0958],[93.3531,25.1818],[93.4036,25.2631],[93.474,25.3093],[93.5042,25.2534],[93.5631,25.2466],[93.608,25.2021],[93.6871,25.3312],[93.7811,25.4247],[93.8139,25.4847],[93.7643,25.5155],[93.8365,25.5631],[93.9652,25.5566],[94.0123,25.5753],[94.0921,25.5327],[94.1907,25.5308],[94.223,25.4968],[94.3026,25.4946],[94.4256,25.5529],[94.474,25.6216],[94.5969,25.6869],[94.5557,25.5858],[94.5574,25.5128],[94.6253,25.4691],[94.6824,25.4597],[94.6762,25.4206],[94.6312,25.3873],[94.5854,25.2157],[94.6017,25.1952],[94.7457,25.1366],[94.7422,25.0252],[94.7019,24.9684],[94.6921,24.8999],[94.6412,24.8487],[94.6108,24.7221],[94.551,24.7165],[94.5507,24.6749],[94.5208,24.6168],[94.4655,24.5756],[94.4115,24.4697],[94.3861,24.3846],[94.3518,24.342],[94.2627,24.1677],[94.2453,24.0442],[94.1695,23.9287],[94.1615,23.8528],[94.1226,23.8427],[94.0961,23.8936],[94.0511,23.9004],[94.0177,23.934],[93.8961,23.9548],[93.8081,23.9331],[93.7622,24.0041],[93.6163,24.0107],[93.6093,23.9734],[93.5305,23.9608],[93.4722,23.9707],[93.4154,24.0792],[93.3538,24.0977],[93.3374,24.0534],[93.2882,24.0515],[93.2267,24.0865],[93.2167,24.0501],[93.1294,24.0641],[93.0795,24.103],[93.0537,24.0907],[92.9861,24.1289],[93.0237,24.2176],[93.0082,24.2805],[93.0352,24.3184],[93.0244,24.3905],[93.0005,24.4033]]]},"properties":{"ID_0":105,"ISO":"IND","NAME_0":"India","ID_1":22,"NAME_1":"Manipur","NL_NAME_1":null,"VARNAME_1":null,"TYPE_1":"State","ENGTYPE_1":"State"}},{"type":"Feature","geometry":{"type":"Polygon","coordinates":[[[89.8551,25.476],[89.8715,25.5373],[89.8701,25.5442],[90.0058,25.5884],[90.0045,25.6238],[89.947,25.6588],[89.8942,25.7272],[89.9552,25.7745],[89.9506,25.8249],[90.0144,25.8718],[90.0047,25.8787],[90.0421,25.8908],[90.1138,25.9574],[90.2128,25.9539],[90.3243,25.9744],[90.365,26.0103],[90.4286,25.989],[90.4773,26.0153],[90.5345,25.958],[90.629,25.9374],[90.7131,25.9522],[90.7405,25.9152],[90.7971,25.9415],[90.883,25.9517],[90.9579,25.9339],[90.9675,25.8872],[91.0137,25.8843],[91.0665,25.8258],[91.1529,25.8501],[91.2026,25.8405],[91.1799,25.7763],[91.2239,25.7234],[91.2756,25.7469],[91.3324,25.8321],[91.4687,25.859],[91.5185,25.9582],[91.5513,25.9749],[91.57,26.0275],[91.6322,26.0224],[91.6328,25.9258],[91.6693,25.9054],[91.7202,25.9541],[91.7313,26.0592],[91.8193,26.1187],[91.8758,26.0977],[91.8832,26.03],[91.934,26.0147],[91.9911,26.041],[92.0529,26.0328],[92.1331,26.0459],[92.1783,26.0795],[92.2412,26.0625],[92.2557,26.0289],[92.1656,25.9644],[92.1599,25.9152],[92.181,25.8716],[92.1531,25.8127],[92.1698,25.6664],[92.2368,25.7084],[92.4164,25.7405],[92.4343,25.6875],[92.4654,25.6825],[92.4979,25.627],[92.5576,25.612],[92.5875,25.553],[92.6447,25.5374],[92.581,25.4952],[92.607,25.4185],[92.6505,25.4317],[92.7606,25.3353],[92.7922,25.2868],[92.7471,25.2078],[92.677,25.1822],[92.6216,25.1177],[92.5817,25.1319],[92.4843,25.1081],[92.451,25.041],[92.4259,25.0318],[92.3472,25.0522],[92.1395,25.1455],[92.0656,25.19],[91.9889,25.1756],[91.9222,25.1871],[91.8374,25.1824],[91.6445,25.1227],[91.5803,25.1728],[91.5589,25.1493],[91.4741,25.1339],[91.4252,25.1658],[91.3776,25.1665],[91.2557,25.1951],[91.0709,25.1914],[90.9299,25.1606],[90.8535,25.1558],[90.7854,25.184],[90.7044,25.1553],[90.6369,25.1722],[90.5081,25.1714],[90.455,25.1444],[90.3181,25.1897],[90.1196,25.2255],[89.9755,25.3013],[89.9064,25.3074],[89.8606,25.2878],[89.8217,25.3854],[89.8551,25.476]]]},"properties":{"ID_0":105,"ISO":"IND","NAME_0":"India","ID_1":23,"NAME_1":"Meghalaya","NL_NAME_1":null,"VARNAME_1":null,"TYPE_1":"State","ENGTYPE_1":"State"}},{"type":"Feature","geometry":{"type":"Polygon","coordinates":[[[92.2966,24.2517],[92.4224,24.2531],[92.419,24.1944],[92.4374,24.1514],[92.5297,24.1748],[92.5506,24.2459],[92.6116,24.2533],[92.6262,24.3345],[92.6917,24.3564],[92.7652,24.5208],[92.8038,24.4217],[92.8629,24.3995],[93.0005,24.4033],[93.0244,24.3905],[93.0352,24.3184],[93.0082,24.2805],[93.0237,24.2176],[92.9861,24.1289],[93.0537,24.0907],[93.0795,24.103],[93.1294,24.0641],[93.2167,24.0501],[93.2267,24.0865],[93.2882,24.0515],[93.3374,24.0534],[93.3374,23.9828],[93.3987,23.9303],[93.3992,23.8242],[93.4283,23.6535],[93.4276,23.5344],[93.4076,23.5085],[93.3983,23.4113],[93.4142,23.388],[93.3793,23.3327],[93.3784,23.2561],[93.3947,23.2243],[93.3582,23.0779],[93.302,23.0083],[93.2532,23.0065],[93.2062,23.0569],[93.1329,23.0475],[93.1292,23.0008],[93.1628,22.9135],[93.0993,22.8104],[93.1127,22.7442],[93.0918,22.7093],[93.1456,22.5861],[93.1155,22.5547],[93.1345,22.4748],[93.1908,22.4273],[93.2019,22.2809],[93.1471,22.2465],[93.163,22.1823],[93.077,22.2101],[93.0445,22.1937],[93.0469,22.1387],[93.0008,22.0556],[92.9421,22.0183],[92.8943,22.012],[92.8171,22.0956],[92.7034,22.1538],[92.69,22.041],[92.6123,21.9803],[92.605,22.0576],[92.5712,22.1323],[92.6148,22.1469],[92.5875,22.321],[92.5656,22.3919],[92.5317,22.6561],[92.5176,22.7077],[92.4584,22.8264],[92.4583,22.872],[92.3758,22.9399],[92.3937,23.0582],[92.3654,23.1103],[92.3611,23.2375],[92.4086,23.2422],[92.3735,23.3213],[92.3837,23.3536],[92.3408,23.4312],[92.3002,23.6253],[92.2949,23.6942],[92.2685,23.7286],[92.2594,23.815],[92.3307,23.9214],[92.3126,23.9702],[92.3168,24.0668],[92.3323,24.1053],[92.3246,24.2058],[92.2966,24.2517]]]},"properties":{"ID_0":105,"ISO":"IND","NAME_0":"India","ID_1":24,"NAME_1":"Mizoram","NL_NAME_1":null,"VARNAME_1":null,"TYPE_1":"State","ENGTYPE_1":"State"}},{"type":"Feature","geometry":{"type":"Polygon","coordinates":[[[95.1955,27.0429],[95.1952,26.99],[95.2299,26.8857],[95.1845,26.8648],[95.2151,26.7984],[95.2161,26.7353],[95.2376,26.6863],[95.1547,26.6195],[95.1545,26.5808],[95.0688,26.4667],[95.1357,26.3878],[95.1267,26.101],[95.1854,26.0847],[95.1647,26.035],[95.1065,25.9682],[95.028,25.9198],[95.0154,25.872],[95.0494,25.8101],[95.0525,25.7627],[95.0094,25.7385],[94.9351,25.6646],[94.9209,25.6148],[94.8369,25.5505],[94.8125,25.4954],[94.6824,25.4597],[94.6253,25.4691],[94.5574,25.5128],[94.5557,25.5858],[94.5969,25.6869],[94.474,25.6216],[94.4256,25.5529],[94.3026,25.4946],[94.223,25.4968],[94.1907,25.5308],[94.0921,25.5327],[94.0123,25.5753],[93.9652,25.5566],[93.8365,25.5631],[93.7643,25.5155],[93.8139,25.4847],[93.7811,25.4247],[93.6871,25.3312],[93.608,25.2021],[93.5631,25.2466],[93.5042,25.2534],[93.474,25.3093],[93.4519,25.3442],[93.4782,25.3799],[93.4569,25.4419],[93.3904,25.4692],[93.3576,25.5277],[93.4183,25.6211],[93.4834,25.6458],[93.5436,25.7017],[93.5448,25.727],[93.6223,25.7798],[93.6485,25.824],[93.7064,25.8533],[93.6877,25.9094],[93.7852,25.9583],[93.7983,25.9097],[93.7798,25.8463],[93.7958,25.8144],[93.8517,25.863],[93.8827,25.8459],[93.9159,25.8877],[93.9827,25.9263],[93.9549,26.0073],[94.013,26.1863],[94.0357,26.2032],[94.108,26.3264],[94.1645,26.3393],[94.1865,26.4605],[94.2823,26.5635],[94.2939,26.4807],[94.3239,26.4794],[94.3966,26.5297],[94.4099,26.6164],[94.4545,26.639],[94.5451,26.7109],[94.5924,26.7027],[94.6866,26.7326],[94.8022,26.8061],[94.8211,26.8545],[94.8862,26.9325],[94.9573,26.9436],[94.9857,26.9182],[95.0869,26.9527],[95.1955,27.0429]]]},"properties":{"ID_0":105,"ISO":"IND","NAME_0":"India","ID_1":25,"NAME_1":"Nagaland","NL_NAME_1":null,"VARNAME_1":null,"TYPE_1":"State","ENGTYPE_1":"State"}},{"type":"Feature","geometry":{"type":"MultiPolygon","coordinates":[[[[81.385,17.8066],[81.3959,17.8876],[81.4445,17.9221],[81.4767,17.9739],[81.4739,18.0285],[81.5087,18.0924],[81.5226,18.1573],[81.5052,18.1778],[81.528,18.2591],[81.6581,18.3393],[81.7449,18.3454],[81.7621,18.4113],[81.8968,18.5284],[81.9469,18.5592],[81.9551,18.6802],[82.0337,18.7188],[82.0786,18.7121],[82.0913,18.7562],[82.1455,18.7733],[82.1708,18.8916],[82.2396,18.9105],[82.2086,19.0785],[82.1681,19.1338],[82.1517,19.2655],[82.1803,19.3322],[82.1705,19.4295],[82.1193,19.4239],[82.0921,19.5098],[82.0461,19.5386],[82.0349,19.5833],[82.0513,19.6244],[82.0376,19.7039],[82.0522,19.7913],[81.9801,19.7958],[81.9604,19.8547],[81.8584,19.8995],[81.8373,19.9501],[81.8602,20.0234],[81.9339,20.0993],[81.9736,20.0756],[82.0148,20.0195],[82.0579,20.0499],[82.1842,19.9812],[82.2306,19.9981],[82.2617,19.9716],[82.2982,19.8835],[82.3394,19.83],[82.3888,19.8818],[82.4757,19.9005],[82.5974,19.8605],[82.5718,19.8278],[82.5785,19.7758],[82.6189,19.7861],[82.6457,19.8254],[82.6984,19.8269],[82.7109,19.9833],[82.6505,19.9994],[82.5824,19.9899],[82.5436,20.0121],[82.3958,20.049],[82.3789,20.1446],[82.4136,20.2023],[82.4051,20.2635],[82.4224,20.3097],[82.3938,20.3355],[82.4099,20.4027],[82.3805,20.5098],[82.324,20.5539],[82.3675,20.6296],[82.3433,20.6989],[82.334,20.8406],[82.4014,20.8624],[82.4155,20.8265],[82.4776,20.8467],[82.4831,20.8997],[82.5529,20.9415],[82.6223,21.0366],[82.6091,21.0639],[82.645,21.1019],[82.6359,21.1495],[82.7575,21.1586],[82.7821,21.141],[82.84,21.1634],[82.9799,21.1575],[83.0406,21.1189],[83.1198,21.1011],[83.1927,21.1394],[83.2424,21.2764],[83.27,21.375],[83.3748,21.34],[83.3938,21.3994],[83.3503,21.444],[83.3421,21.4853],[83.3807,21.6128],[83.4412,21.6493],[83.4841,21.7416],[83.4913,21.8087],[83.5312,21.8319],[83.6005,21.9108],[83.5352,21.9635],[83.5384,22.0554],[83.5573,22.1],[83.6458,22.2246],[83.693,22.2455],[83.7457,22.2412],[83.861,22.3438],[84.0012,22.3697],[84.0416,22.4641],[84.0025,22.5209],[84.0576,22.5102],[84.1374,22.4671],[84.1359,22.4207],[84.1941,22.3718],[84.2466,22.3737],[84.2892,22.3373],[84.4258,22.352],[84.5018,22.4153],[84.6321,22.4286],[84.6616,22.4139],[84.7439,22.4148],[84.8012,22.4437],[84.8802,22.4176],[85.0514,22.4794],[85.0831,22.3784],[85.0741,22.3486],[85.1053,22.2911],[85.0705,22.2722],[85.0695,22.2306],[85.0254,22.154],[85.0237,22.112],[85.099,22.0961],[85.2107,22.0432],[85.2411,22.0125],[85.2742,22.0801],[85.3632,22.1546],[85.4103,22.1561],[85.5911,22.0744],[85.6446,22.0903],[85.6815,22.0488],[85.7224,22.0581],[85.802,22.1108],[85.7789,22.0363],[85.7843,21.9786],[85.8942,21.9783],[85.9426,22.0191],[86.0026,22.113],[86.0267,22.1852],[85.9698,22.2434],[86.0178,22.3046],[85.9929,22.3382],[86.0215,22.3818],[85.9535,22.456],[85.9692,22.4998],[86.0692,22.5431],[86.1014,22.4902],[86.2024,22.4703],[86.288,22.4254],[86.3527,22.3454],[86.4393,22.3058],[86.4999,22.341],[86.5324,22.2982],[86.6456,22.2614],[86.6482,22.2357],[86.7228,22.2152],[86.7154,22.1435],[86.7903,22.1539],[86.8062,22.1142],[86.9572,22.0834],[87.0176,22.0413],[87.0343,21.9892],[86.9979,21.9075],[87.0302,21.8653],[87.0946,21.8603],[87.0935,21.9079],[87.1951,21.9536],[87.2348,21.9544],[87.2348,21.8956],[87.2806,21.7992],[87.4437,21.7609],[87.4708,21.7072],[87.4604,21.6571],[87.482,21.6087],[87.3833,21.5489],[87.303,21.5557],[87.2072,21.5464],[87.1139,21.5083],[86.9956,21.4206],[86.8922,21.3164],[86.8233,21.1917],[86.8242,21.1378],[86.8583,21.055],[86.8889,21.0164],[86.97,20.8278],[86.958,20.785],[86.8814,20.7975],[86.818,20.7606],[86.8161,20.7239],[86.7667,20.6444],[86.8496,20.6524],[86.9354,20.7111],[87.027,20.6963],[86.7844,20.5358],[86.7333,20.455],[86.7333,20.4033],[86.7817,20.3883],[86.7692,20.3311],[86.6754,20.2583],[86.5361,20.2],[86.4883,20.1669],[86.4758,20.1006],[86.4144,20.0408],[86.4111,20],[86.3627,19.9528],[86.2961,19.9355],[86.228,19.9009],[86.0451,19.8469],[85.8455,19.8012],[85.6805,19.7457],[85.4192,19.6231],[85.2953,19.5536],[85.1394,19.4433],[85.0608,19.3631],[84.9851,19.319],[84.8443,19.1963],[84.7774,19.1099],[84.719,19.0958],[84.6973,19.1251],[84.7021,19.1511],[84.6814,19.1497],[84.665,19.1567],[84.6659,19.1353],[84.6293,19.1207],[84.5958,19.1152],[84.6168,19.09],[84.6244,19.0744],[84.6446,19.0845],[84.6632,19.0645],[84.6005,19.0329],[84.5877,19.013],[84.5736,19.0351],[84.5597,19.0596],[84.5477,19.0461],[84.5099,19.0375],[84.4717,18.9812],[84.4374,18.9975],[84.4264,18.984],[84.4156,18.938],[84.418,18.9007],[84.3742,18.8889],[84.3547,18.8829],[84.3518,18.8778],[84.3693,18.859],[84.3444,18.8327],[84.3322,18.792],[84.3125,18.7792],[84.3004,18.7817],[84.2589,18.7748],[84.246,18.7734],[84.1798,18.769],[84.135,18.7668],[84.1279,18.7613],[84.1141,18.7551],[84.0779,18.7489],[84.0658,18.7517],[84.0479,18.7835],[83.9915,18.8047],[83.9823,18.8],[83.9556,18.8031],[83.9398,18.7966],[83.9336,18.8069],[83.9078,18.8164],[83.8955,18.8149],[83.8832,18.8197],[83.8643,18.839],[83.8371,18.8647],[83.8423,18.8882],[83.8349,18.9093],[83.8231,18.9055],[83.8212,18.922],[83.8134,18.9336],[83.8025,18.9818],[83.7883,19.0078],[83.7757,19.009],[83.7675,18.9984],[83.7411,18.9839],[83.7504,18.9444],[83.7772,18.9191],[83.7458,18.9182],[83.7263,18.9756],[83.7057,18.9852],[83.6844,19.0439],[83.6569,19.0749],[83.6447,19.1133],[83.6191,19.1419],[83.5943,19.1203],[83.6044,19.0929],[83.5822,19.0756],[83.5788,19.0498],[83.5515,19.0504],[83.5348,19.0286],[83.5137,19.0248],[83.5054,19.0648],[83.477,19.0753],[83.4594,19.0697],[83.4746,19.0003],[83.4485,18.9996],[83.4623,18.9592],[83.4427,18.9477],[83.4148,18.9779],[83.4089,18.9962],[83.3623,18.9947],[83.3133,18.9666],[83.3611,18.9534],[83.3477,18.921],[83.3878,18.871],[83.3987,18.8335],[83.36,18.8074],[83.2795,18.7896],[83.2661,18.757],[83.1854,18.7441],[83.133,18.7724],[83.0779,18.7053],[83.051,18.6542],[83.0115,18.639],[83.0203,18.6054],[83.008,18.5884],[83.0512,18.5349],[83.0885,18.5328],[83.0518,18.4775],[83.0164,18.4477],[83.0373,18.4348],[83.0658,18.3932],[83.0395,18.3701],[82.992,18.375],[82.9764,18.3549],[82.9027,18.3559],[82.891,18.3922],[82.8187,18.4334],[82.7992,18.4394],[82.7762,18.4197],[82.7875,18.3902],[82.7842,18.3542],[82.7671,18.3311],[82.6981,18.2963],[82.6649,18.2906],[82.6317,18.2285],[82.5892,18.2567],[82.5897,18.3195],[82.6009,18.3661],[82.556,18.3885],[82.5359,18.4083],[82.5538,18.4377],[82.5294,18.4429],[82.5231,18.5039],[82.4815,18.5151],[82.474,18.5368],[82.4291,18.4851],[82.3974,18.4516],[82.3776,18.422],[82.3725,18.3981],[82.3844,18.3724],[82.3344,18.3171],[82.3429,18.3073],[82.358,18.3082],[82.3822,18.2843],[82.3437,18.2717],[82.3318,18.2468],[82.3213,18.2225],[82.3061,18.1957],[82.3487,18.1618],[82.3652,18.1397],[82.3334,18.1424],[82.3303,18.119],[82.3432,18.0825],[82.3363,18.0473],[82.2878,18.0606],[82.267,18.0483],[82.2582,18.0349],[82.2532,17.9802],[82.1969,18.0087],[82.1851,18.0074],[82.1423,18.0436],[82.108,18.054],[82.0892,18.0574],[82.061,18.054],[82.0299,18.0565],[82.0094,18.0501],[82.0066,18.0492],[82.0063,18.048],[82.0016,18.0448],[81.9889,18.0203],[81.9518,17.9921],[81.9137,17.9799],[81.8851,17.9658],[81.8741,17.9598],[81.801,17.9361],[81.786,17.9136],[81.7583,17.8934],[81.7032,17.8611],[81.6883,17.8848],[81.6157,17.822],[81.5749,17.8273],[81.5539,17.8164],[81.4812,17.8029],[81.4143,17.8164],[81.385,17.8066]]],[[[86.8707,20.7718],[86.9905,20.7717],[87.0014,20.7158],[86.9354,20.7166],[86.8535,20.6567],[86.8015,20.6834],[86.83,20.76],[86.8707,20.7718]]]]},"properties":{"ID_0":105,"ISO":"IND","NAME_0":"India","ID_1":26,"NAME_1":"Orissa","NL_NAME_1":null,"VARNAME_1":null,"TYPE_1":"State","ENGTYPE_1":"State"}},{"type":"Feature","geometry":{"type":"MultiPolygon","coordinates":[[[[75.2307,12.0241],[75.2211,12.101],[75.2778,12.1018],[75.3352,12.144],[75.3922,12.1263],[75.2974,12.0637],[75.3117,12.0493],[75.2993,12.0293],[75.2307,12.0241]]],[[[79.8506,10.9758],[79.8512,10.8138],[79.7044,10.921],[79.7526,10.9799],[79.8506,10.9758]]],[[[79.8376,11.9405],[79.8004,11.8084],[79.6841,11.9272],[79.7058,11.9774],[79.7727,11.9468],[79.8376,11.9405]]],[[[82.2995,16.7143],[82.2274,16.7047],[82.1791,16.7163],[82.1968,16.7365],[82.2204,16.7183],[82.2807,16.7227],[82.2995,16.7143]]]]},"properties":{"ID_0":105,"ISO":"IND","NAME_0":"India","ID_1":27,"NAME_1":"Puducherry","NL_NAME_1":null,"VARNAME_1":"Pondicherry|Puduchcheri|Pondichry","TYPE_1":"Union Territor","ENGTYPE_1":"Union Territory"}},{"type":"Feature","geometry":{"type":"Polygon","coordinates":[[[76.8282,30.7638],[76.7809,30.7739],[76.7693,30.777],[76.6906,30.7601],[76.7152,30.7133],[76.7944,30.6693],[76.8105,30.685],[76.8198,30.6858],[76.9134,30.5997],[76.885,30.5404],[76.8899,30.4367],[76.8647,30.4088],[76.7489,30.4266],[76.7001,30.3936],[76.7385,30.3596],[76.5903,30.2541],[76.6389,30.2059],[76.6195,30.0954],[76.5549,30.0988],[76.5011,30.0766],[76.4521,30.1007],[76.426,30.1476],[76.3284,30.1095],[76.2512,30.119],[76.1894,30.0042],[76.2039,29.9441],[76.1827,29.8939],[76.2285,29.8545],[76.0743,29.7812],[76.0415,29.7488],[75.934,29.7325],[75.8638,29.7523],[75.82,29.8154],[75.7716,29.8254],[75.7059,29.8086],[75.6662,29.7727],[75.5631,29.7442],[75.5564,29.7658],[75.4438,29.7862],[75.3972,29.761],[75.3177,29.6707],[75.2803,29.6033],[75.2906,29.5618],[75.2235,29.5462],[75.2212,29.6066],[75.1733,29.6301],[75.1981,29.7308],[75.231,29.7521],[75.1823,29.8387],[75.1023,29.8026],[75.0655,29.879],[74.9899,29.8565],[74.9241,29.9415],[74.8496,29.9591],[74.8012,29.9926],[74.5858,29.9148],[74.5191,29.9433],[74.2519,29.9553],[74.0692,29.9689],[73.8912,29.9701],[73.8984,30.0536],[73.9625,30.1275],[73.9663,30.195],[73.9578,30.2617],[73.8732,30.3834],[73.9279,30.4209],[73.9885,30.5046],[74.0912,30.5729],[74.092,30.5981],[74.1968,30.6718],[74.3161,30.8476],[74.4192,30.9117],[74.5318,31.0093],[74.5534,31.0626],[74.6002,31.0435],[74.656,31.0545],[74.6944,31.0954],[74.6791,31.129],[74.5921,31.1273],[74.588,31.0932],[74.5062,31.1358],[74.5013,31.1799],[74.5222,31.2475],[74.5946,31.3971],[74.6421,31.4615],[74.573,31.5196],[74.6009,31.5678],[74.5173,31.7229],[74.5564,31.8288],[74.652,31.9099],[74.8014,31.9618],[74.8177,31.9939],[74.9259,32.0657],[74.9984,32.0287],[75.0459,32.0392],[75.12,32.0832],[75.2392,32.0872],[75.3094,32.1546],[75.3228,32.2013],[75.3637,32.2383],[75.3223,32.3373],[75.4678,32.3176],[75.5926,32.3817],[75.7115,32.4182],[75.7459,32.4763],[75.8043,32.4871],[75.8725,32.5762],[75.8553,32.4996],[75.9346,32.4248],[75.8439,32.3793],[75.7364,32.2738],[75.6758,32.264],[75.6225,32.2347],[75.6202,32.1852],[75.6555,32.1461],[75.6106,32.0996],[75.734,32.0373],[75.7951,31.9886],[75.8945,31.9498],[75.9497,31.8481],[75.9218,31.8172],[76.0027,31.6466],[76.084,31.5372],[76.1567,31.4045],[76.1341,31.3826],[76.1728,31.3067],[76.2612,31.3058],[76.3301,31.3453],[76.3158,31.4024],[76.3591,31.4156],[76.428,31.3252],[76.5459,31.2559],[76.5705,31.2801],[76.6354,31.213],[76.5904,31.1829],[76.5893,31.1277],[76.6257,31.1102],[76.599,31.0536],[76.6101,31.0042],[76.7126,30.9634],[76.7699,30.9064],[76.769,30.8765],[76.8278,30.8326],[76.8282,30.7638]]]},"properties":{"ID_0":105,"ISO":"IND","NAME_0":"India","ID_1":28,"NAME_1":"Punjab","NL_NAME_1":null,"VARNAME_1":null,"TYPE_1":"State","ENGTYPE_1":"State"}},{"type":"Feature","geometry":{"type":"Polygon","coordinates":[[[74.3228,23.0627],[74.2498,23.1784],[74.2075,23.1921],[74.183,23.1522],[74.127,23.1789],[74.1361,23.2647],[74.1066,23.2941],[74.0487,23.2951],[74.0327,23.3323],[73.8943,23.3371],[73.8269,23.4468],[73.7647,23.4586],[73.6328,23.4524],[73.637,23.5311],[73.6607,23.6229],[73.619,23.6514],[73.5707,23.6535],[73.5267,23.6106],[73.5014,23.6354],[73.5104,23.697],[73.4,23.784],[73.3598,23.8546],[73.3865,23.9058],[73.4201,23.9234],[73.4138,24.0511],[73.3352,24.1151],[73.3266,24.0625],[73.2525,24.0111],[73.2006,24.0452],[73.2238,24.0982],[73.1234,24.1403],[73.0827,24.185],[73.1161,24.2626],[73.1733,24.3011],[73.1802,24.3507],[73.085,24.3945],[73.1062,24.4203],[73.0944,24.4947],[73.051,24.4653],[72.981,24.451],[72.9642,24.3922],[72.9775,24.3588],[72.9239,24.3263],[72.8681,24.3658],[72.7325,24.3613],[72.6586,24.4564],[72.5885,24.4725],[72.5421,24.5049],[72.4647,24.4071],[72.4367,24.4605],[72.3863,24.5005],[72.3579,24.5525],[72.2951,24.5384],[72.251,24.5802],[72.23,24.6329],[72.1859,24.6094],[72.0849,24.6528],[72.0525,24.7058],[71.9934,24.6567],[71.8711,24.6722],[71.8687,24.6235],[71.8118,24.6218],[71.7845,24.6689],[71.6616,24.6333],[71.6166,24.6707],[71.4883,24.6739],[71.3807,24.6214],[71.3567,24.6541],[71.2977,24.6076],[71.1193,24.6686],[71.1071,24.6807],[71.0729,24.712],[71.0353,24.7988],[70.9455,24.9345],[70.8943,25.1441],[70.7591,25.275],[70.7443,25.321],[70.6742,25.3893],[70.6877,25.5182],[70.6762,25.5239],[70.6811,25.6608],[70.666,25.6972],[70.6017,25.7033],[70.5328,25.6762],[70.3997,25.6638],[70.2853,25.6989],[70.2445,25.7663],[70.178,25.8195],[70.1067,25.9242],[70.0805,26.0582],[70.1452,26.1662],[70.1727,26.2451],[70.1839,26.4868],[70.1677,26.5507],[70.1069,26.5895],[70.0248,26.5987],[69.8556,26.5829],[69.7719,26.6137],[69.7219,26.6538],[69.5224,26.736],[69.4837,26.8062],[69.5132,27.0169],[69.5867,27.178],[69.6659,27.2514],[69.862,27.4028],[69.9362,27.5021],[70.0163,27.556],[70.1078,27.7669],[70.2076,27.8854],[70.3029,27.9462],[70.3662,28.0082],[70.4791,28.0337],[70.5626,28.0198],[70.6721,27.9143],[70.6784,27.8391],[70.7577,27.7172],[70.9069,27.7006],[71.034,27.7573],[71.2087,27.8244],[71.4097,27.8658],[71.6583,27.8689],[71.8974,27.9574],[71.9306,28.122],[71.9959,28.207],[72.1261,28.3035],[72.2088,28.4],[72.302,28.6648],[72.3847,28.7639],[72.5199,28.8286],[72.7414,28.9483],[72.9438,29.0299],[73,29.1474],[73.0785,29.2334],[73.2713,29.557],[73.3403,29.7689],[73.3854,29.926],[73.4128,29.9492],[73.6112,30.0224],[73.7941,30.0697],[73.8377,30.1087],[73.9663,30.195],[73.9625,30.1275],[73.8984,30.0536],[73.8912,29.9701],[74.0692,29.9689],[74.2519,29.9553],[74.5191,29.9433],[74.5536,29.8656],[74.4917,29.8265],[74.4653,29.7875],[74.472,29.744],[74.6054,29.7529],[74.5785,29.6548],[74.5717,29.5556],[74.6114,29.5315],[74.57,29.4062],[74.6,29.3543],[74.6502,29.3724],[74.7759,29.3602],[74.8095,29.3985],[74.8495,29.4028],[74.9271,29.3646],[74.9531,29.2819],[75.0239,29.2915],[75.0781,29.2325],[75.2717,29.2544],[75.3149,29.236],[75.3795,29.2639],[75.4007,29.1889],[75.3612,29.1426],[75.3807,29.0703],[75.4303,29.0647],[75.4347,29.0165],[75.5111,29.0108],[75.488,28.8596],[75.5134,28.8366],[75.4985,28.7877],[75.5309,28.7328],[75.5557,28.6146],[75.6093,28.6059],[75.6291,28.546],[75.6901,28.4991],[75.7782,28.4576],[75.8026,28.4142],[75.9224,28.3689],[75.9866,28.2959],[76.0112,28.2418],[76.053,28.2242],[76.0277,28.1727],[75.9361,28.0935],[75.9771,28.0842],[75.9555,27.9886],[75.9754,27.8646],[76.0496,27.8479],[76.0881,27.8684],[76.1729,27.8075],[76.2059,27.848],[76.1697,27.9097],[76.1795,27.9728],[76.1539,27.9925],[76.1773,28.0593],[76.2511,28.0709],[76.3368,28.0297],[76.3533,28.0656],[76.3319,28.1067],[76.3598,28.1434],[76.4723,28.1496],[76.4978,28.1066],[76.4557,28.0465],[76.5385,28.0391],[76.531,27.9793],[76.599,28.0098],[76.6601,28.0191],[76.6512,28.0968],[76.6822,28.0978],[76.7915,28.1572],[76.7903,28.1938],[76.8334,28.2248],[76.9618,28.144],[76.9186,27.9976],[76.9266,27.8342],[76.9079,27.8359],[76.8885,27.7196],[76.9705,27.6571],[76.9944,27.742],[77.032,27.7484],[77.0383,27.82],[77.1012,27.7855],[77.1497,27.8124],[77.2346,27.7858],[77.2758,27.8065],[77.3041,27.788],[77.3423,27.653],[77.3258,27.5969],[77.3403,27.5248],[77.3762,27.5186],[77.4296,27.462],[77.4319,27.3992],[77.4972,27.3814],[77.5745,27.3267],[77.6442,27.2389],[77.6546,27.1756],[77.6148,27.1748],[77.5973,27.1291],[77.5444,27.1156],[77.5589,27.0488],[77.657,27.0227],[77.6919,26.979],[77.5798,26.9309],[77.4825,26.9038],[77.4175,26.8428],[77.4286,26.7858],[77.4643,26.7696],[77.5207,26.822],[77.6085,26.8345],[77.6717,26.8741],[77.7158,26.8813],[77.7239,26.923],[77.7651,26.938],[77.8715,26.9055],[78.0422,26.9154],[78.0868,26.902],[78.1395,26.9571],[78.2327,26.9337],[78.2482,26.9006],[78.2049,26.8774],[78.2098,26.8361],[78.1794,26.8012],[78.0954,26.7894],[78.0881,26.6867],[77.9922,26.7026],[77.9399,26.6627],[77.9036,26.6662],[77.8794,26.6203],[77.8204,26.5998],[77.813,26.5548],[77.7394,26.5427],[77.727,26.5154],[77.671,26.5097],[77.5991,26.4542],[77.5229,26.4149],[77.4277,26.4069],[77.4324,26.365],[77.3662,26.3715],[77.318,26.3464],[77.267,26.2762],[77.1945,26.236],[77.1136,26.2314],[77.0964,26.1954],[77.0239,26.1762],[76.9945,26.1378],[76.8878,26.0933],[76.7948,25.9442],[76.7333,25.9025],[76.6414,25.9063],[76.5975,25.8765],[76.5293,25.798],[76.5266,25.731],[76.4824,25.7181],[76.5108,25.6728],[76.5203,25.5299],[76.589,25.4315],[76.6025,25.389],[76.6811,25.3455],[76.7404,25.3478],[76.7728,25.3159],[76.843,25.3305],[76.9587,25.2972],[77.0242,25.3011],[77.0755,25.3397],[77.1536,25.3132],[77.218,25.3313],[77.2203,25.3734],[77.3053,25.4364],[77.3443,25.3879],[77.3748,25.3059],[77.3497,25.2718],[77.4064,25.2263],[77.3867,25.122],[77.3029,25.0839],[77.2623,25.1193],[77.1696,25.1137],[77.1577,25.0883],[77.0772,25.058],[76.9837,25.0776],[76.9687,25.0559],[76.8693,25.0111],[76.8721,24.9546],[76.9489,24.8729],[76.895,24.8395],[76.8023,24.8266],[76.8467,24.77],[77.0192,24.715],[77.0595,24.6424],[77.0643,24.5641],[77.0503,24.5265],[76.9602,24.4602],[76.9146,24.4877],[76.9184,24.5356],[76.846,24.551],[76.8146,24.5344],[76.8513,24.4691],[76.837,24.3607],[76.8742,24.2711],[76.9439,24.1989],[76.9161,24.1887],[76.8999,24.1311],[76.7909,24.1258],[76.7689,24.1647],[76.7207,24.1617],[76.6742,24.1934],[76.7025,24.2488],[76.6787,24.2706],[76.6163,24.2628],[76.5715,24.2135],[76.5797,24.1807],[76.5232,24.1632],[76.5084,24.2002],[76.4634,24.2289],[76.4118,24.2096],[76.353,24.2489],[76.3179,24.2511],[76.2764,24.2165],[76.2062,24.2327],[76.1947,24.2848],[76.1234,24.2054],[76.1347,24.0953],[76.0434,24.074],[75.9602,24.0254],[75.9758,23.9329],[75.8786,23.8846],[75.8534,23.8942],[75.7799,23.8547],[75.7282,23.9021],[75.7222,23.8269],[75.6493,23.7994],[75.5825,23.8004],[75.5625,23.8581],[75.4565,23.9207],[75.4648,23.9807],[75.5144,24.0487],[75.6347,23.9998],[75.6692,24.0335],[75.7004,23.9691],[75.762,23.998],[75.7796,24.0621],[75.8295,24.072],[75.7435,24.1396],[75.7735,24.2209],[75.8053,24.2297],[75.813,24.3007],[75.7651,24.3107],[75.7379,24.348],[75.7358,24.4034],[75.7861,24.4584],[75.829,24.4225],[75.9034,24.4461],[75.925,24.5383],[75.9111,24.5771],[75.8525,24.6143],[75.8388,24.7299],[75.7862,24.7655],[75.7418,24.7604],[75.6133,24.6884],[75.5819,24.7227],[75.4519,24.6932],[75.2284,24.7351],[75.1923,24.7887],[75.2417,24.8609],[75.3005,24.8152],[75.4171,24.8639],[75.326,24.887],[75.3375,24.9631],[75.3105,25.0461],[75.1547,25.0289],[75.1644,24.9917],[75.1157,24.9654],[75.1189,24.889],[75.0434,24.8592],[74.9448,24.8779],[74.8672,24.9369],[74.8271,24.8991],[74.8586,24.8131],[74.9052,24.7975],[75.0129,24.7938],[74.9999,24.7085],[74.9439,24.6623],[74.8734,24.6695],[74.8185,24.7653],[74.7761,24.6861],[74.8171,24.6717],[74.748,24.5968],[74.7573,24.4888],[74.8145,24.4922],[74.8575,24.4515],[74.7846,24.3674],[74.7725,24.272],[74.8754,24.278],[74.9059,24.2337],[74.9003,24.1743],[74.9595,24.1101],[74.993,24.0297],[74.9146,23.9125],[74.9052,23.8681],[74.9406,23.7349],[74.9242,23.6685],[74.9397,23.6304],[74.8861,23.6064],[74.8515,23.5574],[74.7424,23.5195],[74.6134,23.4614],[74.5731,23.4192],[74.5724,23.3833],[74.5337,23.323],[74.5486,23.2868],[74.6153,23.2846],[74.6321,23.2634],[74.7011,23.2721],[74.7457,23.2121],[74.6692,23.2015],[74.6081,23.1448],[74.5457,23.1321],[74.5354,23.1015],[74.4672,23.0853],[74.3912,23.112],[74.3228,23.0627]]]},"properties":{"ID_0":105,"ISO":"IND","NAME_0":"India","ID_1":29,"NAME_1":"Rajasthan","NL_NAME_1":null,"VARNAME_1":"Greater Rajasthan|Rajputana","TYPE_1":"State","ENGTYPE_1":"State"}},{"type":"Feature","geometry":{"type":"Polygon","coordinates":[[[88.7517,27.1482],[88.7178,27.144],[88.5915,27.1945],[88.4319,27.0816],[88.3523,27.1011],[88.3045,27.1286],[88.1584,27.1144],[88.0858,27.1415],[88.0582,27.2139],[88.017,27.2189],[88.0343,27.286],[88.0692,27.3356],[88.0444,27.3707],[88.0813,27.4318],[88.0466,27.4784],[88.0635,27.5397],[88.1226,27.6453],[88.1473,27.6654],[88.161,27.7406],[88.1999,27.7905],[88.2039,27.8373],[88.1139,27.9122],[88.1391,27.9635],[88.2035,27.9666],[88.2439,27.9485],[88.3378,27.988],[88.3888,27.9778],[88.4819,28.045],[88.5333,28.0366],[88.5748,28.0856],[88.6377,28.1044],[88.6668,28.0741],[88.7511,28.0733],[88.8409,27.991],[88.8363,27.932],[88.8802,27.8952],[88.881,27.839],[88.8557,27.8181],[88.8624,27.739],[88.8466,27.6689],[88.7671,27.565],[88.7886,27.5286],[88.7834,27.4556],[88.8093,27.4052],[88.8565,27.3868],[88.8899,27.3364],[88.8992,27.275],[88.8011,27.2476],[88.7847,27.182],[88.7517,27.1482]]]},"properties":{"ID_0":105,"ISO":"IND","NAME_0":"India","ID_1":30,"NAME_1":"Sikkim","NL_NAME_1":null,"VARNAME_1":null,"TYPE_1":"State","ENGTYPE_1":"State"}},{"type":"Feature","geometry":{"type":"MultiPolygon","coordinates":[[[[76.4235,11.6593],[76.4514,11.6551],[76.5042,11.698],[76.5404,11.6705],[76.5536,11.6129],[76.6079,11.6004],[76.7514,11.6067],[76.8509,11.6018],[76.83,11.649],[76.8809,11.7246],[76.8997,11.7833],[76.9444,11.7813],[77.0044,11.803],[77.0413,11.7776],[77.0759,11.7239],[77.1139,11.7618],[77.2417,11.8025],[77.2848,11.7984],[77.3261,11.7589],[77.3552,11.7784],[77.4311,11.7717],[77.4904,11.9297],[77.5733,11.924],[77.6637,11.953],[77.6895,12.0099],[77.767,12.1091],[77.7264,12.1673],[77.6041,12.1952],[77.5113,12.184],[77.4657,12.2023],[77.4702,12.2619],[77.5183,12.2695],[77.6038,12.3538],[77.6252,12.4773],[77.5785,12.507],[77.5701,12.5579],[77.5978,12.621],[77.5903,12.6575],[77.6543,12.6742],[77.6678,12.6506],[77.7502,12.6872],[77.7584,12.7293],[77.8256,12.859],[77.9278,12.8505],[77.9813,12.8104],[78.0222,12.8412],[78.0646,12.8302],[78.1207,12.77],[78.2206,12.7526],[78.2289,12.7202],[78.1947,12.6953],[78.2001,12.6756],[78.2274,12.6893],[78.2644,12.6918],[78.2905,12.6529],[78.3088,12.65],[78.3683,12.6118],[78.4596,12.6174],[78.4577,12.6622],[78.4934,12.6696],[78.4943,12.7304],[78.5244,12.6797],[78.5522,12.6971],[78.5456,12.7286],[78.5581,12.7516],[78.5801,12.7672],[78.5916,12.8385],[78.6248,12.9142],[78.6467,12.919],[78.6202,12.9739],[78.6511,13.0179],[78.6938,13.0044],[78.7024,13.0562],[78.7395,13.0455],[78.7775,13.0532],[78.8009,13.0755],[78.8804,13.0696],[78.8819,13.0198],[78.9144,13.0678],[78.9458,13.0635],[78.9817,13.0762],[79.0004,13.0579],[79.0533,13.038],[79.0691,13.0142],[79.1044,13.0242],[79.1527,13.0073],[79.1706,13.0157],[79.1694,13.053],[79.1933,13.0897],[79.2143,13.0968],[79.2264,13.1346],[79.2713,13.1381],[79.2738,13.1209],[79.2988,13.1148],[79.3501,13.1255],[79.3478,13.163],[79.3844,13.1847],[79.4206,13.1845],[79.4073,13.2377],[79.4218,13.2867],[79.4054,13.2854],[79.3746,13.303],[79.4173,13.322],[79.4546,13.3243],[79.5358,13.3111],[79.5414,13.2789],[79.5654,13.2494],[79.5854,13.2471],[79.6011,13.2677],[79.6685,13.2819],[79.6843,13.2567],[79.6711,13.2358],[79.7444,13.1949],[79.7833,13.2282],[79.7218,13.2657],[79.7461,13.28],[79.7541,13.3028],[79.7798,13.2821],[79.8003,13.3043],[79.8512,13.3034],[79.9039,13.3333],[79.9255,13.3359],[79.9536,13.3741],[79.9325,13.4044],[79.9632,13.4179],[79.9619,13.4513],[79.9954,13.4595],[80.0059,13.4878],[79.9897,13.5268],[80.0694,13.5376],[80.1004,13.5052],[80.1631,13.4776],[80.2162,13.4818],[80.2464,13.4654],[80.2599,13.4474],[80.276,13.3891],[80.3154,13.3715],[80.313,13.4279],[80.3457,13.3276],[80.3374,13.2526],[80.2999,13.1426],[80.3043,13.0938],[80.2821,13.0565],[80.2587,12.9343],[80.2468,12.8062],[80.254,12.779],[80.1657,12.5249],[80.1574,12.4712],[80.0701,12.3526],[79.8849,12.0649],[79.8376,11.9405],[79.7727,11.9468],[79.7058,11.9774],[79.6841,11.9272],[79.8004,11.8084],[79.7613,11.621],[79.7588,11.5521],[79.8074,11.4446],[79.8293,11.3546],[79.859,11.1399],[79.8506,10.9758],[79.7526,10.9799],[79.7044,10.921],[79.8512,10.8138],[79.8562,10.5871],[79.866,10.4163],[79.884,10.306],[79.8357,10.2754],[79.6871,10.3254],[79.5824,10.3029],[79.3968,10.3179],[79.326,10.2818],[79.2676,10.2299],[79.2412,10.1807],[79.2265,10.0985],[79.2621,10.0407],[79.1551,9.9324],[79.1243,9.8646],[79.0579,9.7726],[78.9799,9.6874],[78.9343,9.6068],[78.9149,9.494],[78.901,9.4682],[78.9354,9.4113],[78.9893,9.3538],[79.0654,9.2996],[79.0938,9.2599],[78.979,9.2735],[78.9065,9.2496],[78.8601,9.2535],[78.7568,9.216],[78.7185,9.1901],[78.6674,9.1971],[78.6518,9.1588],[78.5757,9.1315],[78.4576,9.1265],[78.4115,9.1121],[78.211,8.961],[78.1685,8.881],[78.1624,8.7374],[78.1012,8.6121],[78.1387,8.5888],[78.1304,8.4976],[78.0668,8.4226],[78.0549,8.3821],[77.9804,8.3401],[77.8874,8.2726],[77.8135,8.2462],[77.784,8.2065],[77.716,8.166],[77.6129,8.1501],[77.5593,8.1196],[77.5362,8.0782],[77.306,8.1285],[77.0907,8.2975],[77.1498,8.3219],[77.1537,8.3774],[77.1887,8.4347],[77.1909,8.4882],[77.2475,8.5014],[77.2652,8.5374],[77.2283,8.6129],[77.1985,8.6411],[77.1765,8.735],[77.247,8.8319],[77.1322,9.0119],[77.1802,9.0448],[77.1959,9.0884],[77.2518,9.143],[77.2668,9.2909],[77.3206,9.3511],[77.3217,9.4057],[77.3722,9.4453],[77.3962,9.4965],[77.3043,9.593],[77.2611,9.5667],[77.2228,9.5728],[77.1657,9.6482],[77.2082,9.7217],[77.2237,9.843],[77.1991,9.866],[77.2219,9.9228],[77.2614,9.9637],[77.2489,10.0158],[77.1881,10.0957],[77.261,10.1287],[77.2505,10.2538],[77.2145,10.3058],[77.2222,10.3403],[77.163,10.3463],[77.0461,10.2743],[77.0386,10.2482],[76.9815,10.2199],[76.8923,10.2327],[76.8621,10.2825],[76.8197,10.2952],[76.8393,10.3597],[76.8073,10.4149],[76.8175,10.4385],[76.8297,10.5851],[76.805,10.6263],[76.8726,10.6294],[76.875,10.7067],[76.8975,10.7708],[76.86,10.7998],[76.8176,10.8618],[76.7327,10.881],[76.6528,10.92],[76.6904,11.0175],[76.7345,11.0639],[76.7406,11.1099],[76.686,11.1577],[76.7265,11.2065],[76.697,11.2313],[76.623,11.1857],[76.4429,11.2001],[76.4464,11.2305],[76.5135,11.262],[76.5382,11.3516],[76.4484,11.3814],[76.3615,11.448],[76.3209,11.4447],[76.2579,11.4732],[76.2257,11.5644],[76.271,11.5929],[76.2979,11.5643],[76.4213,11.6251],[76.4235,11.6593]]],[[[79.3124,9.3285],[79.3276,9.2599],[79.2213,9.2671],[79.3124,9.3285]]]]},"properties":{"ID_0":105,"ISO":"IND","NAME_0":"India","ID_1":31,"NAME_1":"Tamil Nadu","NL_NAME_1":null,"VARNAME_1":"Madras|Tamilnad","TYPE_1":"State","ENGTYPE_1":"State"}},{"type":"Feature","geometry":{"type":"Polygon","coordinates":[[[92.231,24.5041],[92.2311,24.4604],[92.2731,24.3885],[92.2129,24.2493],[92.2966,24.2517],[92.3246,24.2058],[92.3323,24.1053],[92.3168,24.0668],[92.3126,23.9702],[92.3307,23.9214],[92.2594,23.815],[92.2685,23.7286],[92.2469,23.6918],[92.1505,23.7325],[92.0707,23.6446],[91.9621,23.7277],[91.9423,23.6818],[91.9639,23.5788],[91.9414,23.4608],[91.8505,23.4028],[91.7748,23.2781],[91.8345,23.0919],[91.778,23.0649],[91.7561,23.0156],[91.657,22.9867],[91.6243,22.9513],[91.5628,22.9765],[91.5542,23.0338],[91.4983,23.1508],[91.5064,23.1866],[91.4578,23.2559],[91.3958,23.2234],[91.3915,23.1526],[91.422,23.0592],[91.3777,23.0641],[91.3303,23.1577],[91.3253,23.2537],[91.2538,23.4897],[91.2042,23.5242],[91.1626,23.6283],[91.1639,23.7462],[91.2341,23.7694],[91.2576,23.8397],[91.2322,23.8995],[91.3064,23.9986],[91.3606,23.9865],[91.3965,24.0514],[91.3754,24.1075],[91.4905,24.0978],[91.5452,24.0761],[91.6341,24.1026],[91.6602,24.1876],[91.7101,24.152],[91.7622,24.1434],[91.7435,24.2471],[91.9119,24.1717],[91.9419,24.2676],[91.9204,24.3358],[91.9784,24.3805],[92.0965,24.3755],[92.1391,24.4244],[92.1734,24.534],[92.231,24.5041]]]},"properties":{"ID_0":105,"ISO":"IND","NAME_0":"India","ID_1":32,"NAME_1":"Tripura","NL_NAME_1":null,"VARNAME_1":null,"TYPE_1":"State","ENGTYPE_1":"State"}},{"type":"Feature","geometry":{"type":"Polygon","coordinates":[[[83.8585,27.351],[83.908,27.3304],[83.9019,27.2521],[83.9615,27.228],[83.9851,27.1818],[83.9414,27.1198],[83.9549,27.0861],[84.0243,27.0447],[84.0495,26.9908],[84.0387,26.9383],[84.052,26.8917],[84.1407,26.8839],[84.1505,26.8395],[84.2092,26.871],[84.2456,26.8587],[84.2523,26.8087],[84.2246,26.7571],[84.2423,26.7308],[84.298,26.7533],[84.3371,26.6814],[84.4022,26.6712],[84.4144,26.6272],[84.297,26.6157],[84.2722,26.5994],[84.152,26.6385],[84.0848,26.6106],[84.0478,26.5435],[83.9654,26.5117],[83.9068,26.5068],[83.9023,26.4503],[84.0161,26.442],[84.0615,26.3901],[84.1714,26.374],[84.1817,26.317],[84.1574,26.2609],[84.0736,26.2249],[84.0336,26.2321],[84.0021,26.1901],[84.0491,26.0997],[84.091,26.0965],[84.1367,26.047],[84.2916,25.9483],[84.3514,25.9593],[84.4083,25.9314],[84.4312,25.8927],[84.5286,25.8777],[84.5469,25.8413],[84.6211,25.7924],[84.5556,25.7364],[84.5586,25.701],[84.5164,25.6777],[84.4488,25.7145],[84.3256,25.7371],[84.3186,25.6719],[84.2171,25.6641],[84.1675,25.7218],[84.1079,25.7236],[84.0696,25.6956],[84.0765,25.6375],[84.0142,25.6161],[83.921,25.5617],[83.8511,25.4737],[83.8384,25.4369],[83.7823,25.3987],[83.7095,25.3953],[83.6107,25.3326],[83.4803,25.2824],[83.4603,25.252],[83.4093,25.2493],[83.3882,25.207],[83.3496,25.1989],[83.3534,25.1492],[83.3235,25.0481],[83.357,24.9554],[83.3514,24.9031],[83.3904,24.8331],[83.3868,24.7842],[83.4531,24.7333],[83.4798,24.7378],[83.5132,24.6789],[83.4975,24.6517],[83.5345,24.6156],[83.4982,24.5271],[83.393,24.5012],[83.3814,24.4557],[83.4299,24.4038],[83.4343,24.3475],[83.3756,24.3134],[83.4019,24.266],[83.349,24.1264],[83.3236,24.1013],[83.2924,24.0772],[83.2761,24.0233],[83.216,23.9894],[83.1896,23.9211],[83.1274,23.89],[82.9536,23.8728],[82.8078,23.9631],[82.8015,24.0011],[82.7459,24.0131],[82.7549,24.0732],[82.7084,24.0808],[82.6574,24.1348],[82.7204,24.139],[82.727,24.2233],[82.7641,24.2924],[82.7606,24.373],[82.7072,24.3852],[82.7257,24.4263],[82.7161,24.5571],[82.8008,24.5527],[82.7964,24.5998],[82.7658,24.6416],[82.6917,24.6486],[82.6656,24.6999],[82.5293,24.652],[82.4202,24.7053],[82.4016,24.6838],[82.4092,24.5978],[82.2984,24.628],[82.2919,24.6648],[82.243,24.7018],[82.2384,24.7544],[82.2087,24.7978],[82.1122,24.7923],[82.0819,24.8221],[82.0049,24.8507],[81.965,24.8414],[81.9027,24.8841],[81.9016,24.9828],[81.8294,25.0193],[81.7917,25.01],[81.7164,25.053],[81.6468,25.075],[81.5921,25.1364],[81.5664,25.1957],[81.492,25.1488],[81.4837,25.0749],[81.389,25.1243],[81.3494,25.1674],[81.2686,25.1652],[81.2457,25.1055],[81.2616,25.0685],[81.1614,24.9585],[81.1282,24.8936],[81.0764,24.9523],[80.9529,24.9394],[80.9368,24.9725],[80.8566,24.936],[80.8022,24.9445],[80.8503,25.0031],[80.8291,25.03],[80.8707,25.0711],[80.865,25.1236],[80.9056,25.1645],[80.8695,25.1887],[80.8186,25.1306],[80.7509,25.1417],[80.6736,25.0542],[80.5946,25.1552],[80.5787,25.0883],[80.4702,25.0447],[80.4099,25.0767],[80.3678,25.0254],[80.3141,25.0035],[80.2669,25.0302],[80.3486,25.1407],[80.4237,25.1741],[80.4017,25.221],[80.3027,25.297],[80.3091,25.3918],[80.1888,25.4064],[80.1271,25.3406],[80.0833,25.3558],[80.0207,25.3432],[79.9973,25.2701],[79.8452,25.2366],[79.8606,25.1561],[79.8272,25.1001],[79.7396,25.143],[79.6662,25.1271],[79.5503,25.1694],[79.4899,25.0828],[79.3893,25.1206],[79.3839,25.1703],[79.4424,25.221],[79.4019,25.2793],[79.2947,25.3402],[79.2601,25.3102],[79.3411,25.2305],[79.278,25.2106],[79.3145,25.1519],[79.2765,25.1203],[79.1979,25.1282],[79.1334,25.1111],[79.0906,25.1762],[79.0246,25.1866],[79.0265,25.2347],[78.9868,25.275],[78.9528,25.2207],[78.8934,25.1732],[78.8674,25.19],[78.9086,25.2744],[78.9703,25.2911],[78.9312,25.3324],[78.8852,25.3467],[78.8351,25.2332],[78.7933,25.2931],[78.8747,25.3877],[78.9484,25.37],[78.9291,25.4283],[78.9419,25.5312],[78.876,25.5243],[78.7246,25.4633],[78.7654,25.43],[78.7644,25.3584],[78.6579,25.388],[78.6892,25.4454],[78.6035,25.4171],[78.5762,25.3519],[78.5336,25.3309],[78.5209,25.288],[78.5686,25.2586],[78.5615,25.2274],[78.5937,25.1574],[78.5972,25.0979],[78.6419,25.0615],[78.6249,24.9619],[78.6684,24.9024],[78.7645,24.8614],[78.7724,24.7041],[78.7401,24.66],[78.752,24.6025],[78.8308,24.6089],[78.8817,24.6397],[78.9455,24.5533],[78.9431,24.4849],[78.9878,24.428],[78.9649,24.3504],[78.9078,24.3012],[78.8811,24.2289],[78.7846,24.1851],[78.7605,24.2339],[78.6989,24.2345],[78.6173,24.2961],[78.5784,24.3571],[78.4999,24.3943],[78.4348,24.2977],[78.3857,24.2731],[78.3266,24.3385],[78.3626,24.3782],[78.2669,24.4474],[78.2242,24.5413],[78.2553,24.5523],[78.268,24.6696],[78.2263,24.7362],[78.2258,24.7766],[78.1704,24.8853],[78.3275,24.9996],[78.3252,25.0841],[78.442,25.1574],[78.3854,25.1952],[78.3552,25.25],[78.3313,25.3367],[78.2942,25.3676],[78.3352,25.4311],[78.4216,25.4797],[78.4087,25.5329],[78.4811,25.5804],[78.5812,25.5643],[78.6486,25.5656],[78.677,25.5941],[78.7945,25.6175],[78.8113,25.6745],[78.7607,25.7208],[78.8158,25.8311],[78.9432,25.9907],[78.9443,26.037],[79.0032,26.0818],[78.9444,26.1375],[79.0007,26.155],[79.0023,26.1968],[79.0406,26.2293],[79.0579,26.2838],[79.1166,26.3536],[79.0807,26.4055],[79.1268,26.4448],[79.0471,26.4614],[79.0609,26.5033],[78.998,26.5509],[79.0057,26.6105],[78.9839,26.6857],[78.9039,26.7134],[78.8649,26.7047],[78.8114,26.7655],[78.7411,26.7925],[78.6774,26.7924],[78.5658,26.7577],[78.4581,26.7952],[78.4259,26.8323],[78.3856,26.8279],[78.3625,26.8713],[78.2821,26.8641],[78.2556,26.8203],[78.2098,26.8361],[78.2049,26.8774],[78.2482,26.9006],[78.2327,26.9337],[78.1395,26.9571],[78.0868,26.902],[78.0422,26.9154],[77.8715,26.9055],[77.7651,26.938],[77.7239,26.923],[77.7158,26.8813],[77.6717,26.8741],[77.6085,26.8345],[77.5207,26.822],[77.4643,26.7696],[77.4286,26.7858],[77.4175,26.8428],[77.4825,26.9038],[77.5798,26.9309],[77.6919,26.979],[77.657,27.0227],[77.5589,27.0488],[77.5444,27.1156],[77.5973,27.1291],[77.6148,27.1748],[77.6546,27.1756],[77.6442,27.2389],[77.5745,27.3267],[77.4972,27.3814],[77.4319,27.3992],[77.4296,27.462],[77.3762,27.5186],[77.3403,27.5248],[77.3258,27.5969],[77.3423,27.653],[77.3041,27.788],[77.2758,27.8065],[77.3393,27.8596],[77.4124,27.8591],[77.5192,27.9319],[77.5352,27.9933],[77.4776,28.0491],[77.4731,28.1037],[77.4989,28.163],[77.5379,28.1909],[77.4664,28.3412],[77.4942,28.3583],[77.436,28.4316],[77.3377,28.509],[77.3368,28.5157],[77.2952,28.5612],[77.3099,28.599],[77.3217,28.7118],[77.1969,28.7953],[77.2173,28.8353],[77.1935,28.8654],[77.1869,28.8668],[77.2169,28.9003],[77.191,28.9617],[77.2142,29.006],[77.1244,29.1015],[77.14,29.1821],[77.1295,29.2728],[77.1542,29.3169],[77.1178,29.4565],[77.1233,29.4861],[77.0849,29.5336],[77.1097,29.553],[77.0856,29.6008],[77.1402,29.7173],[77.113,29.7486],[77.1524,29.7933],[77.1796,29.9023],[77.2505,29.9885],[77.2861,30.0575],[77.3248,30.0618],[77.4142,30.1111],[77.4108,30.1459],[77.4733,30.1886],[77.5322,30.2869],[77.5704,30.3112],[77.5749,30.3845],[77.5631,30.4045],[77.6357,30.4101],[77.7108,30.3388],[77.8124,30.2908],[77.9168,30.2562],[77.896,30.1863],[77.82,30.0936],[77.7864,30.1],[77.7408,29.9941],[77.7301,29.8531],[77.7647,29.7855],[77.7577,29.7159],[77.8343,29.6719],[77.8739,29.702],[77.9454,29.6872],[77.977,29.6421],[77.9789,29.5541],[78.0326,29.5517],[78.0439,29.5931],[78.1659,29.6795],[78.2314,29.7041],[78.3029,29.7576],[78.3317,29.7962],[78.4876,29.7414],[78.5115,29.6507],[78.5765,29.5806],[78.6934,29.5089],[78.7658,29.4838],[78.9003,29.4562],[78.8568,29.3856],[78.7276,29.3128],[78.8138,29.2523],[78.8641,29.2495],[78.9048,29.1632],[79.0729,29.152],[79.1422,29.1197],[79.1347,29.0819],[79.2789,28.9648],[79.4014,28.9323],[79.4112,28.8559],[79.5072,28.8633],[79.5331,28.8903],[79.6662,28.8483],[79.7096,28.8792],[79.7745,28.8918],[79.8495,28.8454],[79.8405,28.8087],[79.9057,28.7721],[79.9224,28.7327],[79.9883,28.717],[80.0724,28.8297],[80.1198,28.8287],[80.2177,28.7553],[80.2523,28.7578],[80.2792,28.7099],[80.3733,28.629],[80.4164,28.6391],[80.4733,28.5905],[80.5233,28.5768],[80.5052,28.6652],[80.5416,28.6905],[80.6133,28.6392],[80.6529,28.6339],[80.7163,28.5679],[80.7696,28.5655],[80.7863,28.5292],[80.9809,28.4343],[81.0014,28.4539],[81.0815,28.3848],[81.2124,28.3605],[81.2345,28.2889],[81.3224,28.1972],[81.3198,28.1334],[81.3731,28.1422],[81.3769,28.1769],[81.4488,28.1602],[81.4858,28.1181],[81.4802,28.0825],[81.6453,27.9937],[81.704,27.9865],[81.8067,27.9032],[81.904,27.8537],[81.9701,27.9288],[82.0729,27.9225],[82.1252,27.8648],[82.2102,27.843],[82.305,27.773],[82.369,27.7424],[82.4507,27.6786],[82.5431,27.6855],[82.607,27.7058],[82.707,27.7164],[82.7162,27.6624],[82.7574,27.5884],[82.737,27.5031],[82.8036,27.4964],[82.9316,27.5009],[82.9562,27.4678],[83.0361,27.4487],[83.1665,27.4575],[83.2742,27.3834],[83.2965,27.334],[83.3545,27.3398],[83.4076,27.4053],[83.3909,27.4795],[83.6167,27.4694],[83.8332,27.3695],[83.8585,27.351]]]},"properties":{"ID_0":105,"ISO":"IND","NAME_0":"India","ID_1":33,"NAME_1":"Uttar Pradesh","NL_NAME_1":null,"VARNAME_1":"United Provinces","TYPE_1":"State","ENGTYPE_1":"State"}},{"type":"Feature","geometry":{"type":"Polygon","coordinates":[[[77.5631,30.4045],[77.6038,30.4374],[77.6616,30.4488],[77.7992,30.5114],[77.8059,30.5607],[77.7535,30.5702],[77.7321,30.6071],[77.775,30.6411],[77.7411,30.7107],[77.6883,30.7687],[77.7835,30.8721],[77.7934,30.926],[77.7456,30.9223],[77.7539,30.9768],[77.7964,30.9698],[77.8247,31.0052],[77.805,31.0541],[77.9022,31.1588],[77.9548,31.1788],[78.0077,31.1571],[78.03,31.1853],[78.0924,31.1928],[78.1478,31.2316],[78.2326,31.235],[78.2984,31.2882],[78.3693,31.2879],[78.4195,31.2599],[78.4701,31.2038],[78.5371,31.2067],[78.6006,31.2359],[78.6507,31.1979],[78.795,31.205],[78.8187,31.1472],[78.88,31.1038],[78.9967,31.1176],[78.9719,31.1824],[78.9069,31.2592],[78.9302,31.3379],[78.9806,31.357],[79.0568,31.4723],[79.1289,31.4387],[79.2481,31.2966],[79.2996,31.1492],[79.3819,31.1184],[79.4131,31.0376],[79.4971,31.0414],[79.5848,30.944],[79.6539,30.9858],[79.7456,31.0062],[79.8094,30.9773],[79.8549,30.9789],[79.88,30.9253],[80.0441,30.844],[80.1031,30.7797],[80.1594,30.8121],[80.1905,30.7638],[80.2373,30.7407],[80.209,30.6451],[80.211,30.5823],[80.278,30.5745],[80.3683,30.5269],[80.4853,30.4905],[80.5306,30.4611],[80.5936,30.4822],[80.7313,30.4022],[80.8113,30.32],[80.9941,30.2705],[80.9779,30.238],[80.9292,30.2359],[80.8646,30.1689],[80.8805,30.1325],[80.808,30.09],[80.7398,29.9995],[80.6779,29.9581],[80.6053,29.9587],[80.576,29.9234],[80.5552,29.853],[80.4656,29.8023],[80.4094,29.7916],[80.3659,29.7402],[80.386,29.675],[80.4182,29.6512],[80.4095,29.5949],[80.3421,29.5099],[80.2477,29.4467],[80.2433,29.4116],[80.306,29.2853],[80.2953,29.1976],[80.2744,29.1448],[80.235,29.1184],[80.186,29.1373],[80.146,29.103],[80.1285,29.0059],[80.0601,28.9163],[80.0724,28.8297],[79.9883,28.717],[79.9224,28.7327],[79.9057,28.7721],[79.8405,28.8087],[79.8495,28.8454],[79.7745,28.8918],[79.7096,28.8792],[79.6662,28.8483],[79.5331,28.8903],[79.5072,28.8633],[79.4112,28.8559],[79.4014,28.9323],[79.2789,28.9648],[79.1347,29.0819],[79.1422,29.1197],[79.0729,29.152],[78.9048,29.1632],[78.8641,29.2495],[78.8138,29.2523],[78.7276,29.3128],[78.8568,29.3856],[78.9003,29.4562],[78.7658,29.4838],[78.6934,29.5089],[78.5765,29.5806],[78.5115,29.6507],[78.4876,29.7414],[78.3317,29.7962],[78.3029,29.7576],[78.2314,29.7041],[78.1659,29.6795],[78.0439,29.5931],[78.0326,29.5517],[77.9789,29.5541],[77.977,29.6421],[77.9454,29.6872],[77.8739,29.702],[77.8343,29.6719],[77.7577,29.7159],[77.7647,29.7855],[77.7301,29.8531],[77.7408,29.9941],[77.7864,30.1],[77.82,30.0936],[77.896,30.1863],[77.9168,30.2562],[77.8124,30.2908],[77.7108,30.3388],[77.6357,30.4101],[77.5631,30.4045]]]},"properties":{"ID_0":105,"ISO":"IND","NAME_0":"India","ID_1":34,"NAME_1":"Uttaranchal","NL_NAME_1":null,"VARNAME_1":"Uttarakhand","TYPE_1":"State","ENGTYPE_1":"State"}},{"type":"Feature","geometry":{"type":"MultiPolygon","coordinates":[[[[89.8569,26.7038],[89.8714,26.6835],[89.8775,26.5842],[89.8527,26.4878],[89.8695,26.4484],[89.8573,26.3845],[89.782,26.3533],[89.7056,26.2171],[89.7188,26.166],[89.6609,26.2177],[89.5987,26.1391],[89.6502,26.0687],[89.5852,26.0313],[89.5813,25.9784],[89.5213,26.0083],[89.3631,26.0076],[89.2616,26.0639],[89.2541,26.1022],[89.16,26.1423],[89.1406,26.1801],[89.1469,26.2354],[89.1106,26.2894],[89.0997,26.3848],[88.958,26.4395],[88.9177,26.3747],[89.0067,26.3328],[89.0033,26.3018],[89.0666,26.2929],[89.0575,26.245],[88.962,26.2448],[88.9349,26.2883],[88.8811,26.2903],[88.8528,26.2363],[88.8192,26.2597],[88.8216,26.3007],[88.7616,26.3006],[88.7492,26.3532],[88.6966,26.3443],[88.6497,26.4272],[88.5571,26.4569],[88.4861,26.5413],[88.4321,26.5511],[88.4174,26.6309],[88.3775,26.5935],[88.3344,26.4787],[88.375,26.4872],[88.4842,26.4605],[88.5087,26.3592],[88.444,26.3564],[88.3518,26.2816],[88.3525,26.22],[88.2507,26.1891],[88.1804,26.1457],[88.1612,26.0925],[88.188,26.0629],[88.1313,25.9877],[88.1119,25.9331],[88.1057,25.824],[88.1579,25.7759],[88.2699,25.8081],[88.2718,25.7799],[88.3786,25.7116],[88.4071,25.6693],[88.4567,25.6605],[88.4483,25.6131],[88.5514,25.5161],[88.665,25.4707],[88.7103,25.4961],[88.767,25.4913],[88.798,25.5217],[88.8421,25.4534],[88.8268,25.399],[88.8437,25.3624],[88.9051,25.336],[88.9191,25.3086],[88.9893,25.2957],[88.9581,25.2609],[88.9589,25.2196],[88.923,25.1671],[88.8478,25.2101],[88.8038,25.1723],[88.7092,25.2096],[88.5535,25.196],[88.4777,25.2133],[88.4438,25.1949],[88.463,25.1512],[88.4379,25.0091],[88.3258,24.9146],[88.2669,24.8934],[88.2305,24.958],[88.18,24.9539],[88.1406,24.9173],[88.1674,24.8635],[88.112,24.8126],[88.0599,24.715],[88.0128,24.6711],[88.1071,24.5454],[88.2167,24.4541],[88.2647,24.445],[88.3277,24.3868],[88.3919,24.3721],[88.4378,24.3808],[88.5072,24.3447],[88.6285,24.3066],[88.6735,24.3152],[88.7371,24.2678],[88.732,24.1974],[88.6995,24.166],[88.7366,24.0556],[88.7333,23.9143],[88.6669,23.884],[88.576,23.8598],[88.6017,23.8169],[88.5808,23.7887],[88.5617,23.6457],[88.6437,23.6085],[88.6616,23.5497],[88.7429,23.4808],[88.7644,23.4421],[88.7365,23.3486],[88.7469,23.318],[88.6968,23.2929],[88.7204,23.2527],[88.7854,23.2176],[88.9135,23.23],[88.9616,23.1899],[88.9314,23.1386],[88.8701,23.0961],[88.8785,23.0291],[88.8687,22.9688],[88.8972,22.9492],[88.9093,22.8774],[88.9676,22.8425],[88.9584,22.7942],[88.9208,22.7339],[88.9592,22.6912],[88.9301,22.641],[88.9378,22.5708],[88.8964,22.5633],[88.8689,22.5458],[88.8517,22.4329],[88.8492,22.3645],[88.8331,22.3592],[88.823,22.3607],[88.8159,22.358],[88.8026,22.329],[88.8047,22.2838],[88.7436,22.2292],[88.7336,22.1956],[88.6993,22.2101],[88.6726,22.2051],[88.6194,22.1053],[88.6355,22.0426],[88.5983,21.9683],[88.6022,21.9067],[88.5281,21.8531],[88.4736,21.8953],[88.4581,21.8978],[88.4619,21.918],[88.4417,21.9114],[88.4321,21.9027],[88.4242,21.9077],[88.4162,21.9013],[88.3972,21.8858],[88.3858,21.8394],[88.3549,21.8557],[88.3257,21.8622],[88.3112,21.8554],[88.306,21.8307],[88.2687,21.8176],[88.2598,21.8095],[88.2584,21.8008],[88.2824,21.755],[88.2172,21.7644],[88.1636,21.8786],[88.1764,21.9197],[88.1538,21.9596],[88.2139,22.0347],[88.2242,22.0897],[88.1881,22.1867],[88.1356,22.1847],[88.1936,22.1108],[88.1669,22.0736],[88.0528,22.0133],[87.9803,21.8578],[87.7897,21.695],[87.6778,21.6539],[87.5603,21.633],[87.482,21.6087],[87.4604,21.6571],[87.4708,21.7072],[87.4437,21.7609],[87.2806,21.7992],[87.2348,21.8956],[87.2348,21.9544],[87.1951,21.9536],[87.0935,21.9079],[87.0946,21.8603],[87.0302,21.8653],[86.9979,21.9075],[87.0343,21.9892],[87.0176,22.0413],[86.9572,22.0834],[86.8062,22.1142],[86.7903,22.1539],[86.7154,22.1435],[86.7228,22.2152],[86.7914,22.2175],[86.8203,22.2606],[86.8885,22.2814],[86.8292,22.3246],[86.8439,22.3961],[86.7639,22.4229],[86.7892,22.4745],[86.7841,22.5442],[86.756,22.5743],[86.6517,22.5758],[86.6367,22.6551],[86.5495,22.7109],[86.479,22.7224],[86.4162,22.7765],[86.4324,22.9158],[86.5122,22.9663],[86.4974,22.9899],[86.4163,22.9948],[86.393,22.9742],[86.2794,23.0107],[86.2125,22.9918],[86.1756,23.013],[86.1157,23.0936],[86.0442,23.1119],[86.0369,23.1436],[85.915,23.1295],[85.835,23.1921],[85.8264,23.2631],[85.8615,23.3033],[85.8595,23.451],[85.8741,23.4762],[85.9379,23.4551],[86.0414,23.4902],[86.011,23.5612],[86.0374,23.5835],[86.1386,23.57],[86.1551,23.5042],[86.2247,23.4357],[86.3518,23.4636],[86.358,23.5431],[86.4449,23.6315],[86.5287,23.629],[86.5906,23.6622],[86.711,23.6972],[86.7381,23.6776],[86.792,23.6874],[86.8167,23.7761],[86.895,23.88],[86.963,23.8648],[87.0569,23.8163],[87.1487,23.7944],[87.1664,23.8196],[87.1358,23.8681],[87.2225,23.8576],[87.2926,23.8901],[87.2918,23.9557],[87.2595,23.9699],[87.2327,24.0246],[87.3324,24.031],[87.4391,23.9781],[87.5014,24.0223],[87.4966,24.1158],[87.5702,24.0876],[87.5798,24.1615],[87.6896,24.1498],[87.6471,24.2486],[87.6814,24.2464],[87.7563,24.3036],[87.7975,24.3822],[87.7881,24.4321],[87.8245,24.5595],[87.8873,24.5627],[87.9116,24.6623],[87.9008,24.7216],[87.8397,24.7382],[87.8978,24.8428],[87.9665,24.8813],[87.9617,24.9359],[87.8643,25.0399],[87.7727,25.0991],[87.7876,25.2205],[87.8493,25.2534],[87.8504,25.2974],[87.7816,25.3384],[87.7631,25.3956],[87.7865,25.4487],[87.8635,25.4654],[87.8699,25.503],[87.9556,25.538],[88.0042,25.494],[88.0639,25.5062],[88.0689,25.513],[88.0391,25.5332],[88.0486,25.6906],[87.9797,25.7185],[87.9373,25.7679],[87.9009,25.7803],[87.9109,25.8517],[87.8228,25.8715],[87.8165,25.9127],[87.8421,26.0445],[87.9129,26.091],[87.9598,26.084],[87.9688,26.1394],[88.0374,26.1777],[88.0698,26.1757],[88.1444,26.2528],[88.2143,26.2817],[88.2891,26.3511],[88.2434,26.4493],[88.1061,26.5356],[88.1656,26.6457],[88.1905,26.7714],[88.1745,26.8689],[88.1389,26.8984],[88.1208,26.9871],[88.0856,27.0286],[88.0403,27.0363],[88.0144,27.0971],[88.017,27.2189],[88.0582,27.2139],[88.0858,27.1415],[88.1584,27.1144],[88.3045,27.1286],[88.3523,27.1011],[88.4319,27.0816],[88.5915,27.1945],[88.7178,27.144],[88.7517,27.1482],[88.8699,27.1087],[88.8787,27.0384],[88.9465,26.9774],[88.9414,26.9386],[88.9846,26.9208],[89.0274,26.938],[89.0858,26.8973],[89.102,26.8363],[89.129,26.8092],[89.2521,26.8164],[89.3199,26.8532],[89.448,26.8348],[89.4593,26.8063],[89.5284,26.819],[89.6535,26.7719],[89.6419,26.747],[89.8569,26.7038]]],[[[88.8347,21.6072],[88.8925,21.5794],[88.8539,21.55],[88.8347,21.6072]]],[[[88.5372,21.6386],[88.5839,21.6108],[88.55,21.5636],[88.5103,21.6014],[88.5372,21.6386]]],[[[88.7719,21.6531],[88.7981,21.5917],[88.7489,21.5794],[88.7356,21.6446],[88.7719,21.6531]]],[[[89.0592,21.7218],[89.0929,21.6369],[89.0261,21.6439],[89.0185,21.7082],[89.0592,21.7218]]],[[[88.5457,21.7361],[88.5862,21.6989],[88.541,21.6397],[88.5173,21.712],[88.5457,21.7361]]],[[[88.8831,21.7453],[88.9419,21.6897],[88.9219,21.6329],[88.8731,21.6944],[88.8831,21.7453]]],[[[88.2209,21.7621],[88.2722,21.7283],[88.3117,21.6719],[88.2933,21.6367],[88.2917,21.5631],[88.2483,21.5639],[88.2172,21.6197],[88.233,21.669],[88.212,21.72],[88.2209,21.7621]]],[[[88.8317,21.7661],[88.8599,21.6431],[88.809,21.6399],[88.8192,21.7033],[88.7819,21.7325],[88.8317,21.7661]]],[[[88.7162,21.8074],[88.7591,21.7586],[88.7546,21.6661],[88.7111,21.6902],[88.695,21.7439],[88.7162,21.8074]]],[[[88.3311,21.8607],[88.3521,21.8549],[88.3614,21.796],[88.3398,21.751],[88.3036,21.7608],[88.2821,21.7913],[88.2642,21.7939],[88.2603,21.8072],[88.2659,21.8137],[88.3077,21.8303],[88.3311,21.8607]]],[[[88.8561,21.8653],[88.8556,21.8572],[88.8772,21.8517],[88.875,21.8458],[88.8803,21.8289],[88.8797,21.8078],[88.8969,21.7817],[88.8911,21.7625],[88.835,21.7817],[88.8561,21.8653]]],[[[88.1369,21.875],[88.1709,21.7451],[88.155,21.6528],[88.1347,21.6294],[88.0417,21.6492],[88.0442,21.7177],[88.122,21.8657],[88.1369,21.875]]],[[[88.7892,21.8786],[88.8289,21.8633],[88.8211,21.825],[88.7658,21.8306],[88.7892,21.8786]]],[[[88.9791,21.8935],[89.031,21.8628],[89.0202,21.8178],[88.9763,21.8043],[88.9512,21.8417],[88.9797,21.8694],[88.9791,21.8935]]],[[[88.6217,21.8978],[88.6528,21.8687],[88.6386,21.7847],[88.5947,21.8561],[88.6217,21.8978]]],[[[88.4465,21.9049],[88.4606,21.8936],[88.4838,21.8853],[88.4907,21.8503],[88.4427,21.8022],[88.3925,21.8326],[88.4003,21.8731],[88.4171,21.8873],[88.4198,21.9031],[88.4358,21.9017],[88.4465,21.9049]]],[[[88.7181,21.9072],[88.775,21.865],[88.7508,21.8006],[88.6961,21.8422],[88.7181,21.9072]]],[[[88.8366,21.9179],[88.8866,21.9145],[88.9146,21.9281],[88.9716,21.8992],[88.9644,21.8631],[88.89,21.8122],[88.8806,21.8203],[88.8825,21.8297],[88.8775,21.8458],[88.8786,21.8519],[88.8742,21.855],[88.8611,21.8558],[88.8492,21.8961],[88.8366,21.9179]]],[[[88.7236,21.9319],[88.7994,21.9197],[88.7967,21.8767],[88.7292,21.8997],[88.7236,21.9319]]],[[[88.66,22.0192],[88.7158,22.0006],[88.6782,21.9429],[88.6324,21.9526],[88.66,22.0192]]],[[[88.1414,22.0264],[88.0875,21.9328],[88.0703,21.9908],[88.1414,22.0264]]],[[[88.8128,22.0194],[88.8997,22.0131],[88.9073,21.9295],[88.8566,21.9191],[88.8248,21.9398],[88.7517,21.9589],[88.7615,22.0145],[88.8128,22.0194]]],[[[89.0162,22.0509],[89.0404,22.0492],[89.078,21.9864],[89.0633,21.9345],[88.9743,21.9946],[88.9861,22.0491],[89.0162,22.0509]]],[[[88.8651,22.167],[88.9227,22.109],[88.8723,22.0878],[88.8465,22.1213],[88.8651,22.167]]],[[[88.95,22.1892],[88.985,22.1481],[88.9581,22.0602],[88.9725,21.9878],[88.9939,21.9703],[88.9923,21.9069],[88.9315,21.9421],[88.9017,22.0639],[88.9307,22.0981],[88.9094,22.1336],[88.95,22.1892]]],[[[88.6952,22.2086],[88.7319,22.194],[88.765,22.1922],[88.7892,22.1694],[88.689,22.0899],[88.7294,22.0383],[88.7204,22.0056],[88.6634,22.0244],[88.6342,22.1062],[88.6529,22.1634],[88.6952,22.2086]]],[[[88.8447,22.1892],[88.8498,22.1427],[88.7984,22.125],[88.7496,22.0811],[88.7025,22.078],[88.8065,22.178],[88.8447,22.1892]]],[[[88.8499,22.3629],[88.9375,22.2974],[88.9025,22.1766],[88.8067,22.209],[88.8273,22.2655],[88.8051,22.2961],[88.8075,22.3333],[88.8183,22.3589],[88.8319,22.3581],[88.8499,22.3629]]],[[[88.9848,22.3824],[88.9964,22.2826],[89.0335,22.2545],[89.0691,22.1899],[88.9682,22.215],[88.9472,22.2556],[88.9547,22.3611],[88.9848,22.3824]]],[[[88.8977,22.5489],[88.8931,22.4867],[88.8963,22.4718],[88.8923,22.4659],[88.8975,22.4592],[88.9007,22.4446],[88.908,22.4342],[88.9045,22.4117],[88.8615,22.4132],[88.8672,22.5305],[88.8977,22.5489]]],[[[88.9202,22.5653],[88.9559,22.5514],[88.9975,22.4286],[88.9639,22.4039],[88.9433,22.3107],[88.907,22.3363],[88.8964,22.3798],[88.9258,22.4062],[88.9189,22.4297],[88.9039,22.4462],[88.9032,22.4552],[88.8947,22.4661],[88.8988,22.4768],[88.8962,22.4835],[88.9139,22.5147],[88.8961,22.5608],[88.9202,22.5653]]]]},"properties":{"ID_0":105,"ISO":"IND","NAME_0":"India","ID_1":35,"NAME_1":"West Bengal","NL_NAME_1":null,"VARNAME_1":"Bangla|Bengala Occidentale|Bengala Ocidental|Bengale occidental","TYPE_1":"State","ENGTYPE_1":"State"}},{"type":"Feature","geometry":{"type":"Polygon","coordinates":[[[80.2675,18.718],[80.2963,18.6856],[80.3193,18.6217],[80.367,18.6047],[80.3816,18.5936],[80.4502,18.6264],[80.4884,18.6267],[80.5107,18.6157],[80.532,18.5861],[80.601,18.545],[80.6327,18.5188],[80.6508,18.4723],[80.6805,18.4536],[80.691,18.4193],[80.713,18.4057],[80.7228,18.3613],[80.7843,18.2433],[80.7333,18.2188],[80.7346,18.1717],[80.7624,18.163],[80.7979,18.1663],[80.8187,18.192],[80.8242,18.2336],[80.8591,18.226],[80.8492,18.2002],[80.862,18.1327],[80.9007,18.1347],[80.9737,18.1681],[80.9726,18.1436],[80.9494,18.1232],[80.9484,18.0913],[80.966,18.0435],[80.9846,17.9229],[80.9943,17.9142],[81.0043,17.8383],[81.0324,17.7897],[81.0736,17.7863],[81.0977,17.8171],[81.1596,17.8526],[81.192,17.8471],[81.254,17.8121],[81.3151,17.8123],[81.385,17.8066],[81.4143,17.8164],[81.4812,17.8029],[81.5539,17.8164],[81.5749,17.8273],[81.6157,17.822],[81.6883,17.8848],[81.7032,17.8611],[81.7583,17.8934],[81.7944,17.8442],[81.7296,17.8193],[81.6747,17.7671],[81.6231,17.7628],[81.573,17.7187],[81.5712,17.6879],[81.5029,17.5899],[81.4934,17.4488],[81.4415,17.3817],[81.3852,17.3551],[81.3225,17.3892],[81.2672,17.32],[81.1903,17.3274],[81.1628,17.2326],[81.0439,17.2045],[80.9852,17.1794],[80.9053,17.2013],[80.9133,17.146],[80.8703,17.1463],[80.8588,17.0509],[80.8232,17.0378],[80.684,17.0687],[80.6298,17.11],[80.5602,17.138],[80.4965,17.1013],[80.4847,17.0563],[80.4462,17.017],[80.3887,17.0141],[80.3604,16.9705],[80.4425,16.9449],[80.5317,16.9502],[80.5842,16.9265],[80.5867,16.8739],[80.5546,16.8248],[80.5975,16.7851],[80.5628,16.7628],[80.4564,16.79],[80.4187,16.8423],[80.3729,16.8111],[80.3586,16.8549],[80.3192,16.8709],[80.3014,16.9559],[80.2622,17.0106],[80.1955,17.018],[80.0842,16.9632],[80.0459,16.9653],[79.9917,16.8633],[80.0331,16.8524],[80.0697,16.8136],[80.0479,16.7452],[79.9426,16.6326],[79.8909,16.6496],[79.8618,16.6982],[79.8103,16.6905],[79.7749,16.7295],[79.7227,16.6926],[79.648,16.662],[79.5999,16.6633],[79.5367,16.6316],[79.4972,16.6305],[79.4266,16.5825],[79.3455,16.5796],[79.2661,16.5615],[79.2304,16.5193],[79.2115,16.3628],[79.2279,16.3368],[79.2251,16.2501],[79.192,16.2227],[79.123,16.2379],[79.0201,16.2443],[78.9081,16.191],[78.9209,16.1337],[78.9012,16.0976],[78.8321,16.1518],[78.8365,16.0874],[78.808,16.0462],[78.739,16.0211],[78.6866,16.0404],[78.6365,16.0914],[78.6035,16.0964],[78.5591,16.0564],[78.451,16.081],[78.4057,16.0809],[78.3162,16.0292],[78.2682,16.0348],[78.2429,15.937],[78.18,15.9004],[78.1647,15.849],[78.1011,15.8279],[78.0637,15.8446],[78.0398,15.8981],[78.0019,15.8592],[77.8877,15.8959],[77.7992,15.8653],[77.7161,15.8866],[77.6835,15.8739],[77.5884,15.907],[77.5095,15.9209],[77.5149,15.9632],[77.5101,16.0023],[77.4907,16.0306],[77.5029,16.0732],[77.4867,16.1158],[77.4836,16.1586],[77.4949,16.1871],[77.4876,16.2498],[77.5012,16.2678],[77.5244,16.2698],[77.5908,16.312],[77.5844,16.328],[77.5352,16.3529],[77.5189,16.3701],[77.4814,16.3778],[77.4381,16.3744],[77.4117,16.3627],[77.3732,16.3799],[77.3525,16.3766],[77.2847,16.403],[77.2644,16.4301],[77.2515,16.4679],[77.3244,16.4809],[77.3663,16.4841],[77.3812,16.5115],[77.4153,16.5178],[77.421,16.5652],[77.4564,16.581],[77.4539,16.6074],[77.4713,16.6435],[77.4329,16.6376],[77.4166,16.6628],[77.465,16.6783],[77.4688,16.7087],[77.4234,16.7145],[77.4372,16.7631],[77.4673,16.7766],[77.4718,16.7963],[77.4566,16.8237],[77.4604,16.8441],[77.4534,16.909],[77.4677,16.9171],[77.4641,16.9527],[77.4792,16.968],[77.4784,16.9902],[77.4994,17.0073],[77.4626,17.1041],[77.4037,17.1232],[77.3763,17.1379],[77.36,17.1616],[77.3804,17.2198],[77.4545,17.2759],[77.434,17.2883],[77.4564,17.345],[77.5208,17.3621],[77.5101,17.4273],[77.5335,17.441],[77.5726,17.4295],[77.5732,17.4542],[77.6106,17.4442],[77.6109,17.4699],[77.6481,17.4812],[77.684,17.4729],[77.6566,17.5213],[77.6212,17.5223],[77.5917,17.5327],[77.5854,17.5584],[77.5484,17.5495],[77.5274,17.5732],[77.5016,17.5409],[77.49,17.5663],[77.4399,17.5815],[77.4508,17.6324],[77.4456,17.6575],[77.4579,17.699],[77.4943,17.716],[77.5394,17.7254],[77.562,17.7471],[77.5545,17.7613],[77.5045,17.7826],[77.526,17.8268],[77.5543,17.8305],[77.5674,17.8661],[77.5925,17.8795],[77.5852,17.9082],[77.6166,17.9029],[77.62,17.9445],[77.644,17.9464],[77.6534,17.9694],[77.6067,18.018],[77.5531,18.0347],[77.5457,18.0538],[77.5673,18.0763],[77.5975,18.0843],[77.5978,18.1518],[77.5794,18.1621],[77.57,18.1892],[77.585,18.2167],[77.5725,18.2406],[77.55,18.2913],[77.5702,18.3082],[77.5534,18.3312],[77.5273,18.3394],[77.5214,18.3647],[77.5493,18.3877],[77.5552,18.4179],[77.5826,18.4431],[77.5706,18.4669],[77.5973,18.5475],[77.6405,18.5539],[77.6576,18.5272],[77.7124,18.5544],[77.7279,18.5515],[77.7472,18.5891],[77.743,18.6214],[77.7297,18.6427],[77.7329,18.676],[77.7495,18.6898],[77.7865,18.6943],[77.8232,18.7685],[77.8375,18.8075],[77.9076,18.8295],[77.9426,18.8223],[77.9441,18.8423],[77.8992,18.8679],[77.8816,18.9085],[77.8405,18.9113],[77.8537,18.9523],[77.8127,18.9495],[77.8171,18.9824],[77.7674,18.9814],[77.7574,19.0286],[77.7617,19.062],[77.7972,19.0513],[77.8002,19.0989],[77.8152,19.1037],[77.8422,19.0868],[77.8452,19.1142],[77.8339,19.1327],[77.8492,19.1553],[77.8445,19.1882],[77.8681,19.2461],[77.9007,19.2771],[77.8619,19.2841],[77.8609,19.3021],[77.9123,19.318],[77.9489,19.3413],[77.9855,19.309],[78.0116,19.3011],[78.0457,19.2709],[78.0576,19.2397],[78.0823,19.2548],[78.1267,19.2464],[78.1497,19.2301],[78.1833,19.2415],[78.1832,19.279],[78.1972,19.3317],[78.1796,19.353],[78.1876,19.3956],[78.2243,19.434],[78.252,19.43],[78.2973,19.4488],[78.312,19.4659],[78.2994,19.5041],[78.2965,19.5584],[78.3111,19.5718],[78.311,19.6042],[78.2876,19.6545],[78.2858,19.6897],[78.3161,19.6906],[78.3453,19.7136],[78.3454,19.7344],[78.3677,19.7811],[78.3605,19.8057],[78.3392,19.8135],[78.339,19.8392],[78.2941,19.8496],[78.3102,19.9127],[78.3363,19.8832],[78.3841,19.8792],[78.3977,19.8364],[78.4287,19.8231],[78.4762,19.8164],[78.4939,19.7931],[78.5263,19.8217],[78.6193,19.8087],[78.7018,19.7856],[78.7164,19.7668],[78.7383,19.7794],[78.7849,19.7787],[78.8076,19.758],[78.8443,19.759],[78.8635,19.6968],[78.8588,19.6563],[78.891,19.6553],[78.9159,19.6677],[78.9436,19.6651],[78.969,19.6492],[78.9629,19.6173],[78.9779,19.5799],[79.0184,19.54],[79.0515,19.5453],[79.0634,19.5313],[79.1029,19.528],[79.1403,19.5011],[79.1691,19.4678],[79.189,19.4587],[79.2187,19.4645],[79.2088,19.4848],[79.2157,19.5106],[79.2366,19.5268],[79.2552,19.6112],[79.3048,19.5902],[79.3143,19.5655],[79.3409,19.5738],[79.3712,19.5615],[79.4136,19.5335],[79.4413,19.5335],[79.4704,19.4975],[79.5134,19.5181],[79.515,19.542],[79.5427,19.5485],[79.5656,19.5109],[79.6009,19.508],[79.6214,19.5651],[79.6397,19.575],[79.7129,19.5833],[79.7403,19.6031],[79.7854,19.5936],[79.8166,19.569],[79.8282,19.537],[79.8782,19.5007],[79.911,19.4923],[79.945,19.4588],[79.9458,19.4408],[79.9731,19.401],[79.9572,19.3346],[79.9618,19.2975],[79.9452,19.2841],[79.9202,19.2264],[79.9225,19.2034],[79.9424,19.1759],[79.906,19.1418],[79.8712,19.1227],[79.858,19.1041],[79.8611,19.0599],[79.871,19.0355],[79.8908,19.0455],[79.926,19.0425],[79.9345,19.0217],[79.9409,18.9377],[79.939,18.8589],[79.9255,18.8375],[79.894,18.8308],[79.932,18.7844],[80.0124,18.7668],[80.0464,18.7209],[80.0821,18.7024],[80.1066,18.6775],[80.1581,18.6959],[80.189,18.6756],[80.2019,18.6974],[80.2467,18.7013],[80.2675,18.718]]]},"properties":{"ID_0":105,"ISO":"IND","NAME_0":"India","ID_1":36,"NAME_1":"Telangana","NL_NAME_1":null,"VARNAME_1":null,"TYPE_1":"State","ENGTYPE_1":"State"}},{"type":"Feature","geometry":{"type":"MultiPolygon","coordinates":[[[[78.2206,12.7526],[78.2411,12.8474],[78.2626,12.8566],[78.3031,12.8472],[78.3165,12.8926],[78.3272,12.8892],[78.3454,12.9281],[78.3783,12.8952],[78.3884,12.9055],[78.4173,12.889],[78.4358,12.9007],[78.4214,12.9235],[78.4227,12.9686],[78.4579,12.9632],[78.4614,12.9791],[78.4516,13.0315],[78.5046,13.0528],[78.5138,13.0847],[78.5088,13.1196],[78.5354,13.1307],[78.5388,13.1516],[78.5691,13.1565],[78.5533,13.1892],[78.5599,13.2334],[78.5775,13.262],[78.5672,13.2718],[78.5012,13.2772],[78.4702,13.2939],[78.436,13.2984],[78.4291,13.3171],[78.3913,13.3037],[78.3974,13.3323],[78.3552,13.3551],[78.3713,13.391],[78.3626,13.4521],[78.3673,13.4952],[78.3978,13.5662],[78.3803,13.5813],[78.3437,13.5778],[78.3125,13.5835],[78.2497,13.5743],[78.1937,13.5949],[78.1939,13.6162],[78.1605,13.6234],[78.1462,13.6497],[78.08,13.6504],[78.0659,13.6645],[78.1054,13.6844],[78.1094,13.7102],[78.0849,13.7335],[78.1182,13.7769],[78.1173,13.8218],[78.106,13.8535],[78.0412,13.8867],[78.0378,13.8528],[77.9852,13.8617],[77.9658,13.8202],[77.9418,13.8711],[77.978,13.8933],[77.9735,13.9242],[77.9508,13.9279],[77.9116,13.8972],[77.8624,13.9268],[77.8142,13.931],[77.8064,13.9176],[77.8277,13.8606],[77.8028,13.8407],[77.7741,13.8317],[77.7692,13.8085],[77.7284,13.8017],[77.6955,13.7614],[77.6702,13.7775],[77.6143,13.7603],[77.5815,13.7306],[77.5481,13.7204],[77.5395,13.7437],[77.5197,13.7438],[77.5278,13.707],[77.4797,13.7032],[77.4765,13.6776],[77.4448,13.6958],[77.4626,13.7436],[77.4508,13.7855],[77.4087,13.7993],[77.4247,13.8267],[77.3729,13.8313],[77.3522,13.8444],[77.32,13.8258],[77.3069,13.8572],[77.2504,13.8395],[77.2401,13.8941],[77.2255,13.8955],[77.1927,13.8562],[77.1751,13.8614],[77.1822,13.9013],[77.1559,13.8998],[77.1649,13.8662],[77.1394,13.859],[77.1619,13.8155],[77.1541,13.8006],[77.1713,13.772],[77.1666,13.7547],[77.1235,13.7509],[77.0953,13.7609],[77.06,13.7389],[77.0352,13.7693],[76.9926,13.7426],[76.9688,13.8102],[77.006,13.8501],[77.0173,13.8934],[77.0413,13.8974],[77.0358,13.9256],[76.989,13.9567],[76.9944,13.9815],[76.9311,14.0227],[76.938,14.0476],[76.9715,14.0524],[76.9681,14.0797],[76.9429,14.1119],[76.8837,14.131],[76.8914,14.159],[76.9172,14.1577],[76.9585,14.1755],[77.0198,14.1727],[77.0104,14.092],[77.024,14.0834],[77.0237,14.0533],[77.0908,14.0383],[77.1211,14.0422],[77.1343,13.9981],[77.1544,13.9906],[77.1714,14.0086],[77.1946,14.0029],[77.2426,14.0063],[77.2715,14.0281],[77.2785,14.0069],[77.3135,14.0248],[77.3335,13.9881],[77.3538,13.9823],[77.3437,13.9509],[77.3626,13.9423],[77.3483,13.8965],[77.419,13.8949],[77.4077,13.9361],[77.4287,13.9433],[77.4205,13.9769],[77.3865,13.974],[77.3834,14.0074],[77.3262,14.0229],[77.338,14.0538],[77.3724,14.0719],[77.3954,14.1034],[77.3897,14.1186],[77.3525,14.1054],[77.3477,14.1243],[77.3767,14.1296],[77.3897,14.1653],[77.4633,14.1642],[77.5004,14.151],[77.5104,14.172],[77.4901,14.2276],[77.4994,14.2605],[77.4791,14.2837],[77.4436,14.2776],[77.4423,14.3098],[77.3949,14.3292],[77.375,14.2952],[77.401,14.2604],[77.4149,14.2032],[77.3838,14.1918],[77.3766,14.2167],[77.3554,14.23],[77.3593,14.2693],[77.2796,14.2761],[77.2811,14.3311],[77.2451,14.3145],[77.1964,14.3143],[77.1522,14.3377],[77.1319,14.3306],[77.1119,14.2875],[77.1099,14.2215],[77.0753,14.2093],[77.0496,14.2395],[77.0041,14.2316],[76.9378,14.2401],[76.9249,14.2722],[76.9438,14.2817],[76.9429,14.3054],[76.899,14.3192],[76.8831,14.3903],[76.9131,14.4136],[76.9416,14.3995],[76.9438,14.4451],[76.9586,14.4454],[76.9734,14.4783],[76.9065,14.4842],[76.8638,14.4747],[76.8439,14.5091],[76.7997,14.5277],[76.7782,14.5793],[76.7609,14.5963],[76.7713,14.6738],[76.7981,14.7346],[76.7803,14.7793],[76.8338,14.7849],[76.8401,14.83],[76.8603,14.8912],[76.8645,14.964],[76.8412,14.9612],[76.7638,14.9699],[76.757,14.983],[76.7846,15.0167],[76.7726,15.0651],[76.7969,15.0908],[76.8606,15.0567],[76.8767,15.0287],[76.9135,15.031],[76.9507,15.0244],[76.9668,15.0132],[77.0007,15.0296],[77.0469,15.0292],[77.041,15.0055],[77.0788,15],[77.0821,15.0223],[77.1096,15.0286],[77.1255,15.0682],[77.1477,15.1073],[77.1528,15.1316],[77.1645,15.1685],[77.1414,15.2181],[77.1479,15.2857],[77.1154,15.2899],[77.1097,15.3273],[77.0691,15.3195],[77.0629,15.3379],[77.038,15.3588],[77.0438,15.3837],[77.0285,15.4013],[77.0274,15.4352],[77.0061,15.4482],[76.9704,15.4909],[77.0266,15.5],[77.0237,15.5764],[77.0271,15.6293],[77.0814,15.6528],[77.1162,15.6251],[77.125,15.6591],[77.0759,15.6909],[77.0763,15.7214],[77.0471,15.725],[77.0467,15.7513],[77.0625,15.7784],[77.0639,15.8232],[77.0332,15.8531],[77.0768,15.9097],[77.1434,15.9406],[77.1806,15.9501],[77.2489,15.9577],[77.2824,15.9474],[77.3536,15.9437],[77.3762,15.9333],[77.4264,15.9423],[77.467,15.9276],[77.5095,15.9209],[77.5884,15.907],[77.6835,15.8739],[77.7161,15.8866],[77.7992,15.8653],[77.8877,15.8959],[78.0019,15.8592],[78.0398,15.8981],[78.0637,15.8446],[78.1011,15.8279],[78.1647,15.849],[78.18,15.9004],[78.2429,15.937],[78.2682,16.0348],[78.3162,16.0292],[78.4057,16.0809],[78.451,16.081],[78.5591,16.0564],[78.6035,16.0964],[78.6365,16.0914],[78.6866,16.0404],[78.739,16.0211],[78.808,16.0462],[78.8365,16.0874],[78.8321,16.1518],[78.9012,16.0976],[78.9209,16.1337],[78.9081,16.191],[79.0201,16.2443],[79.123,16.2379],[79.192,16.2227],[79.2251,16.2501],[79.2279,16.3368],[79.2115,16.3628],[79.2304,16.5193],[79.2661,16.5615],[79.3455,16.5796],[79.4266,16.5825],[79.4972,16.6305],[79.5367,16.6316],[79.5999,16.6633],[79.648,16.662],[79.7227,16.6926],[79.7749,16.7295],[79.8103,16.6905],[79.8618,16.6982],[79.8909,16.6496],[79.9426,16.6326],[80.0479,16.7452],[80.0697,16.8136],[80.0331,16.8524],[79.9917,16.8633],[80.0459,16.9653],[80.0842,16.9632],[80.1955,17.018],[80.2622,17.0106],[80.3014,16.9559],[80.3192,16.8709],[80.3586,16.8549],[80.3729,16.8111],[80.4187,16.8423],[80.4564,16.79],[80.5628,16.7628],[80.5975,16.7851],[80.5546,16.8248],[80.5867,16.8739],[80.5842,16.9265],[80.5317,16.9502],[80.4425,16.9449],[80.3604,16.9705],[80.3887,17.0141],[80.4462,17.017],[80.4847,17.0563],[80.4965,17.1013],[80.5602,17.138],[80.6298,17.11],[80.684,17.0687],[80.8232,17.0378],[80.8588,17.0509],[80.8703,17.1463],[80.9133,17.146],[80.9053,17.2013],[80.9852,17.1794],[81.0439,17.2045],[81.1628,17.2326],[81.1903,17.3274],[81.2672,17.32],[81.3225,17.3892],[81.3852,17.3551],[81.4415,17.3817],[81.4934,17.4488],[81.5029,17.5899],[81.5712,17.6879],[81.573,17.7187],[81.6231,17.7628],[81.6747,17.7671],[81.7296,17.8193],[81.7944,17.8442],[81.7583,17.8934],[81.786,17.9136],[81.801,17.9361],[81.8741,17.9598],[81.8851,17.9658],[81.9137,17.9799],[81.9518,17.9921],[81.9889,18.0203],[82.0016,18.0448],[82.0063,18.048],[82.0066,18.0492],[82.0094,18.0501],[82.0299,18.0565],[82.061,18.054],[82.0892,18.0574],[82.108,18.054],[82.1423,18.0436],[82.1851,18.0074],[82.1969,18.0087],[82.2532,17.9802],[82.2582,18.0349],[82.267,18.0483],[82.2878,18.0606],[82.3363,18.0473],[82.3432,18.0825],[82.3303,18.119],[82.3334,18.1424],[82.3652,18.1397],[82.3487,18.1618],[82.3061,18.1957],[82.3213,18.2225],[82.3318,18.2468],[82.3437,18.2717],[82.3822,18.2843],[82.358,18.3082],[82.3429,18.3073],[82.3344,18.3171],[82.3844,18.3724],[82.3725,18.3981],[82.3776,18.422],[82.3974,18.4516],[82.4291,18.4851],[82.474,18.5368],[82.4815,18.5151],[82.5231,18.5039],[82.5294,18.4429],[82.5538,18.4377],[82.5359,18.4083],[82.556,18.3885],[82.6009,18.3661],[82.5897,18.3195],[82.5892,18.2567],[82.6317,18.2285],[82.6649,18.2906],[82.6981,18.2963],[82.7671,18.3311],[82.7842,18.3542],[82.7875,18.3902],[82.7762,18.4197],[82.7992,18.4394],[82.8187,18.4334],[82.891,18.3922],[82.9027,18.3559],[82.9764,18.3549],[82.992,18.375],[83.0395,18.3701],[83.0658,18.3932],[83.0373,18.4348],[83.0164,18.4477],[83.0518,18.4775],[83.0885,18.5328],[83.0512,18.5349],[83.008,18.5884],[83.0203,18.6054],[83.0115,18.639],[83.051,18.6542],[83.0779,18.7053],[83.133,18.7724],[83.1854,18.7441],[83.2661,18.757],[83.2795,18.7896],[83.36,18.8074],[83.3987,18.8335],[83.3878,18.871],[83.3477,18.921],[83.3611,18.9534],[83.3133,18.9666],[83.3623,18.9947],[83.4089,18.9962],[83.4148,18.9779],[83.4427,18.9477],[83.4623,18.9592],[83.4485,18.9996],[83.4746,19.0003],[83.4594,19.0697],[83.477,19.0753],[83.5054,19.0648],[83.5137,19.0248],[83.5348,19.0286],[83.5515,19.0504],[83.5788,19.0498],[83.5822,19.0756],[83.6044,19.0929],[83.5943,19.1203],[83.6191,19.1419],[83.6447,19.1133],[83.6569,19.0749],[83.6844,19.0439],[83.7057,18.9852],[83.7263,18.9756],[83.7458,18.9182],[83.7772,18.9191],[83.7504,18.9444],[83.7411,18.9839],[83.7675,18.9984],[83.7757,19.009],[83.7883,19.0078],[83.8025,18.9818],[83.8134,18.9336],[83.8212,18.922],[83.8231,18.9055],[83.8349,18.9093],[83.8423,18.8882],[83.8371,18.8647],[83.8643,18.839],[83.8832,18.8197],[83.8955,18.8149],[83.9078,18.8164],[83.9336,18.8069],[83.9398,18.7966],[83.9556,18.8031],[83.9823,18.8],[83.9915,18.8047],[84.0479,18.7835],[84.0658,18.7517],[84.0779,18.7489],[84.1141,18.7551],[84.1279,18.7613],[84.135,18.7668],[84.1798,18.769],[84.246,18.7734],[84.2589,18.7748],[84.3004,18.7817],[84.3125,18.7792],[84.3322,18.792],[84.3444,18.8327],[84.3693,18.859],[84.3518,18.8778],[84.3547,18.8829],[84.3742,18.8889],[84.418,18.9007],[84.4156,18.938],[84.4264,18.984],[84.4374,18.9975],[84.4717,18.9812],[84.5099,19.0375],[84.5477,19.0461],[84.5597,19.0596],[84.5736,19.0351],[84.5877,19.013],[84.6005,19.0329],[84.6632,19.0645],[84.6446,19.0845],[84.6244,19.0744],[84.6168,19.09],[84.5958,19.1152],[84.6293,19.1207],[84.6659,19.1353],[84.665,19.1567],[84.6814,19.1497],[84.7021,19.1511],[84.6973,19.1251],[84.719,19.0958],[84.7302,19.0893],[84.761,19.0713],[84.6882,18.9732],[84.589,18.8726],[84.5546,18.796],[84.4901,18.7393],[84.4407,18.664],[84.3629,18.5885],[84.3562,18.5568],[84.286,18.5015],[84.1532,18.3765],[84.1296,18.3143],[84.0696,18.276],[83.8626,18.1757],[83.7135,18.1107],[83.5704,18.0143],[83.5296,17.9493],[83.4515,17.9001],[83.4187,17.8568],[83.4101,17.8104],[83.3543,17.7571],[83.3418,17.7229],[83.2399,17.6332],[83.2349,17.6107],[83.161,17.5607],[83.0068,17.4982],[82.954,17.4599],[82.7035,17.3438],[82.4901,17.214],[82.439,17.1726],[82.3026,17.0407],[82.2838,16.9771],[82.251,16.9349],[82.2699,16.8757],[82.359,16.8488],[82.3412,16.7535],[82.2995,16.7143],[82.2807,16.7227],[82.2204,16.7183],[82.1968,16.7365],[82.1791,16.7163],[82.2274,16.7047],[82.2537,16.6526],[82.2996,16.5918],[82.2215,16.5365],[81.9446,16.3954],[81.8424,16.3699],[81.7188,16.3115],[81.6865,16.3321],[81.5629,16.3457],[81.5429,16.3582],[81.3926,16.3421],[81.3187,16.3132],[81.2426,16.2499],[81.2051,16.176],[81.1893,16.1035],[81.141,16.0182],[81.1457,15.9738],[81.0885,15.9304],[80.9979,15.8296],[80.9985,15.7501],[80.9379,15.7182],[80.8379,15.709],[80.809,15.7318],[80.786,15.8601],[80.7118,15.8801],[80.5668,15.8607],[80.4283,15.8032],[80.3396,15.7474],[80.2704,15.6732],[80.2374,15.601],[80.2007,15.4654],[80.1271,15.3757],[80.0829,15.2624],[80.0885,15.2193],[80.0479,15.0888],[80.0535,15.0097],[80.0829,14.8888],[80.0868,14.8218],[80.1115,14.744],[80.1438,14.7007],[80.1663,14.6218],[80.1974,14.5932],[80.1824,14.5304],[80.1699,14.3607],[80.1385,14.2701],[80.1268,14.1662],[80.1479,14.0279],[80.2449,13.8196],[80.2524,13.7829],[80.2326,13.6696],[80.1876,13.6482],[80.154,13.7032],[80.1387,13.6135],[80.1035,13.6543],[80.0715,13.6349],[80.0535,13.5829],[80.109,13.5193],[80.2621,13.4729],[80.313,13.4279],[80.3154,13.3715],[80.276,13.3891],[80.2599,13.4474],[80.2464,13.4654],[80.2162,13.4818],[80.1631,13.4776],[80.1004,13.5052],[80.0694,13.5376],[79.9897,13.5268],[80.0059,13.4878],[79.9954,13.4595],[79.9619,13.4513],[79.9632,13.4179],[79.9325,13.4044],[79.9536,13.3741],[79.9255,13.3359],[79.9039,13.3333],[79.8512,13.3034],[79.8003,13.3043],[79.7798,13.2821],[79.7541,13.3028],[79.7461,13.28],[79.7218,13.2657],[79.7833,13.2282],[79.7444,13.1949],[79.6711,13.2358],[79.6843,13.2567],[79.6685,13.2819],[79.6011,13.2677],[79.5854,13.2471],[79.5654,13.2494],[79.5414,13.2789],[79.5358,13.3111],[79.4546,13.3243],[79.4173,13.322],[79.3746,13.303],[79.4054,13.2854],[79.4218,13.2867],[79.4073,13.2377],[79.4206,13.1845],[79.3844,13.1847],[79.3478,13.163],[79.3501,13.1255],[79.2988,13.1148],[79.2738,13.1209],[79.2713,13.1381],[79.2264,13.1346],[79.2143,13.0968],[79.1933,13.0897],[79.1694,13.053],[79.1706,13.0157],[79.1527,13.0073],[79.1044,13.0242],[79.0691,13.0142],[79.0533,13.038],[79.0004,13.0579],[78.9817,13.0762],[78.9458,13.0635],[78.9144,13.0678],[78.8819,13.0198],[78.8804,13.0696],[78.8009,13.0755],[78.7775,13.0532],[78.7395,13.0455],[78.7024,13.0562],[78.6938,13.0044],[78.6511,13.0179],[78.6202,12.9739],[78.6467,12.919],[78.6248,12.9142],[78.5916,12.8385],[78.5801,12.7672],[78.5581,12.7516],[78.5456,12.7286],[78.5522,12.6971],[78.5244,12.6797],[78.4943,12.7304],[78.4934,12.6696],[78.4577,12.6622],[78.4596,12.6174],[78.3683,12.6118],[78.3088,12.65],[78.2905,12.6529],[78.2644,12.6918],[78.2274,12.6893],[78.2001,12.6756],[78.1947,12.6953],[78.2289,12.7202],[78.2206,12.7526]]],[[[82.2588,16.6901],[82.3165,16.7046],[82.3393,16.6854],[82.3187,16.6168],[82.256,16.6537],[82.2588,16.6901]]]]},"properties":{"ID_0":105,"ISO":"IND","NAME_0":"India","ID_1":2,"NAME_1":"Andhra Pradesh","NL_NAME_1":null,"VARNAME_1":null,"TYPE_1":"State","ENGTYPE_1":"State"}}]}