{"type":"FeatureCollection","features":[{"type":"Feature","geometry":{"type":"MultiPolygon","coordinates":[[[[93.8481,7.2403],[93.8425,7.2286],[93.8442,7.2211],[93.8514,7.2139],[93.8592,7.2172],[93.8703,7.2158],[93.8836,7.1885],[93.88,7.1747],[93.8879,7.1511],[93.8847,7.1348],[93.8857,7.1258],[93.8914,7.1211],[93.8856,7.105],[93.8878,7.0864],[93.8931,7.0788],[93.9017,7.0775],[93.9064,7.07],[93.9056,7.0628],[93.9167,7.0484],[93.9125,7.0411],[93.9206,7.0233],[93.9273,7.0273],[93.9365,7.0133],[93.9455,7.0094],[93.9477,6.9982],[93.9429,6.9927],[93.933,7.0022],[93.9296,7.0101],[93.9221,7.0099],[93.9139,7],[93.9294,6.9839],[93.9286,6.9736],[93.9366,6.9624],[93.9441,6.9599],[93.9393,6.9501],[93.9297,6.955],[93.9172,6.9445],[93.9172,6.9325],[93.91,6.9306],[93.9103,6.9233],[93.9165,6.9129],[93.9086,6.9047],[93.8972,6.9022],[93.8969,6.8934],[93.9016,6.8811],[93.9009,6.8717],[93.8936,6.8669],[93.8936,6.8469],[93.8969,6.8411],[93.9088,6.8382],[93.9097,6.8308],[93.9016,6.8202],[93.8962,6.8049],[93.8892,6.8039],[93.8851,6.795],[93.8683,6.815],[93.8532,6.8154],[93.8461,6.8006],[93.8487,6.7901],[93.8473,6.7798],[93.8388,6.7698],[93.8364,6.7578],[93.8283,6.7543],[93.8067,6.7625],[93.8038,6.7685],[93.8125,6.7781],[93.8077,6.7839],[93.8117,6.7947],[93.8078,6.7986],[93.8133,6.8078],[93.8011,6.8136],[93.7857,6.8358],[93.7944,6.8489],[93.7878,6.8569],[93.7822,6.8544],[93.7738,6.8641],[93.7716,6.8767],[93.7797,6.8815],[93.7769,6.8906],[93.7681,6.8951],[93.7628,6.9078],[93.7628,6.9164],[93.7508,6.9081],[93.7419,6.925],[93.7513,6.9297],[93.7522,6.9389],[93.7453,6.9619],[93.7381,6.9592],[93.7312,6.9696],[93.7324,6.9801],[93.723,6.9919],[93.7175,6.9938],[93.7075,6.9898],[93.7053,7.0022],[93.6993,7.0115],[93.6858,7.0183],[93.6703,7.0131],[93.6692,7.0286],[93.6727,7.0334],[93.6653,7.0419],[93.6686,7.0661],[93.6631,7.0725],[93.6703,7.0811],[93.6603,7.0864],[93.6578,7.1011],[93.6656,7.1028],[93.6747,7.1125],[93.6675,7.1175],[93.6628,7.1117],[93.6561,7.1153],[93.6558,7.1264],[93.664,7.1301],[93.6671,7.1386],[93.6758,7.1399],[93.6785,7.1528],[93.6747,7.1597],[93.6749,7.1765],[93.6836,7.1835],[93.6861,7.19],[93.6991,7.1887],[93.7131,7.1922],[93.7261,7.1858],[93.7336,7.1872],[93.755,7.2114],[93.7744,7.2069],[93.7771,7.2119],[93.7936,7.2125],[93.7996,7.2063],[93.8077,7.2149],[93.8083,7.2289],[93.8261,7.2381],[93.8481,7.2403]]],[[[93.6894,7.4097],[93.695,7.3994],[93.6844,7.4003],[93.6894,7.4097]]],[[[93.7131,7.4436],[93.7222,7.4211],[93.7214,7.4022],[93.7247,7.3972],[93.7565,7.3744],[93.7547,7.3589],[93.7428,7.3475],[93.7372,7.3386],[93.7353,7.3283],[93.7292,7.3211],[93.725,7.31],[93.7181,7.305],[93.7061,7.3031],[93.6983,7.2936],[93.6861,7.2903],[93.6794,7.2847],[93.6708,7.2675],[93.6697,7.2597],[93.6486,7.2425],[93.6381,7.2531],[93.6386,7.2567],[93.6288,7.2686],[93.6342,7.2764],[93.6333,7.29],[93.6264,7.3058],[93.6361,7.3214],[93.6328,7.3358],[93.6311,7.3617],[93.6325,7.3706],[93.6397,7.3739],[93.6494,7.3686],[93.6619,7.3808],[93.6717,7.3736],[93.6797,7.3761],[93.6842,7.3875],[93.7075,7.3939],[93.7038,7.4009],[93.709,7.4176],[93.7069,7.4378],[93.7131,7.4436]]],[[[93.38,8.0247],[93.3986,8.0172],[93.4097,8.0071],[93.4036,7.9981],[93.4028,7.9745],[93.4122,7.9619],[93.4208,7.9592],[93.43,7.9678],[93.44,7.9544],[93.4614,7.9358],[93.4658,7.9278],[93.4656,7.9167],[93.4742,7.8958],[93.4708,7.8836],[93.4617,7.8722],[93.4531,7.8756],[93.4517,7.8836],[93.4414,7.8989],[93.4292,7.9053],[93.4164,7.9067],[93.4072,7.9019],[93.3975,7.9019],[93.3925,7.8925],[93.3772,7.8817],[93.3564,7.8889],[93.3444,7.9017],[93.3467,7.9117],[93.3426,7.9181],[93.3478,7.9256],[93.3431,7.9317],[93.3331,7.935],[93.3303,7.9233],[93.3172,7.9336],[93.3181,7.9431],[93.3119,7.9506],[93.3106,7.9619],[93.3242,7.9769],[93.3225,7.9931],[93.3267,8.0025],[93.3364,8.0122],[93.3547,8.0078],[93.3661,8.0144],[93.3714,8.0222],[93.38,8.0247]]],[[[93.5473,8.0281],[93.5636,8.0247],[93.5828,7.9917],[93.58,7.9772],[93.5831,7.9703],[93.5794,7.9336],[93.5739,7.9289],[93.5525,7.9486],[93.5381,7.9583],[93.5356,7.9636],[93.5247,7.9683],[93.5072,7.9853],[93.5053,7.9939],[93.5133,7.9989],[93.5183,7.9931],[93.5311,8.0064],[93.5282,8.0187],[93.5425,8.015],[93.5478,8.0169],[93.5473,8.0281]]],[[[93.5786,8.1253],[93.5887,8.1094],[93.5906,8.0831],[93.5931,8.0764],[93.5914,8.0658],[93.5975,8.0589],[93.6011,8.0442],[93.5925,8.0378],[93.5717,8.0672],[93.5803,8.0808],[93.57,8.0911],[93.5706,8.1061],[93.5614,8.1186],[93.5786,8.1253]]],[[[93.5265,8.2313],[93.5372,8.2296],[93.5442,8.225],[93.5468,8.2102],[93.5447,8.1961],[93.538,8.1905],[93.535,8.18],[93.5253,8.1714],[93.5178,8.1726],[93.5097,8.1658],[93.5044,8.1443],[93.5147,8.1356],[93.5258,8.1194],[93.5322,8.1047],[93.5317,8.0997],[93.5483,8.0883],[93.5531,8.0664],[93.5492,8.0514],[93.5497,8.0353],[93.5417,8.0375],[93.5314,8.0489],[93.5289,8.0383],[93.5236,8.0319],[93.5089,8.034],[93.5061,8.0239],[93.5119,8.0167],[93.5067,8.0128],[93.5067,8.0017],[93.5014,7.9972],[93.4919,8],[93.4853,8.0178],[93.4864,8.0367],[93.4903,8.0467],[93.4994,8.0394],[93.5139,8.05],[93.5178,8.0469],[93.5258,8.0553],[93.5272,8.0764],[93.5158,8.0839],[93.5128,8.0741],[93.5065,8.0725],[93.4919,8.0611],[93.4944,8.0539],[93.4847,8.0525],[93.4833,8.0775],[93.4783,8.0903],[93.4672,8.1053],[93.4661,8.1125],[93.4589,8.1244],[93.4583,8.1414],[93.455,8.1489],[93.4564,8.1589],[93.455,8.1756],[93.4771,8.1852],[93.4833,8.1944],[93.4906,8.1989],[93.4914,8.2183],[93.4947,8.2228],[93.5122,8.2279],[93.5208,8.233],[93.5265,8.2313]]],[[[93.2353,8.2656],[93.2497,8.2406],[93.2519,8.2289],[93.2389,8.2208],[93.2335,8.2299],[93.2247,8.2364],[93.2201,8.2451],[93.2217,8.2569],[93.2353,8.2656]]],[[[93.1263,8.3559],[93.1319,8.3483],[93.1434,8.3465],[93.1414,8.3306],[93.1311,8.3098],[93.1339,8.3017],[93.1264,8.2833],[93.1261,8.2772],[93.1367,8.2603],[93.1543,8.243],[93.1787,8.2302],[93.1943,8.225],[93.2056,8.2131],[93.2019,8.1964],[93.1956,8.1931],[93.1792,8.1958],[93.1751,8.2005],[93.1664,8.1997],[93.1319,8.2194],[93.1233,8.2208],[93.1011,8.2461],[93.0953,8.2592],[93.0853,8.2739],[93.0833,8.2944],[93.0853,8.3079],[93.0947,8.3258],[93.0953,8.3403],[93.1058,8.3503],[93.1128,8.3472],[93.1263,8.3559]]],[[[93.0439,8.4733],[93.0558,8.4622],[93.0564,8.4481],[93.0514,8.4383],[93.0425,8.4408],[93.0344,8.4511],[93.0358,8.46],[93.0439,8.4733]]],[[[93.616,8.5736],[93.6203,8.5649],[93.6182,8.552],[93.623,8.5294],[93.6347,8.5244],[93.6375,8.5122],[93.6319,8.5053],[93.637,8.4972],[93.6424,8.4674],[93.6339,8.4706],[93.6267,8.4672],[93.6231,8.4478],[93.6275,8.4415],[93.6271,8.4312],[93.6194,8.4324],[93.6197,8.4589],[93.6244,8.4822],[93.6283,8.4886],[93.6243,8.498],[93.6249,8.5151],[93.6101,8.5443],[93.6097,8.5522],[93.616,8.5736]]],[[[92.8592,8.8201],[92.8519,8.8222],[92.8528,8.8306],[92.8619,8.8347],[92.8592,8.8201]]],[[[92.7878,9.2442],[92.8139,9.2203],[92.8192,9.2132],[92.8243,9.1958],[92.8544,9.2092],[92.8569,9.202],[92.8255,9.1921],[92.8252,9.1809],[92.8319,9.1634],[92.8282,9.1515],[92.8301,9.1383],[92.8241,9.1384],[92.8119,9.1311],[92.8111,9.1239],[92.7887,9.119],[92.7774,9.1211],[92.7689,9.1276],[92.7636,9.1236],[92.7555,9.1268],[92.7389,9.1232],[92.7317,9.1244],[92.7197,9.1461],[92.7181,9.1585],[92.7211,9.1828],[92.7194,9.1944],[92.7208,9.2136],[92.7294,9.2197],[92.7372,9.2153],[92.7653,9.2147],[92.7717,9.2211],[92.7812,9.2502],[92.7878,9.2442]]],[[[92.5158,10.8976],[92.5211,10.8969],[92.5317,10.885],[92.5369,10.8828],[92.5583,10.8633],[92.5569,10.8433],[92.5633,10.8272],[92.5614,10.8119],[92.5642,10.8042],[92.572,10.8028],[92.5786,10.7928],[92.5877,10.7869],[92.5881,10.7781],[92.5839,10.7617],[92.5828,10.7425],[92.5881,10.7336],[92.5903,10.7172],[92.5974,10.7063],[92.5976,10.6831],[92.5946,10.6769],[92.5869,10.6796],[92.5759,10.6708],[92.5789,10.6582],[92.576,10.6528],[92.5642,10.6489],[92.5527,10.6378],[92.5456,10.6272],[92.5403,10.6136],[92.5408,10.6006],[92.5444,10.5933],[92.5642,10.5867],[92.5683,10.5761],[92.5541,10.5571],[92.5464,10.5525],[92.5437,10.542],[92.5337,10.5281],[92.5314,10.5184],[92.5131,10.5117],[92.499,10.5112],[92.4814,10.5183],[92.4622,10.5361],[92.4503,10.5433],[92.4347,10.5483],[92.4186,10.5472],[92.4083,10.5347],[92.4017,10.5314],[92.3853,10.5322],[92.3842,10.5439],[92.3936,10.5536],[92.3921,10.5575],[92.4097,10.5833],[92.4127,10.6061],[92.4206,10.6147],[92.4174,10.6283],[92.4083,10.6486],[92.395,10.6664],[92.381,10.6665],[92.38,10.7063],[92.3825,10.7197],[92.3777,10.7401],[92.3785,10.7562],[92.3814,10.7614],[92.3772,10.7697],[92.3761,10.7817],[92.3866,10.7832],[92.3945,10.7796],[92.4131,10.7889],[92.4222,10.8031],[92.4223,10.808],[92.4311,10.8218],[92.4367,10.824],[92.4472,10.8375],[92.4574,10.84],[92.4599,10.8466],[92.4586,10.8631],[92.4722,10.8708],[92.4794,10.8714],[92.4925,10.8892],[92.5068,10.8894],[92.5158,10.8976]]],[[[92.2267,10.9823],[92.2279,10.9761],[92.2186,10.9725],[92.215,10.9789],[92.2267,10.9823]]],[[[92.706,11.2892],[92.7058,11.2631],[92.6967,11.2608],[92.6931,11.2708],[92.6944,11.2842],[92.706,11.2892]]],[[[92.6415,11.5101],[92.6457,11.5008],[92.6596,11.4914],[92.6682,11.4904],[92.6706,11.48],[92.6773,11.4715],[92.6759,11.4621],[92.6847,11.442],[92.6851,11.4333],[92.6731,11.4271],[92.6719,11.4157],[92.658,11.4116],[92.6641,11.395],[92.6748,11.3991],[92.6785,11.3924],[92.6924,11.3879],[92.6906,11.3699],[92.6768,11.3624],[92.6663,11.3604],[92.6616,11.355],[92.6492,11.3564],[92.6384,11.3465],[92.627,11.3494],[92.5994,11.3468],[92.5887,11.3541],[92.5812,11.3667],[92.5925,11.3806],[92.5879,11.4013],[92.596,11.4002],[92.6225,11.4045],[92.6253,11.4204],[92.6202,11.4327],[92.6236,11.4408],[92.6111,11.4586],[92.6163,11.4851],[92.6227,11.5005],[92.632,11.5145],[92.6415,11.5101]]],[[[92.5604,11.538],[92.5691,11.5274],[92.5668,11.5173],[92.5619,11.5166],[92.5527,11.531],[92.5604,11.538]]],[[[92.61,11.5589],[92.6202,11.5576],[92.6163,11.5354],[92.6074,11.536],[92.6049,11.554],[92.61,11.5589]]],[[[92.5972,11.5417],[92.5877,11.539],[92.5842,11.5492],[92.5894,11.5614],[92.5972,11.5626],[92.5972,11.5417]]],[[[92.611,11.5883],[92.6175,11.582],[92.6173,11.5665],[92.6006,11.5681],[92.602,11.5863],[92.611,11.5883]]],[[[92.2189,11.5923],[92.2315,11.5873],[92.2415,11.5921],[92.2626,11.5898],[92.2699,11.5849],[92.2689,11.5552],[92.2746,11.5349],[92.2698,11.5225],[92.2604,11.5175],[92.2503,11.5258],[92.2324,11.5259],[92.2169,11.5288],[92.2081,11.5478],[92.2091,11.5598],[92.2147,11.5711],[92.2077,11.5834],[92.2189,11.5923]]],[[[92.5398,11.6033],[92.5453,11.5943],[92.5543,11.5913],[92.5667,11.5921],[92.562,11.5813],[92.565,11.5752],[92.5534,11.5617],[92.5375,11.5612],[92.5322,11.5725],[92.5352,11.5817],[92.532,11.5951],[92.5398,11.6033]]],[[[93.0208,11.8433],[93.0325,11.8367],[93.0445,11.8419],[93.0633,11.8448],[93.0722,11.8356],[93.0605,11.8159],[93.05,11.8122],[93.0173,11.8307],[93.0122,11.8381],[93.0208,11.8433]]],[[[92.7501,11.9683],[92.763,11.9668],[92.7672,11.9564],[92.7622,11.9493],[92.7458,11.9448],[92.7362,11.9532],[92.74,11.9617],[92.7501,11.9683]]],[[[92.5961,11.9761],[92.6036,11.965],[92.6072,11.9447],[92.6033,11.9363],[92.5961,11.9381],[92.5961,11.9761]]],[[[92.9695,12.0337],[92.9744,12.042],[92.9828,12.0434],[93.0033,12.0292],[93.01,12.0172],[93.0069,12.0044],[93.0083,11.9981],[93.0258,11.9641],[93.0281,11.9517],[93.0374,11.9475],[93.0479,11.9201],[93.0492,11.9087],[93.0538,11.8962],[93.046,11.884],[93.0363,11.8816],[93.0253,11.8882],[93.0225,11.9009],[93.0068,11.9269],[92.9884,11.95],[92.9849,11.9449],[92.9734,11.9492],[92.9684,11.9565],[92.9608,11.9797],[92.948,11.9852],[92.9339,11.985],[92.9255,11.9958],[92.9308,12.0056],[92.9409,12.0067],[92.9507,12.0131],[92.9616,12.0303],[92.9695,12.0337]]],[[[92.9914,12.1089],[93.0033,12.105],[92.9989,12.0723],[93.0017,12.0617],[92.9986,12.0464],[92.9904,12.0443],[92.9753,12.0598],[92.9747,12.0642],[92.9618,12.0722],[92.9606,12.0826],[92.9699,12.0861],[92.9616,12.0952],[92.9597,12.1072],[92.9706,12.1042],[92.9914,12.1089]]],[[[92.9486,12.1158],[92.9564,12.1056],[92.9578,12.0985],[92.9489,12.0965],[92.9486,12.1158]]],[[[93.1205,12.1483],[93.1227,12.1386],[93.1128,12.1353],[93.1098,12.1435],[93.1205,12.1483]]],[[[93.0278,12.1569],[93.0261,12.1389],[93.0353,12.1253],[93.0317,12.1103],[93.0356,12.0978],[93.0536,12.0756],[93.0533,12.0606],[93.0455,12.0454],[93.0416,12.0457],[93.0339,12.0614],[93.025,12.07],[93.0111,12.0714],[93.007,12.0758],[93.0061,12.1081],[92.9972,12.1136],[92.9767,12.1133],[92.9754,12.1174],[92.9623,12.1228],[92.9556,12.1422],[92.9633,12.1508],[92.9833,12.149],[92.9933,12.1408],[92.9969,12.1261],[93.0067,12.1461],[93.0219,12.1583],[93.0278,12.1569]]],[[[93.0686,12.2113],[93.0759,12.2099],[93.0772,12.2022],[93.0855,12.1952],[93.0897,12.1719],[93.084,12.1553],[93.094,12.1484],[93.0946,12.1424],[93.0886,12.1308],[93.0924,12.1233],[93.0922,12.1069],[93.0849,12.0891],[93.0786,12.0847],[93.07,12.0872],[93.0658,12.0983],[93.0531,12.11],[93.0466,12.1277],[93.0374,12.1345],[93.0432,12.1585],[93.0489,12.17],[93.0564,12.1914],[93.0686,12.2113]]],[[[92.939,12.2239],[92.9416,12.2187],[92.9345,12.2104],[92.9249,12.2115],[92.9273,12.2217],[92.939,12.2239]]],[[[92.7009,12.2356],[92.7063,12.2284],[92.7102,12.2082],[92.7072,12.1972],[92.7121,12.1915],[92.7056,12.1803],[92.7049,12.1711],[92.7155,12.1683],[92.7243,12.1784],[92.7367,12.1822],[92.7572,12.1756],[92.7555,12.1543],[92.7459,12.131],[92.7439,12.1202],[92.7375,12.1113],[92.7353,12.0888],[92.7411,12.0747],[92.7516,12.071],[92.7583,12.0639],[92.7597,12.0558],[92.7671,12.0465],[92.7777,12.0505],[92.7757,12.0309],[92.7617,12.0206],[92.7486,12.0362],[92.7408,12.0343],[92.74,12.0169],[92.7469,12.0172],[92.7523,12.0026],[92.7477,11.9954],[92.7572,11.9884],[92.7516,11.9788],[92.7459,11.9821],[92.7362,11.9767],[92.7383,11.9964],[92.7298,11.9934],[92.7259,11.9742],[92.716,11.9508],[92.7178,11.9344],[92.7246,11.9306],[92.7272,11.8978],[92.7231,11.8774],[92.7326,11.8751],[92.7317,11.8991],[92.737,11.9153],[92.7466,11.9321],[92.7532,11.9314],[92.7645,11.9399],[92.7771,11.9384],[92.7877,11.9256],[92.7833,11.9054],[92.7857,11.8997],[92.7789,11.8921],[92.7881,11.8839],[92.7869,11.8717],[92.7809,11.8507],[92.7811,11.8436],[92.773,11.8066],[92.7694,11.7986],[92.7707,11.7852],[92.7648,11.7667],[92.766,11.7519],[92.7613,11.746],[92.7589,11.7286],[92.7549,11.7174],[92.7577,11.7081],[92.7422,11.709],[92.7452,11.6921],[92.7359,11.6928],[92.7315,11.6984],[92.7225,11.6974],[92.7182,11.706],[92.7103,11.6965],[92.702,11.692],[92.7039,11.6835],[92.6987,11.6657],[92.6856,11.6622],[92.6839,11.651],[92.6664,11.6541],[92.6654,11.6457],[92.6687,11.6332],[92.6796,11.6289],[92.6812,11.6368],[92.6905,11.6318],[92.7003,11.6413],[92.6992,11.6486],[92.7288,11.6572],[92.7295,11.6614],[92.7161,11.6659],[92.7156,11.6762],[92.7215,11.6863],[92.7315,11.6736],[92.7386,11.6779],[92.7449,11.6755],[92.75,11.6669],[92.7562,11.6657],[92.7583,11.6562],[92.756,11.6469],[92.7472,11.6413],[92.7525,11.6329],[92.7529,11.6096],[92.7489,11.601],[92.7409,11.5932],[92.7441,11.5848],[92.7378,11.5759],[92.7392,11.5708],[92.7301,11.5578],[92.7348,11.5526],[92.732,11.543],[92.7237,11.5272],[92.7279,11.5176],[92.7177,11.5023],[92.7167,11.4934],[92.7091,11.4883],[92.6983,11.507],[92.6784,11.5114],[92.6712,11.5037],[92.6639,11.5066],[92.6462,11.5236],[92.6439,11.5407],[92.6506,11.5518],[92.6422,11.56],[92.6474,11.5721],[92.6396,11.5746],[92.6276,11.5706],[92.6204,11.5771],[92.618,11.5853],[92.6074,11.5948],[92.6056,11.6088],[92.6099,11.6215],[92.6372,11.6164],[92.6445,11.6253],[92.6453,11.6327],[92.634,11.6358],[92.631,11.6283],[92.6081,11.6345],[92.5952,11.6652],[92.5914,11.6688],[92.5985,11.6787],[92.5992,11.6899],[92.5929,11.7032],[92.5949,11.7097],[92.5874,11.7173],[92.5741,11.7149],[92.5725,11.6992],[92.5626,11.6934],[92.5523,11.7213],[92.5541,11.7403],[92.5523,11.7557],[92.5561,11.7727],[92.5523,11.7847],[92.5539,11.793],[92.5483,11.8173],[92.5408,11.8223],[92.5456,11.828],[92.5367,11.8386],[92.5247,11.8261],[92.5192,11.8305],[92.5182,11.8429],[92.5135,11.848],[92.5249,11.8717],[92.5264,11.895],[92.5377,11.9036],[92.5345,11.9118],[92.5426,11.9232],[92.5554,11.9285],[92.5654,11.9432],[92.5732,11.9271],[92.5784,11.9272],[92.5835,11.9086],[92.5861,11.8885],[92.5924,11.8879],[92.5944,11.8991],[92.6016,11.8972],[92.6019,11.874],[92.611,11.8713],[92.6104,11.9071],[92.6116,11.9135],[92.606,11.9234],[92.6115,11.9404],[92.6084,11.9483],[92.613,11.9607],[92.612,11.9836],[92.6131,12.0066],[92.6256,12.0619],[92.6195,12.0708],[92.6236,12.1028],[92.6319,12.1136],[92.6315,12.1228],[92.637,12.1457],[92.642,12.159],[92.6457,12.1792],[92.6608,12.2011],[92.6693,12.2059],[92.6741,12.218],[92.6801,12.2138],[92.685,12.2212],[92.6894,12.2353],[92.7009,12.2356]]],[[[92.7306,12.2425],[92.739,12.2333],[92.7623,12.2294],[92.7626,12.2094],[92.7681,12.2014],[92.7637,12.1822],[92.7332,12.1852],[92.7234,12.1888],[92.7245,12.208],[92.7223,12.2283],[92.7256,12.2402],[92.7306,12.2425]]],[[[92.9017,12.2558],[92.9057,12.2513],[92.9144,12.2304],[92.9009,12.2279],[92.8931,12.2339],[92.885,12.2276],[92.877,12.2126],[92.8744,12.2283],[92.8697,12.2381],[92.8742,12.2488],[92.8794,12.2461],[92.8952,12.2558],[92.9017,12.2558]]],[[[93.0778,12.2619],[93.0836,12.2586],[93.0867,12.2372],[93.0922,12.2381],[93.0992,12.2492],[93.0997,12.2586],[93.1057,12.2608],[93.1064,12.2442],[93.1008,12.2317],[93.1036,12.2217],[93.1036,12.2083],[93.0994,12.2037],[93.0842,12.2222],[93.0656,12.2272],[93.0648,12.2358],[93.0706,12.2578],[93.0778,12.2619]]],[[[92.7501,12.2877],[92.7429,12.2552],[92.7348,12.2552],[92.7403,12.276],[92.7501,12.2877]]],[[[92.7667,12.2703],[92.7589,12.2696],[92.7538,12.2756],[92.7549,12.2832],[92.7616,12.2935],[92.768,12.2845],[92.7667,12.2703]]],[[[92.7114,12.2961],[92.7234,12.2951],[92.7208,12.279],[92.7125,12.2467],[92.7052,12.2434],[92.7015,12.2674],[92.7044,12.2833],[92.7046,12.2981],[92.7114,12.2961]]],[[[92.9414,12.2808],[92.9424,12.2751],[92.9301,12.2592],[92.9275,12.2516],[92.9294,12.2415],[92.9217,12.2312],[92.9185,12.244],[92.9227,12.2595],[92.915,12.2657],[92.9144,12.272],[92.9016,12.2808],[92.9015,12.2882],[92.9138,12.2926],[92.9267,12.2806],[92.9292,12.3038],[92.9365,12.2978],[92.9342,12.286],[92.9414,12.2808]]],[[[92.7766,12.3103],[92.7851,12.3108],[92.7926,12.3045],[92.8095,12.3128],[92.8205,12.3082],[92.83,12.3004],[92.8385,12.3036],[92.8494,12.3022],[92.8579,12.3054],[92.8697,12.3008],[92.8876,12.2588],[92.8756,12.2503],[92.8639,12.2511],[92.8594,12.2469],[92.8628,12.2362],[92.8719,12.2267],[92.8747,12.2043],[92.882,12.1985],[92.8751,12.1931],[92.8635,12.197],[92.8534,12.2038],[92.8466,12.1977],[92.8487,12.1892],[92.8549,12.1853],[92.8508,12.1767],[92.8553,12.1711],[92.8487,12.1624],[92.8412,12.1605],[92.8365,12.1672],[92.8188,12.1576],[92.8214,12.15],[92.8115,12.1296],[92.8035,12.1255],[92.8117,12.1175],[92.8106,12.105],[92.7986,12.1086],[92.7881,12.1011],[92.7944,12.0961],[92.793,12.0828],[92.7822,12.08],[92.765,12.0633],[92.7566,12.0743],[92.7477,12.0745],[92.7393,12.0846],[92.7395,12.099],[92.7473,12.1239],[92.7544,12.1411],[92.7654,12.1765],[92.7691,12.2022],[92.7642,12.2113],[92.7684,12.2277],[92.7613,12.2322],[92.7514,12.2325],[92.7488,12.2408],[92.7423,12.2455],[92.752,12.2747],[92.7639,12.264],[92.7747,12.2797],[92.7817,12.2851],[92.7748,12.3013],[92.7766,12.3103]]],[[[93.8397,12.3208],[93.8577,12.2931],[93.8672,12.2956],[93.8781,12.2817],[93.8724,12.2678],[93.8807,12.2366],[93.8681,12.2338],[93.8625,12.2658],[93.8589,12.265],[93.8617,12.2338],[93.8405,12.2369],[93.8334,12.2425],[93.8521,12.2674],[93.8496,12.2686],[93.8267,12.2449],[93.8155,12.2708],[93.8148,12.2853],[93.8187,12.3004],[93.8242,12.3075],[93.8482,12.2856],[93.8508,12.2873],[93.829,12.3123],[93.8397,12.3208]]],[[[92.9117,12.338],[92.9103,12.3509],[92.9188,12.3502],[92.9117,12.338]]],[[[92.8529,12.4088],[92.8658,12.4037],[92.873,12.4055],[92.8805,12.3984],[92.8892,12.4023],[92.8899,12.3913],[92.8801,12.3833],[92.8734,12.3841],[92.8669,12.3778],[92.8484,12.3943],[92.8443,12.4037],[92.8529,12.4088]]],[[[92.9554,12.4147],[92.9429,12.4005],[92.943,12.3846],[92.9379,12.3781],[92.9323,12.3594],[92.9189,12.365],[92.9199,12.3773],[92.9277,12.387],[92.9245,12.3916],[92.9259,12.4036],[92.9329,12.419],[92.9406,12.4219],[92.9484,12.4174],[92.9497,12.4296],[92.9559,12.4294],[92.9607,12.4198],[92.9554,12.4147]]],[[[92.6795,12.5411],[92.6846,12.5388],[92.6777,12.5223],[92.6698,12.5298],[92.6718,12.5411],[92.6795,12.5411]]],[[[92.725,12.7617],[92.7153,12.7783],[92.7222,12.7786],[92.725,12.7617]]],[[[92.711,12.829],[92.7128,12.8177],[92.7134,12.7735],[92.725,12.7544],[92.7189,12.7498],[92.7197,12.7227],[92.7105,12.7246],[92.7125,12.7372],[92.7096,12.7722],[92.6995,12.7866],[92.6945,12.7975],[92.6995,12.8025],[92.7022,12.8149],[92.711,12.829]]],[[[92.7286,12.8644],[92.7175,12.8336],[92.7089,12.835],[92.7203,12.8644],[92.7286,12.8644]]],[[[92.795,12.9113],[92.8005,12.8975],[92.7925,12.8919],[92.7844,12.8939],[92.7824,12.902],[92.7751,12.9042],[92.7754,12.9122],[92.795,12.9113]]],[[[92.8989,12.9158],[92.9104,12.9086],[92.909,12.8831],[92.9203,12.8877],[92.9283,12.8833],[92.9273,12.8743],[92.9313,12.8573],[92.9366,12.8542],[92.9442,12.8267],[92.9541,12.8075],[92.9481,12.792],[92.9345,12.7816],[92.9342,12.7738],[92.939,12.7678],[92.9601,12.755],[92.9686,12.74],[92.9644,12.7291],[92.9686,12.7195],[92.9769,12.7182],[92.9631,12.6985],[92.9652,12.681],[92.962,12.6689],[92.9627,12.6589],[92.9581,12.6429],[92.9586,12.6187],[92.9561,12.6081],[92.9573,12.594],[92.9616,12.5778],[92.9705,12.5592],[92.9755,12.5419],[92.9747,12.5318],[92.9655,12.5047],[92.9684,12.4967],[92.9591,12.4867],[92.9453,12.4973],[92.9411,12.4853],[92.9332,12.4816],[92.9353,12.4698],[92.9442,12.4691],[92.9507,12.476],[92.9589,12.4729],[92.9497,12.4644],[92.9422,12.45],[92.9318,12.4486],[92.9189,12.4426],[92.9236,12.436],[92.9153,12.4121],[92.8967,12.4298],[92.8932,12.4183],[92.8854,12.4231],[92.878,12.4177],[92.865,12.4258],[92.857,12.4223],[92.8461,12.4236],[92.8386,12.4286],[92.8294,12.4286],[92.8294,12.42],[92.8419,12.4044],[92.8381,12.3981],[92.8526,12.3775],[92.8597,12.3717],[92.8604,12.362],[92.8669,12.3622],[92.874,12.3533],[92.884,12.3559],[92.8875,12.3439],[92.8807,12.3434],[92.88,12.3334],[92.8885,12.3311],[92.8865,12.3233],[92.8781,12.3132],[92.8574,12.3143],[92.8474,12.3078],[92.8324,12.3026],[92.8091,12.3149],[92.7954,12.3062],[92.7897,12.3122],[92.7801,12.313],[92.7719,12.3181],[92.7673,12.3099],[92.7576,12.303],[92.7479,12.3],[92.7308,12.3028],[92.7191,12.3009],[92.7145,12.3124],[92.7074,12.3166],[92.7091,12.327],[92.7008,12.3368],[92.701,12.368],[92.6978,12.3894],[92.7005,12.4092],[92.6981,12.421],[92.703,12.4361],[92.702,12.4431],[92.7065,12.452],[92.701,12.4703],[92.7034,12.4838],[92.7083,12.4916],[92.7014,12.5005],[92.7011,12.5108],[92.6943,12.5148],[92.7001,12.5338],[92.699,12.5397],[92.7089,12.5567],[92.7048,12.5663],[92.7069,12.5931],[92.7013,12.5997],[92.6848,12.6033],[92.6875,12.6117],[92.6951,12.6073],[92.7096,12.616],[92.7152,12.6364],[92.7269,12.6342],[92.7361,12.6405],[92.7331,12.6533],[92.7443,12.6677],[92.7539,12.6707],[92.7771,12.6671],[92.7793,12.6542],[92.7886,12.6745],[92.7841,12.6927],[92.77,12.6732],[92.7601,12.6712],[92.7531,12.6747],[92.7445,12.6712],[92.7329,12.6744],[92.7363,12.6816],[92.7295,12.6974],[92.7411,12.7003],[92.7393,12.7118],[92.7415,12.7245],[92.7383,12.7358],[92.7312,12.7432],[92.7286,12.7591],[92.7211,12.7881],[92.7204,12.8055],[92.7244,12.828],[92.7329,12.8329],[92.7381,12.8295],[92.7543,12.8481],[92.7687,12.8505],[92.7714,12.8635],[92.7811,12.8606],[92.7932,12.863],[92.7922,12.8901],[92.8032,12.8969],[92.8243,12.8953],[92.8279,12.886],[92.8341,12.8855],[92.8397,12.8913],[92.8428,12.8902],[92.8431,12.886],[92.8402,12.8783],[92.8417,12.8756],[92.8448,12.8751],[92.8747,12.8819],[92.8744,12.8938],[92.8918,12.8954],[92.8983,12.9042],[92.8989,12.9158]]],[[[92.877,12.9321],[92.8846,12.9293],[92.8861,12.923],[92.8726,12.9158],[92.865,12.9167],[92.8584,12.9291],[92.8613,12.9337],[92.877,12.9321]]],[[[92.6957,12.992],[92.7193,12.9794],[92.7201,12.9686],[92.7157,12.942],[92.7209,12.943],[92.7198,12.9122],[92.7226,12.9053],[92.7215,12.8883],[92.7145,12.8628],[92.7026,12.8509],[92.7004,12.8403],[92.6898,12.8345],[92.6793,12.8384],[92.689,12.8167],[92.6771,12.8092],[92.6718,12.7942],[92.6631,12.7956],[92.6665,12.8043],[92.6609,12.8184],[92.6612,12.8258],[92.6537,12.8378],[92.6493,12.8606],[92.6632,12.8791],[92.6299,12.8808],[92.6299,12.8827],[92.6645,12.8806],[92.6686,12.9115],[92.6366,12.9133],[92.6369,12.9195],[92.6682,12.9186],[92.6798,12.9411],[92.6771,12.95],[92.6701,12.9517],[92.6732,12.9645],[92.6851,12.9877],[92.6957,12.992]]],[[[93.0067,12.9969],[93.002,12.9903],[92.9928,12.9858],[92.9878,12.9756],[92.9795,12.967],[92.9809,12.95],[92.98,12.9328],[92.9739,12.9353],[92.9728,12.9548],[92.9598,12.9553],[92.9606,12.9745],[92.9525,12.9797],[92.9611,12.9897],[92.9692,12.9808],[92.9792,12.9797],[93.003,12.9969],[93.0067,12.9969]]],[[[92.9264,13.0242],[92.9369,13.0261],[92.9425,13.0192],[92.9395,13.0114],[92.9442,12.997],[92.9208,13.0011],[92.9169,13.0172],[92.9264,13.0242]]],[[[92.7192,13.0989],[92.7111,13.0897],[92.7003,13.0717],[92.6958,13.0897],[92.6994,13.0981],[92.7061,13.0947],[92.7192,13.0989]]],[[[93.0187,13.3296],[93.0223,13.3261],[93.02,13.3161],[93.0237,13.3054],[93.0094,13.311],[93.0158,13.3159],[93.0187,13.3296]]],[[[92.8433,13.4408],[92.8464,13.4308],[92.8319,13.4186],[92.8233,13.4197],[92.8206,13.4283],[92.8233,13.4364],[92.8433,13.4408]]],[[[94.2733,13.4644],[94.277,13.4524],[94.2756,13.4419],[94.2632,13.4301],[94.2558,13.4303],[94.2493,13.4408],[94.2497,13.4464],[94.2633,13.4644],[94.2733,13.4644]]],[[[93.0294,13.5733],[93.0397,13.5472],[93.0436,13.5053],[93.0414,13.4928],[93.0358,13.4846],[93.0356,13.4706],[93.0275,13.4617],[93.0332,13.4576],[93.0358,13.4425],[93.0367,13.4194],[93.0508,13.4056],[93.0658,13.4053],[93.0689,13.3969],[93.0625,13.3914],[93.0526,13.3911],[93.0597,13.3739],[93.0628,13.3608],[93.0721,13.3472],[93.0792,13.3414],[93.0886,13.3425],[93.0906,13.3359],[93.0767,13.3297],[93.072,13.3228],[93.0706,13.3069],[93.0617,13.3128],[93.0617,13.3244],[93.0553,13.3289],[93.0464,13.3208],[93.0403,13.3222],[93.0414,13.3383],[93.0458,13.3461],[93.04,13.3506],[93.0275,13.3451],[93.0186,13.3506],[93.0033,13.3533],[92.9901,13.3425],[92.9894,13.3307],[92.9794,13.3356],[92.9766,13.3486],[92.9638,13.359],[92.955,13.3445],[92.9534,13.3336],[92.9597,13.3275],[92.9772,13.3243],[92.9867,13.3172],[92.9967,13.3158],[93.0133,13.3069],[93.013,13.3003],[93.0211,13.2936],[93.0108,13.2822],[93.02,13.2775],[93.0291,13.2818],[93.0472,13.2781],[93.0406,13.2708],[93.0461,13.2592],[93.06,13.2614],[93.0556,13.2447],[93.0561,13.2328],[93.043,13.2229],[93.0452,13.2112],[93.0369,13.1953],[93.0322,13.1781],[93.0367,13.1733],[93.0342,13.1568],[93.0374,13.1389],[93.0314,13.1297],[93.0317,13.1156],[93.036,13.0912],[93.0349,13.081],[93.0293,13.0802],[93.0306,13.0689],[93.0208,13.05],[93.0093,13.0429],[93.0063,13.0308],[92.9921,13.0341],[92.989,13.0256],[92.9711,13.0295],[92.9687,13.0181],[92.9606,13.0148],[92.9551,13.0187],[92.9512,13.0291],[92.937,13.039],[92.9337,13.0478],[92.943,13.0547],[92.9422,13.0633],[92.9295,13.0625],[92.9163,13.0541],[92.9036,13.0219],[92.9086,13.0005],[92.9218,12.9864],[92.9319,12.9899],[92.9386,12.976],[92.9364,12.9676],[92.9269,12.9576],[92.9189,12.96],[92.9136,12.9476],[92.9079,12.9512],[92.9097,12.962],[92.9058,12.9753],[92.9075,12.9839],[92.8981,12.9875],[92.8827,12.983],[92.8816,12.9691],[92.8751,12.964],[92.8772,12.9461],[92.867,12.9339],[92.8572,12.9343],[92.854,12.9167],[92.8592,12.9031],[92.8736,12.9025],[92.8697,12.8903],[92.8721,12.8825],[92.8576,12.8787],[92.8511,12.8786],[92.843,12.8763],[92.8413,12.8772],[92.8439,12.8856],[92.8435,12.891],[92.8416,12.8923],[92.8365,12.8908],[92.8314,12.8862],[92.8277,12.8882],[92.8246,12.8968],[92.8015,12.9008],[92.7942,12.9144],[92.7953,12.9261],[92.8011,12.9359],[92.8006,12.9467],[92.7927,12.9523],[92.7925,12.9671],[92.7976,12.9707],[92.7929,12.98],[92.8,12.9916],[92.8064,12.9831],[92.814,12.9834],[92.8189,13.0006],[92.8147,13.0072],[92.8064,13.0067],[92.7908,13.0122],[92.7886,13.0172],[92.7947,13.0314],[92.7958,13.0492],[92.7925,13.055],[92.7967,13.0683],[92.7967,13.0894],[92.8058,13.075],[92.8106,13.0794],[92.8053,13.0881],[92.8078,13.0994],[92.82,13.1011],[92.8242,13.1156],[92.8164,13.115],[92.8111,13.1272],[92.8186,13.1278],[92.8245,13.1336],[92.8422,13.1275],[92.8397,13.1364],[92.8419,13.1461],[92.8208,13.1482],[92.8097,13.1531],[92.8131,13.1586],[92.8142,13.1728],[92.8353,13.1747],[92.8208,13.1828],[92.8242,13.1931],[92.8181,13.2003],[92.8317,13.2139],[92.8278,13.2367],[92.8311,13.2422],[92.8497,13.2392],[92.8544,13.2578],[92.8475,13.2625],[92.8389,13.2589],[92.8356,13.2672],[92.8283,13.2672],[92.8225,13.2772],[92.8289,13.2883],[92.8419,13.3011],[92.8267,13.3067],[92.8314,13.3161],[92.8267,13.3286],[92.8347,13.3381],[92.8364,13.3669],[92.8447,13.3772],[92.8553,13.3786],[92.8528,13.3869],[92.8425,13.3944],[92.8453,13.4086],[92.8592,13.4089],[92.8655,13.4014],[92.8722,13.4156],[92.8683,13.4189],[92.8842,13.4297],[92.8808,13.4439],[92.8736,13.4464],[92.8761,13.4603],[92.8708,13.4653],[92.8767,13.475],[92.9006,13.4778],[92.9047,13.49],[92.9037,13.4972],[92.9294,13.5017],[92.9233,13.5122],[92.9278,13.5189],[92.9178,13.5219],[92.9139,13.5311],[92.9186,13.5369],[92.9378,13.5395],[92.9478,13.5372],[92.9505,13.5425],[92.9647,13.5444],[92.9736,13.5361],[92.9764,13.5278],[92.9889,13.5278],[92.9922,13.5361],[92.9808,13.5528],[92.9931,13.5661],[93.0028,13.5608],[93.0085,13.5438],[93.0155,13.5499],[93.0144,13.5625],[93.0192,13.5736],[93.0294,13.5733]]],[[[92.8969,13.6017],[92.9036,13.5964],[92.8925,13.5861],[92.8889,13.5769],[92.8822,13.5797],[92.8894,13.5967],[92.8969,13.6017]]],[[[93.0639,13.6542],[93.0647,13.6472],[93.0554,13.6428],[93.0483,13.6233],[93.0425,13.6369],[93.0565,13.6542],[93.0639,13.6542]]],[[[93.0158,13.6761],[93.0223,13.6703],[93.0256,13.6608],[93.0253,13.6483],[93.0322,13.6339],[93.0239,13.6275],[93.0178,13.6328],[93.0147,13.6439],[93.0033,13.6469],[92.9864,13.6428],[92.9767,13.6564],[92.9817,13.6653],[92.9992,13.6681],[93.0158,13.6761]]],[[[93.2244,14.0158],[93.225,14.0017],[93.2324,13.9822],[93.2311,13.9748],[93.2225,13.9717],[93.2183,13.9768],[93.2208,13.9897],[93.22,14.0153],[93.2244,14.0158]]],[[[93.3662,14.1564],[93.3706,14.1317],[93.3781,14.1208],[93.3747,14.1106],[93.3746,14.0922],[93.3708,14.0858],[93.3664,14.0689],[93.3547,14.0725],[93.3639,14.0975],[93.3617,14.1156],[93.3537,14.1495],[93.3662,14.1564]]],[[[93.3703,14.1933],[93.3692,14.1808],[93.3609,14.1819],[93.3613,14.1889],[93.3703,14.1933]]],[[[93.6414,14.9025],[93.6333,14.8739],[93.6225,14.8653],[93.6181,14.8553],[93.6112,14.8548],[93.6129,14.8737],[93.6225,14.8886],[93.6253,14.8981],[93.6414,14.9025]]]]},"properties":{"ID_0":105,"ISO":"IND","NAME_0":"India","ID_1":1,"NAME_1":"Andaman and Nicobar","NL_NAME_1":null,"VARNAME_1":"Andaman & Nicobar Islands|Andaman et Nicobar|Iihas de Andama e Nicobar|Inseln Andamanen und Nikobare","TYPE_1":"Union Territor","ENGTYPE_1":"Union Territory"}},{"type":"Feature","geometry":{"type":"MultiPolygon","coordinates":[[[[80.149,13.6185],[80.1507,13.6118],[80.1626,13.6049],[80.1615,13.5963],[80.1676,13.5899],[80.1601,13.5813],[80.1599,13.5707],[80.1513,13.5513],[80.1438,13.5449],[80.1374,13.5535],[80.1404,13.5657],[80.1349,13.5746],[80.1279,13.5785],[80.1274,13.5868],[80.1465,13.5913],[80.1443,13.5965],[80.1332,13.5999],[80.1265,13.5885],[80.1204,13.6057],[80.1368,13.6062],[80.1454,13.6115],[80.149,13.6185]]],[[[82.3321,16.7249],[82.3374,16.7196],[82.3412,16.7043],[82.3346,16.6976],[82.3371,16.6912],[82.3526,16.706],[82.3424,16.711],[82.3399,16.7182],[82.3582,16.7124],[82.3576,16.7051],[82.3393,16.6854],[82.3254,16.666],[82.3187,16.6524],[82.3187,16.6168],[82.3121,16.6024],[82.2974,16.6129],[82.2854,16.639],[82.2824,16.6423],[82.2676,16.6432],[82.256,16.6537],[82.2579,16.661],[82.266,16.6715],[82.2588,16.6901],[82.2763,16.6931],[82.2854,16.6976],[82.3037,16.699],[82.3165,16.7046],[82.3321,16.7249]]],[[[82.2995,16.7143],[82.3028,16.7228],[82.2977,16.7404],[82.2891,16.741],[82.2807,16.7227],[82.2637,16.7194],[82.227,16.7172],[82.2204,16.7183],[82.21,16.7313],[82.2198,16.7449],[82.2177,16.7517],[82.1968,16.7365],[82.1888,16.7272],[82.1746,16.7251],[82.1791,16.7163],[82.1936,16.7085],[82.2154,16.7098],[82.2274,16.7047],[82.2465,16.6914],[82.2576,16.6901],[82.2613,16.6665],[82.2551,16.6601],[82.2537,16.6526],[82.2618,16.6413],[82.2782,16.6362],[82.289,16.6163],[82.2996,16.5918],[82.2896,16.5713],[82.2787,16.5715],[82.2685,16.5651],[82.2729,16.5601],[82.2857,16.5571],[82.2604,16.5507],[82.2215,16.5365],[82.1832,16.5182],[82.174,16.5126],[82.134,16.4938],[82.0865,16.4693],[82.0735,16.4635],[82.0435,16.4465],[82.0329,16.4451],[82.0299,16.4385],[81.9779,16.4112],[81.9446,16.3954],[81.9246,16.3938],[81.8915,16.3863],[81.8629,16.3779],[81.8424,16.3699],[81.774,16.334],[81.7329,16.3157],[81.7188,16.3115],[81.711,16.3196],[81.6865,16.3321],[81.6479,16.3343],[81.6201,16.3376],[81.5796,16.344],[81.561,16.3454],[81.5429,16.3582],[81.5362,16.359],[81.5265,16.354],[81.5176,16.3579],[81.5088,16.3524],[81.4701,16.3532],[81.4385,16.3499],[81.4076,16.3437],[81.3921,16.3479],[81.3832,16.3615],[81.3693,16.3621],[81.3657,16.3521],[81.3824,16.359],[81.3926,16.3421],[81.3388,16.3224],[81.3187,16.3132],[81.2832,16.291],[81.2688,16.2788],[81.2426,16.2499],[81.2301,16.2315],[81.2182,16.2099],[81.2107,16.1874],[81.2051,16.176],[81.2024,16.1468],[81.1979,16.1265],[81.1893,16.1035],[81.1518,16.0349],[81.141,16.0182],[81.1396,15.9976],[81.1457,15.9738],[81.1326,15.9738],[81.1285,15.9635],[81.0885,15.9304],[81.0685,15.9096],[81.049,15.8846],[81.0332,15.8707],[81.0204,15.8568],[81.0107,15.8404],[80.9979,15.8296],[80.9946,15.8138],[80.9949,15.8035],[81.006,15.781],[81.0121,15.7763],[81.0057,15.7668],[81.0062,15.7579],[80.9985,15.7501],[80.9657,15.7312],[80.954,15.7276],[80.9379,15.7182],[80.9304,15.7238],[80.9168,15.7201],[80.8557,15.7104],[80.8379,15.709],[80.8221,15.7129],[80.8085,15.7329],[80.7996,15.7404],[80.7929,15.7574],[80.781,15.7785],[80.7935,15.7713],[80.7918,15.7612],[80.8029,15.744],[80.8151,15.7418],[80.8118,15.7604],[80.806,15.7721],[80.8037,15.7849],[80.794,15.8085],[80.796,15.8171],[80.8107,15.8157],[80.8121,15.8315],[80.8063,15.8415],[80.786,15.8601],[80.7607,15.8668],[80.7471,15.8724],[80.7118,15.8801],[80.6857,15.8815],[80.644,15.8776],[80.6321,15.8743],[80.6101,15.8715],[80.5668,15.8607],[80.5321,15.8476],[80.5088,15.8401],[80.4504,15.8149],[80.4101,15.7935],[80.384,15.7776],[80.3396,15.7474],[80.3118,15.721],[80.2704,15.6732],[80.2624,15.6535],[80.2454,15.6215],[80.2374,15.601],[80.226,15.5532],[80.2276,15.5421],[80.2157,15.5165],[80.214,15.5057],[80.209,15.5054],[80.2018,15.4954],[80.211,15.494],[80.2076,15.4796],[80.2007,15.4654],[80.174,15.4321],[80.1497,15.4051],[80.1271,15.3757],[80.1101,15.3463],[80.1054,15.3279],[80.0971,15.3135],[80.0829,15.2624],[80.0829,15.2537],[80.0874,15.2374],[80.0885,15.2193],[80.0835,15.1946],[80.0782,15.189],[80.0704,15.1926],[80.061,15.1904],[80.0782,15.1807],[80.0662,15.1568],[80.0518,15.1101],[80.0479,15.0888],[80.0485,15.0626],[80.0507,15.0279],[80.0546,14.9993],[80.0632,14.9587],[80.0687,14.9271],[80.0732,14.9201],[80.0829,14.8888],[80.0857,14.8713],[80.0874,14.8365],[80.0868,14.8218],[80.0929,14.8051],[80.1018,14.7674],[80.1115,14.744],[80.1299,14.7235],[80.1382,14.7049],[80.1438,14.7007],[80.1468,14.6862],[80.1565,14.6549],[80.1565,14.6502],[80.1663,14.6218],[80.1732,14.609],[80.1974,14.5932],[80.1976,14.5796],[80.1879,14.5507],[80.1824,14.5304],[80.1796,14.5124],[80.1732,14.4257],[80.1721,14.3826],[80.1699,14.3607],[80.1649,14.3404],[80.1612,14.3349],[80.1471,14.3001],[80.1385,14.2701],[80.1376,14.2537],[80.134,14.2443],[80.1287,14.2132],[80.1271,14.194],[80.1268,14.1662],[80.1296,14.1237],[80.1326,14.1004],[80.1479,14.0279],[80.1546,14.0193],[80.1576,14.0001],[80.1718,13.984],[80.181,13.961],[80.1868,13.9501],[80.1954,13.9246],[80.2201,13.8768],[80.2254,13.8565],[80.2354,13.8318],[80.2449,13.8196],[80.246,13.8093],[80.2524,13.7829],[80.249,13.7626],[80.2421,13.7432],[80.2363,13.7132],[80.2326,13.6696],[80.2346,13.6499],[80.2387,13.6279],[80.2432,13.6138],[80.2535,13.5951],[80.2712,13.5574],[80.2835,13.5265],[80.301,13.4726],[80.3076,13.4671],[80.3151,13.4446],[80.3154,13.4346],[80.306,13.4343],[80.2929,13.4471],[80.286,13.4638],[80.2882,13.4743],[80.2813,13.489],[80.2818,13.4999],[80.2776,13.5126],[80.2726,13.5165],[80.2646,13.5487],[80.2643,13.5612],[80.254,13.571],[80.2443,13.5854],[80.2396,13.5985],[80.2254,13.609],[80.214,13.6274],[80.1943,13.6379],[80.1876,13.6482],[80.1901,13.6632],[80.1871,13.6701],[80.1665,13.6868],[80.154,13.7032],[80.144,13.7015],[80.1401,13.7154],[80.1468,13.721],[80.1315,13.7257],[80.1307,13.7135],[80.1382,13.7104],[80.1415,13.694],[80.1426,13.6713],[80.1471,13.6618],[80.1432,13.6351],[80.1449,13.6299],[80.1387,13.6135],[80.1262,13.6115],[80.1196,13.6204],[80.1171,13.631],[80.1087,13.6421],[80.1079,13.6543],[80.1162,13.6576],[80.1249,13.6699],[80.1076,13.6746],[80.1085,13.6899],[80.101,13.6871],[80.101,13.6768],[80.1046,13.6604],[80.1035,13.6543],[80.089,13.6538],[80.0846,13.6457],[80.0715,13.6349],[80.0721,13.6082],[80.061,13.5951],[80.056,13.596],[80.0535,13.5829],[80.0665,13.5727],[80.0729,13.5582],[80.0863,13.5521],[80.0907,13.5429],[80.0965,13.541],[80.0985,13.5313],[80.109,13.5193],[80.1174,13.5171],[80.1182,13.5065],[80.1254,13.5057],[80.1285,13.5171],[80.1382,13.5124],[80.1471,13.4982],[80.1615,13.4896],[80.1771,13.4949],[80.2093,13.4868],[80.2371,13.484],[80.2446,13.4804],[80.2474,13.4726],[80.2621,13.4729],[80.2737,13.4446],[80.286,13.4326],[80.2949,13.4274],[80.313,13.4279],[80.3116,13.4181],[80.3145,13.3992],[80.3154,13.3715],[80.2931,13.3834],[80.276,13.3891],[80.2779,13.4075],[80.268,13.4143],[80.2646,13.4356],[80.2599,13.4474],[80.2464,13.4654],[80.2303,13.4768],[80.2162,13.4818],[80.1941,13.4762],[80.1757,13.479],[80.1631,13.4776],[80.1565,13.4789],[80.1521,13.4789],[80.1507,13.48],[80.1447,13.4847],[80.1355,13.4922],[80.1327,13.4959],[80.1208,13.5024],[80.1004,13.5052],[80.0957,13.5098],[80.0887,13.5255],[80.0794,13.5294],[80.0758,13.5268],[80.0694,13.5376],[80.051,13.5305],[80.0454,13.522],[80.0341,13.5218],[80.0175,13.5251],[80.0077,13.5324],[79.9897,13.5268],[79.9902,13.5101],[80.0062,13.5151],[80.0084,13.5083],[80.0191,13.5017],[80.0256,13.504],[80.037,13.4994],[80.036,13.4845],[80.0059,13.4878],[80.0044,13.4783],[79.9954,13.4595],[79.9875,13.4619],[79.9683,13.4564],[79.9619,13.4513],[79.9631,13.4406],[79.961,13.4277],[79.9632,13.4179],[79.9509,13.4081],[79.936,13.4096],[79.9325,13.4044],[79.9356,13.3848],[79.9503,13.382],[79.9536,13.3741],[79.948,13.3672],[79.9397,13.3691],[79.94,13.3581],[79.9287,13.3435],[79.9255,13.3359],[79.9107,13.3437],[79.9039,13.3333],[79.8861,13.3213],[79.875,13.3174],[79.8706,13.3118],[79.8589,13.3137],[79.8512,13.3034],[79.824,13.3023],[79.8003,13.3043],[79.7873,13.2846],[79.7798,13.2821],[79.7684,13.2896],[79.7541,13.3028],[79.7506,13.2988],[79.7461,13.28],[79.7415,13.2767],[79.7213,13.2722],[79.7218,13.2657],[79.7394,13.2544],[79.7528,13.2438],[79.7754,13.2341],[79.7833,13.2282],[79.7833,13.2179],[79.7736,13.2175],[79.7577,13.2056],[79.7518,13.2048],[79.7444,13.1949],[79.7383,13.1983],[79.7325,13.215],[79.7186,13.2226],[79.7157,13.2144],[79.6996,13.2027],[79.6894,13.2113],[79.6957,13.2238],[79.696,13.2339],[79.6919,13.2385],[79.6807,13.2284],[79.6711,13.2358],[79.6738,13.247],[79.6843,13.2567],[79.6793,13.2693],[79.6685,13.2819],[79.6626,13.2681],[79.6534,13.2746],[79.6325,13.2735],[79.6296,13.2609],[79.6208,13.259],[79.6011,13.2677],[79.5887,13.2604],[79.5854,13.2471],[79.5803,13.2454],[79.5654,13.2494],[79.5548,13.2592],[79.5414,13.2789],[79.5389,13.3009],[79.5358,13.3111],[79.5227,13.3159],[79.4978,13.3148],[79.4872,13.3166],[79.4793,13.3215],[79.4546,13.3243],[79.4173,13.322],[79.4014,13.3158],[79.3746,13.303],[79.3856,13.2947],[79.4054,13.2854],[79.4218,13.2867],[79.425,13.2813],[79.4184,13.2746],[79.419,13.2663],[79.4123,13.2575],[79.4073,13.2377],[79.4108,13.2122],[79.4361,13.2298],[79.4425,13.2292],[79.4455,13.2168],[79.4216,13.2085],[79.4232,13.1989],[79.4206,13.1845],[79.3979,13.1864],[79.3844,13.1847],[79.369,13.1763],[79.3708,13.1686],[79.3612,13.156],[79.3478,13.163],[79.3467,13.1349],[79.3501,13.1255],[79.3167,13.1194],[79.3124,13.1138],[79.3079,13.0969],[79.2975,13.0974],[79.2988,13.1148],[79.285,13.1229],[79.2738,13.1209],[79.2713,13.1381],[79.2612,13.1407],[79.2565,13.1365],[79.2472,13.1481],[79.2433,13.1334],[79.2367,13.1268],[79.2264,13.1346],[79.2183,13.1356],[79.2147,13.1277],[79.2224,13.116],[79.2143,13.0968],[79.2074,13.0914],[79.1933,13.0897],[79.1807,13.067],[79.1791,13.0601],[79.1694,13.053],[79.1765,13.0383],[79.1766,13.0298],[79.1706,13.0157],[79.1527,13.0073],[79.1416,13.0098],[79.1193,13.0226],[79.1044,13.0242],[79.0828,13.0125],[79.0691,13.0142],[79.054,13.0282],[79.0533,13.038],[79.0439,13.0437],[79.0259,13.0496],[79.0228,13.0564],[79.0004,13.0579],[78.9883,13.0727],[78.9817,13.0762],[78.9629,13.0716],[78.9592,13.0654],[78.9458,13.0635],[78.9366,13.07],[78.9301,13.066],[78.9144,13.0678],[78.9087,13.0505],[78.9009,13.0521],[78.8935,13.0351],[78.9044,13.0311],[78.9174,13.0325],[78.9275,13.0235],[78.8819,13.0198],[78.8794,13.0255],[78.8809,13.0443],[78.8804,13.0696],[78.8835,13.082],[78.876,13.0862],[78.8647,13.0847],[78.8584,13.0711],[78.8323,13.0696],[78.8134,13.0746],[78.8009,13.0755],[78.7775,13.0532],[78.7545,13.047],[78.7395,13.0455],[78.7255,13.0528],[78.7024,13.0562],[78.696,13.0125],[78.6938,13.0044],[78.6686,13.0111],[78.6511,13.0179],[78.6417,13.0016],[78.6205,12.9825],[78.6202,12.9739],[78.6379,12.9544],[78.629,12.9531],[78.6467,12.919],[78.6248,12.9142],[78.606,12.8737],[78.6044,12.8574],[78.5916,12.8385],[78.5977,12.8111],[78.5882,12.8048],[78.5898,12.7924],[78.5825,12.7853],[78.5801,12.7672],[78.5657,12.759],[78.5581,12.7516],[78.5456,12.7286],[78.5539,12.7261],[78.5455,12.7074],[78.5522,12.6971],[78.5414,12.685],[78.5244,12.6797],[78.5185,12.6924],[78.5264,12.7012],[78.516,12.7035],[78.4943,12.7304],[78.4844,12.7348],[78.4797,12.73],[78.4915,12.7171],[78.4936,12.7112],[78.509,12.7049],[78.5098,12.6988],[78.4979,12.6985],[78.493,12.6937],[78.4934,12.6696],[78.4886,12.6633],[78.4741,12.6592],[78.4577,12.6622],[78.4596,12.6174],[78.4249,12.6149],[78.4183,12.6206],[78.3998,12.6133],[78.3861,12.6139],[78.3683,12.6118],[78.3605,12.6151],[78.3294,12.6384],[78.3224,12.6372],[78.3088,12.65],[78.2905,12.6529],[78.2842,12.6676],[78.2644,12.6918],[78.2391,12.6924],[78.2274,12.6893],[78.2281,12.6739],[78.2001,12.6756],[78.1895,12.6836],[78.1988,12.6887],[78.1947,12.6953],[78.2203,12.7033],[78.2289,12.7202],[78.2193,12.747],[78.2206,12.7526],[78.2295,12.762],[78.2419,12.8123],[78.2411,12.8474],[78.2538,12.8496],[78.2626,12.8566],[78.2757,12.8492],[78.3031,12.8472],[78.3062,12.8565],[78.3041,12.8658],[78.3216,12.8629],[78.3214,12.8717],[78.3109,12.8738],[78.3165,12.8926],[78.3272,12.8892],[78.3383,12.9065],[78.3408,12.9249],[78.3454,12.9281],[78.3687,12.9018],[78.3783,12.8952],[78.3851,12.8963],[78.3884,12.9055],[78.4029,12.8913],[78.4173,12.889],[78.4247,12.8934],[78.4264,12.9021],[78.4358,12.9007],[78.4385,12.8797],[78.4569,12.8661],[78.4583,12.8797],[78.4561,12.8928],[78.4412,12.9056],[78.4345,12.9083],[78.4214,12.9235],[78.4246,12.9382],[78.4198,12.9467],[78.4238,12.9544],[78.4227,12.9686],[78.4336,12.9688],[78.4579,12.9632],[78.4614,12.9791],[78.4554,12.9901],[78.4504,13.0149],[78.4516,13.0315],[78.4611,13.032],[78.467,13.0414],[78.4811,13.0444],[78.4879,13.0497],[78.5046,13.0528],[78.5048,13.0594],[78.4986,13.0698],[78.5019,13.0817],[78.5138,13.0847],[78.5162,13.1008],[78.5111,13.1063],[78.5088,13.1196],[78.5214,13.1291],[78.5354,13.1307],[78.5327,13.1421],[78.5388,13.1516],[78.5581,13.1523],[78.5691,13.1565],[78.5657,13.1718],[78.5594,13.1798],[78.5469,13.1786],[78.5409,13.1873],[78.5533,13.1892],[78.5687,13.2043],[78.5572,13.212],[78.5599,13.2334],[78.5722,13.2486],[78.5775,13.262],[78.5672,13.2718],[78.5601,13.2933],[78.5472,13.2727],[78.5288,13.2759],[78.5208,13.2556],[78.512,13.26],[78.5083,13.2695],[78.5012,13.2772],[78.4835,13.2881],[78.4702,13.2939],[78.4717,13.3079],[78.4664,13.3101],[78.4542,13.3041],[78.436,13.2984],[78.4303,13.3078],[78.4291,13.3171],[78.4153,13.3171],[78.4071,13.3101],[78.3913,13.3037],[78.3829,13.3141],[78.367,13.32],[78.3679,13.3285],[78.3846,13.3235],[78.3952,13.3226],[78.3974,13.3323],[78.3849,13.3382],[78.3837,13.3424],[78.3682,13.3483],[78.3564,13.3467],[78.3552,13.3551],[78.3687,13.3798],[78.3713,13.391],[78.3695,13.4089],[78.3653,13.4244],[78.3626,13.4521],[78.3673,13.4669],[78.3673,13.4952],[78.3742,13.5055],[78.3731,13.5123],[78.3855,13.5317],[78.386,13.544],[78.3978,13.5662],[78.3908,13.5781],[78.3803,13.5813],[78.3437,13.5778],[78.3228,13.583],[78.3125,13.5835],[78.2918,13.5788],[78.2654,13.5782],[78.2497,13.5743],[78.2366,13.5845],[78.2277,13.5872],[78.2226,13.5771],[78.2085,13.5819],[78.2024,13.568],[78.189,13.5564],[78.1801,13.5642],[78.1795,13.5789],[78.1937,13.5949],[78.1939,13.6162],[78.1858,13.6212],[78.1656,13.621],[78.1605,13.6234],[78.159,13.6452],[78.1462,13.6497],[78.1232,13.6489],[78.1159,13.6456],[78.1074,13.6471],[78.0939,13.6403],[78.0906,13.633],[78.0807,13.6353],[78.08,13.6504],[78.0659,13.6645],[78.0641,13.6882],[78.0852,13.6806],[78.1054,13.6844],[78.1094,13.7102],[78.0933,13.7276],[78.0849,13.7335],[78.0953,13.7503],[78.111,13.7618],[78.1182,13.7769],[78.1077,13.8036],[78.1173,13.8218],[78.1135,13.8409],[78.106,13.8535],[78.0749,13.8549],[78.0709,13.872],[78.0412,13.8867],[78.0429,13.8638],[78.0378,13.8528],[78.0156,13.8544],[78.0048,13.8617],[77.9852,13.8617],[77.9812,13.8488],[77.9658,13.8202],[77.9481,13.8248],[77.9418,13.8711],[77.9425,13.8802],[77.9495,13.8845],[77.9716,13.8886],[77.978,13.8933],[77.9747,13.9053],[77.9735,13.9242],[77.978,13.9376],[77.9786,13.9477],[77.9613,13.95],[77.9553,13.9419],[77.9508,13.9279],[77.9389,13.9246],[77.9297,13.9088],[77.9198,13.8987],[77.9116,13.8972],[77.9005,13.9023],[77.8897,13.9114],[77.887,13.9312],[77.8624,13.9268],[77.846,13.9283],[77.8301,13.9272],[77.8142,13.931],[77.8064,13.9176],[77.8074,13.9032],[77.8111,13.8947],[77.821,13.8892],[77.8272,13.8716],[77.8192,13.866],[77.8277,13.8606],[77.8108,13.8521],[77.8028,13.8407],[77.7864,13.8399],[77.7741,13.8317],[77.7803,13.82],[77.7785,13.8129],[77.7692,13.8085],[77.7553,13.8075],[77.7284,13.8017],[77.7129,13.7905],[77.7142,13.7608],[77.711,13.7377],[77.7022,13.731],[77.6955,13.7614],[77.6685,13.7523],[77.6718,13.7701],[77.6702,13.7775],[77.6491,13.7758],[77.6143,13.7603],[77.6105,13.7554],[77.6126,13.7469],[77.6338,13.7413],[77.6367,13.7352],[77.6212,13.7274],[77.6156,13.7284],[77.6043,13.7426],[77.5956,13.7436],[77.5815,13.7306],[77.5736,13.7267],[77.5666,13.7294],[77.5561,13.7165],[77.5481,13.7204],[77.5395,13.7437],[77.5295,13.7459],[77.5197,13.7438],[77.5151,13.737],[77.5266,13.7253],[77.5278,13.707],[77.5215,13.6879],[77.508,13.6888],[77.5068,13.7005],[77.5028,13.7044],[77.4873,13.7068],[77.4797,13.7032],[77.4851,13.6867],[77.4765,13.6776],[77.4498,13.6758],[77.4448,13.6958],[77.4534,13.7041],[77.4568,13.7126],[77.4581,13.7303],[77.4626,13.7436],[77.4587,13.7498],[77.454,13.778],[77.4508,13.7855],[77.4556,13.7998],[77.4406,13.8023],[77.4287,13.788],[77.4169,13.7909],[77.4193,13.7997],[77.4087,13.7993],[77.4128,13.8118],[77.4247,13.8267],[77.4245,13.8351],[77.4039,13.8314],[77.3898,13.8329],[77.3729,13.8313],[77.3731,13.8382],[77.3595,13.8457],[77.3522,13.8444],[77.3272,13.8248],[77.32,13.8258],[77.3162,13.8397],[77.3069,13.8572],[77.296,13.8536],[77.2855,13.846],[77.2751,13.8428],[77.2504,13.8395],[77.253,13.8561],[77.2437,13.8603],[77.2388,13.8815],[77.2401,13.8941],[77.2255,13.8955],[77.2219,13.8888],[77.217,13.8693],[77.2081,13.8604],[77.2088,13.8784],[77.1927,13.8562],[77.1751,13.8614],[77.1796,13.8783],[77.1822,13.9013],[77.1816,13.9108],[77.177,13.9174],[77.1701,13.9163],[77.1596,13.9085],[77.1559,13.8998],[77.1617,13.8824],[77.1649,13.8662],[77.1625,13.857],[77.1394,13.859],[77.1253,13.843],[77.1458,13.8349],[77.1479,13.8289],[77.1579,13.8255],[77.1619,13.8155],[77.1562,13.8113],[77.1541,13.8006],[77.1585,13.7871],[77.1713,13.772],[77.1666,13.7547],[77.1375,13.7557],[77.1235,13.7509],[77.0953,13.7609],[77.0804,13.7534],[77.0806,13.7374],[77.06,13.7389],[77.0473,13.7561],[77.0352,13.7693],[77.0199,13.7699],[77.0114,13.7327],[76.9926,13.7426],[76.9921,13.7495],[76.9812,13.7858],[76.9858,13.793],[76.9837,13.8042],[76.9688,13.8102],[76.9716,13.8189],[76.984,13.8277],[76.9863,13.8392],[76.9941,13.839],[77.006,13.8501],[77.0173,13.8934],[77.0278,13.8972],[77.0413,13.8974],[77.0358,13.9256],[77.0186,13.9348],[77.0081,13.9474],[76.989,13.9567],[76.9913,13.9758],[76.9944,13.9815],[76.9752,13.9966],[76.9642,14.0022],[76.9486,14.0068],[76.9408,14.0206],[76.9311,14.0227],[76.9337,14.0407],[76.938,14.0476],[76.9497,14.0478],[76.9715,14.0524],[76.975,14.0653],[76.9681,14.0797],[76.9514,14.0854],[76.9429,14.1119],[76.927,14.1272],[76.9224,14.129],[76.9125,14.1221],[76.8837,14.131],[76.8869,14.1362],[76.8914,14.159],[76.8968,14.1619],[76.9172,14.1577],[76.923,14.1634],[76.937,14.1659],[76.9415,14.178],[76.9416,14.1893],[76.9585,14.1755],[76.9863,14.1725],[77.0061,14.1749],[77.0198,14.1727],[77.0211,14.1643],[77.016,14.1527],[77.0138,14.1274],[77.0166,14.1061],[77.0083,14.0981],[77.0104,14.092],[77.024,14.0834],[77.0202,14.0614],[77.0237,14.0533],[77.0432,14.0517],[77.069,14.0472],[77.0695,14.0394],[77.0908,14.0383],[77.0967,14.0407],[77.1211,14.0422],[77.1278,14.0187],[77.134,14.0097],[77.1343,13.9981],[77.1544,13.9906],[77.1628,13.9978],[77.1617,14.0062],[77.1714,14.0086],[77.1946,14.0029],[77.2188,14.0079],[77.2426,14.0063],[77.2558,14.021],[77.2715,14.0281],[77.2785,14.0069],[77.2923,14.0145],[77.3036,14.0267],[77.3135,14.0248],[77.317,14.0153],[77.3335,13.9881],[77.3538,13.9823],[77.3534,13.9763],[77.3437,13.9509],[77.362,13.9455],[77.3626,13.9423],[77.3426,13.9122],[77.3483,13.8965],[77.3588,13.8956],[77.3904,13.8977],[77.3919,13.8799],[77.3971,13.8805],[77.419,13.8949],[77.4274,13.9092],[77.4102,13.9146],[77.4077,13.9361],[77.4226,13.939],[77.4287,13.9433],[77.4306,13.9688],[77.4205,13.9769],[77.3865,13.974],[77.3757,13.9691],[77.3732,13.9817],[77.3799,13.9933],[77.3834,14.0074],[77.3623,14.016],[77.3501,14.0165],[77.3262,14.0229],[77.3313,14.0398],[77.338,14.0538],[77.3501,14.0534],[77.3586,14.0589],[77.3614,14.066],[77.3724,14.0719],[77.3797,14.0904],[77.3954,14.1034],[77.3964,14.1106],[77.3897,14.1186],[77.3525,14.1054],[77.3445,14.096],[77.3477,14.1243],[77.3549,14.1237],[77.3767,14.1296],[77.3826,14.1477],[77.3896,14.1535],[77.3897,14.1653],[77.4097,14.1697],[77.4235,14.1651],[77.4539,14.163],[77.4633,14.1642],[77.4885,14.1531],[77.5004,14.151],[77.5104,14.172],[77.5041,14.1807],[77.4997,14.2045],[77.4931,14.214],[77.4901,14.2276],[77.4963,14.2404],[77.4994,14.2605],[77.4963,14.2718],[77.4844,14.2753],[77.4791,14.2837],[77.4547,14.2722],[77.4436,14.2776],[77.4423,14.3098],[77.4275,14.3048],[77.4259,14.3208],[77.4093,14.3271],[77.3949,14.3292],[77.3857,14.3249],[77.3788,14.3171],[77.3739,14.3051],[77.375,14.2952],[77.3899,14.2614],[77.401,14.2604],[77.4048,14.2486],[77.4091,14.2236],[77.4147,14.2171],[77.4149,14.2032],[77.3912,14.1909],[77.3838,14.1918],[77.3801,14.2026],[77.3816,14.2102],[77.3766,14.2167],[77.3554,14.23],[77.3592,14.2436],[77.3593,14.2693],[77.2955,14.2765],[77.2796,14.2761],[77.2827,14.3023],[77.2811,14.3311],[77.2733,14.3318],[77.2579,14.3257],[77.2451,14.3145],[77.232,14.3111],[77.2229,14.315],[77.2098,14.313],[77.1964,14.3143],[77.1795,14.3264],[77.1642,14.3305],[77.1522,14.3377],[77.1464,14.3322],[77.1405,14.3361],[77.1319,14.3306],[77.1309,14.3138],[77.1258,14.3015],[77.1119,14.2875],[77.1069,14.2618],[77.1155,14.2568],[77.1116,14.2485],[77.113,14.2399],[77.1099,14.2215],[77.1051,14.2133],[77.0952,14.2095],[77.0753,14.2093],[77.0602,14.2242],[77.0496,14.2395],[77.033,14.2405],[77.0041,14.2316],[76.9825,14.2382],[76.9697,14.2352],[76.9514,14.2342],[76.9378,14.2401],[76.936,14.2488],[76.9258,14.2644],[76.9249,14.2722],[76.9438,14.2817],[76.9501,14.294],[76.9429,14.3054],[76.9231,14.3097],[76.899,14.3192],[76.8786,14.3514],[76.8831,14.3903],[76.8966,14.3945],[76.9131,14.4136],[76.9416,14.3995],[76.9447,14.4089],[76.9427,14.4398],[76.9438,14.4451],[76.9586,14.4454],[76.9644,14.4517],[76.9742,14.4704],[76.9734,14.4783],[76.9454,14.4822],[76.9065,14.4842],[76.8943,14.4808],[76.8803,14.4705],[76.8702,14.4684],[76.8638,14.4747],[76.8604,14.4871],[76.8542,14.4989],[76.8439,14.5091],[76.8321,14.5151],[76.8276,14.5231],[76.8197,14.5203],[76.7997,14.5277],[76.7947,14.5407],[76.7862,14.5531],[76.7782,14.5793],[76.7728,14.5872],[76.7609,14.5963],[76.7695,14.6563],[76.7713,14.6738],[76.7811,14.6905],[76.7855,14.7071],[76.7981,14.7346],[76.7881,14.7518],[76.7803,14.7793],[76.811,14.7814],[76.8264,14.787],[76.8338,14.7849],[76.8372,14.8041],[76.8469,14.8023],[76.8496,14.8118],[76.8445,14.8156],[76.8401,14.83],[76.8494,14.8387],[76.8541,14.8614],[76.8517,14.8625],[76.8461,14.8903],[76.8603,14.8912],[76.8627,14.9018],[76.8655,14.9376],[76.8645,14.964],[76.8412,14.9612],[76.8279,14.951],[76.8155,14.9638],[76.7969,14.9629],[76.7638,14.9699],[76.757,14.983],[76.7652,14.9891],[76.7695,15.0006],[76.7797,15.0059],[76.7846,15.0167],[76.7808,15.0342],[76.7711,15.0541],[76.7726,15.0651],[76.7969,15.0908],[76.8213,15.0749],[76.8374,15.0725],[76.8432,15.0662],[76.8606,15.0567],[76.8698,15.044],[76.8767,15.0287],[76.8887,15.0318],[76.9054,15.0293],[76.9135,15.031],[76.9317,15.0263],[76.9507,15.0244],[76.9668,15.0132],[76.9818,15.0104],[76.9835,15.0204],[76.9957,15.0237],[77.0007,15.0296],[77.023,15.0277],[77.0469,15.0292],[77.0488,15.0239],[77.041,15.0055],[77.0615,15.0015],[77.0788,15],[77.0821,15.0223],[77.0908,15.0277],[77.1096,15.0286],[77.1161,15.0401],[77.1255,15.0682],[77.1276,15.0936],[77.1477,15.1073],[77.154,15.1205],[77.1528,15.1316],[77.1354,15.136],[77.1321,15.1427],[77.137,15.1493],[77.1577,15.149],[77.1588,15.1579],[77.1645,15.1685],[77.1582,15.1938],[77.15,15.2079],[77.1414,15.2181],[77.1209,15.2212],[77.1235,15.2333],[77.1327,15.2346],[77.1403,15.2516],[77.1653,15.251],[77.1641,15.2591],[77.1577,15.2604],[77.148,15.271],[77.1479,15.2857],[77.1388,15.2855],[77.1154,15.2899],[77.1134,15.3191],[77.1097,15.3273],[77.0993,15.3266],[77.0691,15.3195],[77.0616,15.3219],[77.0629,15.3379],[77.0426,15.3522],[77.038,15.3588],[77.0438,15.3837],[77.041,15.3915],[77.0285,15.4013],[77.0269,15.4078],[77.031,15.4183],[77.0274,15.4352],[77.0061,15.4482],[76.996,15.4675],[76.9761,15.482],[76.9704,15.4909],[76.9719,15.5063],[76.996,15.4997],[77.0054,15.5028],[77.0266,15.5],[77.0289,15.5251],[77.0237,15.5764],[77.0289,15.5983],[77.0271,15.6293],[77.0689,15.6409],[77.0814,15.6528],[77.0959,15.6441],[77.1039,15.6339],[77.1162,15.6251],[77.1209,15.6372],[77.125,15.6591],[77.1191,15.6621],[77.1008,15.6789],[77.0759,15.6909],[77.0816,15.6953],[77.0844,15.709],[77.0763,15.7104],[77.0763,15.7214],[77.0471,15.725],[77.0432,15.7345],[77.0467,15.7513],[77.0517,15.7501],[77.0537,15.7636],[77.0625,15.7784],[77.0672,15.7961],[77.0615,15.7979],[77.0639,15.8232],[77.0523,15.8243],[77.0499,15.8201],[77.0384,15.8255],[77.0282,15.8256],[77.0223,15.8318],[77.0332,15.8531],[77.0525,15.8763],[77.066,15.8993],[77.0768,15.9097],[77.1046,15.9245],[77.1299,15.9304],[77.1434,15.9406],[77.1571,15.9445],[77.1707,15.9455],[77.1806,15.9501],[77.203,15.9499],[77.2361,15.9527],[77.2489,15.9577],[77.2632,15.9514],[77.2824,15.9474],[77.3002,15.9505],[77.3148,15.9452],[77.3352,15.9433],[77.3536,15.9437],[77.3762,15.9333],[77.3927,15.9368],[77.4076,15.9357],[77.4264,15.9423],[77.4525,15.9315],[77.467,15.9276],[77.4973,15.9263],[77.5095,15.9209],[77.5146,15.9434],[77.5149,15.9632],[77.5055,15.9727],[77.5101,16.0023],[77.5017,16.0055],[77.4988,16.0172],[77.4907,16.0306],[77.4995,16.0543],[77.5029,16.0732],[77.493,16.0796],[77.4979,16.0972],[77.5094,16.1035],[77.4954,16.1147],[77.4867,16.1158],[77.4886,16.1265],[77.4881,16.1474],[77.4836,16.1586],[77.4884,16.1787],[77.4949,16.1871],[77.4937,16.2062],[77.4953,16.213],[77.5088,16.2149],[77.5108,16.2233],[77.4888,16.2243],[77.4876,16.2498],[77.499,16.2579],[77.5012,16.2678],[77.5131,16.2707],[77.5244,16.2698],[77.5338,16.2626],[77.5398,16.2826],[77.5432,16.2871],[77.565,16.2977],[77.5807,16.2861],[77.5903,16.2869],[77.5884,16.2957],[77.5908,16.312],[77.5844,16.328],[77.5916,16.3375],[77.5718,16.336],[77.5545,16.3416],[77.5443,16.3498],[77.5352,16.3529],[77.5189,16.3701],[77.5101,16.3702],[77.4945,16.3758],[77.4814,16.3778],[77.4381,16.3744],[77.4278,16.3651],[77.4117,16.3627],[77.3881,16.3718],[77.3732,16.3799],[77.3525,16.3766],[77.3429,16.3797],[77.3327,16.3883],[77.307,16.394],[77.2847,16.403],[77.2644,16.4301],[77.2582,16.4473],[77.2352,16.4681],[77.2389,16.4729],[77.2515,16.4679],[77.2854,16.4715],[77.292,16.4736],[77.2966,16.4915],[77.3091,16.4893],[77.3244,16.4809],[77.3663,16.4841],[77.3691,16.5021],[77.3812,16.5115],[77.4006,16.516],[77.412,16.5138],[77.4153,16.5178],[77.4157,16.544],[77.4016,16.5468],[77.3914,16.5652],[77.421,16.5652],[77.4367,16.5812],[77.4564,16.581],[77.4642,16.5842],[77.4588,16.5921],[77.4647,16.5974],[77.4636,16.6048],[77.4539,16.6074],[77.4556,16.62],[77.4613,16.6248],[77.4713,16.6435],[77.4614,16.6488],[77.4441,16.6358],[77.4329,16.6376],[77.4281,16.6501],[77.4168,16.6548],[77.4166,16.6628],[77.4372,16.6666],[77.4464,16.6742],[77.4617,16.6724],[77.465,16.6783],[77.4688,16.7087],[77.4454,16.7138],[77.4374,16.7075],[77.4234,16.7145],[77.4257,16.7271],[77.4313,16.7364],[77.4372,16.7631],[77.4353,16.7776],[77.4445,16.78],[77.4673,16.7766],[77.4711,16.7791],[77.4718,16.7963],[77.4627,16.8045],[77.4566,16.8237],[77.4604,16.8441],[77.4576,16.8793],[77.4543,16.8861],[77.4558,16.9047],[77.4534,16.909],[77.4677,16.9171],[77.4635,16.929],[77.4641,16.9527],[77.4692,16.9538],[77.4792,16.968],[77.4784,16.9902],[77.4832,16.9987],[77.4994,17.0073],[77.4982,17.0152],[77.492,17.0217],[77.4932,17.033],[77.4781,17.061],[77.4769,17.0762],[77.4684,17.0811],[77.4603,17.0928],[77.4626,17.1041],[77.4386,17.1146],[77.4338,17.1112],[77.4235,17.1141],[77.4037,17.1232],[77.3989,17.1319],[77.3763,17.1379],[77.3754,17.1487],[77.3669,17.1513],[77.36,17.1616],[77.3684,17.1765],[77.3708,17.1901],[77.3817,17.1937],[77.3915,17.1924],[77.3932,17.2115],[77.3846,17.213],[77.3804,17.2198],[77.4055,17.2374],[77.4178,17.2328],[77.4226,17.2533],[77.4374,17.2614],[77.4425,17.2686],[77.4545,17.2759],[77.4528,17.2866],[77.434,17.2883],[77.4496,17.3149],[77.4564,17.345],[77.4498,17.35],[77.4516,17.3705],[77.4753,17.3682],[77.4745,17.3592],[77.4826,17.3545],[77.4991,17.3541],[77.5208,17.3621],[77.528,17.3721],[77.5213,17.3863],[77.5336,17.3988],[77.5267,17.406],[77.5107,17.4125],[77.5101,17.4273],[77.5234,17.4367],[77.5335,17.441],[77.5488,17.4349],[77.5578,17.4353],[77.5726,17.4295],[77.5732,17.4542],[77.5904,17.4481],[77.5959,17.4427],[77.6106,17.4442],[77.6109,17.4699],[77.634,17.4722],[77.6404,17.476],[77.6442,17.4949],[77.649,17.4916],[77.6481,17.4812],[77.684,17.4729],[77.688,17.4985],[77.6789,17.5051],[77.6661,17.51],[77.6566,17.5213],[77.6453,17.5188],[77.6332,17.5231],[77.6212,17.5223],[77.6166,17.5294],[77.5917,17.5327],[77.5925,17.5491],[77.5854,17.5584],[77.5608,17.5535],[77.5484,17.5495],[77.544,17.5546],[77.5367,17.5713],[77.5274,17.5732],[77.5016,17.5409],[77.4968,17.5434],[77.49,17.5663],[77.4741,17.5651],[77.4612,17.577],[77.4399,17.5815],[77.4421,17.5958],[77.4405,17.6041],[77.4458,17.6123],[77.4508,17.6324],[77.4456,17.6575],[77.4491,17.6661],[77.4514,17.6877],[77.4579,17.699],[77.4716,17.704],[77.4742,17.7014],[77.4893,17.7068],[77.4943,17.716],[77.5054,17.7145],[77.5095,17.72],[77.5276,17.7271],[77.5394,17.7254],[77.5441,17.7334],[77.5519,17.7344],[77.562,17.7471],[77.566,17.7641],[77.5545,17.7613],[77.523,17.7796],[77.5045,17.7826],[77.5109,17.8014],[77.5261,17.8117],[77.526,17.8268],[77.5437,17.8263],[77.5497,17.818],[77.5543,17.8305],[77.5635,17.842],[77.5674,17.8661],[77.5727,17.8728],[77.5813,17.8757],[77.5928,17.8698],[77.5925,17.8795],[77.5831,17.8984],[77.5852,17.9082],[77.5998,17.9037],[77.6166,17.9029],[77.6195,17.9301],[77.6168,17.9381],[77.62,17.9445],[77.6289,17.9485],[77.644,17.9464],[77.6474,17.9532],[77.6443,17.9627],[77.6534,17.9694],[77.6489,17.9784],[77.6462,17.9932],[77.6382,17.9965],[77.6288,17.9925],[77.6215,17.9983],[77.6223,18.0047],[77.6101,18.0105],[77.6067,18.018],[77.5922,18.0102],[77.5872,18.0133],[77.585,18.0248],[77.5745,18.0307],[77.5531,18.0347],[77.5521,18.0469],[77.5457,18.0538],[77.5474,18.0636],[77.5567,18.0622],[77.5605,18.0711],[77.5673,18.0763],[77.5774,18.0769],[77.5975,18.0843],[77.6006,18.0994],[77.5966,18.121],[77.5935,18.1279],[77.5978,18.1518],[77.5892,18.1535],[77.5794,18.1621],[77.57,18.1892],[77.5643,18.19],[77.5643,18.2006],[77.5744,18.1999],[77.585,18.2167],[77.5725,18.2406],[77.5815,18.2563],[77.5919,18.2618],[77.603,18.278],[77.5838,18.2831],[77.5707,18.2905],[77.561,18.2831],[77.55,18.2913],[77.555,18.2983],[77.5702,18.3082],[77.5669,18.3179],[77.5534,18.3312],[77.5273,18.3394],[77.5195,18.3493],[77.5214,18.3647],[77.5305,18.3758],[77.5416,18.3852],[77.5493,18.3877],[77.5552,18.4179],[77.5259,18.4274],[77.5285,18.4405],[77.5464,18.4406],[77.5602,18.435],[77.5826,18.4431],[77.5836,18.4536],[77.5591,18.458],[77.5498,18.458],[77.5465,18.4657],[77.5706,18.4669],[77.5765,18.4838],[77.5908,18.4811],[77.5931,18.4735],[77.6011,18.4742],[77.6028,18.4914],[77.5939,18.4939],[77.5863,18.5029],[77.5871,18.5098],[77.5965,18.515],[77.5933,18.5231],[77.5982,18.535],[77.5973,18.5475],[77.6291,18.5506],[77.6344,18.5452],[77.6405,18.5539],[77.6522,18.5496],[77.6453,18.5363],[77.6576,18.5272],[77.6621,18.5333],[77.6759,18.5413],[77.6827,18.5408],[77.7124,18.5544],[77.7279,18.5515],[77.7365,18.5548],[77.7354,18.5632],[77.7472,18.5891],[77.7481,18.6053],[77.743,18.6214],[77.7297,18.6427],[77.7332,18.6621],[77.7281,18.6642],[77.7329,18.676],[77.7495,18.6898],[77.7499,18.6978],[77.7576,18.7071],[77.7688,18.7016],[77.7694,18.6906],[77.7864,18.6841],[77.7865,18.6943],[77.8022,18.7161],[77.8027,18.7292],[77.8104,18.7402],[77.8232,18.7685],[77.8276,18.786],[77.8375,18.8075],[77.9076,18.8295],[77.9287,18.8217],[77.9426,18.8223],[77.9452,18.8321],[77.9441,18.8423],[77.9296,18.8465],[77.9253,18.8592],[77.9061,18.8673],[77.8992,18.8679],[77.8987,18.8837],[77.8877,18.8851],[77.8826,18.8964],[77.8816,18.9085],[77.8693,18.9103],[77.8566,18.9061],[77.8405,18.9113],[77.8443,18.9303],[77.8487,18.9314],[77.8537,18.9523],[77.8305,18.9502],[77.8274,18.9457],[77.8127,18.9495],[77.8129,18.9601],[77.8171,18.9824],[77.7871,18.9843],[77.7815,18.9763],[77.7674,18.9814],[77.7684,18.9994],[77.7643,19.0196],[77.7574,19.0286],[77.7617,19.062],[77.771,19.0562],[77.7972,19.0513],[77.7972,19.0649],[77.7935,19.0712],[77.8013,19.0844],[77.8002,19.0989],[77.8058,19.1033],[77.8152,19.1037],[77.8224,19.0964],[77.8286,19.0849],[77.8422,19.0868],[77.8452,19.1142],[77.8386,19.1189],[77.8339,19.1327],[77.8492,19.1553],[77.853,19.1768],[77.8584,19.1808],[77.8445,19.1882],[77.8523,19.2097],[77.8585,19.2185],[77.8623,19.234],[77.8681,19.2461],[77.8674,19.2553],[77.8846,19.2602],[77.9004,19.2561],[77.9057,19.2672],[77.9007,19.2771],[77.8754,19.2798],[77.8619,19.2841],[77.8609,19.3021],[77.888,19.3124],[77.8933,19.3212],[77.9058,19.3158],[77.9123,19.318],[77.9263,19.3319],[77.9372,19.3358],[77.9406,19.3425],[77.9489,19.3413],[77.9769,19.3211],[77.9855,19.309],[78.0116,19.3011],[78.0182,19.2963],[78.0273,19.2787],[78.0329,19.2741],[78.0457,19.2709],[78.0494,19.2627],[78.048,19.2475],[78.0576,19.2397],[78.0751,19.2465],[78.0823,19.2548],[78.0994,19.2455],[78.1267,19.2464],[78.1393,19.2394],[78.1497,19.2301],[78.1833,19.2415],[78.1864,19.2493],[78.1833,19.2612],[78.1832,19.279],[78.1932,19.3029],[78.1972,19.3317],[78.1871,19.3386],[78.1796,19.353],[78.1845,19.3682],[78.1876,19.3956],[78.1822,19.4118],[78.1981,19.4074],[78.2151,19.4271],[78.2243,19.434],[78.2458,19.429],[78.252,19.43],[78.2732,19.4538],[78.2973,19.4488],[78.3089,19.4564],[78.312,19.4659],[78.31,19.4864],[78.2994,19.5041],[78.295,19.5373],[78.2791,19.5582],[78.2965,19.5584],[78.2999,19.5668],[78.3111,19.5718],[78.311,19.6042],[78.3089,19.6114],[78.299,19.6234],[78.2876,19.6545],[78.2697,19.6631],[78.2858,19.6897],[78.3049,19.6884],[78.3161,19.6906],[78.3227,19.7036],[78.3453,19.7136],[78.3454,19.7344],[78.3532,19.7378],[78.3608,19.754],[78.3677,19.7811],[78.367,19.7945],[78.3605,19.8057],[78.3392,19.8135],[78.336,19.8187],[78.3414,19.8329],[78.339,19.8392],[78.3032,19.8458],[78.2941,19.8496],[78.2977,19.8733],[78.3076,19.9085],[78.3102,19.9127],[78.3284,19.9161],[78.3346,19.9043],[78.323,19.895],[78.3363,19.8832],[78.3467,19.8814],[78.3658,19.8829],[78.3841,19.8792],[78.3859,19.8527],[78.3977,19.8364],[78.409,19.8299],[78.4287,19.8231],[78.4647,19.8162],[78.4762,19.8164],[78.4939,19.7931],[78.5037,19.7924],[78.5096,19.8012],[78.5124,19.8143],[78.5263,19.8217],[78.5579,19.8156],[78.585,19.8117],[78.5953,19.8174],[78.6037,19.8175],[78.6193,19.8087],[78.6483,19.8015],[78.7018,19.7856],[78.7092,19.7727],[78.7164,19.7668],[78.7318,19.7729],[78.7383,19.7794],[78.7632,19.7756],[78.7732,19.7794],[78.7849,19.7787],[78.8076,19.758],[78.8383,19.7621],[78.8456,19.7584],[78.8569,19.7313],[78.8574,19.7197],[78.8635,19.6968],[78.8632,19.6795],[78.8591,19.6689],[78.8588,19.6563],[78.891,19.6553],[78.9038,19.6646],[78.9159,19.6677],[78.935,19.6622],[78.9436,19.6651],[78.9617,19.6588],[78.969,19.6492],[78.9629,19.6173],[78.9656,19.6045],[78.9783,19.5904],[78.9779,19.5799],[78.9545,19.5627],[78.9546,19.5518],[78.9785,19.5509],[78.9929,19.562],[79.0001,19.5594],[79.0122,19.5438],[79.0184,19.54],[79.0388,19.545],[79.0515,19.5453],[79.0601,19.5387],[79.0634,19.5313],[79.0738,19.5286],[79.0966,19.5305],[79.1029,19.528],[79.1047,19.5127],[79.1403,19.5011],[79.157,19.4855],[79.1691,19.4678],[79.1778,19.4607],[79.189,19.4587],[79.2187,19.4645],[79.2207,19.4756],[79.2088,19.4848],[79.2081,19.4986],[79.2157,19.5106],[79.232,19.5208],[79.2366,19.5268],[79.2393,19.542],[79.2398,19.5595],[79.2501,19.5777],[79.2487,19.5869],[79.2377,19.5995],[79.2371,19.6095],[79.2439,19.6126],[79.2552,19.6112],[79.2932,19.5967],[79.3048,19.5902],[79.3096,19.582],[79.3143,19.5655],[79.3215,19.5718],[79.3409,19.5738],[79.369,19.5712],[79.3712,19.5615],[79.4018,19.5398],[79.4136,19.5335],[79.4303,19.5351],[79.4413,19.5335],[79.4582,19.519],[79.4704,19.4975],[79.48,19.5038],[79.4933,19.5052],[79.5134,19.5181],[79.5158,19.5224],[79.515,19.542],[79.5262,19.5461],[79.5427,19.5485],[79.5477,19.5261],[79.5656,19.5109],[79.5827,19.5031],[79.5913,19.5017],[79.6009,19.508],[79.6072,19.5395],[79.6158,19.5586],[79.6214,19.5651],[79.6397,19.575],[79.6526,19.5767],[79.678,19.5766],[79.6957,19.5811],[79.7129,19.5833],[79.7403,19.6031],[79.7543,19.6023],[79.7775,19.5977],[79.7854,19.5936],[79.7933,19.5801],[79.8052,19.5768],[79.8166,19.569],[79.8232,19.5443],[79.8282,19.537],[79.8562,19.5171],[79.8638,19.5136],[79.8702,19.505],[79.8782,19.5007],[79.9022,19.4965],[79.911,19.4923],[79.9235,19.4776],[79.945,19.4588],[79.9458,19.4408],[79.9592,19.4259],[79.97,19.4095],[79.9731,19.401],[79.9707,19.3821],[79.9672,19.3746],[79.9645,19.3507],[79.9572,19.3346],[79.9574,19.3245],[79.9636,19.3065],[79.9618,19.2975],[79.9452,19.2841],[79.9319,19.2593],[79.9202,19.2264],[79.9193,19.215],[79.9225,19.2034],[79.9353,19.1839],[79.9424,19.1759],[79.9407,19.1644],[79.9261,19.1609],[79.906,19.1418],[79.8712,19.1227],[79.8631,19.1158],[79.858,19.1041],[79.8601,19.091],[79.8611,19.0599],[79.857,19.0422],[79.8596,19.0346],[79.871,19.0355],[79.8908,19.0455],[79.9029,19.048],[79.9161,19.0474],[79.926,19.0425],[79.9331,19.0297],[79.9345,19.0217],[79.9313,18.9748],[79.9409,18.9377],[79.9401,18.8967],[79.9409,18.8774],[79.939,18.8589],[79.9333,18.845],[79.9255,18.8375],[79.9041,18.8349],[79.894,18.8308],[79.9163,18.7973],[79.932,18.7844],[79.9401,18.7818],[79.9815,18.7743],[79.9929,18.7735],[80.0124,18.7668],[80.0187,18.751],[80.0329,18.7464],[80.0464,18.7209],[80.0619,18.7165],[80.0747,18.7026],[80.0821,18.7024],[80.1066,18.6775],[80.116,18.6758],[80.1213,18.6812],[80.1581,18.6959],[80.1646,18.6903],[80.1674,18.6801],[80.1757,18.6759],[80.189,18.6756],[80.1941,18.6885],[80.2019,18.6974],[80.2144,18.7011],[80.2253,18.6961],[80.2356,18.7004],[80.2467,18.7013],[80.2604,18.7141],[80.2675,18.718],[80.2779,18.711],[80.2963,18.6856],[80.3193,18.6217],[80.3315,18.5966],[80.3418,18.5864],[80.3559,18.5937],[80.3597,18.6022],[80.367,18.6047],[80.3816,18.5936],[80.4021,18.6072],[80.4176,18.6107],[80.4502,18.6264],[80.463,18.6227],[80.4801,18.6276],[80.4884,18.6267],[80.4981,18.6177],[80.5107,18.6157],[80.5153,18.6073],[80.5286,18.5937],[80.532,18.5861],[80.5404,18.583],[80.562,18.5696],[80.5679,18.5615],[80.5815,18.5575],[80.601,18.545],[80.6108,18.5335],[80.6138,18.5261],[80.627,18.5182],[80.6327,18.5188],[80.6364,18.5072],[80.6368,18.4939],[80.6483,18.4791],[80.6508,18.4723],[80.6805,18.4536],[80.6831,18.4446],[80.6953,18.4346],[80.691,18.4193],[80.713,18.4057],[80.7183,18.4098],[80.7288,18.4038],[80.7157,18.3873],[80.7242,18.372],[80.7228,18.3613],[80.7264,18.3503],[80.7348,18.3387],[80.7444,18.3169],[80.7446,18.3022],[80.7513,18.2975],[80.757,18.2847],[80.7664,18.2782],[80.7774,18.2597],[80.7881,18.254],[80.7843,18.2433],[80.7333,18.2188],[80.7325,18.1942],[80.7346,18.1717],[80.7451,18.1648],[80.7624,18.163],[80.7869,18.1642],[80.7979,18.1663],[80.8109,18.1785],[80.8187,18.192],[80.8172,18.2252],[80.8242,18.2336],[80.8342,18.2333],[80.8396,18.228],[80.8591,18.226],[80.8675,18.2073],[80.8613,18.1987],[80.8492,18.2002],[80.8522,18.1835],[80.8517,18.1684],[80.8558,18.1429],[80.862,18.1327],[80.8811,18.1325],[80.9007,18.1347],[80.912,18.1385],[80.9442,18.1571],[80.9542,18.167],[80.9737,18.1681],[80.9748,18.1519],[80.9726,18.1436],[80.9494,18.1232],[80.9475,18.1168],[80.9498,18.1037],[80.9484,18.0913],[80.944,18.081],[80.9524,18.0719],[80.966,18.0435],[80.9623,18.0315],[80.9726,17.9932],[80.9738,17.9768],[80.9781,17.9496],[80.9833,17.935],[80.9846,17.9229],[80.9943,17.9142],[81.0019,17.8647],[81.0043,17.8383],[81.0126,17.8167],[81.0324,17.7897],[81.0452,17.784],[81.056,17.7828],[81.0736,17.7863],[81.0871,17.8033],[81.0891,17.8109],[81.0977,17.8171],[81.1212,17.8283],[81.1596,17.8526],[81.192,17.8471],[81.2135,17.833],[81.254,17.8121],[81.2634,17.8105],[81.2981,17.8099],[81.3151,17.8123],[81.3575,17.8104],[81.3841,17.8035],[81.385,17.8066],[81.3943,17.8081],[81.4093,17.8048],[81.4143,17.8164],[81.4259,17.8213],[81.4376,17.8153],[81.4594,17.8247],[81.4701,17.8232],[81.4746,17.81],[81.4812,17.8029],[81.4963,17.8065],[81.5113,17.8066],[81.5257,17.8109],[81.5539,17.8164],[81.5646,17.8257],[81.5749,17.8273],[81.5997,17.8154],[81.6112,17.8154],[81.6157,17.822],[81.624,17.8244],[81.6428,17.8393],[81.646,17.8563],[81.6527,17.8682],[81.6631,17.8769],[81.6777,17.8776],[81.6883,17.8848],[81.6979,17.8755],[81.7032,17.8611],[81.7263,17.8741],[81.7757,17.9048],[81.786,17.9136],[81.7941,17.9297],[81.801,17.9361],[81.8333,17.951],[81.8468,17.9508],[81.8741,17.9598],[81.8851,17.9658],[81.8993,17.9685],[81.9137,17.9799],[81.9361,17.9841],[81.9518,17.9921],[81.9859,18.0143],[81.9889,18.0203],[82.0017,18.0237],[82.0047,18.0343],[82.0016,18.0448],[82.0168,18.0551],[82.0247,18.0579],[82.0452,18.0456],[82.0597,18.0451],[82.061,18.054],[82.0722,18.0656],[82.0892,18.0574],[82.0924,18.0528],[82.108,18.054],[82.1292,18.0487],[82.1324,18.0356],[82.1423,18.0436],[82.1473,18.0404],[82.1637,18.0416],[82.1769,18.0209],[82.1774,18.0106],[82.1851,18.0074],[82.1969,18.0087],[82.2182,17.9942],[82.237,17.992],[82.2417,17.9798],[82.2532,17.9802],[82.2673,17.9864],[82.2705,17.9977],[82.2708,18.0107],[82.2662,18.0257],[82.2582,18.0349],[82.2646,18.039],[82.267,18.0483],[82.2878,18.0606],[82.2965,18.0461],[82.3044,18.0396],[82.3218,18.0502],[82.3298,18.0404],[82.3363,18.0473],[82.3432,18.0678],[82.3432,18.0825],[82.3322,18.0941],[82.3303,18.119],[82.3354,18.1273],[82.3334,18.1424],[82.3576,18.1251],[82.3652,18.1397],[82.3487,18.1618],[82.333,18.1634],[82.3103,18.1746],[82.3094,18.1894],[82.3061,18.1957],[82.3197,18.201],[82.3328,18.2158],[82.3213,18.2225],[82.3302,18.2313],[82.3318,18.2468],[82.3369,18.2662],[82.3437,18.2717],[82.3671,18.2709],[82.3822,18.2843],[82.3874,18.3006],[82.393,18.3064],[82.3844,18.3187],[82.3652,18.3164],[82.358,18.3082],[82.3429,18.3073],[82.3344,18.3171],[82.3454,18.3218],[82.3566,18.3336],[82.3601,18.3437],[82.3764,18.3533],[82.3844,18.3724],[82.3752,18.3831],[82.3725,18.3981],[82.3613,18.4099],[82.367,18.4172],[82.3776,18.422],[82.3823,18.4317],[82.3974,18.4516],[82.4269,18.477],[82.4291,18.4851],[82.4371,18.4973],[82.4534,18.517],[82.474,18.5368],[82.4815,18.5151],[82.4982,18.506],[82.5074,18.5081],[82.5143,18.5036],[82.5231,18.5039],[82.5275,18.4777],[82.5275,18.4682],[82.5161,18.4559],[82.5232,18.4458],[82.5294,18.4429],[82.5302,18.4343],[82.5477,18.4418],[82.5538,18.4377],[82.5451,18.4172],[82.5359,18.4083],[82.5403,18.4019],[82.5326,18.3968],[82.5352,18.3896],[82.5494,18.3835],[82.556,18.3885],[82.5706,18.3842],[82.5773,18.3773],[82.5892,18.3771],[82.6009,18.3661],[82.5986,18.354],[82.6087,18.3512],[82.6079,18.3417],[82.5965,18.3409],[82.6038,18.3204],[82.5957,18.3159],[82.5897,18.3195],[82.5764,18.3068],[82.5798,18.301],[82.5878,18.302],[82.591,18.292],[82.5856,18.281],[82.5885,18.275],[82.5892,18.2567],[82.6095,18.2493],[82.6134,18.2394],[82.6317,18.2285],[82.6476,18.2447],[82.6449,18.2571],[82.6565,18.2788],[82.6649,18.2906],[82.6818,18.2928],[82.6903,18.2971],[82.6981,18.2963],[82.7026,18.3085],[82.7173,18.3148],[82.7253,18.3116],[82.7343,18.3133],[82.7378,18.3199],[82.7464,18.3199],[82.751,18.3283],[82.7671,18.3311],[82.7714,18.3397],[82.7842,18.3542],[82.7779,18.3709],[82.7876,18.3782],[82.7875,18.3902],[82.7933,18.395],[82.7816,18.4043],[82.7762,18.4197],[82.7871,18.4267],[82.7992,18.4394],[82.8184,18.4385],[82.8187,18.4334],[82.8358,18.4242],[82.837,18.4143],[82.8486,18.415],[82.87,18.4062],[82.8794,18.4146],[82.8846,18.4128],[82.891,18.3922],[82.8849,18.3786],[82.8919,18.3669],[82.9027,18.3559],[82.9151,18.3564],[82.9276,18.361],[82.9327,18.3514],[82.9455,18.3505],[82.9598,18.3572],[82.9764,18.3549],[82.9812,18.3658],[82.992,18.375],[83.0116,18.3782],[83.0172,18.3845],[83.0238,18.3764],[83.0395,18.3701],[83.0562,18.3773],[83.0665,18.3923],[83.059,18.399],[83.0553,18.4081],[83.0621,18.4209],[83.0583,18.4291],[83.0486,18.4249],[83.0426,18.4183],[83.0373,18.4348],[83.018,18.4404],[83.0164,18.4477],[83.037,18.4631],[83.0518,18.4775],[83.0552,18.4881],[83.0688,18.502],[83.0732,18.5147],[83.0885,18.5328],[83.0871,18.5411],[83.0715,18.5425],[83.0574,18.5347],[83.0512,18.5349],[83.0402,18.5449],[83.0325,18.5479],[83.0337,18.5583],[83.0255,18.5643],[83.0365,18.5776],[83.0447,18.5782],[83.0539,18.5865],[83.0521,18.5931],[83.0411,18.5967],[83.0378,18.5887],[83.0277,18.5823],[83.008,18.5884],[83.0203,18.6054],[83.0174,18.6234],[83.0093,18.6315],[83.0115,18.639],[83.051,18.6542],[83.0558,18.6671],[83.0708,18.6893],[83.0691,18.6941],[83.0779,18.7053],[83.0881,18.7124],[83.106,18.7385],[83.1175,18.7505],[83.1122,18.7583],[83.133,18.7724],[83.1449,18.7669],[83.1508,18.7587],[83.1685,18.7591],[83.177,18.7544],[83.1854,18.7441],[83.2017,18.7422],[83.2063,18.7287],[83.223,18.748],[83.2173,18.759],[83.2227,18.7659],[83.2396,18.7588],[83.2661,18.757],[83.2717,18.7632],[83.2691,18.7708],[83.2795,18.7896],[83.2921,18.7925],[83.3042,18.7989],[83.314,18.7958],[83.323,18.7983],[83.3333,18.7927],[83.3393,18.8031],[83.3563,18.8001],[83.36,18.8074],[83.3501,18.8216],[83.3623,18.8321],[83.3728,18.8212],[83.3865,18.8258],[83.3987,18.8335],[83.3969,18.8492],[83.4113,18.8593],[83.4059,18.8653],[83.3878,18.871],[83.3725,18.8898],[83.3833,18.8972],[83.3768,18.9025],[83.3672,18.9004],[83.3565,18.9048],[83.3477,18.921],[83.349,18.9338],[83.3628,18.9301],[83.3641,18.9228],[83.371,18.9171],[83.3802,18.9233],[83.3639,18.9379],[83.3611,18.9534],[83.345,18.9563],[83.3433,18.9352],[83.3398,18.9332],[83.3414,18.9184],[83.329,18.9169],[83.3189,18.9284],[83.3212,18.936],[83.3311,18.9376],[83.327,18.9479],[83.3269,18.9573],[83.3133,18.9666],[83.3077,18.9832],[83.3078,18.9909],[83.3292,18.9882],[83.335,19.0067],[83.355,19.0094],[83.3623,18.9947],[83.3772,18.9947],[83.3888,19],[83.3961,18.9958],[83.4089,18.9962],[83.4148,18.9779],[83.4365,18.9579],[83.4427,18.9477],[83.4555,18.9456],[83.4623,18.9592],[83.4583,18.9725],[83.4603,18.9808],[83.4502,18.9824],[83.4485,18.9996],[83.4585,19.0021],[83.4746,19.0003],[83.4774,19.0255],[83.4654,19.0362],[83.4633,19.0526],[83.4567,19.0561],[83.4594,19.0697],[83.4675,19.0699],[83.477,19.0753],[83.4804,19.0665],[83.4925,19.055],[83.5054,19.0648],[83.5062,19.0543],[83.5107,19.048],[83.5101,19.0362],[83.5137,19.0248],[83.4936,19.0268],[83.4954,19.0111],[83.5153,19.0049],[83.5314,19.0054],[83.5348,19.0286],[83.5515,19.0504],[83.5449,19.0621],[83.5464,19.0738],[83.555,19.0781],[83.5607,19.0662],[83.5577,19.0514],[83.5788,19.0498],[83.5822,19.0756],[83.5876,19.0831],[83.5999,19.0848],[83.6044,19.0929],[83.5943,19.1106],[83.5943,19.1203],[83.6052,19.131],[83.6106,19.1309],[83.6191,19.1419],[83.6233,19.1536],[83.6302,19.1448],[83.6284,19.1315],[83.6333,19.1244],[83.6494,19.1219],[83.6447,19.1133],[83.6575,19.0878],[83.6569,19.0749],[83.6844,19.0439],[83.6942,19.0211],[83.6998,19.015],[83.7168,19.0144],[83.7198,19.0043],[83.705,18.9995],[83.7057,18.9852],[83.7169,18.9825],[83.7263,18.9756],[83.7275,18.9661],[83.7365,18.939],[83.7458,18.9182],[83.7561,18.9167],[83.7628,18.9065],[83.7713,18.9013],[83.7801,18.9077],[83.7772,18.9191],[83.7615,18.9446],[83.7504,18.9444],[83.749,18.9584],[83.7417,18.9671],[83.7411,18.9839],[83.7513,18.9933],[83.7675,18.9984],[83.7757,19.009],[83.7883,19.0078],[83.7912,18.9924],[83.8025,18.9818],[83.8106,18.9648],[83.8161,18.9487],[83.8134,18.9336],[83.8212,18.922],[83.8169,18.9094],[83.8231,18.9055],[83.8349,18.9093],[83.8403,18.9041],[83.8423,18.8882],[83.8367,18.8727],[83.8371,18.8647],[83.8437,18.8514],[83.8643,18.839],[83.8669,18.8235],[83.8702,18.8184],[83.8832,18.8197],[83.8869,18.8054],[83.8955,18.8149],[83.9078,18.8164],[83.9336,18.8069],[83.9398,18.7966],[83.949,18.797],[83.9556,18.8031],[83.9694,18.8038],[83.9823,18.8],[83.9915,18.8047],[84.0074,18.8042],[84.0197,18.7976],[84.0271,18.8022],[84.0343,18.7901],[84.0479,18.7835],[84.0492,18.7707],[84.0586,18.7681],[84.0658,18.7517],[84.0779,18.7489],[84.0818,18.7446],[84.0916,18.7452],[84.1007,18.7527],[84.1141,18.7551],[84.1229,18.7483],[84.1295,18.7529],[84.1279,18.7613],[84.135,18.7668],[84.1593,18.775],[84.167,18.7701],[84.1798,18.769],[84.1815,18.7775],[84.1903,18.7767],[84.2167,18.7873],[84.246,18.7734],[84.2589,18.7748],[84.2642,18.7805],[84.2732,18.7825],[84.2839,18.7908],[84.3004,18.7817],[84.3125,18.7792],[84.3157,18.7862],[84.3322,18.792],[84.3293,18.809],[84.3441,18.8119],[84.3444,18.8327],[84.3381,18.8362],[84.3341,18.8516],[84.3344,18.8638],[84.347,18.86],[84.3515,18.8509],[84.3624,18.8511],[84.3693,18.859],[84.3716,18.8672],[84.3518,18.8778],[84.3547,18.8829],[84.3832,18.8693],[84.3861,18.883],[84.3742,18.8889],[84.3785,18.8932],[84.394,18.8859],[84.4098,18.8906],[84.4294,18.9137],[84.4156,18.938],[84.4203,18.9494],[84.4406,18.9669],[84.4347,18.9768],[84.4264,18.984],[84.4256,18.9892],[84.4253,18.9953],[84.4146,19.0124],[84.42,19.0125],[84.4222,19.0085],[84.4374,18.9975],[84.4522,18.9883],[84.4717,18.9812],[84.4757,18.9917],[84.4778,19.0079],[84.4894,19.021],[84.4978,19.0249],[84.5099,19.0375],[84.5272,19.0387],[84.5348,19.0454],[84.5477,19.0461],[84.5536,19.0474],[84.5597,19.0596],[84.568,19.0635],[84.5706,19.0604],[84.5781,19.0621],[84.5736,19.0351],[84.5781,19.0189],[84.5877,19.013],[84.597,19.0197],[84.6005,19.0329],[84.6095,19.0467],[84.6124,19.0497],[84.6233,19.0557],[84.6254,19.0528],[84.6301,19.0496],[84.6344,19.0555],[84.6477,19.0561],[84.6545,19.0523],[84.6632,19.0645],[84.6542,19.081],[84.6446,19.0845],[84.6336,19.0746],[84.6244,19.0744],[84.6198,19.0765],[84.6168,19.09],[84.6056,19.0926],[84.5958,19.1152],[84.5946,19.1235],[84.6094,19.1175],[84.6293,19.1207],[84.6473,19.1204],[84.6612,19.1219],[84.6659,19.1353],[84.6633,19.1475],[84.665,19.1567],[84.6733,19.1569],[84.6814,19.1497],[84.6976,19.1503],[84.7021,19.1511],[84.7052,19.149],[84.7065,19.1436],[84.6973,19.1251],[84.6939,19.1216],[84.6983,19.1103],[84.6975,19.1088],[84.719,19.0958],[84.7302,19.0893],[84.761,19.0713],[84.716,19.0118],[84.6882,18.9732],[84.6832,18.9696],[84.6704,18.9704],[84.6646,18.9657],[84.6693,18.9515],[84.646,18.9312],[84.631,18.9163],[84.6146,18.9024],[84.589,18.8726],[84.5757,18.8474],[84.5765,18.8371],[84.5643,18.8276],[84.5571,18.8174],[84.5546,18.796],[84.5315,18.7721],[84.5104,18.7576],[84.4901,18.7393],[84.4829,18.7282],[84.4715,18.7185],[84.4596,18.7018],[84.441,18.6801],[84.4407,18.664],[84.3863,18.6129],[84.3776,18.606],[84.3629,18.5885],[84.3557,18.5749],[84.3562,18.5568],[84.3529,18.5551],[84.3154,18.524],[84.286,18.5015],[84.2618,18.4807],[84.219,18.4418],[84.1885,18.4124],[84.1532,18.3765],[84.1343,18.3471],[84.1279,18.3513],[84.1254,18.3282],[84.1296,18.3143],[84.0874,18.2879],[84.0738,18.2765],[84.0696,18.276],[84.0171,18.2513],[84.0113,18.2499],[83.9785,18.2326],[83.9507,18.2168],[83.9343,18.2104],[83.9013,18.2012],[83.8863,18.1954],[83.8626,18.1757],[83.8293,18.164],[83.7874,18.1474],[83.7846,18.1474],[83.7135,18.1107],[83.6696,18.084],[83.6424,18.0618],[83.6107,18.0426],[83.5849,18.0215],[83.5704,18.0143],[83.5593,17.999],[83.559,17.9835],[83.5468,17.971],[83.5437,17.9635],[83.5296,17.9493],[83.5204,17.9454],[83.511,17.9374],[83.4879,17.9257],[83.4707,17.9149],[83.4618,17.906],[83.4515,17.9001],[83.4546,17.8876],[83.4465,17.8807],[83.4437,17.8724],[83.4187,17.8568],[83.4099,17.8435],[83.416,17.8337],[83.4157,17.8232],[83.4101,17.8104],[83.3913,17.7938],[83.3849,17.7838],[83.386,17.779],[83.3543,17.7571],[83.3426,17.7374],[83.3457,17.7282],[83.3418,17.7229],[83.3154,17.7093],[83.2985,17.6943],[83.2954,17.6751],[83.2776,17.659],[83.2607,17.6501],[83.2601,17.644],[83.2399,17.6332],[83.2324,17.6226],[83.2349,17.6107],[83.2154,17.5979],[83.2157,17.594],[83.1757,17.5754],[83.161,17.5607],[83.1043,17.544],[83.081,17.5318],[83.0329,17.5135],[83.0129,17.5032],[83.0068,17.4982],[83.0029,17.4868],[82.9938,17.4796],[82.9951,17.4749],[82.9851,17.4699],[82.954,17.4599],[82.9262,17.4435],[82.9121,17.4388],[82.8849,17.4271],[82.8693,17.4154],[82.8396,17.4063],[82.799,17.3876],[82.7579,17.3701],[82.7118,17.3471],[82.7035,17.3438],[82.6635,17.3221],[82.6232,17.2993],[82.5785,17.2729],[82.5324,17.2435],[82.5093,17.2262],[82.4901,17.214],[82.439,17.1726],[82.4071,17.1432],[82.3688,17.1063],[82.3315,17.0724],[82.3026,17.0407],[82.2932,17.0251],[82.2782,16.9921],[82.2838,16.9771],[82.2754,16.9713],[82.2693,16.956],[82.2715,16.9404],[82.251,16.9349],[82.249,16.9304],[82.2507,16.906],[82.2549,16.9032],[82.2585,16.8882],[82.2649,16.8857],[82.2699,16.8757],[82.2818,16.8776],[82.3037,16.8632],[82.3115,16.8549],[82.3221,16.854],[82.3376,16.8565],[82.3543,16.8515],[82.356,16.8687],[82.3621,16.8879],[82.3635,16.9101],[82.3576,16.951],[82.3549,16.9565],[82.341,16.9654],[82.3318,16.9815],[82.3315,16.991],[82.349,16.9785],[82.3574,16.9651],[82.3654,16.9154],[82.3637,16.8843],[82.3579,16.8651],[82.359,16.8488],[82.3518,16.8218],[82.3557,16.8121],[82.3496,16.7846],[82.3454,16.7771],[82.3412,16.7535],[82.3415,16.736],[82.3179,16.7335],[82.3074,16.719],[82.2995,16.7143]]]]},"properties":{"ID_0":105,"ISO":"IND","NAME_0":"India","ID_1":2,"NAME_1":"Andhra Pradesh","NL_NAME_1":null,"VARNAME_1":null,"TYPE_1":"State","ENGTYPE_1":"State"}},{"type":"Feature","geometry":{"type":"Polygon","coordinates":[[[95.2376,26.6863],[95.2337,26.6971],[95.2361,26.7122],[95.2282,26.7238],[95.2161,26.7353],[95.221,26.7474],[95.2193,26.7556],[95.2332,26.7719],[95.2316,26.7777],[95.2425,26.7845],[95.2216,26.7935],[95.2151,26.7984],[95.2068,26.8117],[95.199,26.8399],[95.2064,26.8463],[95.193,26.8512],[95.1845,26.8648],[95.2064,26.8779],[95.2129,26.8856],[95.2299,26.8857],[95.234,26.9206],[95.2256,26.9344],[95.2171,26.9342],[95.2122,26.9433],[95.2068,26.9626],[95.215,26.9704],[95.2052,26.9822],[95.1952,26.99],[95.2001,27.0062],[95.1976,27.0157],[95.1955,27.0429],[95.2038,27.043],[95.2138,27.0335],[95.226,27.0423],[95.2379,27.0432],[95.2482,27.0303],[95.2667,27.0404],[95.2776,27.0498],[95.2778,27.0568],[95.2879,27.0663],[95.3097,27.0811],[95.3132,27.0867],[95.3233,27.0896],[95.3486,27.1048],[95.3665,27.1129],[95.3727,27.1017],[95.3855,27.1051],[95.3861,27.1117],[95.4063,27.1183],[95.4203,27.1308],[95.4292,27.1341],[95.441,27.1328],[95.4471,27.1383],[95.4578,27.1356],[95.4659,27.1548],[95.4587,27.1633],[95.468,27.1723],[95.4637,27.1821],[95.4686,27.1905],[95.4589,27.2096],[95.4694,27.2183],[95.4806,27.2323],[95.4872,27.246],[95.5063,27.2546],[95.5109,27.2663],[95.5205,27.2637],[95.5348,27.2706],[95.5542,27.2593],[95.5561,27.2544],[95.5745,27.2511],[95.5779,27.2422],[95.5901,27.2295],[95.6074,27.2314],[95.6191,27.2366],[95.6341,27.2398],[95.637,27.2369],[95.6792,27.2539],[95.6844,27.2574],[95.7019,27.2556],[95.7255,27.2592],[95.7319,27.2665],[95.757,27.2744],[95.7847,27.2791],[95.7908,27.2855],[95.8065,27.288],[95.8102,27.2809],[95.8379,27.2871],[95.8502,27.2931],[95.8605,27.2942],[95.8608,27.2798],[95.8724,27.2669],[95.8877,27.2633],[95.8981,27.2643],[95.9043,27.2799],[95.9064,27.2919],[95.9406,27.3096],[95.9632,27.3171],[95.9679,27.3246],[95.97,27.337],[95.9937,27.3514],[95.997,27.3635],[96.0132,27.364],[96.0209,27.3713],[96.0149,27.3755],[96.0001,27.3976],[96.001,27.4035],[95.9909,27.4146],[95.9895,27.4217],[95.9809,27.4261],[95.9733,27.4368],[95.953,27.4333],[95.9531,27.4435],[95.9333,27.4467],[95.9112,27.44],[95.9061,27.4233],[95.9001,27.4113],[95.89,27.4264],[95.8904,27.4397],[95.8826,27.4441],[95.8758,27.4354],[95.8649,27.429],[95.8493,27.4303],[95.8529,27.4448],[95.8638,27.452],[95.8595,27.4626],[95.8661,27.469],[95.8763,27.4711],[95.8813,27.4874],[95.8805,27.5011],[95.8896,27.5062],[95.8785,27.5198],[95.8813,27.5532],[95.8624,27.5526],[95.8521,27.5657],[95.8399,27.5666],[95.8319,27.5789],[95.8212,27.5817],[95.8203,27.5956],[95.8242,27.603],[95.798,27.6078],[95.7943,27.6224],[95.7871,27.6234],[95.7873,27.6323],[95.7974,27.6359],[95.8015,27.649],[95.7792,27.6605],[95.7804,27.6792],[95.7945,27.6842],[95.7931,27.6923],[95.7788,27.6944],[95.7727,27.7],[95.7704,27.72],[95.763,27.7227],[95.7582,27.7311],[95.7719,27.7345],[95.7878,27.7421],[95.7805,27.7582],[95.8009,27.7769],[95.8076,27.7899],[95.8231,27.8092],[95.8434,27.8215],[95.8521,27.8341],[95.8766,27.8418],[95.8921,27.857],[95.895,27.8672],[95.9072,27.8686],[95.914,27.8808],[95.9226,27.8862],[95.925,27.9009],[95.9383,27.9033],[95.9553,27.9268],[95.9576,27.9371],[95.9523,27.9418],[95.9652,27.9526],[95.9775,27.9685],[95.9569,27.9691],[95.8259,27.9774],[95.6067,27.9578],[95.5887,27.9416],[95.5712,27.9424],[95.565,27.9225],[95.5438,27.9135],[95.5435,27.9023],[95.5262,27.8979],[95.516,27.8818],[95.3843,27.842],[95.3166,27.8711],[95.2925,27.865],[95.2365,27.8484],[95.1949,27.8344],[95.0518,27.7902],[95.0388,27.7777],[95.0191,27.7725],[94.9979,27.7766],[94.987,27.7709],[94.93,27.7567],[94.8839,27.7421],[94.8609,27.7395],[94.8536,27.7316],[94.8488,27.7107],[94.8394,27.7035],[94.8213,27.6962],[94.7953,27.6981],[94.791,27.6889],[94.7669,27.6801],[94.7596,27.6684],[94.7427,27.6634],[94.7207,27.67],[94.7131,27.6603],[94.6981,27.6671],[94.6839,27.6633],[94.687,27.6533],[94.6825,27.6496],[94.6691,27.6503],[94.6484,27.6421],[94.6398,27.631],[94.625,27.6301],[94.6094,27.6226],[94.5915,27.6228],[94.5819,27.6167],[94.5735,27.607],[94.5561,27.6032],[94.5464,27.6035],[94.5366,27.597],[94.5263,27.5958],[94.5157,27.5847],[94.5002,27.5773],[94.4792,27.577],[94.4693,27.564],[94.4597,27.5577],[94.4535,27.5709],[94.4361,27.5844],[94.4306,27.5965],[94.4209,27.6013],[94.4032,27.5872],[94.3876,27.5893],[94.3758,27.5846],[94.3675,27.5767],[94.3557,27.5774],[94.3451,27.5846],[94.3381,27.581],[94.3291,27.5884],[94.3124,27.5897],[94.298,27.6043],[94.2877,27.5918],[94.276,27.5933],[94.2725,27.6035],[94.2541,27.6137],[94.2672,27.6279],[94.2628,27.636],[94.2473,27.6358],[94.2351,27.6325],[94.226,27.618],[94.2135,27.6044],[94.2229,27.6007],[94.2214,27.5879],[94.2265,27.5756],[94.2406,27.5704],[94.2565,27.5574],[94.2569,27.5405],[94.2625,27.5274],[94.2591,27.5226],[94.2217,27.507],[94.2123,27.4979],[94.1952,27.4975],[94.1747,27.4841],[94.1679,27.4842],[94.1572,27.478],[94.1602,27.4665],[94.1408,27.4485],[94.1171,27.431],[94.1065,27.4181],[94.0863,27.4046],[94.0609,27.3636],[94.0548,27.3628],[94.0416,27.3533],[94.0258,27.3477],[94,27.3347],[93.9809,27.3138],[93.9565,27.2948],[93.9389,27.2733],[93.901,27.2415],[93.8856,27.2244],[93.8674,27.1988],[93.8575,27.1911],[93.8399,27.1735],[93.8267,27.1694],[93.8073,27.1501],[93.8058,27.1348],[93.8135,27.132],[93.815,27.1226],[93.8255,27.1193],[93.8266,27.0994],[93.8367,27.0782],[93.8188,27.0649],[93.8102,27.0681],[93.7874,27.0542],[93.7812,27.0608],[93.7682,27.0555],[93.7685,27.0433],[93.7189,27.0192],[93.7056,27.0083],[93.701,26.9971],[93.6758,26.9711],[93.6551,26.9665],[93.6245,26.9642],[93.5842,26.9526],[93.5708,26.9541],[93.5258,26.9486],[93.4894,26.9385],[93.4681,26.9389],[93.4479,26.9542],[93.4367,26.9561],[93.3479,26.9632],[93.2669,26.956],[93.2224,26.9491],[93.1843,26.9387],[93.109,26.9273],[93.0919,26.9155],[93.0688,26.9242],[93.0382,26.9179],[93.0194,26.9168],[92.9974,26.9303],[92.9807,26.9356],[92.973,26.9408],[92.9514,26.9489],[92.9178,26.9642],[92.9149,26.9698],[92.9167,26.9847],[92.8998,26.9963],[92.8724,27.0077],[92.8366,27.0135],[92.8244,27.0185],[92.7853,27.0307],[92.7691,27.033],[92.7137,27.0261],[92.6824,27.0317],[92.6589,27.0385],[92.6505,27.0248],[92.6391,27.0185],[92.6446,27.01],[92.6455,26.9874],[92.5852,26.9619],[92.5536,26.9591],[92.505,26.9668],[92.4906,26.9647],[92.4596,26.9633],[92.4462,26.9606],[92.4422,26.955],[92.4258,26.9435],[92.4119,26.9442],[92.3998,26.9263],[92.3673,26.9316],[92.3531,26.9356],[92.3029,26.9242],[92.3037,26.9095],[92.2764,26.9025],[92.2546,26.9122],[92.2094,26.8969],[92.1948,26.891],[92.1624,26.8927],[92.1479,26.8909],[92.1204,26.8903],[92.1079,26.8938],[92.1089,26.9074],[92.1171,26.9324],[92.1119,26.9494],[92.1174,26.9602],[92.1132,26.9757],[92.1021,26.983],[92.1033,27.0077],[92.0798,27.0206],[92.0766,27.0398],[92.064,27.0522],[92.0449,27.052],[92.0362,27.0702],[92.0278,27.0786],[92.0275,27.0972],[92.0222,27.1149],[92.0365,27.1384],[92.0243,27.1542],[92.0252,27.1718],[92.0562,27.1896],[92.0573,27.2031],[92.0667,27.2149],[92.0696,27.2236],[92.0658,27.245],[92.0524,27.2518],[92.0399,27.2618],[92.0489,27.2716],[92.07,27.2774],[92.0831,27.2721],[92.095,27.273],[92.1016,27.2691],[92.119,27.2759],[92.1206,27.2876],[92.1173,27.2928],[92.1026,27.3014],[92.078,27.3103],[92.0588,27.3272],[92.0602,27.3453],[92.0484,27.3583],[92.0461,27.3793],[92.0545,27.4001],[92.0421,27.4128],[92.0439,27.4253],[92.0388,27.4365],[92.0239,27.4416],[92.0167,27.458],[92.0198,27.4681],[92.0188,27.4797],[92.0112,27.4818],[91.9891,27.4743],[91.9791,27.465],[91.9654,27.4668],[91.9547,27.4614],[91.9394,27.4606],[91.9227,27.4713],[91.8985,27.4683],[91.891,27.4732],[91.8722,27.4728],[91.863,27.4821],[91.8491,27.4826],[91.8285,27.469],[91.8094,27.4726],[91.7886,27.4692],[91.7738,27.4645],[91.7628,27.4664],[91.7566,27.4733],[91.7419,27.4739],[91.7333,27.4702],[91.72,27.4704],[91.7138,27.4736],[91.7106,27.4912],[91.6901,27.5028],[91.6836,27.5024],[91.6744,27.4944],[91.6532,27.483],[91.6474,27.4847],[91.6441,27.499],[91.6205,27.5133],[91.6093,27.5416],[91.5944,27.5396],[91.5815,27.5623],[91.5668,27.575],[91.562,27.5842],[91.5768,27.5996],[91.5761,27.6083],[91.5631,27.62],[91.5577,27.6335],[91.5668,27.6525],[91.5897,27.6718],[91.5918,27.6832],[91.5985,27.6866],[91.6025,27.695],[91.6101,27.6929],[91.6161,27.702],[91.6237,27.706],[91.6234,27.7153],[91.6291,27.7318],[91.6296,27.747],[91.64,27.758],[91.6396,27.7652],[91.6311,27.7716],[91.6282,27.8008],[91.6151,27.8112],[91.5988,27.8209],[91.5842,27.8188],[91.573,27.8127],[91.5655,27.8153],[91.5458,27.8469],[91.5439,27.8556],[91.5525,27.8586],[91.5588,27.8517],[91.5697,27.8607],[91.5771,27.862],[91.5844,27.8562],[91.5941,27.8621],[91.6074,27.854],[91.6216,27.8577],[91.6419,27.8541],[91.662,27.8582],[91.6693,27.8567],[91.6796,27.8441],[91.6941,27.8221],[91.7096,27.8133],[91.7463,27.8034],[91.7711,27.8012],[91.8041,27.8089],[91.8153,27.8034],[91.8279,27.8076],[91.8335,27.7799],[91.8452,27.7757],[91.8512,27.7651],[91.8605,27.7369],[91.8704,27.7345],[91.8786,27.7218],[91.9023,27.7271],[91.9084,27.7263],[91.9188,27.7151],[91.9451,27.7287],[91.9556,27.7507],[91.9658,27.7514],[91.9839,27.77],[92.0003,27.7675],[92.0378,27.7572],[92.0554,27.7591],[92.0846,27.7798],[92.12,27.8106],[92.1561,27.837],[92.2003,27.8571],[92.2342,27.8626],[92.2552,27.8622],[92.2674,27.8539],[92.2847,27.8076],[92.3074,27.7792],[92.316,27.7782],[92.3503,27.7907],[92.3798,27.795],[92.383,27.8156],[92.398,27.8205],[92.4139,27.823],[92.4438,27.8008],[92.4549,27.8033],[92.467,27.8152],[92.4767,27.8215],[92.4925,27.8368],[92.5013,27.8415],[92.5151,27.8402],[92.5439,27.8175],[92.5607,27.821],[92.5857,27.8569],[92.6051,27.8775],[92.6204,27.8845],[92.6516,27.893],[92.6692,27.9001],[92.6864,27.9195],[92.7013,27.9338],[92.7298,27.9719],[92.7395,27.9894],[92.7278,28.0015],[92.7213,28.0163],[92.7095,28.0333],[92.6954,28.0484],[92.6813,28.0586],[92.6629,28.0628],[92.6612,28.0677],[92.6673,28.0783],[92.6802,28.118],[92.687,28.1258],[92.7046,28.1366],[92.7366,28.1516],[92.783,28.1837],[92.7996,28.2022],[92.8075,28.2041],[92.8193,28.1974],[92.8177,28.1843],[92.8213,28.1739],[92.8301,28.173],[92.8396,28.1794],[92.8953,28.2046],[92.9053,28.2152],[92.9129,28.235],[92.9229,28.2426],[92.9417,28.2486],[92.9645,28.2618],[92.9745,28.2596],[92.986,28.2513],[92.99,28.2344],[93.0004,28.2308],[93.0203,28.2523],[93.0338,28.2631],[93.0219,28.2999],[93.0237,28.3032],[93.0462,28.3025],[93.072,28.3093],[93.0954,28.3071],[93.1121,28.3155],[93.1248,28.3268],[93.1365,28.3249],[93.155,28.3185],[93.1938,28.318],[93.2069,28.3233],[93.219,28.3337],[93.2227,28.3411],[93.2193,28.3615],[93.2223,28.3779],[93.2315,28.4007],[93.2259,28.4083],[93.1904,28.426],[93.1811,28.4327],[93.1827,28.44],[93.2075,28.4522],[93.2291,28.478],[93.2759,28.5048],[93.2889,28.5434],[93.3053,28.5663],[93.2975,28.592],[93.2999,28.5996],[93.3276,28.6083],[93.3323,28.6337],[93.3369,28.6402],[93.3509,28.6389],[93.3897,28.6495],[93.4118,28.6529],[93.4298,28.6623],[93.4457,28.676],[93.4567,28.6684],[93.4668,28.6521],[93.4742,28.6537],[93.4792,28.675],[93.4836,28.6801],[93.4955,28.684],[93.5092,28.6798],[93.5184,28.6738],[93.5245,28.6613],[93.5338,28.6588],[93.5613,28.6596],[93.607,28.6559],[93.6389,28.6619],[93.6694,28.672],[93.6855,28.6793],[93.6996,28.6799],[93.7316,28.6893],[93.7473,28.6832],[93.7752,28.6685],[93.7853,28.6714],[93.8188,28.6949],[93.844,28.7074],[93.8653,28.7037],[93.9041,28.6767],[93.9196,28.6704],[93.9346,28.6771],[93.957,28.7047],[93.9656,28.7232],[93.9651,28.743],[93.9685,28.7514],[93.9776,28.7593],[93.9904,28.7656],[94.0014,28.7755],[94.0016,28.7843],[93.9853,28.7983],[93.9856,28.8068],[94,28.8198],[93.9949,28.8414],[94.0148,28.8512],[94.0301,28.8535],[94.044,28.8738],[94.0665,28.8961],[94.0788,28.9058],[94.1365,28.9404],[94.1551,28.9548],[94.1583,28.9741],[94.1668,28.9812],[94.1729,28.9918],[94.172,29.0078],[94.1752,29.0205],[94.185,29.0391],[94.2147,29.0841],[94.2247,29.09],[94.2577,29.1168],[94.2776,29.1354],[94.2877,29.1481],[94.2976,29.1506],[94.3502,29.1502],[94.3637,29.1572],[94.3676,29.1663],[94.3723,29.1902],[94.3768,29.1945],[94.4139,29.2127],[94.4312,29.2268],[94.4547,29.224],[94.4945,29.2167],[94.5331,29.2187],[94.5579,29.2289],[94.5721,29.2506],[94.5739,29.2752],[94.6107,29.3012],[94.619,29.3128],[94.6237,29.3368],[94.6282,29.3486],[94.6415,29.3469],[94.666,29.3318],[94.6772,29.3278],[94.6946,29.3139],[94.7111,29.3043],[94.7366,29.282],[94.7482,29.2663],[94.7665,29.2528],[94.7828,29.2332],[94.7908,29.2262],[94.7979,29.21],[94.7929,29.1804],[94.7929,29.1697],[94.798,29.1646],[94.8095,29.1667],[94.8466,29.183],[94.8718,29.1843],[94.8926,29.176],[94.907,29.1665],[94.9188,29.1623],[94.9677,29.1598],[94.9951,29.141],[95.0112,29.1334],[95.0257,29.1336],[95.0104,29.1519],[94.992,29.1658],[95.0049,29.1705],[95.0203,29.1611],[95.0397,29.1524],[95.0781,29.1456],[95.0984,29.1438],[95.1135,29.1212],[95.1218,29.1163],[95.1459,29.1156],[95.1775,29.1086],[95.1966,29.1076],[95.2405,29.1107],[95.2508,29.1099],[95.2479,29.0938],[95.2514,29.0857],[95.2501,29.0686],[95.2666,29.0576],[95.2862,29.0622],[95.3027,29.0629],[95.3183,29.0551],[95.3455,29.0461],[95.3739,29.0413],[95.3846,29.038],[95.4101,29.0341],[95.4215,29.0412],[95.4387,29.0372],[95.4543,29.037],[95.4649,29.0546],[95.474,29.0659],[95.483,29.0711],[95.4891,29.0897],[95.4919,29.1092],[95.4919,29.1237],[95.4963,29.1403],[95.5035,29.143],[95.5468,29.1287],[95.5471,29.1513],[95.5453,29.1806],[95.5372,29.2082],[95.545,29.2156],[95.5858,29.218],[95.5876,29.2424],[95.5987,29.2619],[95.6051,29.2625],[95.6312,29.249],[95.6732,29.2711],[95.6923,29.2865],[95.7019,29.3004],[95.7152,29.2983],[95.7271,29.3025],[95.7435,29.3162],[95.7454,29.3291],[95.7776,29.3564],[95.7831,29.3564],[95.791,29.3379],[95.8026,29.3394],[95.8268,29.3557],[95.8403,29.3537],[95.8589,29.3675],[95.8809,29.3915],[95.8893,29.3914],[95.9354,29.3843],[95.9571,29.3827],[95.9659,29.3874],[95.978,29.4004],[95.9932,29.4104],[96.0025,29.4121],[96.0145,29.4214],[96.0347,29.443],[96.0556,29.4584],[96.0805,29.4633],[96.0928,29.4564],[96.1132,29.4275],[96.1239,29.4176],[96.15,29.3993],[96.1578,29.3831],[96.1752,29.3645],[96.1858,29.3445],[96.1831,29.3093],[96.2032,29.2936],[96.2101,29.2749],[96.2262,29.2598],[96.2342,29.2435],[96.2436,29.2351],[96.2508,29.2332],[96.2657,29.2366],[96.293,29.2358],[96.3126,29.2591],[96.3453,29.2674],[96.3632,29.2856],[96.375,29.2837],[96.3821,29.2764],[96.3928,29.2565],[96.3877,29.2337],[96.3714,29.218],[96.363,29.1984],[96.3585,29.1816],[96.3464,29.171],[96.3076,29.1684],[96.2906,29.1621],[96.2602,29.1602],[96.2489,29.1502],[96.2278,29.1464],[96.2175,29.1381],[96.2003,29.1059],[96.1856,29.0946],[96.1695,29.0876],[96.1242,29.0807],[96.1145,29.0776],[96.1367,29.0645],[96.1504,29.0531],[96.1608,29.0365],[96.1652,29.0201],[96.1849,28.9881],[96.1804,28.9685],[96.1552,28.9556],[96.1541,28.9465],[96.1452,28.9375],[96.163,28.9221],[96.1665,28.9059],[96.1747,28.9043],[96.186,28.912],[96.2281,28.9293],[96.2483,28.9428],[96.2557,28.9593],[96.2819,28.9837],[96.2937,28.9987],[96.3215,29.0128],[96.3467,29.0323],[96.3687,29.035],[96.389,29.0341],[96.4358,29.0376],[96.4589,29.0458],[96.4772,29.0601],[96.5186,29.0785],[96.5252,29.0793],[96.5117,29.0526],[96.4988,29.0313],[96.4886,29.0105],[96.4774,28.994],[96.4875,28.9653],[96.5008,28.9637],[96.5134,28.9703],[96.5212,28.9652],[96.5237,28.948],[96.5355,28.93],[96.5387,28.921],[96.5361,28.8972],[96.5375,28.8841],[96.5469,28.8745],[96.5598,28.8559],[96.5629,28.848],[96.5843,28.8215],[96.5951,28.8152],[96.6084,28.7981],[96.616,28.7786],[96.6155,28.7648],[96.6094,28.7534],[96.5859,28.7216],[96.5723,28.7147],[96.56,28.7119],[96.5322,28.7115],[96.5224,28.709],[96.508,28.7011],[96.4906,28.6885],[96.4727,28.6882],[96.4705,28.6846],[96.4839,28.6653],[96.4952,28.6438],[96.4941,28.6382],[96.4729,28.6225],[96.4444,28.606],[96.4281,28.5871],[96.4225,28.585],[96.4074,28.5944],[96.3999,28.5904],[96.4062,28.5779],[96.4066,28.564],[96.4008,28.5624],[96.3708,28.5642],[96.3546,28.5606],[96.3432,28.5511],[96.3348,28.5385],[96.3243,28.5303],[96.3609,28.5097],[96.3717,28.4968],[96.373,28.487],[96.367,28.4795],[96.3414,28.47],[96.3351,28.4628],[96.3096,28.4457],[96.2971,28.4391],[96.266,28.417],[96.2674,28.4102],[96.2878,28.4087],[96.3046,28.4047],[96.3153,28.3884],[96.3199,28.3862],[96.3618,28.3938],[96.3709,28.3943],[96.3748,28.3873],[96.38,28.3641],[96.3922,28.3626],[96.3994,28.3445],[96.4229,28.351],[96.427,28.3634],[96.432,28.3917],[96.4391,28.401],[96.4583,28.4192],[96.48,28.4246],[96.4967,28.4236],[96.5103,28.4183],[96.5201,28.4233],[96.5339,28.4346],[96.5511,28.4422],[96.5595,28.453],[96.5796,28.4631],[96.5987,28.4662],[96.6392,28.4641],[96.6646,28.4658],[96.6814,28.4512],[96.7169,28.4329],[96.734,28.4308],[96.7511,28.4217],[96.7575,28.4154],[96.7744,28.3741],[96.7826,28.3704],[96.7971,28.3705],[96.8265,28.3672],[96.8522,28.3684],[96.8625,28.3783],[96.894,28.3861],[96.8987,28.3859],[96.9103,28.3714],[96.92,28.3633],[96.9209,28.3522],[96.9259,28.345],[96.9528,28.34],[96.9741,28.3237],[96.987,28.3222],[96.9965,28.3162],[97.0227,28.3263],[97.0364,28.3387],[97.0414,28.3492],[97.0518,28.3581],[97.0661,28.3595],[97.0926,28.3697],[97.1128,28.3589],[97.1259,28.3562],[97.1298,28.3514],[97.1588,28.3269],[97.1694,28.3023],[97.178,28.2973],[97.1926,28.2944],[97.2242,28.2999],[97.2342,28.2808],[97.2412,28.2751],[97.2681,28.2783],[97.2821,28.2763],[97.3063,28.264],[97.313,28.2518],[97.3338,28.2478],[97.3514,28.2343],[97.365,28.2316],[97.3747,28.2256],[97.4006,28.2005],[97.4004,28.1935],[97.3922,28.1912],[97.372,28.2004],[97.3636,28.1965],[97.3592,28.1884],[97.3308,28.163],[97.3247,28.1482],[97.3267,28.1416],[97.34,28.1245],[97.339,28.1195],[97.3102,28.0933],[97.3077,28.0771],[97.3118,28.07],[97.3317,28.0654],[97.366,28.0681],[97.374,28.0626],[97.368,28.0524],[97.3771,28.0391],[97.3822,28.0402],[97.3986,28.0341],[97.4152,28.0241],[97.4116,28.0151],[97.3912,28.0119],[97.3781,27.9862],[97.3785,27.9632],[97.3756,27.9444],[97.3877,27.9307],[97.3786,27.918],[97.3876,27.9037],[97.389,27.8964],[97.3648,27.8851],[97.3435,27.8941],[97.3212,27.8895],[97.3239,27.9119],[97.3087,27.93],[97.2565,27.9095],[97.2472,27.9039],[97.2368,27.8899],[97.2026,27.8644],[97.1818,27.8418],[97.1678,27.8363],[97.1687,27.8309],[97.1603,27.8226],[97.1374,27.8151],[97.1339,27.8065],[97.1243,27.7985],[97.1025,27.7934],[97.0984,27.7886],[97.1048,27.7752],[97.0964,27.7499],[97.0914,27.7485],[97.0675,27.7597],[97.0481,27.7493],[97.0374,27.7522],[97.0157,27.7406],[97.0032,27.7105],[96.9848,27.691],[96.9783,27.6719],[96.9587,27.6743],[96.9423,27.6674],[96.9389,27.6607],[96.929,27.656],[96.927,27.6419],[96.9194,27.6315],[96.9006,27.6243],[96.8976,27.6208],[96.8992,27.5936],[96.914,27.5884],[96.9132,27.5763],[96.9158,27.5583],[96.9245,27.5513],[96.9377,27.5301],[96.9335,27.5157],[96.9139,27.4884],[96.9112,27.4815],[96.9118,27.4627],[96.9333,27.4505],[96.9414,27.427],[96.9489,27.4209],[96.9655,27.4154],[96.9689,27.4018],[96.9755,27.396],[96.969,27.3863],[96.9717,27.379],[96.982,27.3737],[96.985,27.3626],[96.9975,27.3551],[97.0033,27.3299],[97.0169,27.3201],[97.0403,27.3079],[97.0436,27.2898],[97.0567,27.2856],[97.0589,27.2768],[97.0818,27.2539],[97.0941,27.2479],[97.096,27.2412],[97.0951,27.2214],[97.1005,27.215],[97.1167,27.2092],[97.1239,27.1999],[97.1273,27.1852],[97.1403,27.1775],[97.1499,27.1783],[97.156,27.1622],[97.1672,27.1555],[97.1722,27.1444],[97.1717,27.1368],[97.1559,27.1264],[97.1464,27.1028],[97.131,27.1037],[97.1147,27.1199],[97.1086,27.1213],[97.0791,27.11],[97.0627,27.1112],[97.0526,27.1189],[97.0302,27.1417],[97.0132,27.1469],[96.999,27.1539],[96.9847,27.1667],[96.9735,27.1711],[96.9553,27.1737],[96.9184,27.1755],[96.9027,27.1808],[96.8756,27.1936],[96.8662,27.1997],[96.8634,27.2192],[96.8663,27.2236],[96.89,27.2369],[96.8927,27.2476],[96.887,27.2547],[96.8851,27.268],[96.8662,27.2691],[96.8557,27.2803],[96.8497,27.3063],[96.8363,27.3105],[96.8171,27.3295],[96.8024,27.3544],[96.7853,27.3588],[96.773,27.365],[96.7542,27.3628],[96.7407,27.3645],[96.7225,27.377],[96.7125,27.3807],[96.7064,27.3712],[96.6937,27.3655],[96.6702,27.3723],[96.6461,27.3678],[96.6205,27.3728],[96.6125,27.3694],[96.5983,27.3565],[96.6008,27.3446],[96.5917,27.3409],[96.5754,27.3292],[96.5618,27.3253],[96.5307,27.298],[96.5223,27.294],[96.517,27.3006],[96.5,27.3094],[96.486,27.3052],[96.4707,27.3125],[96.4616,27.3091],[96.4335,27.3099],[96.4161,27.2999],[96.4017,27.2986],[96.3916,27.2946],[96.3641,27.3002],[96.3615,27.2941],[96.3477,27.2884],[96.3357,27.2959],[96.3204,27.298],[96.3108,27.302],[96.2904,27.2941],[96.2787,27.2794],[96.2674,27.2778],[96.2343,27.2849],[96.2271,27.2806],[96.2181,27.2696],[96.1963,27.2652],[96.1821,27.2542],[96.1637,27.2545],[96.1145,27.2333],[96.099,27.2314],[96.0864,27.2171],[96.069,27.2132],[96.0573,27.2028],[96.0364,27.1961],[96.0298,27.1878],[96.023,27.1664],[96.0169,27.1548],[95.9896,27.1252],[95.9792,27.1107],[95.9631,27.082],[95.9571,27.0682],[95.9362,27.053],[95.9158,27.0453],[95.9007,27.0318],[95.8771,27.0205],[95.8578,27.0224],[95.838,27.0153],[95.8153,27.0222],[95.8079,27.0205],[95.8049,27.012],[95.7796,26.99],[95.7609,26.964],[95.7637,26.945],[95.7567,26.9402],[95.7525,26.9302],[95.7581,26.9149],[95.755,26.9079],[95.7308,26.8875],[95.7211,26.8836],[95.7035,26.8872],[95.6986,26.8952],[95.6734,26.9102],[95.663,26.9049],[95.651,26.8838],[95.6368,26.8793],[95.6322,26.8495],[95.6115,26.8212],[95.5847,26.8228],[95.5748,26.8257],[95.5627,26.8372],[95.5457,26.8379],[95.5328,26.8312],[95.525,26.8199],[95.5148,26.8132],[95.5065,26.7966],[95.5022,26.7827],[95.4835,26.755],[95.4657,26.7504],[95.4542,26.7325],[95.442,26.7228],[95.4355,26.7082],[95.4233,26.6967],[95.4064,26.6966],[95.3836,26.6881],[95.3659,26.6776],[95.3466,26.6779],[95.3179,26.6668],[95.3026,26.656],[95.2931,26.6612],[95.272,26.6628],[95.262,26.6737],[95.26,26.6864],[95.244,26.6939],[95.2376,26.6863]]]},"properties":{"ID_0":105,"ISO":"IND","NAME_0":"India","ID_1":3,"NAME_1":"Arunachal Pradesh","NL_NAME_1":null,"VARNAME_1":"Agence de la Frontire du Nord-Est(French-obsolete)|North East Frontier Agency","TYPE_1":"State","ENGTYPE_1":"State"}},{"type":"Feature","geometry":{"type":"MultiPolygon","coordinates":[[[[89.8715,25.5373],[89.8757,25.5285],[89.8703,25.5215],[89.8738,25.5136],[89.88,25.4956],[89.88,25.4886],[89.8687,25.4764],[89.8551,25.476],[89.8579,25.5004],[89.863,25.5047],[89.8634,25.5175],[89.8578,25.5348],[89.8715,25.5373]]],[[[95.1955,27.0429],[95.1545,27.006],[95.1264,26.9869],[95.1169,26.9837],[95.11,26.9669],[95.0869,26.9527],[95.0653,26.9482],[95.0546,26.9409],[95.038,26.9385],[95.0213,26.9254],[94.9995,26.9243],[94.9857,26.9182],[94.9707,26.9284],[94.9642,26.9406],[94.9573,26.9436],[94.9336,26.9385],[94.9282,26.9521],[94.9139,26.9426],[94.9013,26.9403],[94.8862,26.9325],[94.8696,26.915],[94.8515,26.8813],[94.8388,26.874],[94.8323,26.8627],[94.8211,26.8545],[94.8131,26.8248],[94.7966,26.8185],[94.8054,26.8122],[94.8022,26.8061],[94.7731,26.795],[94.7683,26.7834],[94.7564,26.7723],[94.7458,26.7821],[94.7417,26.7736],[94.7319,26.764],[94.7114,26.7528],[94.6866,26.7326],[94.6534,26.7236],[94.6403,26.724],[94.6283,26.7186],[94.6211,26.7212],[94.6101,26.7401],[94.5999,26.7377],[94.5933,26.7261],[94.5962,26.7182],[94.5924,26.7027],[94.5828,26.7056],[94.563,26.6906],[94.5647,26.706],[94.5451,26.7109],[94.5278,26.7013],[94.5201,26.7015],[94.5155,26.6873],[94.4983,26.6737],[94.4857,26.6737],[94.4679,26.6698],[94.4586,26.6553],[94.4625,26.6355],[94.4545,26.639],[94.4345,26.6254],[94.4099,26.6164],[94.406,26.6019],[94.4148,26.5833],[94.4048,26.5552],[94.4067,26.5483],[94.3966,26.5297],[94.3914,26.5328],[94.3783,26.5253],[94.3776,26.5131],[94.3692,26.51],[94.3511,26.5086],[94.3521,26.4958],[94.3369,26.4848],[94.3239,26.4794],[94.3243,26.4707],[94.3165,26.4629],[94.3033,26.4673],[94.2939,26.4807],[94.2872,26.5085],[94.2891,26.5252],[94.2856,26.5341],[94.2853,26.5582],[94.2823,26.5635],[94.2626,26.5439],[94.2399,26.5114],[94.2236,26.5006],[94.2115,26.4898],[94.2011,26.4699],[94.1865,26.4605],[94.1758,26.4318],[94.174,26.4209],[94.1768,26.4134],[94.1791,26.3887],[94.174,26.3778],[94.1736,26.3676],[94.1645,26.3601],[94.1677,26.3533],[94.18,26.3541],[94.1755,26.3442],[94.1645,26.3393],[94.1493,26.3391],[94.1388,26.3416],[94.124,26.3359],[94.1184,26.3227],[94.108,26.3264],[94.1027,26.3087],[94.0903,26.2971],[94.0872,26.2904],[94.0768,26.2852],[94.0778,26.2754],[94.0705,26.26],[94.0646,26.2618],[94.0529,26.2558],[94.0418,26.2339],[94.0366,26.2177],[94.0357,26.2032],[94.013,26.1863],[94.0048,26.1733],[93.9997,26.1582],[94.0064,26.1472],[93.9997,26.1365],[93.9965,26.1224],[94.0021,26.1149],[93.9941,26.1061],[93.991,26.0895],[93.986,26.0836],[93.9911,26.0726],[93.9659,26.0424],[93.9627,26.0222],[93.9549,26.0073],[93.9606,25.997],[93.956,25.9742],[93.9692,25.9608],[93.9711,25.9449],[93.9827,25.9263],[93.9794,25.9197],[93.9598,25.9053],[93.9402,25.901],[93.9346,25.8914],[93.9159,25.8877],[93.9138,25.8818],[93.8934,25.8648],[93.8885,25.8525],[93.8827,25.8459],[93.8687,25.8554],[93.8517,25.863],[93.8423,25.8626],[93.8243,25.8471],[93.8188,25.8262],[93.8076,25.8163],[93.7958,25.8144],[93.7907,25.8208],[93.7798,25.8463],[93.7815,25.8593],[93.7918,25.8697],[93.7875,25.8789],[93.7983,25.9097],[93.7923,25.9225],[93.7933,25.9367],[93.7852,25.9583],[93.773,25.966],[93.7684,25.955],[93.7494,25.9421],[93.7501,25.9373],[93.7165,25.9217],[93.7051,25.9213],[93.6877,25.9094],[93.6858,25.9049],[93.6909,25.8893],[93.7064,25.8533],[93.6979,25.8513],[93.692,25.8441],[93.6825,25.8407],[93.6781,25.8289],[93.6686,25.8246],[93.6567,25.8264],[93.6485,25.824],[93.6361,25.8137],[93.629,25.8044],[93.6223,25.7798],[93.6114,25.7765],[93.5838,25.7577],[93.5734,25.7566],[93.5655,25.7413],[93.5569,25.7377],[93.5448,25.727],[93.5498,25.719],[93.5436,25.7017],[93.538,25.7032],[93.5306,25.6927],[93.5227,25.6932],[93.5203,25.6837],[93.5021,25.662],[93.4834,25.6458],[93.4656,25.6442],[93.452,25.6375],[93.4444,25.638],[93.4391,25.6323],[93.4183,25.6211],[93.409,25.6117],[93.4068,25.5965],[93.3901,25.5947],[93.3734,25.5692],[93.3607,25.5604],[93.3544,25.5652],[93.3455,25.5611],[93.3334,25.549],[93.3404,25.5373],[93.3576,25.5277],[93.3718,25.5011],[93.383,25.4976],[93.3905,25.4856],[93.3904,25.4692],[93.4029,25.4592],[93.4171,25.4528],[93.435,25.4548],[93.4569,25.4419],[93.4651,25.4234],[93.4633,25.411],[93.4739,25.3931],[93.4782,25.3799],[93.4663,25.3617],[93.4519,25.3442],[93.4619,25.3366],[93.4567,25.3253],[93.474,25.3093],[93.46,25.2947],[93.4448,25.2923],[93.4233,25.2779],[93.4207,25.2663],[93.4036,25.2631],[93.3871,25.2424],[93.3876,25.232],[93.3781,25.2161],[93.3696,25.2081],[93.3685,25.2001],[93.3622,25.1956],[93.3531,25.1818],[93.3474,25.1639],[93.351,25.1445],[93.3444,25.1213],[93.3405,25.1144],[93.3358,25.0958],[93.3236,25.0917],[93.3127,25.078],[93.3061,25.0644],[93.3089,25.0585],[93.297,25.0477],[93.2845,25.0515],[93.2682,25.0497],[93.2638,25.0359],[93.2556,25.0287],[93.2578,25.0217],[93.2488,25.0188],[93.2467,25.0042],[93.2571,25.0032],[93.252,24.9888],[93.2543,24.9789],[93.2632,24.9664],[93.2595,24.9514],[93.2441,24.9438],[93.2533,24.9188],[93.2434,24.9075],[93.242,24.9012],[93.2334,24.8987],[93.2334,24.8848],[93.2291,24.8773],[93.2191,24.8697],[93.2143,24.8619],[93.1958,24.8464],[93.1973,24.8339],[93.1916,24.8226],[93.1974,24.8113],[93.1931,24.8062],[93.1744,24.8037],[93.1572,24.7923],[93.1443,24.7998],[93.1371,24.8111],[93.1313,24.806],[93.1098,24.8097],[93.1127,24.8022],[93.1071,24.7833],[93.1013,24.7783],[93.1057,24.7695],[93.0986,24.7444],[93.1072,24.7419],[93.0973,24.7318],[93.093,24.7155],[93.0888,24.7092],[93.0759,24.7104],[93.0932,24.6879],[93.0932,24.6765],[93.099,24.6665],[93.0963,24.6527],[93.0848,24.6477],[93.0894,24.6276],[93.0794,24.6213],[93.0868,24.6113],[93.0768,24.6038],[93.0754,24.5962],[93.0885,24.59],[93.0987,24.5913],[93.0973,24.5825],[93.0871,24.5712],[93.0712,24.5761],[93.0611,24.5748],[93.0727,24.5611],[93.0655,24.5473],[93.0612,24.5548],[93.0527,24.5447],[93.0485,24.5309],[93.0528,24.5196],[93.0414,24.5146],[93.0443,24.5058],[93.0358,24.4969],[93.0485,24.4755],[93.0483,24.464],[93.0379,24.4612],[93.0367,24.4439],[93.0322,24.4289],[93.0393,24.4176],[93.0392,24.4111],[93.016,24.4025],[93.0005,24.4033],[92.9953,24.402],[92.9803,24.4097],[92.9708,24.4012],[92.9603,24.3959],[92.9512,24.4048],[92.9406,24.4011],[92.9357,24.3955],[92.9277,24.3986],[92.9234,24.4057],[92.9115,24.4129],[92.9052,24.3945],[92.8944,24.3953],[92.8842,24.403],[92.8718,24.3971],[92.8629,24.3995],[92.8516,24.3924],[92.8469,24.3823],[92.8327,24.3764],[92.8282,24.3793],[92.8266,24.3936],[92.8317,24.3993],[92.8111,24.4136],[92.8038,24.4217],[92.7978,24.4347],[92.7822,24.4748],[92.7791,24.4865],[92.7652,24.5208],[92.7536,24.507],[92.7545,24.5011],[92.7436,24.4746],[92.7305,24.4528],[92.7238,24.4359],[92.7142,24.4053],[92.7034,24.3838],[92.7041,24.3762],[92.6969,24.374],[92.6917,24.3564],[92.6796,24.3478],[92.6748,24.3498],[92.6585,24.3435],[92.6518,24.3303],[92.645,24.3277],[92.6262,24.3345],[92.6194,24.3115],[92.6168,24.2912],[92.6194,24.2868],[92.6155,24.2636],[92.6116,24.2533],[92.606,24.2492],[92.596,24.2493],[92.588,24.2449],[92.5646,24.2501],[92.5506,24.2459],[92.5471,24.2377],[92.5474,24.2244],[92.5415,24.2062],[92.5315,24.1835],[92.5297,24.1748],[92.5136,24.1736],[92.5086,24.1692],[92.5128,24.1626],[92.5095,24.1629],[92.5049,24.1673],[92.5025,24.1621],[92.4881,24.1622],[92.4849,24.1593],[92.4826,24.1571],[92.4836,24.1539],[92.4733,24.142],[92.4668,24.135],[92.4631,24.1364],[92.4572,24.1435],[92.4506,24.1437],[92.4418,24.1529],[92.4374,24.1514],[92.4352,24.1626],[92.4345,24.1741],[92.4332,24.1833],[92.4221,24.1885],[92.419,24.1944],[92.4185,24.2216],[92.4224,24.2531],[92.3765,24.2513],[92.3141,24.2526],[92.2966,24.2517],[92.2129,24.2493],[92.2641,24.3622],[92.2731,24.3885],[92.2642,24.3976],[92.2627,24.4098],[92.256,24.419],[92.2565,24.4363],[92.2392,24.4473],[92.2311,24.4604],[92.2303,24.48],[92.2394,24.4899],[92.231,24.5041],[92.2338,24.5618],[92.2393,24.6],[92.2495,24.6295],[92.2532,24.6491],[92.2506,24.6536],[92.2596,24.6733],[92.2627,24.6886],[92.2686,24.6942],[92.2791,24.7118],[92.2937,24.7286],[92.2983,24.7366],[92.2851,24.7437],[92.2882,24.7548],[92.2943,24.7625],[92.2872,24.7722],[92.2931,24.7836],[92.2868,24.7923],[92.282,24.8058],[92.2778,24.8304],[92.2546,24.8342],[92.2441,24.8494],[92.2421,24.8725],[92.25,24.8746],[92.2501,24.8848],[92.2416,24.8966],[92.2452,24.9102],[92.2551,24.9139],[92.2578,24.9069],[92.2677,24.9058],[92.2709,24.9113],[92.291,24.9095],[92.3014,24.9137],[92.3145,24.9076],[92.3197,24.8946],[92.3355,24.8931],[92.3484,24.879],[92.3655,24.8817],[92.3707,24.8717],[92.3846,24.8671],[92.3951,24.8554],[92.4045,24.8548],[92.4165,24.8628],[92.4259,24.8601],[92.447,24.8629],[92.4492,24.8772],[92.4585,24.8775],[92.4703,24.8708],[92.4918,24.874],[92.5001,24.8825],[92.5005,24.8916],[92.4943,24.8944],[92.5019,24.9117],[92.4913,24.9223],[92.4935,24.9359],[92.4792,24.9426],[92.4588,24.9457],[92.4521,24.9534],[92.4588,24.9595],[92.4647,24.9548],[92.4737,24.9571],[92.471,24.9641],[92.4605,24.9762],[92.4494,24.9721],[92.4459,24.967],[92.4352,24.9664],[92.4285,24.9726],[92.4245,24.9826],[92.4236,24.9961],[92.4295,25.0097],[92.4333,25.0281],[92.4259,25.0318],[92.4379,25.0338],[92.4418,25.0399],[92.451,25.041],[92.4633,25.0371],[92.466,25.0572],[92.4746,25.0708],[92.4802,25.0858],[92.4803,25.1004],[92.4843,25.1081],[92.4991,25.1081],[92.5098,25.1055],[92.5265,25.1059],[92.538,25.0993],[92.5408,25.1041],[92.5331,25.1121],[92.5252,25.1256],[92.5247,25.14],[92.5356,25.1344],[92.5399,25.1373],[92.5532,25.1307],[92.5817,25.1319],[92.5984,25.1247],[92.61,25.1241],[92.6216,25.1177],[92.63,25.125],[92.6324,25.1376],[92.6441,25.1512],[92.6557,25.1541],[92.663,25.173],[92.677,25.1822],[92.6939,25.1814],[92.7046,25.1905],[92.7162,25.1942],[92.7333,25.2032],[92.7471,25.2078],[92.7589,25.204],[92.7796,25.2031],[92.7984,25.2134],[92.8031,25.2215],[92.7863,25.2314],[92.7722,25.2333],[92.7646,25.2493],[92.7767,25.2605],[92.7698,25.2689],[92.7891,25.2785],[92.7922,25.2868],[92.7838,25.308],[92.788,25.3176],[92.7844,25.3325],[92.7725,25.3396],[92.7606,25.3353],[92.7512,25.3485],[92.7501,25.3544],[92.7361,25.3738],[92.7348,25.3825],[92.7181,25.375],[92.7129,25.3845],[92.7004,25.3878],[92.6935,25.4],[92.68,25.4086],[92.6738,25.4171],[92.6601,25.4104],[92.6505,25.4317],[92.6416,25.4195],[92.6379,25.4288],[92.6206,25.4237],[92.6118,25.4161],[92.607,25.4185],[92.6078,25.4304],[92.6056,25.4484],[92.5998,25.4571],[92.5982,25.4717],[92.5854,25.4676],[92.5823,25.4729],[92.5715,25.4641],[92.5674,25.4675],[92.5678,25.4808],[92.581,25.4952],[92.6056,25.5081],[92.6096,25.5126],[92.6216,25.5158],[92.6376,25.5285],[92.6447,25.5374],[92.645,25.5466],[92.6499,25.56],[92.6607,25.5703],[92.6605,25.5851],[92.6535,25.5922],[92.6406,25.5874],[92.6306,25.5707],[92.6087,25.5657],[92.6026,25.5574],[92.5875,25.553],[92.5814,25.5598],[92.5725,25.5604],[92.561,25.5743],[92.5563,25.5928],[92.5576,25.612],[92.5173,25.6201],[92.5106,25.6172],[92.4979,25.627],[92.4813,25.6639],[92.4654,25.6825],[92.4513,25.6866],[92.4343,25.6875],[92.4315,25.7043],[92.4272,25.7104],[92.442,25.7209],[92.432,25.732],[92.4213,25.7295],[92.4128,25.733],[92.4164,25.7405],[92.4048,25.7437],[92.3948,25.7415],[92.3835,25.7474],[92.3715,25.7465],[92.363,25.7365],[92.3518,25.7349],[92.339,25.7269],[92.3061,25.7231],[92.2936,25.7173],[92.2705,25.7109],[92.248,25.711],[92.2368,25.7084],[92.2326,25.7151],[92.2249,25.714],[92.2106,25.6959],[92.2001,25.6873],[92.192,25.6863],[92.1698,25.6664],[92.1607,25.6719],[92.1655,25.6784],[92.1559,25.7091],[92.1496,25.7145],[92.1563,25.7248],[92.1642,25.7287],[92.1648,25.7448],[92.1582,25.7572],[92.151,25.7836],[92.1537,25.7955],[92.1531,25.8127],[92.1631,25.8218],[92.1655,25.833],[92.181,25.8514],[92.181,25.8716],[92.195,25.8813],[92.2033,25.8901],[92.2156,25.8938],[92.225,25.9016],[92.2226,25.9113],[92.2006,25.9082],[92.1972,25.918],[92.1867,25.9158],[92.1809,25.9086],[92.1637,25.9118],[92.1599,25.9152],[92.1614,25.9325],[92.1563,25.9448],[92.1673,25.9588],[92.1656,25.9644],[92.181,25.9752],[92.1916,25.9852],[92.2009,25.9856],[92.2077,25.9917],[92.2557,26.0289],[92.3016,26.0765],[92.2939,26.0778],[92.2881,26.07],[92.2737,26.0659],[92.2412,26.0625],[92.2283,26.0676],[92.212,26.071],[92.1894,26.0669],[92.1823,26.0703],[92.1783,26.0795],[92.1691,26.0776],[92.1505,26.0649],[92.1331,26.0459],[92.1234,26.0449],[92.1089,26.0497],[92.0934,26.0485],[92.0632,26.0347],[92.0529,26.0328],[92.0361,26.0394],[92.0034,26.038],[91.9911,26.041],[91.9782,26.0259],[91.9463,26.0145],[91.934,26.0147],[91.9258,25.9997],[91.9196,26.0001],[91.9157,26.0103],[91.917,26.0215],[91.9075,26.0271],[91.8832,26.03],[91.8702,26.0522],[91.8693,26.0569],[91.8752,26.0846],[91.8758,26.0977],[91.8538,26.1048],[91.8266,26.1181],[91.8193,26.1187],[91.8081,26.1038],[91.8018,26.1049],[91.7904,26.087],[91.7785,26.0912],[91.7595,26.0713],[91.7313,26.0592],[91.733,26.051],[91.7264,26.0469],[91.7232,26.0303],[91.7198,25.9783],[91.7216,25.9651],[91.7202,25.9541],[91.702,25.9379],[91.6864,25.9212],[91.6786,25.9173],[91.6693,25.9054],[91.6619,25.9099],[91.6515,25.9077],[91.6479,25.9137],[91.6328,25.9258],[91.6112,25.9399],[91.6109,25.9446],[91.6301,25.9446],[91.6341,25.9605],[91.6379,25.9648],[91.628,25.977],[91.6247,25.9859],[91.633,26.0049],[91.6322,26.0224],[91.6203,26.027],[91.5968,26.0208],[91.5881,26.0301],[91.5758,26.0331],[91.57,26.0275],[91.5654,26.0018],[91.5548,25.9866],[91.5513,25.9749],[91.5373,25.9684],[91.5372,25.9621],[91.5185,25.9582],[91.5198,25.9409],[91.5016,25.9208],[91.5108,25.9154],[91.5217,25.9249],[91.5313,25.9237],[91.5085,25.9098],[91.5012,25.8985],[91.4834,25.8911],[91.4748,25.8712],[91.4937,25.8655],[91.5078,25.8674],[91.5198,25.878],[91.5258,25.8901],[91.5321,25.8882],[91.5254,25.8729],[91.5128,25.8666],[91.496,25.8623],[91.483,25.8629],[91.4784,25.8577],[91.4687,25.859],[91.4412,25.8416],[91.4243,25.8536],[91.4127,25.8539],[91.3885,25.8473],[91.3705,25.8443],[91.3637,25.8405],[91.3486,25.8404],[91.3324,25.8321],[91.325,25.8238],[91.3063,25.7964],[91.2969,25.7782],[91.2796,25.7567],[91.2756,25.7469],[91.2554,25.7478],[91.2239,25.7234],[91.2159,25.7239],[91.198,25.731],[91.1887,25.7389],[91.1892,25.7635],[91.1799,25.7763],[91.184,25.7826],[91.1847,25.795],[91.191,25.8107],[91.1882,25.8156],[91.1945,25.8306],[91.2026,25.8405],[91.193,25.8552],[91.179,25.8428],[91.1617,25.8493],[91.1529,25.8501],[91.1379,25.8421],[91.1317,25.8419],[91.1208,25.8313],[91.0814,25.8293],[91.0665,25.8258],[91.0633,25.8204],[91.0499,25.8289],[91.0618,25.8361],[91.0729,25.8383],[91.0785,25.8526],[91.0659,25.8464],[91.0491,25.8488],[91.042,25.8394],[91.0208,25.8226],[91.0061,25.8208],[91.0016,25.8258],[91.0127,25.8488],[91.0131,25.8572],[91.0265,25.8666],[91.0292,25.888],[91.0137,25.8843],[90.9848,25.8899],[90.9675,25.8872],[90.9669,25.9053],[90.9579,25.9339],[90.9456,25.9391],[90.9427,25.9476],[90.9321,25.9397],[90.9159,25.9432],[90.9191,25.9133],[90.9012,25.9296],[90.883,25.9517],[90.8696,25.9424],[90.8432,25.9448],[90.8204,25.9484],[90.8087,25.9472],[90.7971,25.9415],[90.7817,25.9212],[90.7781,25.9083],[90.7577,25.9111],[90.7589,25.9216],[90.7405,25.9152],[90.7526,25.934],[90.7441,25.9328],[90.7403,25.9409],[90.7474,25.9573],[90.7254,25.9488],[90.7131,25.9522],[90.686,25.9508],[90.6757,25.9365],[90.6378,25.9233],[90.6273,25.917],[90.6289,25.9065],[90.6248,25.8989],[90.6142,25.8995],[90.6065,25.9123],[90.6076,25.9196],[90.629,25.9374],[90.6054,25.947],[90.6019,25.9518],[90.5873,25.9539],[90.5788,25.958],[90.5728,25.9482],[90.5714,25.939],[90.5534,25.9291],[90.5468,25.9199],[90.5392,25.9155],[90.5255,25.901],[90.518,25.8965],[90.5111,25.9001],[90.5185,25.9094],[90.5262,25.9283],[90.5322,25.9326],[90.5345,25.958],[90.5136,25.9824],[90.5057,25.996],[90.4896,26.0096],[90.4773,26.0153],[90.4709,26.0126],[90.4575,25.9996],[90.4286,25.989],[90.4174,25.9923],[90.411,26.0059],[90.3965,26.0142],[90.3874,26.0113],[90.365,26.0103],[90.3467,26.003],[90.3369,25.9902],[90.3299,25.9885],[90.3243,25.9744],[90.2866,25.9639],[90.2274,25.9551],[90.2128,25.9539],[90.2084,25.9616],[90.194,25.957],[90.1857,25.9456],[90.1805,25.947],[90.1761,25.9571],[90.1584,25.9583],[90.1474,25.9645],[90.14,25.9581],[90.1138,25.9574],[90.1005,25.9421],[90.0961,25.9395],[90.088,25.9362],[90.0919,25.9288],[90.0807,25.9245],[90.078,25.9177],[90.0724,25.9193],[90.0633,25.9155],[90.0589,25.9103],[90.0522,25.8987],[90.0421,25.8908],[90.0279,25.8943],[90.0153,25.8886],[90.0047,25.8787],[90.0098,25.8757],[90.0144,25.8718],[90.0187,25.8714],[90.0219,25.8655],[90.0115,25.8497],[90.0003,25.8486],[89.9974,25.8442],[90.0016,25.8422],[89.9908,25.8355],[89.9759,25.834],[89.968,25.8262],[89.9506,25.8249],[89.9458,25.8202],[89.9456,25.8161],[89.952,25.8109],[89.9508,25.792],[89.9526,25.7834],[89.9552,25.7745],[89.9435,25.7605],[89.9337,25.7525],[89.9335,25.7446],[89.9161,25.7392],[89.8991,25.7441],[89.8926,25.735],[89.8942,25.7272],[89.9126,25.7071],[89.9185,25.7027],[89.9211,25.6944],[89.9324,25.69],[89.9417,25.6781],[89.947,25.6588],[89.9804,25.6376],[89.9833,25.6267],[89.9993,25.6219],[90.0045,25.6238],[90.0184,25.6084],[90.0058,25.5884],[89.9954,25.5863],[89.9792,25.5907],[89.9728,25.5746],[89.9665,25.5717],[89.9416,25.5676],[89.9358,25.5627],[89.9181,25.5626],[89.8864,25.5579],[89.8776,25.5489],[89.8701,25.5442],[89.8718,25.5599],[89.8765,25.5658],[89.8783,25.5849],[89.8864,25.6081],[89.8852,25.6298],[89.8737,25.6576],[89.8675,25.6607],[89.8622,25.6745],[89.8544,25.6843],[89.8524,25.6941],[89.8547,25.7086],[89.8378,25.7119],[89.8318,25.725],[89.8304,25.735],[89.8382,25.743],[89.8449,25.7572],[89.8436,25.7682],[89.829,25.8087],[89.8145,25.817],[89.8309,25.8376],[89.8305,25.8533],[89.8397,25.8562],[89.8366,25.8657],[89.8522,25.8892],[89.8696,25.9087],[89.8815,25.9193],[89.8864,25.9342],[89.8861,25.9436],[89.8539,25.9398],[89.8473,25.936],[89.8406,25.9422],[89.8319,25.9415],[89.8296,25.9493],[89.8497,25.9546],[89.8415,25.9639],[89.8513,25.9682],[89.8592,25.9659],[89.8743,25.9706],[89.8744,25.9777],[89.8531,25.9875],[89.8475,26.005],[89.8396,26.0105],[89.8343,25.9975],[89.8391,25.9848],[89.8264,25.9822],[89.8177,25.9923],[89.8232,25.9959],[89.8261,26.0091],[89.82,26.018],[89.8233,26.0237],[89.8148,26.0408],[89.7925,26.0352],[89.7834,26.043],[89.7922,26.0461],[89.7912,26.0562],[89.8035,26.0576],[89.8018,26.0678],[89.7962,26.0737],[89.7985,26.0839],[89.7858,26.0882],[89.7902,26.1004],[89.7838,26.1063],[89.7771,26.1035],[89.7606,26.1123],[89.7706,26.1242],[89.7694,26.132],[89.7573,26.1403],[89.7553,26.149],[89.7484,26.1578],[89.7227,26.155],[89.7188,26.166],[89.7329,26.173],[89.7342,26.175],[89.7171,26.1772],[89.7065,26.1731],[89.7025,26.1771],[89.6948,26.1891],[89.7107,26.1886],[89.7161,26.1913],[89.7142,26.206],[89.7257,26.2061],[89.7313,26.2149],[89.7244,26.2173],[89.7155,26.2148],[89.6975,26.2159],[89.6996,26.2189],[89.7056,26.2171],[89.7117,26.2277],[89.7182,26.2316],[89.7288,26.2382],[89.7157,26.2464],[89.7164,26.2553],[89.7114,26.258],[89.7007,26.2608],[89.7108,26.2646],[89.7173,26.2592],[89.7323,26.2603],[89.7337,26.2665],[89.7375,26.2711],[89.7292,26.2829],[89.7211,26.2882],[89.7157,26.302],[89.7228,26.3076],[89.7209,26.2963],[89.7318,26.2929],[89.7423,26.2952],[89.7461,26.2908],[89.7571,26.2885],[89.7591,26.2926],[89.7509,26.3062],[89.7517,26.3222],[89.762,26.3171],[89.7809,26.3309],[89.7791,26.3474],[89.782,26.3533],[89.804,26.3623],[89.8127,26.3624],[89.8136,26.3532],[89.8271,26.3666],[89.8244,26.3769],[89.8279,26.3811],[89.8409,26.3778],[89.8455,26.384],[89.8573,26.3845],[89.8532,26.396],[89.8404,26.3908],[89.8306,26.3902],[89.8273,26.3965],[89.8333,26.4123],[89.8448,26.4102],[89.853,26.4246],[89.8552,26.434],[89.8695,26.4484],[89.8702,26.464],[89.8624,26.4661],[89.861,26.4748],[89.8527,26.4878],[89.8556,26.5051],[89.8544,26.5211],[89.8618,26.5305],[89.8614,26.5432],[89.8646,26.5483],[89.865,26.5703],[89.862,26.5779],[89.8775,26.5842],[89.8721,26.5947],[89.8772,26.6131],[89.8618,26.6152],[89.857,26.6234],[89.8573,26.6321],[89.8737,26.6435],[89.8764,26.6495],[89.8681,26.6566],[89.8714,26.6835],[89.8614,26.7003],[89.8569,26.7038],[89.8597,26.7086],[89.8584,26.7312],[89.8624,26.737],[89.8894,26.7244],[89.9208,26.7226],[89.9578,26.7232],[89.9847,26.7268],[90.0021,26.7343],[90.0197,26.7305],[90.0552,26.7293],[90.0676,26.7321],[90.1278,26.749],[90.1887,26.7706],[90.1826,26.8041],[90.1946,26.833],[90.2148,26.8537],[90.2262,26.8582],[90.2443,26.8579],[90.2623,26.8554],[90.2904,26.8485],[90.3117,26.8509],[90.3458,26.8764],[90.3551,26.8961],[90.364,26.8981],[90.4097,26.9019],[90.4221,26.8981],[90.454,26.8724],[90.5288,26.8235],[90.5488,26.8119],[90.5638,26.7996],[90.5807,26.7976],[90.6015,26.7975],[90.6303,26.7917],[90.6491,26.7743],[90.6698,26.7807],[90.6794,26.7802],[90.6999,26.768],[90.723,26.7675],[90.734,26.7693],[90.741,26.775],[90.7624,26.7736],[90.8021,26.774],[90.8484,26.7772],[90.8707,26.7796],[90.8969,26.7786],[90.927,26.7821],[90.976,26.7854],[90.996,26.7883],[91.0415,26.779],[91.054,26.7795],[91.0756,26.8005],[91.0891,26.8184],[91.0966,26.8198],[91.1058,26.8142],[91.1297,26.8085],[91.1803,26.8114],[91.2023,26.8087],[91.2369,26.809],[91.2623,26.805],[91.2951,26.7852],[91.3363,26.7797],[91.3596,26.7895],[91.3796,26.8015],[91.4021,26.8351],[91.4083,26.8356],[91.4366,26.8173],[91.4546,26.8078],[91.4782,26.7918],[91.4928,26.7898],[91.5908,26.8048],[91.6122,26.8168],[91.6238,26.8213],[91.6324,26.8209],[91.6536,26.8151],[91.6793,26.8047],[91.6872,26.8051],[91.6973,26.8119],[91.7269,26.8126],[91.7749,26.8388],[91.802,26.8521],[91.8318,26.8764],[91.8535,26.9123],[91.8578,26.914],[91.8973,26.9161],[91.942,26.8949],[91.954,26.8877],[91.9599,26.8776],[91.9856,26.8583],[92.017,26.8511],[92.0455,26.8475],[92.0552,26.8481],[92.0825,26.8621],[92.0889,26.861],[92.0974,26.8686],[92.0986,26.8819],[92.1079,26.8938],[92.1204,26.8903],[92.1479,26.8909],[92.1624,26.8927],[92.1948,26.891],[92.2094,26.8969],[92.2546,26.9122],[92.2764,26.9025],[92.3037,26.9095],[92.3029,26.9242],[92.3531,26.9356],[92.3673,26.9316],[92.3998,26.9263],[92.4119,26.9442],[92.4258,26.9435],[92.4422,26.955],[92.4462,26.9606],[92.4596,26.9633],[92.4906,26.9647],[92.505,26.9668],[92.5536,26.9591],[92.5852,26.9619],[92.6455,26.9874],[92.6446,27.01],[92.6391,27.0185],[92.6505,27.0248],[92.6589,27.0385],[92.6824,27.0317],[92.7137,27.0261],[92.7691,27.033],[92.7853,27.0307],[92.8244,27.0185],[92.8366,27.0135],[92.8724,27.0077],[92.8998,26.9963],[92.9167,26.9847],[92.9149,26.9698],[92.9178,26.9642],[92.9514,26.9489],[92.973,26.9408],[92.9807,26.9356],[92.9974,26.9303],[93.0194,26.9168],[93.0382,26.9179],[93.0688,26.9242],[93.0919,26.9155],[93.109,26.9273],[93.1843,26.9387],[93.2224,26.9491],[93.2669,26.956],[93.3479,26.9632],[93.4367,26.9561],[93.4479,26.9542],[93.4681,26.9389],[93.4894,26.9385],[93.5258,26.9486],[93.5708,26.9541],[93.5842,26.9526],[93.6245,26.9642],[93.6551,26.9665],[93.6758,26.9711],[93.701,26.9971],[93.7056,27.0083],[93.7189,27.0192],[93.7685,27.0433],[93.7682,27.0555],[93.7812,27.0608],[93.7874,27.0542],[93.8102,27.0681],[93.8188,27.0649],[93.8367,27.0782],[93.8266,27.0994],[93.8255,27.1193],[93.815,27.1226],[93.8135,27.132],[93.8058,27.1348],[93.8073,27.1501],[93.8267,27.1694],[93.8399,27.1735],[93.8575,27.1911],[93.8674,27.1988],[93.8856,27.2244],[93.901,27.2415],[93.9389,27.2733],[93.9565,27.2948],[93.9809,27.3138],[94,27.3347],[94.0258,27.3477],[94.0416,27.3533],[94.0548,27.3628],[94.0609,27.3636],[94.0863,27.4046],[94.1065,27.4181],[94.1171,27.431],[94.1408,27.4485],[94.1602,27.4665],[94.1572,27.478],[94.1679,27.4842],[94.1747,27.4841],[94.1952,27.4975],[94.2123,27.4979],[94.2217,27.507],[94.2591,27.5226],[94.2625,27.5274],[94.2569,27.5405],[94.2565,27.5574],[94.2406,27.5704],[94.2265,27.5756],[94.2214,27.5879],[94.2229,27.6007],[94.2135,27.6044],[94.226,27.618],[94.2351,27.6325],[94.2473,27.6358],[94.2628,27.636],[94.2672,27.6279],[94.2541,27.6137],[94.2725,27.6035],[94.276,27.5933],[94.2877,27.5918],[94.298,27.6043],[94.3124,27.5897],[94.3291,27.5884],[94.3381,27.581],[94.3451,27.5846],[94.3557,27.5774],[94.3675,27.5767],[94.3758,27.5846],[94.3876,27.5893],[94.4032,27.5872],[94.4209,27.6013],[94.4306,27.5965],[94.4361,27.5844],[94.4535,27.5709],[94.4597,27.5577],[94.4693,27.564],[94.4792,27.577],[94.5002,27.5773],[94.5157,27.5847],[94.5263,27.5958],[94.5366,27.597],[94.5464,27.6035],[94.5561,27.6032],[94.5735,27.607],[94.5819,27.6167],[94.5915,27.6228],[94.6094,27.6226],[94.625,27.6301],[94.6398,27.631],[94.6484,27.6421],[94.6691,27.6503],[94.6825,27.6496],[94.687,27.6533],[94.6839,27.6633],[94.6981,27.6671],[94.7131,27.6603],[94.7207,27.67],[94.7427,27.6634],[94.7596,27.6684],[94.7669,27.6801],[94.791,27.6889],[94.7953,27.6981],[94.8213,27.6962],[94.8394,27.7035],[94.8488,27.7107],[94.8536,27.7316],[94.8609,27.7395],[94.8839,27.7421],[94.93,27.7567],[94.987,27.7709],[94.9979,27.7766],[95.0191,27.7725],[95.0388,27.7777],[95.0518,27.7902],[95.1949,27.8344],[95.2365,27.8484],[95.2925,27.865],[95.3166,27.8711],[95.3843,27.842],[95.516,27.8818],[95.5262,27.8979],[95.5435,27.9023],[95.5438,27.9135],[95.565,27.9225],[95.5712,27.9424],[95.5887,27.9416],[95.6067,27.9578],[95.8259,27.9774],[95.9569,27.9691],[95.9775,27.9685],[95.9652,27.9526],[95.9523,27.9418],[95.9576,27.9371],[95.9553,27.9268],[95.9383,27.9033],[95.925,27.9009],[95.9226,27.8862],[95.914,27.8808],[95.9072,27.8686],[95.895,27.8672],[95.8921,27.857],[95.8766,27.8418],[95.8521,27.8341],[95.8434,27.8215],[95.8231,27.8092],[95.8076,27.7899],[95.8009,27.7769],[95.7805,27.7582],[95.7878,27.7421],[95.7719,27.7345],[95.7582,27.7311],[95.763,27.7227],[95.7704,27.72],[95.7727,27.7],[95.7788,27.6944],[95.7931,27.6923],[95.7945,27.6842],[95.7804,27.6792],[95.7792,27.6605],[95.8015,27.649],[95.7974,27.6359],[95.7873,27.6323],[95.7871,27.6234],[95.7943,27.6224],[95.798,27.6078],[95.8242,27.603],[95.8203,27.5956],[95.8212,27.5817],[95.8319,27.5789],[95.8399,27.5666],[95.8521,27.5657],[95.8624,27.5526],[95.8813,27.5532],[95.8785,27.5198],[95.8896,27.5062],[95.8805,27.5011],[95.8813,27.4874],[95.8763,27.4711],[95.8661,27.469],[95.8595,27.4626],[95.8638,27.452],[95.8529,27.4448],[95.8493,27.4303],[95.8649,27.429],[95.8758,27.4354],[95.8826,27.4441],[95.8904,27.4397],[95.89,27.4264],[95.9001,27.4113],[95.9061,27.4233],[95.9112,27.44],[95.9333,27.4467],[95.9531,27.4435],[95.953,27.4333],[95.9733,27.4368],[95.9809,27.4261],[95.9895,27.4217],[95.9909,27.4146],[96.001,27.4035],[96.0001,27.3976],[96.0149,27.3755],[96.0209,27.3713],[96.0132,27.364],[95.997,27.3635],[95.9937,27.3514],[95.97,27.337],[95.9679,27.3246],[95.9632,27.3171],[95.9406,27.3096],[95.9064,27.2919],[95.9043,27.2799],[95.8981,27.2643],[95.8877,27.2633],[95.8724,27.2669],[95.8608,27.2798],[95.8605,27.2942],[95.8502,27.2931],[95.8379,27.2871],[95.8102,27.2809],[95.8065,27.288],[95.7908,27.2855],[95.7847,27.2791],[95.757,27.2744],[95.7319,27.2665],[95.7255,27.2592],[95.7019,27.2556],[95.6844,27.2574],[95.6792,27.2539],[95.637,27.2369],[95.6341,27.2398],[95.6191,27.2366],[95.6074,27.2314],[95.5901,27.2295],[95.5779,27.2422],[95.5745,27.2511],[95.5561,27.2544],[95.5542,27.2593],[95.5348,27.2706],[95.5205,27.2637],[95.5109,27.2663],[95.5063,27.2546],[95.4872,27.246],[95.4806,27.2323],[95.4694,27.2183],[95.4589,27.2096],[95.4686,27.1905],[95.4637,27.1821],[95.468,27.1723],[95.4587,27.1633],[95.4659,27.1548],[95.4578,27.1356],[95.4471,27.1383],[95.441,27.1328],[95.4292,27.1341],[95.4203,27.1308],[95.4063,27.1183],[95.3861,27.1117],[95.3855,27.1051],[95.3727,27.1017],[95.3665,27.1129],[95.3486,27.1048],[95.3233,27.0896],[95.3132,27.0867],[95.3097,27.0811],[95.2879,27.0663],[95.2778,27.0568],[95.2776,27.0498],[95.2667,27.0404],[95.2482,27.0303],[95.2379,27.0432],[95.226,27.0423],[95.2138,27.0335],[95.2038,27.043],[95.1955,27.0429]]]]},"properties":{"ID_0":105,"ISO":"IND","NAME_0":"India","ID_1":4,"NAME_1":"Assam","NL_NAME_1":null,"VARNAME_1":null,"TYPE_1":"State","ENGTYPE_1":"State"}},{"type":"Feature","geometry":{"type":"Polygon","coordinates":[[[88.1061,26.5356],[88.1151,26.5302],[88.1322,26.5126],[88.1454,26.511],[88.1654,26.5216],[88.1683,26.5374],[88.1791,26.537],[88.1857,26.5441],[88.1967,26.5436],[88.2074,26.5352],[88.2208,26.5463],[88.2218,26.5532],[88.2312,26.552],[88.2334,26.5324],[88.1939,26.508],[88.1792,26.494],[88.183,26.4853],[88.1916,26.4831],[88.1938,26.472],[88.2148,26.4697],[88.2132,26.4778],[88.2262,26.4763],[88.2211,26.4668],[88.229,26.4472],[88.2434,26.4493],[88.2522,26.4338],[88.2596,26.4307],[88.2679,26.4218],[88.2632,26.415],[88.2554,26.4159],[88.2358,26.3962],[88.2304,26.394],[88.2317,26.3849],[88.2376,26.3754],[88.2451,26.376],[88.2549,26.3745],[88.2616,26.38],[88.2699,26.3789],[88.274,26.3773],[88.2819,26.3601],[88.2899,26.3569],[88.2891,26.3511],[88.2794,26.3463],[88.2817,26.3398],[88.2796,26.3355],[88.2724,26.3305],[88.2698,26.3327],[88.2653,26.3365],[88.2482,26.3265],[88.2447,26.3163],[88.2318,26.3104],[88.2268,26.2966],[88.221,26.2882],[88.2143,26.2817],[88.2041,26.2796],[88.1945,26.2741],[88.1834,26.2747],[88.1769,26.2617],[88.1631,26.2575],[88.1588,26.2569],[88.1444,26.2528],[88.1374,26.2438],[88.1358,26.2282],[88.1261,26.2269],[88.12,26.2279],[88.116,26.223],[88.1057,26.2164],[88.1025,26.2122],[88.0936,26.2065],[88.0897,26.2032],[88.0872,26.1944],[88.073,26.1854],[88.0698,26.1757],[88.0586,26.1738],[88.0523,26.1717],[88.0462,26.1779],[88.0374,26.1777],[88.0336,26.1703],[88.0175,26.1556],[88.0117,26.1548],[88.0151,26.1429],[88.0068,26.1433],[87.996,26.1418],[87.9821,26.1592],[87.9748,26.1529],[87.9633,26.1489],[87.9688,26.1394],[87.9678,26.1318],[87.9674,26.1254],[87.9756,26.1216],[87.9694,26.1093],[87.9582,26.1088],[87.9544,26.1028],[87.9577,26.0971],[87.9695,26.0916],[87.9722,26.0849],[87.9681,26.0814],[87.9598,26.084],[87.9379,26.0845],[87.9382,26.0768],[87.9311,26.069],[87.9219,26.0769],[87.9175,26.088],[87.9129,26.091],[87.8957,26.0799],[87.8926,26.0804],[87.8883,26.0719],[87.8761,26.0662],[87.8752,26.0556],[87.8633,26.0561],[87.8492,26.045],[87.8421,26.0445],[87.8417,26.0323],[87.8406,26.0198],[87.8333,26.0011],[87.8272,25.9923],[87.8262,25.9837],[87.831,25.9622],[87.827,25.9536],[87.8239,25.9465],[87.8283,25.9411],[87.8268,25.9319],[87.8179,25.933],[87.807,25.9299],[87.8036,25.9207],[87.8165,25.9127],[87.8137,25.9],[87.8203,25.8938],[87.8155,25.8855],[87.8228,25.8715],[87.8431,25.8687],[87.8559,25.8647],[87.8653,25.8676],[87.8722,25.8597],[87.8812,25.8584],[87.8848,25.8647],[87.8995,25.8598],[87.9109,25.8517],[87.8876,25.8329],[87.8987,25.8201],[87.9105,25.8148],[87.9031,25.8019],[87.898,25.7993],[87.9009,25.7803],[87.8977,25.7718],[87.9187,25.774],[87.9286,25.7679],[87.9373,25.7679],[87.9375,25.7583],[87.9442,25.7438],[87.962,25.7297],[87.961,25.7247],[87.9797,25.7185],[87.9926,25.7191],[87.9972,25.7119],[88.0167,25.7047],[88.0162,25.6917],[88.0268,25.6989],[88.0348,25.694],[88.0399,25.6981],[88.0486,25.6906],[88.0491,25.6815],[88.0431,25.6739],[88.044,25.6526],[88.0485,25.6439],[88.0473,25.643],[88.0445,25.6429],[88.0356,25.6368],[88.0435,25.6321],[88.0372,25.6156],[88.0393,25.6085],[88.0414,25.6055],[88.0297,25.6],[88.0357,25.597],[88.0386,25.595],[88.0314,25.5875],[88.0219,25.5829],[88.03,25.5743],[88.0253,25.5691],[88.0355,25.5604],[88.0296,25.5595],[88.027,25.5533],[88.0379,25.5462],[88.0391,25.5332],[88.0461,25.5343],[88.056,25.5299],[88.0575,25.5257],[88.0669,25.5164],[88.0689,25.513],[88.0639,25.5062],[88.0664,25.505],[88.0698,25.5019],[88.0682,25.4898],[88.0659,25.4812],[88.0617,25.4856],[88.0463,25.4826],[88.0312,25.486],[88.0157,25.5005],[88.0038,25.5048],[88.0042,25.494],[87.9866,25.5026],[87.9806,25.5159],[87.986,25.5248],[87.9723,25.5232],[87.9641,25.5331],[87.9556,25.538],[87.9429,25.5347],[87.9241,25.5356],[87.9144,25.5309],[87.903,25.5191],[87.9063,25.5137],[87.9005,25.5072],[87.8792,25.516],[87.8814,25.5056],[87.8699,25.503],[87.8635,25.4934],[87.8605,25.4778],[87.8635,25.4654],[87.8338,25.4646],[87.8256,25.4575],[87.8258,25.4453],[87.8192,25.4375],[87.8086,25.4342],[87.7865,25.4487],[87.7813,25.4447],[87.7765,25.429],[87.7659,25.4243],[87.7724,25.4149],[87.7631,25.3956],[87.7657,25.378],[87.7767,25.3708],[87.7888,25.3722],[87.7874,25.3549],[87.7816,25.3384],[87.7914,25.3223],[87.8016,25.3234],[87.8204,25.3128],[87.8289,25.3034],[87.8404,25.2984],[87.8504,25.2974],[87.855,25.2895],[87.8565,25.2778],[87.85,25.2673],[87.8493,25.2534],[87.8355,25.2498],[87.8302,25.2397],[87.8228,25.2343],[87.8338,25.2134],[87.8297,25.2041],[87.81,25.2117],[87.8013,25.2182],[87.7876,25.2205],[87.7833,25.2462],[87.7078,25.2564],[87.708,25.2714],[87.6913,25.2814],[87.6903,25.2912],[87.6935,25.3031],[87.6842,25.3101],[87.6588,25.3097],[87.6518,25.3072],[87.6262,25.3157],[87.6136,25.3155],[87.6069,25.3114],[87.5812,25.328],[87.5877,25.3405],[87.5795,25.3439],[87.5671,25.3339],[87.5474,25.3309],[87.5441,25.3229],[87.5385,25.2962],[87.5397,25.2816],[87.5255,25.281],[87.5129,25.2921],[87.4989,25.2923],[87.4901,25.3052],[87.4815,25.2952],[87.4876,25.2776],[87.4956,25.2653],[87.4876,25.262],[87.4726,25.2409],[87.4722,25.1947],[87.4551,25.1975],[87.4076,25.219],[87.3918,25.2275],[87.3771,25.2226],[87.3685,25.2069],[87.3551,25.2134],[87.3305,25.2171],[87.3235,25.2231],[87.3171,25.1887],[87.3106,25.1698],[87.308,25.1503],[87.2979,25.1347],[87.2933,25.1144],[87.2954,25.0997],[87.2911,25.0893],[87.2702,25.0936],[87.2588,25.1046],[87.2492,25.1054],[87.2399,25.0995],[87.2339,25.0858],[87.2114,25.0896],[87.1878,25.067],[87.1766,25.064],[87.1583,25.031],[87.1468,25.0243],[87.1439,25.0108],[87.1465,24.9999],[87.1537,24.991],[87.1526,24.963],[87.1486,24.9421],[87.1553,24.9317],[87.1476,24.9178],[87.1488,24.9051],[87.157,24.8961],[87.1581,24.8856],[87.1496,24.8724],[87.1473,24.8624],[87.1327,24.8596],[87.1233,24.853],[87.1145,24.8555],[87.106,24.8473],[87.0975,24.8299],[87.0912,24.8236],[87.0804,24.8244],[87.0773,24.8083],[87.0863,24.8059],[87.0957,24.7976],[87.0912,24.7881],[87.0828,24.7792],[87.0825,24.768],[87.0863,24.7583],[87.0745,24.7447],[87.0813,24.7359],[87.0819,24.7245],[87.0713,24.7073],[87.0706,24.6945],[87.0547,24.6706],[87.0488,24.637],[87.0444,24.624],[87.0505,24.6068],[87.0275,24.6093],[87.0264,24.6201],[87.0167,24.6178],[87.0102,24.6063],[86.9926,24.6192],[86.9656,24.6319],[86.9455,24.6266],[86.9486,24.6428],[86.9301,24.6428],[86.9361,24.6304],[86.9189,24.6194],[86.9179,24.6108],[86.8981,24.5865],[86.898,24.5805],[86.9064,24.5634],[86.9072,24.5434],[86.9012,24.5445],[86.8931,24.5548],[86.8764,24.5673],[86.8616,24.5603],[86.8546,24.5505],[86.8388,24.5541],[86.8371,24.5683],[86.8256,24.566],[86.8183,24.5693],[86.8087,24.5638],[86.8012,24.572],[86.8076,24.5769],[86.8058,24.5945],[86.8002,24.5986],[86.7918,24.6153],[86.7859,24.6131],[86.7943,24.6007],[86.7869,24.5994],[86.7841,24.6103],[86.7755,24.6156],[86.7541,24.6148],[86.7446,24.6029],[86.7457,24.5895],[86.7395,24.5865],[86.7316,24.5758],[86.7186,24.5782],[86.6954,24.5689],[86.6866,24.5704],[86.6684,24.5606],[86.6458,24.5672],[86.6413,24.5761],[86.6342,24.5767],[86.6183,24.5845],[86.6189,24.5947],[86.6069,24.5944],[86.6,24.5995],[86.5839,24.5853],[86.5832,24.5728],[86.568,24.5628],[86.5546,24.5593],[86.5579,24.5485],[86.5467,24.535],[86.5235,24.5357],[86.5057,24.5177],[86.4975,24.498],[86.4981,24.4873],[86.4903,24.4844],[86.4897,24.4676],[86.4845,24.4588],[86.4911,24.4541],[86.4919,24.4393],[86.4886,24.425],[86.4658,24.4219],[86.4637,24.4078],[86.4671,24.3952],[86.4618,24.3767],[86.4463,24.3684],[86.4342,24.3769],[86.4156,24.3792],[86.3987,24.4003],[86.3733,24.4159],[86.3627,24.4268],[86.3535,24.4421],[86.3478,24.4405],[86.3195,24.4402],[86.3038,24.4448],[86.3009,24.4568],[86.2791,24.462],[86.2856,24.4768],[86.2939,24.4764],[86.3035,24.4983],[86.3124,24.5085],[86.3075,24.5264],[86.3013,24.532],[86.3098,24.5473],[86.304,24.5583],[86.3081,24.5657],[86.3194,24.5745],[86.3229,24.5841],[86.3101,24.5816],[86.2926,24.5861],[86.2663,24.582],[86.2486,24.5851],[86.2387,24.5968],[86.2174,24.6118],[86.2157,24.5912],[86.1949,24.5852],[86.1657,24.5837],[86.157,24.5892],[86.1523,24.5997],[86.1333,24.6035],[86.1256,24.6118],[86.1182,24.6419],[86.1263,24.6542],[86.13,24.6715],[86.1336,24.6755],[86.1244,24.7052],[86.1109,24.724],[86.1055,24.736],[86.0866,24.7463],[86.0632,24.7517],[86.0604,24.7477],[86.0427,24.7439],[86.0415,24.7479],[86.053,24.7617],[86.0526,24.7732],[86.0479,24.7783],[86.0344,24.7762],[86.0278,24.7703],[86.0061,24.7657],[86,24.7514],[85.9773,24.7476],[85.9702,24.7336],[85.9503,24.7321],[85.9277,24.7405],[85.9105,24.7537],[85.9017,24.7699],[85.8872,24.7856],[85.8897,24.7917],[85.8778,24.8003],[85.8538,24.8076],[85.8272,24.8096],[85.818,24.807],[85.8107,24.7945],[85.7772,24.799],[85.7694,24.8029],[85.7654,24.8125],[85.7367,24.8227],[85.7325,24.8165],[85.7283,24.8007],[85.723,24.7989],[85.721,24.787],[85.7098,24.781],[85.7048,24.7688],[85.7036,24.7575],[85.7081,24.7477],[85.7048,24.7287],[85.6967,24.7135],[85.6797,24.6938],[85.6495,24.687],[85.6505,24.6792],[85.66,24.6747],[85.6637,24.661],[85.6607,24.6506],[85.6721,24.6194],[85.6706,24.5994],[85.6735,24.5956],[85.6647,24.5819],[85.6443,24.5783],[85.622,24.5839],[85.6085,24.585],[85.6079,24.5908],[85.5983,24.5976],[85.5911,24.5971],[85.5766,24.603],[85.5652,24.5967],[85.5614,24.5837],[85.5671,24.5782],[85.5683,24.5652],[85.5566,24.5606],[85.5365,24.5638],[85.5404,24.5503],[85.5342,24.5322],[85.5183,24.5245],[85.5044,24.5297],[85.5025,24.5429],[85.4945,24.5506],[85.4722,24.5478],[85.4566,24.5392],[85.4423,24.5394],[85.4333,24.5361],[85.411,24.5451],[85.4031,24.5449],[85.3828,24.5325],[85.3703,24.5296],[85.3379,24.528],[85.3186,24.5246],[85.2973,24.5286],[85.2825,24.5267],[85.2794,24.5191],[85.282,24.4972],[85.2544,24.4979],[85.2394,24.4888],[85.2353,24.4799],[85.2285,24.4794],[85.2239,24.4712],[85.2033,24.4729],[85.1992,24.4674],[85.1905,24.4686],[85.1632,24.4672],[85.1529,24.4641],[85.1499,24.4559],[85.1587,24.4513],[85.1694,24.4295],[85.148,24.4182],[85.1151,24.409],[85.1093,24.3988],[85.0987,24.3939],[85.0925,24.3815],[85.0807,24.3808],[85.0655,24.3868],[85.0745,24.4085],[85.0762,24.4399],[85.0691,24.4357],[85.0533,24.4151],[85.0422,24.4183],[85.0321,24.4254],[85.0107,24.4161],[84.9904,24.4122],[84.9686,24.3759],[84.9479,24.3718],[84.9253,24.378],[84.9033,24.3723],[84.8982,24.3938],[84.8919,24.3985],[84.8779,24.4226],[84.88,24.432],[84.8781,24.4438],[84.8802,24.4628],[84.8674,24.4669],[84.8629,24.4576],[84.8475,24.4659],[84.842,24.4555],[84.8344,24.4525],[84.8272,24.4701],[84.8279,24.486],[84.8326,24.5115],[84.8195,24.5248],[84.8016,24.5211],[84.7953,24.5295],[84.7837,24.5177],[84.7799,24.5049],[84.742,24.4965],[84.7401,24.4883],[84.7249,24.4729],[84.7129,24.4686],[84.7065,24.4724],[84.6941,24.4618],[84.6789,24.4563],[84.674,24.4411],[84.6662,24.4312],[84.6678,24.413],[84.6629,24.4106],[84.6583,24.3937],[84.6431,24.3986],[84.6193,24.4021],[84.601,24.401],[84.5899,24.4044],[84.5818,24.4015],[84.5801,24.4104],[84.5725,24.4123],[84.5654,24.4075],[84.5591,24.3971],[84.5658,24.3839],[84.5459,24.3737],[84.5417,24.3767],[84.5215,24.3763],[84.5267,24.361],[84.5188,24.3532],[84.5255,24.3395],[84.5174,24.3337],[84.5107,24.3172],[84.5032,24.3154],[84.5045,24.3059],[84.4935,24.287],[84.4842,24.2969],[84.4651,24.3084],[84.4545,24.3386],[84.4449,24.3342],[84.4174,24.3314],[84.4225,24.3591],[84.3949,24.3678],[84.3998,24.3746],[84.385,24.3793],[84.3822,24.3897],[84.3738,24.391],[84.3614,24.3866],[84.3553,24.391],[84.3359,24.3958],[84.338,24.4013],[84.3259,24.4109],[84.3278,24.4222],[84.3182,24.4202],[84.3194,24.4293],[84.3304,24.4312],[84.315,24.4475],[84.2932,24.4508],[84.2853,24.4659],[84.2942,24.4808],[84.3082,24.4869],[84.3217,24.4898],[84.3263,24.5027],[84.3191,24.5223],[84.3128,24.5268],[84.3094,24.5395],[84.302,24.5473],[84.2974,24.5631],[84.293,24.566],[84.28,24.5634],[84.2692,24.5643],[84.2719,24.554],[84.2694,24.5414],[84.2585,24.5377],[84.2343,24.5436],[84.235,24.5532],[84.2207,24.5503],[84.2175,24.5352],[84.2089,24.5372],[84.2005,24.5494],[84.1999,24.557],[84.1883,24.5553],[84.187,24.5493],[84.1729,24.5471],[84.1728,24.542],[84.1824,24.5236],[84.1793,24.5104],[84.1611,24.5126],[84.1536,24.5176],[84.1644,24.5337],[84.1607,24.5382],[84.1461,24.5403],[84.1363,24.5294],[84.14,24.5048],[84.1249,24.4983],[84.1226,24.4867],[84.1098,24.4814],[84.1009,24.4879],[84.0891,24.5041],[84.0866,24.5146],[84.0897,24.5339],[84.0783,24.545],[84.0737,24.5576],[84.0725,24.5696],[84.0597,24.577],[84.0614,24.5894],[84.0531,24.5947],[84.0467,24.6123],[84.0332,24.619],[84.0242,24.6291],[83.9922,24.638],[83.9792,24.6151],[83.9724,24.5966],[83.9576,24.5763],[83.9285,24.5479],[83.8789,24.5365],[83.868,24.5329],[83.8577,24.5376],[83.8162,24.5313],[83.799,24.5299],[83.7487,24.5105],[83.7307,24.5088],[83.7167,24.5049],[83.7024,24.5073],[83.6825,24.5156],[83.6448,24.5162],[83.6002,24.5132],[83.5712,24.517],[83.5424,24.5262],[83.4982,24.5271],[83.4934,24.5421],[83.5172,24.5492],[83.5246,24.5673],[83.525,24.585],[83.52,24.591],[83.5174,24.6032],[83.5256,24.6137],[83.5345,24.6156],[83.5389,24.6277],[83.5207,24.63],[83.5242,24.6421],[83.5159,24.6428],[83.5072,24.6494],[83.4975,24.6517],[83.4995,24.6685],[83.5132,24.6789],[83.4896,24.7059],[83.4807,24.7057],[83.4833,24.7311],[83.4798,24.7378],[83.4531,24.7333],[83.4415,24.744],[83.4342,24.7568],[83.4113,24.7753],[83.3941,24.7795],[83.3868,24.7842],[83.3925,24.7971],[83.3901,24.8044],[83.3956,24.811],[83.3904,24.8331],[83.3825,24.8403],[83.3683,24.8632],[83.354,24.8706],[83.3639,24.8804],[83.3549,24.8855],[83.36,24.8918],[83.3514,24.9031],[83.358,24.914],[83.3585,24.9374],[83.357,24.9554],[83.3439,24.9639],[83.3385,24.9636],[83.3404,24.9792],[83.3459,24.9921],[83.3439,25.0105],[83.3277,25.0163],[83.3197,25.0155],[83.3161,25.0273],[83.3165,25.0384],[83.3235,25.0481],[83.3338,25.051],[83.3278,25.061],[83.3322,25.0825],[83.338,25.0881],[83.3401,25.1124],[83.3538,25.1104],[83.3576,25.1279],[83.3521,25.1312],[83.3534,25.1492],[83.3432,25.1587],[83.3481,25.1786],[83.3439,25.1874],[83.3496,25.1989],[83.3603,25.1964],[83.3746,25.2025],[83.3777,25.2097],[83.3882,25.207],[83.4015,25.23],[83.4023,25.2376],[83.4093,25.2493],[83.4171,25.2461],[83.4225,25.2522],[83.4332,25.2536],[83.4429,25.2593],[83.4536,25.2513],[83.4603,25.252],[83.4719,25.2655],[83.471,25.2721],[83.4803,25.2824],[83.4913,25.2866],[83.4982,25.283],[83.5081,25.2862],[83.5312,25.3045],[83.5444,25.3131],[83.5722,25.3176],[83.5779,25.3166],[83.5839,25.3249],[83.6107,25.3326],[83.6201,25.3286],[83.6318,25.3421],[83.6425,25.3411],[83.6466,25.3472],[83.6435,25.3544],[83.6562,25.3637],[83.6602,25.371],[83.6691,25.3645],[83.6863,25.3694],[83.6763,25.3817],[83.6894,25.3859],[83.6928,25.3938],[83.704,25.3861],[83.7095,25.3953],[83.7181,25.3998],[83.7272,25.3985],[83.7481,25.4043],[83.7497,25.3921],[83.7619,25.3879],[83.7635,25.3986],[83.7823,25.3987],[83.7966,25.4083],[83.8052,25.4245],[83.8029,25.4329],[83.8206,25.4376],[83.8241,25.4332],[83.8384,25.4369],[83.8334,25.4501],[83.8104,25.4543],[83.8102,25.4659],[83.8226,25.462],[83.8338,25.463],[83.8511,25.4737],[83.8549,25.4849],[83.8644,25.4906],[83.8713,25.5032],[83.8682,25.5116],[83.873,25.5204],[83.8928,25.5255],[83.8994,25.5318],[83.9136,25.5543],[83.921,25.5617],[83.9443,25.5673],[83.9916,25.601],[84.0142,25.6161],[84.0282,25.6227],[84.0765,25.6375],[84.0797,25.6527],[84.074,25.6725],[84.0696,25.6956],[84.0829,25.7127],[84.0944,25.7204],[84.1079,25.7236],[84.1315,25.7239],[84.1357,25.7169],[84.1483,25.726],[84.1675,25.7218],[84.174,25.7157],[84.1943,25.7034],[84.1995,25.6723],[84.2171,25.6641],[84.2476,25.6628],[84.2901,25.6628],[84.2988,25.6718],[84.3186,25.6719],[84.3236,25.704],[84.3232,25.7231],[84.3256,25.7371],[84.3313,25.7446],[84.3544,25.7436],[84.3695,25.736],[84.38,25.7487],[84.3885,25.7443],[84.3812,25.7343],[84.3936,25.7289],[84.4004,25.7169],[84.3971,25.7091],[84.4019,25.6995],[84.4236,25.6951],[84.4242,25.7117],[84.4386,25.7107],[84.4488,25.7145],[84.4552,25.7103],[84.4632,25.6986],[84.4603,25.6907],[84.4665,25.6855],[84.4893,25.6911],[84.4884,25.6779],[84.499,25.6774],[84.5058,25.6823],[84.5164,25.6777],[84.5246,25.6844],[84.5279,25.7154],[84.5359,25.7265],[84.5314,25.6928],[84.5523,25.684],[84.5564,25.6886],[84.5586,25.701],[84.559,25.7217],[84.5556,25.7364],[84.5955,25.7391],[84.6131,25.7307],[84.6306,25.7283],[84.6263,25.7416],[84.6149,25.7528],[84.6005,25.7606],[84.6029,25.7724],[84.6101,25.7773],[84.6208,25.7724],[84.6211,25.7924],[84.5872,25.8196],[84.5714,25.8298],[84.5469,25.8413],[84.5443,25.83],[84.527,25.8343],[84.5263,25.8554],[84.5283,25.8647],[84.5406,25.8621],[84.5286,25.8777],[84.5065,25.8724],[84.4853,25.8892],[84.4666,25.8837],[84.4611,25.8887],[84.4437,25.8897],[84.4312,25.8927],[84.4242,25.8983],[84.4093,25.9244],[84.4083,25.9314],[84.3863,25.9382],[84.3514,25.9593],[84.3437,25.9587],[84.3139,25.948],[84.2916,25.9483],[84.2837,25.9556],[84.2646,25.9673],[84.2446,25.9768],[84.2405,25.9828],[84.2141,25.9962],[84.2018,26.0006],[84.1923,25.9895],[84.1724,25.9988],[84.1662,25.9915],[84.1673,26.0255],[84.1367,26.047],[84.1279,26.0555],[84.1161,26.0749],[84.091,26.0965],[84.0811,26.0998],[84.0491,26.0997],[84.0422,26.1116],[84.0452,26.1204],[84.0424,26.1315],[84.0181,26.1451],[84.0278,26.163],[84.0138,26.167],[84.003,26.1782],[84.0021,26.1901],[84.009,26.1996],[84.0204,26.1976],[84.019,26.2093],[84.0243,26.2198],[84.0082,26.2253],[84.0055,26.2341],[84.0184,26.2388],[84.0313,26.2391],[84.0336,26.2321],[84.0736,26.2249],[84.0795,26.2318],[84.0923,26.2402],[84.1105,26.2418],[84.113,26.2619],[84.1259,26.2614],[84.1414,26.2577],[84.1453,26.2617],[84.1535,26.2453],[84.1574,26.2609],[84.1714,26.2677],[84.1682,26.2737],[84.171,26.2866],[84.1687,26.2929],[84.1715,26.3037],[84.1817,26.317],[84.1672,26.3381],[84.1672,26.3602],[84.1714,26.374],[84.154,26.3762],[84.1168,26.3852],[84.1152,26.3876],[84.0812,26.3897],[84.0772,26.384],[84.0615,26.3901],[84.055,26.402],[84.0362,26.4078],[84.0332,26.4138],[84.0164,26.4319],[84.0161,26.442],[84.0017,26.4436],[83.9904,26.4476],[83.9835,26.4349],[83.9463,26.4381],[83.9023,26.4503],[83.905,26.4943],[83.9068,26.5068],[83.9022,26.5181],[83.9305,26.5248],[83.9458,26.5184],[83.9457,26.5102],[83.9562,26.5082],[83.9654,26.5117],[83.9666,26.521],[83.9742,26.5319],[83.9836,26.5315],[84.0007,26.525],[84.0145,26.532],[84.0308,26.5356],[84.0478,26.5435],[84.0493,26.5616],[84.0703,26.5893],[84.0791,26.5944],[84.0848,26.6106],[84.0796,26.6237],[84.0838,26.6314],[84.0804,26.6408],[84.1061,26.6372],[84.1395,26.639],[84.152,26.6385],[84.1485,26.6277],[84.1673,26.6242],[84.1847,26.6259],[84.202,26.6243],[84.2287,26.6132],[84.2589,26.6073],[84.2722,26.5994],[84.2793,26.6066],[84.295,26.6066],[84.297,26.6157],[84.3255,26.6153],[84.3301,26.6183],[84.3509,26.6204],[84.3706,26.6154],[84.3789,26.6218],[84.395,26.6257],[84.4144,26.6272],[84.4048,26.6428],[84.4022,26.6712],[84.3668,26.6788],[84.3501,26.6814],[84.3371,26.6814],[84.3233,26.6885],[84.3185,26.7162],[84.311,26.7336],[84.3056,26.7377],[84.298,26.7533],[84.2786,26.7512],[84.2668,26.7421],[84.2553,26.739],[84.2545,26.7343],[84.2423,26.7308],[84.2246,26.7571],[84.2411,26.7754],[84.2485,26.7927],[84.2523,26.8087],[84.2485,26.8209],[84.2428,26.8218],[84.251,26.8307],[84.2504,26.8378],[84.2521,26.8449],[84.2456,26.8587],[84.2354,26.8643],[84.222,26.8702],[84.2092,26.871],[84.1966,26.8612],[84.1853,26.8601],[84.1765,26.8533],[84.1753,26.8459],[84.1747,26.8358],[84.1689,26.8345],[84.1505,26.8395],[84.1317,26.8557],[84.1318,26.8706],[84.1393,26.874],[84.1407,26.8839],[84.1302,26.8853],[84.122,26.8927],[84.1011,26.8938],[84.0999,26.888],[84.0926,26.8778],[84.0879,26.8824],[84.0763,26.8788],[84.0601,26.8865],[84.0591,26.8908],[84.052,26.8917],[84.049,26.8999],[84.0508,26.9016],[84.0451,26.9047],[84.0424,26.9091],[84.0492,26.9146],[84.0452,26.9304],[84.0387,26.9383],[84.0298,26.9396],[84.0249,26.9427],[84.0317,26.9493],[84.0351,26.9487],[84.0386,26.9578],[84.0467,26.9619],[84.0413,26.968],[84.0435,26.9804],[84.0364,26.984],[84.0495,26.9908],[84.0427,27.0031],[84.0304,27.0118],[84.0357,27.0193],[84.036,27.029],[84.0408,27.0447],[84.0356,27.0465],[84.0243,27.0447],[84.0122,27.0538],[83.9949,27.0613],[83.9908,27.0686],[84.0056,27.0719],[84.0169,27.0838],[84.0189,27.0934],[84.0142,27.1001],[84.0053,27.104],[83.9779,27.0926],[83.9549,27.0861],[83.9478,27.0862],[83.9408,27.0896],[83.9403,27.1023],[83.9414,27.1198],[83.9508,27.1263],[83.9536,27.1319],[83.9509,27.1409],[83.9586,27.1487],[83.9683,27.1656],[83.9842,27.1787],[83.9851,27.1818],[83.9766,27.2034],[83.9646,27.211],[83.9633,27.2211],[83.9615,27.228],[83.9481,27.2383],[83.9253,27.2425],[83.9076,27.248],[83.9019,27.2521],[83.8955,27.2682],[83.8962,27.2771],[83.9188,27.2927],[83.9257,27.3042],[83.9236,27.3164],[83.9167,27.3253],[83.908,27.3304],[83.8879,27.3265],[83.8724,27.3162],[83.8546,27.3112],[83.8425,27.3213],[83.8363,27.3195],[83.8293,27.3275],[83.8493,27.3356],[83.855,27.3403],[83.8585,27.351],[83.8648,27.3464],[83.8899,27.3582],[83.8942,27.3675],[83.9055,27.3762],[83.9073,27.3895],[83.8752,27.3919],[83.8776,27.4057],[83.8735,27.4123],[83.8702,27.4285],[83.8828,27.4345],[83.9155,27.4412],[83.9331,27.4494],[83.9443,27.4476],[83.9481,27.441],[83.9647,27.4438],[83.9747,27.4419],[83.9937,27.4439],[84.014,27.4386],[84.0251,27.4327],[84.028,27.4382],[84.0457,27.4432],[84.0542,27.4426],[84.0639,27.4558],[84.0641,27.4667],[84.0711,27.4791],[84.0861,27.4831],[84.0975,27.4894],[84.1019,27.5102],[84.0998,27.5168],[84.1107,27.5215],[84.1197,27.5135],[84.132,27.5117],[84.1409,27.5176],[84.153,27.5166],[84.1475,27.496],[84.151,27.4857],[84.1658,27.4836],[84.1737,27.4755],[84.2079,27.4694],[84.211,27.4652],[84.2106,27.4423],[84.2217,27.4402],[84.2231,27.4474],[84.2338,27.4561],[84.2562,27.4519],[84.2607,27.4386],[84.2748,27.4287],[84.2803,27.4152],[84.2776,27.4008],[84.2934,27.385],[84.3027,27.3903],[84.3196,27.3819],[84.3491,27.3749],[84.3615,27.3735],[84.3749,27.3765],[84.3897,27.3721],[84.3939,27.368],[84.4264,27.3717],[84.4433,27.37],[84.4477,27.3642],[84.4599,27.3619],[84.4717,27.355],[84.4781,27.3623],[84.488,27.3583],[84.5229,27.3535],[84.5357,27.3499],[84.5672,27.3473],[84.6109,27.3358],[84.6245,27.3361],[84.6452,27.306],[84.6917,27.2223],[84.6931,27.2148],[84.6828,27.2004],[84.6857,27.1964],[84.683,27.1837],[84.6874,27.1801],[84.6779,27.1701],[84.6836,27.159],[84.6857,27.1432],[84.6775,27.1226],[84.6791,27.115],[84.6721,27.1099],[84.6778,27.1029],[84.6682,27.0874],[84.6485,27.0754],[84.6449,27.0472],[84.6841,27.0314],[84.7036,27.0268],[84.7162,27.0213],[84.7251,27.0135],[84.7318,27.0147],[84.7589,27.0027],[84.7662,27.0131],[84.7748,27.0175],[84.791,27.0086],[84.7885,26.9983],[84.7957,26.9956],[84.8012,27.0033],[84.8097,27.0075],[84.8198,27.0204],[84.8319,27.0193],[84.8569,27.008],[84.8611,26.9877],[84.8736,26.9816],[84.8908,26.9772],[84.9009,26.9705],[84.9128,26.9676],[84.9316,26.9685],[84.9555,26.9594],[84.9645,26.9603],[84.9805,26.94],[84.9788,26.9318],[84.9723,26.9287],[84.9729,26.9168],[85.0018,26.9119],[84.9951,26.9025],[85.0061,26.8948],[85.0251,26.8914],[85.0458,26.8911],[85.062,26.8851],[85.0421,26.8746],[85.0315,26.875],[85.031,26.859],[85.0461,26.8507],[85.0916,26.8597],[85.092,26.8686],[85.1134,26.8722],[85.1363,26.8676],[85.1433,26.8708],[85.1677,26.8683],[85.1913,26.8698],[85.195,26.8632],[85.1931,26.8497],[85.196,26.8417],[85.1884,26.8212],[85.1792,26.8149],[85.1843,26.7995],[85.197,26.7849],[85.195,26.7793],[85.1997,26.7693],[85.2161,26.7579],[85.2341,26.7632],[85.2625,26.755],[85.3025,26.7521],[85.3201,26.7489],[85.3363,26.7414],[85.3572,26.7602],[85.3635,26.7631],[85.3771,26.7606],[85.3861,26.774],[85.3942,26.7752],[85.4046,26.7827],[85.4096,26.7911],[85.4274,26.7858],[85.4347,26.7899],[85.4548,26.7817],[85.4662,26.7888],[85.4801,26.7932],[85.4816,26.8019],[85.4983,26.7981],[85.5,26.8119],[85.5113,26.8162],[85.5221,26.8141],[85.5451,26.8379],[85.5556,26.834],[85.5599,26.8437],[85.5679,26.8407],[85.5743,26.8566],[85.5847,26.8585],[85.5875,26.847],[85.6092,26.857],[85.6262,26.8734],[85.6367,26.8719],[85.6446,26.8529],[85.6825,26.843],[85.7048,26.8326],[85.7233,26.82],[85.7367,26.7956],[85.7373,26.7777],[85.731,26.7498],[85.7364,26.7372],[85.7324,26.7347],[85.7284,26.7194],[85.7258,26.6993],[85.7277,26.6846],[85.7258,26.6739],[85.7387,26.6636],[85.7346,26.6543],[85.7492,26.6396],[85.7619,26.6359],[85.7718,26.6296],[85.8022,26.6244],[85.8056,26.6147],[85.8198,26.6025],[85.8326,26.6013],[85.8335,26.6109],[85.8533,26.6095],[85.86,26.5896],[85.8507,26.5765],[85.8521,26.5684],[85.8609,26.5686],[85.8813,26.5825],[85.8889,26.5824],[85.8932,26.5945],[85.9162,26.6086],[85.9291,26.6103],[85.9485,26.6209],[85.9576,26.6294],[85.9547,26.6372],[85.9588,26.649],[85.9782,26.6579],[86.0022,26.6546],[86.021,26.6608],[86.0307,26.6664],[86.072,26.6568],[86.0762,26.6495],[86.12,26.6304],[86.1407,26.6287],[86.1432,26.6164],[86.1384,26.6062],[86.1574,26.6096],[86.1739,26.6168],[86.1849,26.6134],[86.1945,26.6144],[86.1994,26.5933],[86.208,26.5962],[86.2196,26.5881],[86.2334,26.592],[86.246,26.6076],[86.2551,26.6156],[86.2779,26.617],[86.2952,26.6129],[86.3102,26.6196],[86.3293,26.6193],[86.3466,26.6159],[86.3433,26.6057],[86.3588,26.6039],[86.3963,26.5944],[86.3973,26.5849],[86.4327,26.5727],[86.4579,26.5678],[86.5011,26.5416],[86.5182,26.5388],[86.5241,26.5432],[86.5442,26.5381],[86.5529,26.5299],[86.5541,26.5233],[86.5669,26.5007],[86.5728,26.4969],[86.5904,26.4933],[86.6282,26.4806],[86.6285,26.4691],[86.6341,26.4663],[86.6985,26.4483],[86.7022,26.4371],[86.7226,26.4346],[86.7282,26.4254],[86.7395,26.423],[86.7492,26.428],[86.7497,26.4358],[86.7559,26.4462],[86.7627,26.4478],[86.7716,26.4591],[86.8032,26.4471],[86.8358,26.4387],[86.8454,26.4399],[86.8484,26.4479],[86.8584,26.4481],[86.8634,26.4572],[86.8753,26.4537],[86.8976,26.467],[86.8926,26.4814],[86.8956,26.4873],[86.9322,26.4893],[86.9309,26.4965],[86.9351,26.5165],[86.9637,26.5235],[86.9776,26.5197],[86.9818,26.5248],[86.9932,26.5228],[87.0177,26.5318],[87.0226,26.5397],[87.0448,26.5679],[87.0473,26.587],[87.0743,26.5855],[87.0755,26.577],[87.0751,26.5416],[87.0822,26.5229],[87.0939,26.45],[87.1415,26.4146],[87.165,26.4038],[87.1915,26.4051],[87.1888,26.414],[87.2138,26.4128],[87.2261,26.4055],[87.2312,26.4133],[87.2477,26.414],[87.2686,26.4053],[87.2668,26.3862],[87.2684,26.3736],[87.2919,26.3734],[87.3038,26.366],[87.3159,26.3672],[87.3434,26.3475],[87.3609,26.3608],[87.3559,26.3718],[87.3589,26.3879],[87.3713,26.4078],[87.3786,26.4067],[87.391,26.4187],[87.4216,26.4224],[87.4302,26.422],[87.4455,26.4327],[87.4691,26.4401],[87.5189,26.4306],[87.5393,26.4207],[87.55,26.4182],[87.5553,26.4054],[87.5736,26.3968],[87.5902,26.3922],[87.5897,26.3818],[87.6084,26.3806],[87.6146,26.3898],[87.6309,26.3936],[87.6544,26.3932],[87.6528,26.4055],[87.6809,26.4155],[87.6802,26.4351],[87.6945,26.4353],[87.701,26.4279],[87.7122,26.4271],[87.7249,26.4189],[87.7253,26.4122],[87.7362,26.4075],[87.7416,26.4172],[87.7499,26.4185],[87.7563,26.4079],[87.7689,26.4121],[87.7756,26.4192],[87.7803,26.4356],[87.7791,26.4474],[87.7949,26.4685],[87.8197,26.4587],[87.8322,26.4499],[87.8307,26.4398],[87.8512,26.4362],[87.8535,26.4449],[87.8637,26.4497],[87.8608,26.4634],[87.866,26.4676],[87.8881,26.4762],[87.8906,26.4864],[87.9025,26.4771],[87.9121,26.4574],[87.9012,26.4484],[87.9267,26.4464],[87.9282,26.4401],[87.9191,26.4307],[87.9285,26.4274],[87.935,26.4177],[87.9683,26.3968],[87.9942,26.3922],[87.995,26.3694],[88.0102,26.3608],[88.0326,26.3646],[88.0297,26.3815],[88.0405,26.3927],[88.058,26.4004],[88.0595,26.4059],[88.0811,26.4198],[88.0875,26.4304],[88.0974,26.4374],[88.0994,26.4521],[88.0944,26.4627],[88.1059,26.4667],[88.1092,26.4759],[88.1029,26.4795],[88.1083,26.4891],[88.1029,26.4941],[88.0977,26.5161],[88.1055,26.5182],[88.1061,26.5356]]]},"properties":{"ID_0":105,"ISO":"IND","NAME_0":"India","ID_1":5,"NAME_1":"Bihar","NL_NAME_1":null,"VARNAME_1":null,"TYPE_1":"State","ENGTYPE_1":"State"}},{"type":"Feature","geometry":{"type":"Polygon","coordinates":[[[76.8105,30.685],[76.8059,30.6803],[76.7944,30.6693],[76.7707,30.6779],[76.745,30.6905],[76.7385,30.6892],[76.7329,30.6972],[76.7246,30.7038],[76.7269,30.7076],[76.7152,30.7133],[76.7153,30.715],[76.7161,30.7286],[76.7099,30.7355],[76.7013,30.7453],[76.6907,30.7467],[76.6929,30.7574],[76.6906,30.7601],[76.7079,30.7701],[76.7183,30.7691],[76.7292,30.7763],[76.7352,30.783],[76.7382,30.7899],[76.74,30.7911],[76.7458,30.7946],[76.7509,30.7968],[76.7593,30.799],[76.7676,30.7951],[76.7763,30.784],[76.7727,30.7831],[76.7693,30.777],[76.7809,30.7739],[76.7961,30.7858],[76.8022,30.7818],[76.8035,30.7776],[76.7931,30.7665],[76.8015,30.7628],[76.812,30.7666],[76.8282,30.7638],[76.8227,30.7401],[76.8248,30.7308],[76.8344,30.7244],[76.8363,30.7143],[76.8211,30.6968],[76.8105,30.685]]]},"properties":{"ID_0":105,"ISO":"IND","NAME_0":"India","ID_1":6,"NAME_1":"Chandigarh","NL_NAME_1":null,"VARNAME_1":null,"TYPE_1":"Union Territor","ENGTYPE_1":"Union Territory"}},{"type":"Feature","geometry":{"type":"Polygon","coordinates":[[[84.0025,22.5209],[83.9943,22.5288],[83.9766,22.5184],[83.9761,22.5022],[83.9971,22.4908],[84.013,22.4852],[84.0217,22.4721],[84.0387,22.4689],[84.0416,22.4641],[84.0395,22.4487],[84.04,22.4329],[84.026,22.4191],[84.0222,22.4102],[84.0144,22.4041],[84.0017,22.3804],[84.0012,22.3697],[83.9782,22.3651],[83.967,22.3578],[83.9523,22.3612],[83.9296,22.3563],[83.9155,22.3597],[83.9053,22.3526],[83.897,22.3397],[83.8719,22.3389],[83.861,22.3438],[83.8533,22.3388],[83.843,22.3263],[83.8294,22.3239],[83.8225,22.3156],[83.8208,22.296],[83.816,22.2912],[83.798,22.29],[83.7886,22.2803],[83.7786,22.2745],[83.7713,22.2573],[83.7569,22.2504],[83.7528,22.2429],[83.7457,22.2412],[83.693,22.2455],[83.679,22.2406],[83.6646,22.232],[83.6574,22.2248],[83.6458,22.2246],[83.6263,22.2059],[83.6193,22.1964],[83.6059,22.1576],[83.5925,22.14],[83.5673,22.1137],[83.5573,22.1],[83.5589,22.0955],[83.5737,22.0888],[83.6003,22.0655],[83.5835,22.055],[83.5656,22.0568],[83.5384,22.0554],[83.5324,22.034],[83.534,22.0223],[83.5389,22.0144],[83.5486,22.0067],[83.5401,21.9853],[83.5345,21.9762],[83.5352,21.9635],[83.5577,21.9439],[83.5534,21.9322],[83.5878,21.9261],[83.6005,21.9108],[83.5926,21.9008],[83.5815,21.8974],[83.5833,21.891],[83.5767,21.8862],[83.5781,21.8798],[83.5715,21.8719],[83.5841,21.8528],[83.5845,21.8436],[83.5735,21.8297],[83.5575,21.8344],[83.5409,21.8347],[83.5312,21.8319],[83.5277,21.823],[83.5364,21.8183],[83.5348,21.8068],[83.5366,21.7939],[83.5222,21.7941],[83.5061,21.8004],[83.4913,21.8087],[83.4855,21.8032],[83.484,21.7943],[83.4672,21.7827],[83.4759,21.7738],[83.479,21.7587],[83.4739,21.7496],[83.4841,21.7416],[83.478,21.728],[83.4669,21.7106],[83.4616,21.7063],[83.4563,21.6943],[83.4497,21.691],[83.4318,21.6939],[83.4211,21.6865],[83.4197,21.675],[83.4354,21.6631],[83.4408,21.6552],[83.4662,21.6441],[83.4831,21.6396],[83.4845,21.6256],[83.4699,21.6268],[83.463,21.6055],[83.4487,21.6082],[83.4499,21.617],[83.4413,21.6181],[83.4414,21.6325],[83.4476,21.6446],[83.4412,21.6493],[83.4265,21.6435],[83.4241,21.6385],[83.4135,21.6363],[83.4018,21.6268],[83.3807,21.6128],[83.3773,21.6047],[83.3682,21.5971],[83.3623,21.5725],[83.3669,21.5593],[83.3658,21.5497],[83.3543,21.5353],[83.3459,21.5082],[83.3378,21.5026],[83.3346,21.4956],[83.3421,21.4853],[83.3434,21.4649],[83.3503,21.444],[83.3609,21.4422],[83.3701,21.4361],[83.3739,21.4222],[83.3814,21.4096],[83.3938,21.3994],[83.3931,21.3832],[83.3966,21.3723],[83.3942,21.3611],[83.4044,21.3551],[83.4027,21.3484],[83.388,21.3389],[83.3748,21.34],[83.3346,21.3558],[83.3193,21.3581],[83.3096,21.3646],[83.2872,21.3715],[83.2814,21.3751],[83.27,21.375],[83.2708,21.3592],[83.2661,21.3454],[83.255,21.3319],[83.2609,21.3267],[83.2542,21.3196],[83.2588,21.3021],[83.2727,21.2961],[83.2746,21.2857],[83.2677,21.2686],[83.2573,21.2756],[83.2424,21.2764],[83.2319,21.2653],[83.2249,21.267],[83.2141,21.2509],[83.2191,21.2237],[83.2076,21.2014],[83.2112,21.1912],[83.1995,21.174],[83.1994,21.162],[83.1937,21.1577],[83.1927,21.1394],[83.1766,21.1307],[83.1614,21.1315],[83.1534,21.1258],[83.134,21.1052],[83.1198,21.1011],[83.1083,21.1077],[83.0952,21.1043],[83.0887,21.1075],[83.0714,21.1081],[83.0598,21.1159],[83.0468,21.1202],[83.0406,21.1189],[83.0291,21.126],[83.0295,21.1313],[83.0105,21.1454],[82.9991,21.1481],[82.993,21.1543],[82.9834,21.1483],[82.9799,21.1575],[82.9651,21.1558],[82.9596,21.1739],[82.9561,21.1755],[82.9423,21.163],[82.9219,21.1582],[82.9023,21.163],[82.8792,21.1491],[82.8637,21.1554],[82.8468,21.1582],[82.84,21.1634],[82.8125,21.1586],[82.7956,21.1506],[82.7888,21.1393],[82.7821,21.141],[82.7575,21.1586],[82.7212,21.1589],[82.7005,21.1533],[82.6845,21.1581],[82.662,21.1508],[82.6458,21.1517],[82.6359,21.1495],[82.6341,21.1364],[82.6478,21.125],[82.6396,21.117],[82.6383,21.1065],[82.645,21.1019],[82.6354,21.092],[82.6259,21.0768],[82.6094,21.0712],[82.6091,21.0639],[82.62,21.0444],[82.6223,21.0366],[82.6086,21.0182],[82.6044,21.0059],[82.5821,20.9868],[82.5781,20.9789],[82.5665,20.967],[82.5529,20.9415],[82.5359,20.9295],[82.5192,20.9247],[82.5134,20.9172],[82.4936,20.9093],[82.4831,20.8997],[82.4845,20.8729],[82.4819,20.8553],[82.4776,20.8467],[82.4598,20.8356],[82.4625,20.8276],[82.4535,20.8212],[82.4411,20.8238],[82.4365,20.8295],[82.4155,20.8265],[82.4056,20.8372],[82.4073,20.848],[82.4023,20.8533],[82.4014,20.8624],[82.3828,20.8699],[82.368,20.8641],[82.3559,20.8699],[82.3592,20.8827],[82.3466,20.8838],[82.334,20.8406],[82.3355,20.8278],[82.3331,20.8197],[82.3357,20.7974],[82.3388,20.7902],[82.3351,20.7585],[82.3459,20.7287],[82.3394,20.7258],[82.347,20.7142],[82.3433,20.6989],[82.3513,20.6781],[82.3607,20.6719],[82.3658,20.6611],[82.3623,20.6505],[82.3675,20.6296],[82.3663,20.6203],[82.3582,20.6152],[82.3558,20.6035],[82.348,20.6016],[82.3387,20.5943],[82.3377,20.5849],[82.3425,20.5752],[82.3372,20.5652],[82.3278,20.562],[82.324,20.5539],[82.3422,20.5377],[82.3488,20.5229],[82.3585,20.5162],[82.3805,20.5098],[82.3851,20.4705],[82.3896,20.4654],[82.3881,20.4525],[82.3973,20.4519],[82.4101,20.4733],[82.4194,20.4573],[82.4177,20.4383],[82.4257,20.4363],[82.4292,20.4258],[82.423,20.4183],[82.4243,20.4102],[82.4099,20.4027],[82.4127,20.3882],[82.4104,20.3772],[82.3979,20.3559],[82.398,20.3468],[82.3938,20.3355],[82.4005,20.3247],[82.4163,20.317],[82.4224,20.3097],[82.424,20.2965],[82.4283,20.2899],[82.428,20.2786],[82.4123,20.2699],[82.4051,20.2635],[82.4054,20.2559],[82.4141,20.2416],[82.4043,20.2396],[82.4082,20.2206],[82.4128,20.2174],[82.4136,20.2023],[82.4076,20.1941],[82.4057,20.179],[82.3833,20.1605],[82.3872,20.1489],[82.3789,20.1446],[82.3866,20.1334],[82.3907,20.1191],[82.3947,20.0892],[82.3909,20.0596],[82.3958,20.049],[82.4248,20.0435],[82.4414,20.0354],[82.4515,20.0353],[82.4759,20.0301],[82.4901,20.0186],[82.5021,20.0135],[82.5242,20.0104],[82.5436,20.0121],[82.5759,19.999],[82.5824,19.9899],[82.5984,19.9856],[82.6144,19.987],[82.6236,19.9976],[82.6318,20.0001],[82.6505,19.9994],[82.7006,19.9929],[82.7109,19.9833],[82.7094,19.9467],[82.7043,19.9183],[82.7059,19.9112],[82.7004,19.9066],[82.7005,19.8933],[82.7094,19.8701],[82.7175,19.8708],[82.711,19.8486],[82.6984,19.8269],[82.6833,19.8237],[82.66,19.8237],[82.6457,19.8254],[82.6418,19.8137],[82.6289,19.8038],[82.6273,19.7962],[82.6189,19.7861],[82.599,19.7813],[82.5983,19.7752],[82.5851,19.771],[82.5785,19.7758],[82.5793,19.7972],[82.5716,19.802],[82.5738,19.8237],[82.5718,19.8278],[82.5974,19.8605],[82.5908,19.8662],[82.5776,19.8634],[82.5667,19.8717],[82.5443,19.869],[82.5299,19.8821],[82.5231,19.8728],[82.5124,19.8841],[82.4985,19.8852],[82.4976,19.8951],[82.4757,19.9005],[82.4584,19.8946],[82.4424,19.903],[82.4249,19.8976],[82.4139,19.8965],[82.3888,19.8818],[82.378,19.8687],[82.3773,19.863],[82.368,19.8545],[82.3585,19.8569],[82.3562,19.8466],[82.3394,19.83],[82.3268,19.8383],[82.3179,19.8592],[82.2982,19.8835],[82.2953,19.899],[82.2833,19.9181],[82.2695,19.9452],[82.2686,19.9579],[82.2617,19.9716],[82.2527,19.9765],[82.2306,19.9981],[82.2106,19.9908],[82.2043,19.9803],[82.1842,19.9812],[82.1758,19.9855],[82.1661,19.9958],[82.1556,20.0023],[82.1483,20.003],[82.1317,20.0127],[82.1161,20.0104],[82.0977,20.0234],[82.0932,20.0327],[82.083,20.0327],[82.0763,20.044],[82.0579,20.0499],[82.049,20.0352],[82.031,20.0229],[82.0316,20.0167],[82.0244,20.01],[82.0148,20.0195],[82.0127,20.041],[82.0069,20.0473],[81.9927,20.0478],[81.9833,20.057],[81.9736,20.0756],[81.9442,20.1016],[81.9339,20.0993],[81.9219,20.0869],[81.9154,20.0738],[81.9014,20.0591],[81.8895,20.0433],[81.8738,20.0462],[81.8602,20.0234],[81.8576,20.0091],[81.8516,19.9961],[81.8469,19.9704],[81.8373,19.9501],[81.8488,19.9386],[81.8458,19.9149],[81.8584,19.8995],[81.8692,19.8928],[81.8981,19.8785],[81.9245,19.8687],[81.9394,19.8648],[81.9604,19.8547],[81.9574,19.836],[81.9615,19.8244],[81.9801,19.7958],[81.9874,19.7917],[81.9993,19.7983],[82.0291,19.7922],[82.0522,19.7913],[82.0598,19.7831],[82.0554,19.761],[82.0572,19.7534],[82.044,19.7377],[82.0437,19.7139],[82.0376,19.7039],[82.0385,19.6928],[82.0468,19.6694],[82.0464,19.644],[82.0513,19.6244],[82.0447,19.6108],[82.0451,19.6017],[82.0373,19.5979],[82.0349,19.5833],[82.0441,19.5648],[82.0404,19.5522],[82.0461,19.5386],[82.041,19.5257],[82.0325,19.5213],[82.0224,19.5018],[82.0598,19.5036],[82.0708,19.5159],[82.0921,19.5098],[82.091,19.4941],[82.099,19.4896],[82.1018,19.4737],[82.0969,19.4611],[82.1072,19.4526],[82.1068,19.4431],[82.1193,19.4239],[82.1341,19.4248],[82.1607,19.4295],[82.1705,19.4295],[82.1835,19.4125],[82.1778,19.4056],[82.174,19.3769],[82.1664,19.3659],[82.1508,19.3703],[82.1412,19.3658],[82.1423,19.3482],[82.1572,19.3428],[82.1631,19.3378],[82.1803,19.3322],[82.1832,19.3197],[82.1737,19.3163],[82.1685,19.2907],[82.1584,19.2815],[82.1517,19.2655],[82.1516,19.2236],[82.1538,19.2158],[82.1612,19.2084],[82.1557,19.1965],[82.1648,19.1873],[82.1734,19.1843],[82.173,19.1648],[82.1788,19.1589],[82.1747,19.1528],[82.165,19.1504],[82.172,19.1425],[82.1681,19.1338],[82.1598,19.1265],[82.1648,19.1147],[82.1698,19.1129],[82.1762,19.1251],[82.191,19.1163],[82.2015,19.1158],[82.1969,19.1012],[82.1999,19.0922],[82.2121,19.0905],[82.2086,19.0785],[82.1968,19.0679],[82.1941,19.0602],[82.2225,19.0211],[82.2251,19.0146],[82.2267,18.994],[82.2396,18.9105],[82.2343,18.9053],[82.2138,18.9121],[82.1987,18.9055],[82.1854,18.897],[82.1771,18.8969],[82.1708,18.8916],[82.1704,18.8776],[82.1582,18.8695],[82.1628,18.8655],[82.158,18.852],[82.1624,18.8451],[82.1649,18.8302],[82.1583,18.8115],[82.1618,18.805],[82.1561,18.7999],[82.1611,18.791],[82.1517,18.7838],[82.1455,18.7733],[82.1307,18.7701],[82.1291,18.7577],[82.1139,18.7607],[82.0913,18.7562],[82.0867,18.7469],[82.0849,18.7327],[82.0786,18.7121],[82.0674,18.7171],[82.0337,18.7188],[82.0156,18.7135],[81.9919,18.6977],[81.976,18.6951],[81.9551,18.6802],[81.9606,18.6677],[81.9474,18.6557],[81.9474,18.6288],[81.9356,18.6329],[81.9155,18.6358],[81.9049,18.6464],[81.8932,18.6539],[81.8854,18.6503],[81.89,18.6435],[81.8884,18.621],[81.8999,18.6196],[81.913,18.6129],[81.9262,18.6032],[81.9297,18.5964],[81.9545,18.5867],[81.9458,18.5749],[81.9436,18.5662],[81.9469,18.5592],[81.9202,18.5573],[81.9086,18.5642],[81.9008,18.5572],[81.8976,18.5427],[81.9003,18.5325],[81.8968,18.5284],[81.8826,18.5292],[81.8708,18.5176],[81.863,18.5173],[81.849,18.5006],[81.8496,18.489],[81.8443,18.4815],[81.8289,18.469],[81.7976,18.4398],[81.7621,18.4113],[81.7604,18.3998],[81.7468,18.3555],[81.7449,18.3454],[81.7175,18.3432],[81.6992,18.3436],[81.6581,18.3393],[81.6492,18.331],[81.6604,18.3158],[81.6587,18.3111],[81.6468,18.3115],[81.6321,18.308],[81.6159,18.3008],[81.5934,18.3013],[81.5676,18.2732],[81.5481,18.2621],[81.528,18.2591],[81.5237,18.2487],[81.5258,18.2365],[81.5111,18.2019],[81.5048,18.1838],[81.5052,18.1778],[81.5149,18.1722],[81.5226,18.1573],[81.5217,18.1483],[81.5119,18.1292],[81.5107,18.1039],[81.5087,18.0924],[81.4952,18.0687],[81.4947,18.058],[81.4815,18.0499],[81.4739,18.0285],[81.4775,18.02],[81.4789,18.0037],[81.4731,17.9833],[81.4767,17.9739],[81.467,17.9549],[81.4548,17.9466],[81.4445,17.9221],[81.4483,17.903],[81.4427,17.8852],[81.4373,17.8759],[81.4302,17.8747],[81.4038,17.8886],[81.3959,17.8876],[81.3905,17.8743],[81.3899,17.8594],[81.3981,17.8468],[81.3933,17.8358],[81.3844,17.8258],[81.385,17.8066],[81.3841,17.8035],[81.3575,17.8104],[81.3151,17.8123],[81.2981,17.8099],[81.2634,17.8105],[81.254,17.8121],[81.2135,17.833],[81.192,17.8471],[81.1596,17.8526],[81.1212,17.8283],[81.0977,17.8171],[81.0891,17.8109],[81.0871,17.8033],[81.0736,17.7863],[81.056,17.7828],[81.0452,17.784],[81.0324,17.7897],[81.0126,17.8167],[81.0043,17.8383],[81.0019,17.8647],[80.9943,17.9142],[80.9846,17.9229],[80.9833,17.935],[80.9781,17.9496],[80.9738,17.9768],[80.9726,17.9932],[80.9623,18.0315],[80.966,18.0435],[80.9524,18.0719],[80.944,18.081],[80.9484,18.0913],[80.9498,18.1037],[80.9475,18.1168],[80.9494,18.1232],[80.9726,18.1436],[80.9748,18.1519],[80.9737,18.1681],[80.9542,18.167],[80.9442,18.1571],[80.912,18.1385],[80.9007,18.1347],[80.8811,18.1325],[80.862,18.1327],[80.8558,18.1429],[80.8517,18.1684],[80.8522,18.1835],[80.8492,18.2002],[80.8613,18.1987],[80.8675,18.2073],[80.8591,18.226],[80.8396,18.228],[80.8342,18.2333],[80.8242,18.2336],[80.8172,18.2252],[80.8187,18.192],[80.8109,18.1785],[80.7979,18.1663],[80.7869,18.1642],[80.7624,18.163],[80.7451,18.1648],[80.7346,18.1717],[80.7325,18.1942],[80.7333,18.2188],[80.7843,18.2433],[80.7881,18.254],[80.7774,18.2597],[80.7664,18.2782],[80.757,18.2847],[80.7513,18.2975],[80.7446,18.3022],[80.7444,18.3169],[80.7348,18.3387],[80.7264,18.3503],[80.7228,18.3613],[80.7242,18.372],[80.7157,18.3873],[80.7288,18.4038],[80.7183,18.4098],[80.713,18.4057],[80.691,18.4193],[80.6953,18.4346],[80.6831,18.4446],[80.6805,18.4536],[80.6508,18.4723],[80.6483,18.4791],[80.6368,18.4939],[80.6364,18.5072],[80.6327,18.5188],[80.627,18.5182],[80.6138,18.5261],[80.6108,18.5335],[80.601,18.545],[80.5815,18.5575],[80.5679,18.5615],[80.562,18.5696],[80.5404,18.583],[80.532,18.5861],[80.5286,18.5937],[80.5153,18.6073],[80.5107,18.6157],[80.4981,18.6177],[80.4884,18.6267],[80.4801,18.6276],[80.463,18.6227],[80.4502,18.6264],[80.4176,18.6107],[80.4021,18.6072],[80.3816,18.5936],[80.367,18.6047],[80.3597,18.6022],[80.3559,18.5937],[80.3418,18.5864],[80.3315,18.5966],[80.3193,18.6217],[80.2963,18.6856],[80.2779,18.711],[80.2675,18.718],[80.2548,18.7361],[80.2408,18.7487],[80.2422,18.7597],[80.2546,18.766],[80.2718,18.7622],[80.2795,18.7679],[80.2902,18.7863],[80.2994,18.7935],[80.3187,18.796],[80.3347,18.8061],[80.3462,18.8111],[80.3485,18.8239],[80.3357,18.8561],[80.3217,18.8748],[80.3086,18.8862],[80.2914,18.9076],[80.2705,18.9249],[80.2641,18.9405],[80.269,18.9642],[80.2677,18.9873],[80.2723,18.9974],[80.2881,19.0139],[80.2953,19.0287],[80.2888,19.0463],[80.2917,19.0498],[80.3158,19.0646],[80.3221,19.0749],[80.3199,19.0882],[80.3315,19.1011],[80.3209,19.1245],[80.3249,19.1415],[80.3355,19.1476],[80.3455,19.1629],[80.3624,19.1693],[80.3811,19.1807],[80.3867,19.189],[80.3861,19.1956],[80.377,19.2174],[80.3792,19.2326],[80.3885,19.2433],[80.4192,19.2503],[80.437,19.2611],[80.4454,19.2699],[80.4568,19.2992],[80.4705,19.3289],[80.4811,19.3378],[80.5004,19.3413],[80.5138,19.3482],[80.5315,19.3743],[80.5593,19.3976],[80.5729,19.3984],[80.5839,19.3772],[80.5823,19.3683],[80.5856,19.353],[80.6001,19.3181],[80.6039,19.3118],[80.6177,19.3048],[80.6644,19.3266],[80.6792,19.3241],[80.6853,19.3126],[80.6818,19.2958],[80.6836,19.2869],[80.7004,19.2823],[80.7183,19.2855],[80.7307,19.284],[80.7492,19.2867],[80.7662,19.3081],[80.7879,19.3241],[80.7993,19.3252],[80.8028,19.3323],[80.8165,19.3425],[80.8391,19.3552],[80.8428,19.3661],[80.8232,19.3747],[80.8127,19.3827],[80.8085,19.397],[80.7879,19.4267],[80.808,19.4316],[80.8351,19.4424],[80.8675,19.4435],[80.8856,19.4565],[80.8921,19.4657],[80.8922,19.4815],[80.8897,19.4993],[80.8791,19.519],[80.8736,19.5224],[80.8523,19.5242],[80.8408,19.5336],[80.8335,19.556],[80.8196,19.5654],[80.7852,19.5604],[80.7664,19.5683],[80.7643,19.5848],[80.758,19.5902],[80.721,19.6084],[80.7078,19.6105],[80.683,19.6106],[80.662,19.6087],[80.6569,19.6123],[80.6561,19.6252],[80.6622,19.6626],[80.6654,19.673],[80.6658,19.6922],[80.6613,19.6975],[80.6456,19.7065],[80.6335,19.7185],[80.6131,19.7289],[80.5903,19.7344],[80.5821,19.7381],[80.5705,19.7547],[80.5502,19.7646],[80.5397,19.7746],[80.5442,19.8112],[80.5178,19.8289],[80.4984,19.8295],[80.4907,19.8254],[80.476,19.828],[80.4692,19.8247],[80.4595,19.8113],[80.4629,19.8058],[80.4748,19.8034],[80.4802,19.7954],[80.4826,19.7807],[80.4781,19.7724],[80.4668,19.7849],[80.4524,19.7929],[80.4427,19.7905],[80.4177,19.7971],[80.4001,19.7936],[80.3975,19.8162],[80.4173,19.8092],[80.4317,19.8103],[80.4603,19.828],[80.4686,19.8375],[80.475,19.8571],[80.4975,19.8687],[80.4969,19.8772],[80.4898,19.8937],[80.4827,19.8989],[80.4612,19.9034],[80.4444,19.8936],[80.4147,19.9029],[80.4027,19.9096],[80.4063,19.9325],[80.4251,19.9373],[80.4437,19.9527],[80.453,19.9452],[80.4645,19.9463],[80.4698,19.9337],[80.4805,19.9278],[80.5017,19.9248],[80.5204,19.9309],[80.526,19.9411],[80.5263,19.9486],[80.5338,19.953],[80.5324,19.9671],[80.5442,19.9815],[80.5435,19.9951],[80.5325,20.0039],[80.5416,20.0372],[80.5411,20.0482],[80.5462,20.0657],[80.5418,20.0767],[80.535,20.0854],[80.5413,20.1049],[80.5404,20.1098],[80.5288,20.1175],[80.5236,20.1245],[80.5036,20.1288],[80.498,20.1389],[80.4911,20.1415],[80.4829,20.1379],[80.4668,20.1427],[80.4513,20.1449],[80.4441,20.1303],[80.427,20.1302],[80.4015,20.1395],[80.3938,20.144],[80.3846,20.1585],[80.3905,20.1663],[80.3946,20.1816],[80.4134,20.1875],[80.412,20.2022],[80.398,20.2128],[80.383,20.2417],[80.3862,20.2446],[80.4196,20.2516],[80.4373,20.2585],[80.4565,20.2689],[80.4759,20.2737],[80.4945,20.2748],[80.5108,20.2696],[80.5358,20.2947],[80.542,20.3068],[80.5516,20.3115],[80.5842,20.3193],[80.6054,20.3202],[80.6167,20.3257],[80.6167,20.3376],[80.606,20.3564],[80.6022,20.3764],[80.5902,20.3843],[80.586,20.392],[80.5898,20.4128],[80.6034,20.4333],[80.5947,20.4464],[80.6033,20.4624],[80.61,20.532],[80.6134,20.5416],[80.6099,20.5563],[80.6197,20.5673],[80.6142,20.5769],[80.6175,20.581],[80.6129,20.5906],[80.6223,20.6039],[80.6026,20.6074],[80.5925,20.6131],[80.5787,20.6141],[80.559,20.61],[80.5514,20.5991],[80.5195,20.5847],[80.5001,20.5869],[80.4929,20.6041],[80.4816,20.6171],[80.4816,20.6298],[80.4896,20.6399],[80.5076,20.6546],[80.5189,20.6618],[80.5374,20.664],[80.5527,20.6731],[80.5668,20.6729],[80.5783,20.6788],[80.5793,20.69],[80.5749,20.6984],[80.5602,20.7118],[80.5559,20.7226],[80.5545,20.7472],[80.5455,20.7654],[80.5433,20.7918],[80.5508,20.8155],[80.5559,20.8197],[80.5504,20.8457],[80.5489,20.8681],[80.5498,20.8889],[80.5462,20.9031],[80.5352,20.9313],[80.5264,20.9321],[80.5106,20.9288],[80.4739,20.9274],[80.4591,20.9282],[80.4566,20.9372],[80.4488,20.9453],[80.4483,20.951],[80.4389,20.9716],[80.4381,20.9921],[80.4238,21.0096],[80.4452,21.0309],[80.4485,21.0496],[80.441,21.0704],[80.442,21.0806],[80.4352,21.099],[80.4395,21.1118],[80.4387,21.1214],[80.444,21.1306],[80.4539,21.1586],[80.4573,21.1728],[80.4749,21.1714],[80.4895,21.1776],[80.4955,21.1833],[80.5093,21.1835],[80.5116,21.1911],[80.5207,21.2035],[80.535,21.1996],[80.5506,21.2012],[80.5612,21.2058],[80.5718,21.2169],[80.5894,21.2247],[80.6034,21.2274],[80.6157,21.24],[80.6322,21.2473],[80.6387,21.2548],[80.6449,21.276],[80.6548,21.2895],[80.6609,21.2898],[80.673,21.2983],[80.6727,21.3113],[80.6565,21.3308],[80.6629,21.3373],[80.6715,21.3586],[80.6842,21.3726],[80.6917,21.3882],[80.6929,21.4015],[80.6993,21.4141],[80.6975,21.4272],[80.718,21.4454],[80.7262,21.4579],[80.7302,21.4721],[80.722,21.4956],[80.7246,21.5022],[80.7244,21.5162],[80.7307,21.5387],[80.7209,21.5507],[80.7135,21.5557],[80.7195,21.5715],[80.7096,21.5848],[80.7094,21.604],[80.7217,21.6172],[80.7191,21.6437],[80.7124,21.6461],[80.7074,21.6716],[80.7151,21.6787],[80.7237,21.6936],[80.7227,21.7145],[80.7263,21.731],[80.7401,21.7565],[80.7621,21.7579],[80.7738,21.7498],[80.7771,21.7409],[80.7827,21.7396],[80.8112,21.7475],[80.8116,21.764],[80.8182,21.776],[80.8211,21.787],[80.8317,21.8048],[80.8338,21.8202],[80.8377,21.8299],[80.8317,21.8462],[80.8412,21.8565],[80.837,21.8625],[80.8396,21.8754],[80.8254,21.8867],[80.8245,21.9084],[80.8359,21.9279],[80.8334,21.9466],[80.8234,21.9473],[80.8184,21.9568],[80.8434,21.9584],[80.8517,21.9751],[80.8593,22.0001],[80.8686,22.0112],[80.8689,22.0336],[80.8774,22.0507],[80.879,22.0606],[80.8912,22.066],[80.8948,22.0765],[80.8982,22.1013],[80.9061,22.1144],[80.9172,22.1209],[80.9389,22.119],[80.9505,22.113],[80.9655,22.082],[80.9634,22.0584],[80.9789,22.0483],[80.9878,22.0485],[80.9897,22.0565],[80.9992,22.0615],[81.0043,22.07],[80.9974,22.0809],[81.004,22.0945],[80.9903,22.1091],[80.9708,22.1147],[80.9734,22.1237],[80.9867,22.1309],[81.0158,22.1327],[81.0191,22.1653],[81.0117,22.184],[81.0251,22.1888],[81.0258,22.1977],[81.0158,22.2141],[81.0194,22.2292],[81.0489,22.2442],[81.0628,22.2469],[81.0726,22.2417],[81.0847,22.2467],[81.0918,22.2679],[81.0968,22.2775],[81.1138,22.2944],[81.1147,22.3126],[81.1093,22.3296],[81.1157,22.3441],[81.1069,22.3622],[81.1009,22.3832],[81.1047,22.4108],[81.1049,22.4328],[81.11,22.4411],[81.134,22.452],[81.1481,22.4559],[81.1578,22.4745],[81.1707,22.488],[81.1869,22.4892],[81.1926,22.4825],[81.1942,22.4621],[81.2021,22.4568],[81.2236,22.4516],[81.2404,22.4592],[81.2555,22.4725],[81.2562,22.4881],[81.2605,22.4936],[81.2802,22.4988],[81.304,22.4818],[81.3159,22.4897],[81.3148,22.5159],[81.3229,22.5243],[81.3319,22.5224],[81.3479,22.5141],[81.3618,22.5154],[81.3787,22.5053],[81.3807,22.4853],[81.3848,22.4778],[81.3831,22.4626],[81.3889,22.4448],[81.3966,22.4413],[81.4141,22.4485],[81.4206,22.4594],[81.4176,22.4736],[81.4318,22.4805],[81.436,22.4695],[81.4425,22.4662],[81.4462,22.4959],[81.4533,22.491],[81.4607,22.4944],[81.4799,22.4933],[81.4901,22.5084],[81.4932,22.5196],[81.5029,22.5268],[81.512,22.5235],[81.5154,22.5368],[81.528,22.5398],[81.5422,22.5299],[81.5569,22.5322],[81.5574,22.5469],[81.5631,22.551],[81.588,22.544],[81.5927,22.5377],[81.609,22.5364],[81.6219,22.5438],[81.6194,22.5586],[81.6236,22.5643],[81.6379,22.5621],[81.6487,22.569],[81.6494,22.5761],[81.6401,22.5865],[81.6414,22.6075],[81.6484,22.62],[81.6548,22.6216],[81.6565,22.632],[81.6632,22.6327],[81.6786,22.6489],[81.6989,22.6459],[81.7141,22.6556],[81.7229,22.6762],[81.7369,22.6691],[81.7405,22.6481],[81.7489,22.6461],[81.7627,22.6636],[81.766,22.6761],[81.7559,22.6977],[81.7466,22.7265],[81.7491,22.7332],[81.7625,22.7353],[81.764,22.7468],[81.7782,22.758],[81.7843,22.7666],[81.7744,22.7856],[81.7759,22.8001],[81.773,22.8092],[81.7616,22.8293],[81.7609,22.8343],[81.7693,22.8512],[81.7694,22.8735],[81.7958,22.8803],[81.8314,22.883],[81.8356,22.8865],[81.8563,22.8909],[81.8611,22.8939],[81.86,22.915],[81.8746,22.9133],[81.8865,22.9252],[81.9015,22.9331],[81.9139,22.9482],[81.9402,22.9571],[81.9426,22.9645],[81.9412,22.9849],[81.9384,22.9917],[81.9372,23.0095],[81.9268,23.0224],[81.9184,23.041],[81.9261,23.0622],[81.9379,23.0696],[81.9381,23.0778],[81.9526,23.0765],[81.9693,23.0794],[81.98,23.0855],[81.9925,23.0849],[82.0022,23.0784],[82.0283,23.0817],[82.0395,23.0915],[82.0477,23.1034],[82.0614,23.1159],[82.0671,23.1168],[82.0859,23.1093],[82.1016,23.1085],[82.1159,23.1038],[82.1283,23.1121],[82.1328,23.1316],[82.1511,23.1417],[82.1541,23.1511],[82.1514,23.1606],[82.1373,23.165],[82.1417,23.1747],[82.1375,23.1802],[82.1406,23.1981],[82.1467,23.2094],[82.1425,23.2277],[82.1537,23.246],[82.1665,23.2614],[82.1698,23.2702],[82.1842,23.2753],[82.1895,23.2846],[82.187,23.295],[82.1899,23.3035],[82.1875,23.3222],[82.179,23.3271],[82.1601,23.3322],[82.1513,23.3456],[82.1452,23.3492],[82.1378,23.3618],[82.1291,23.361],[82.1144,23.354],[82.1045,23.3632],[82.1052,23.3828],[82.0985,23.3977],[82.0851,23.3933],[82.08,23.3972],[82.0631,23.3925],[82.0568,23.3935],[82.0492,23.3787],[82.0371,23.3796],[82.0294,23.3876],[82.0232,23.3838],[82.0145,23.3879],[82.0143,23.3935],[82.0232,23.4102],[82.016,23.4235],[81.9995,23.4128],[81.9874,23.4195],[81.9789,23.4115],[81.9705,23.4239],[81.9751,23.4318],[81.9714,23.4475],[81.9612,23.4598],[81.9503,23.4661],[81.947,23.4755],[81.9489,23.4967],[81.9344,23.5056],[81.9164,23.5321],[81.9039,23.5351],[81.8962,23.5319],[81.8794,23.5184],[81.8622,23.5139],[81.8507,23.5165],[81.8272,23.5113],[81.8165,23.5149],[81.8101,23.5226],[81.811,23.5339],[81.8046,23.5458],[81.7976,23.5488],[81.763,23.5508],[81.7564,23.5525],[81.748,23.5654],[81.7407,23.5676],[81.7292,23.5651],[81.7192,23.5561],[81.7168,23.5483],[81.7064,23.5336],[81.6931,23.5233],[81.6672,23.5319],[81.6545,23.5316],[81.6536,23.5139],[81.6477,23.5024],[81.6352,23.4984],[81.6311,23.4917],[81.6172,23.4949],[81.6052,23.5109],[81.6067,23.545],[81.6023,23.5537],[81.5771,23.5549],[81.5704,23.5798],[81.5697,23.5886],[81.5802,23.5968],[81.5948,23.5955],[81.6027,23.6],[81.6011,23.6139],[81.6095,23.633],[81.6132,23.661],[81.635,23.659],[81.6431,23.6603],[81.648,23.668],[81.6495,23.6835],[81.6732,23.6934],[81.6873,23.7213],[81.6721,23.74],[81.6783,23.7489],[81.6693,23.7574],[81.6442,23.7681],[81.6384,23.7779],[81.6435,23.7918],[81.6426,23.8046],[81.6305,23.8308],[81.6257,23.8358],[81.6094,23.8358],[81.5984,23.8537],[81.5983,23.8642],[81.6062,23.864],[81.6149,23.8728],[81.6002,23.8834],[81.6076,23.9033],[81.6144,23.9083],[81.6292,23.9077],[81.6373,23.9136],[81.6517,23.9178],[81.6616,23.9256],[81.6677,23.9157],[81.6795,23.9076],[81.6824,23.8898],[81.6869,23.8849],[81.6974,23.886],[81.703,23.8729],[81.7027,23.8634],[81.7209,23.8608],[81.7269,23.841],[81.7726,23.8142],[81.7827,23.8118],[81.7934,23.8144],[81.8117,23.8095],[81.8316,23.8213],[81.8529,23.8243],[81.8621,23.8348],[81.8784,23.8379],[81.8941,23.8441],[81.9164,23.873],[81.9316,23.8679],[81.9323,23.8626],[81.9507,23.8529],[81.9839,23.862],[82.0007,23.8631],[82.0116,23.8523],[82.0285,23.8477],[82.0352,23.8426],[82.031,23.8319],[82.0454,23.8206],[82.072,23.8198],[82.078,23.8171],[82.1002,23.8201],[82.1088,23.8187],[82.1175,23.8231],[82.1341,23.8182],[82.1557,23.822],[82.1624,23.82],[82.1697,23.8247],[82.1725,23.8379],[82.1893,23.8437],[82.2039,23.853],[82.2069,23.844],[82.1993,23.8319],[82.2161,23.821],[82.2211,23.8101],[82.2315,23.8078],[82.2486,23.8198],[82.2553,23.8219],[82.2777,23.8171],[82.2976,23.8082],[82.3072,23.8112],[82.321,23.8087],[82.3282,23.8037],[82.3385,23.806],[82.347,23.8037],[82.3683,23.8111],[82.3882,23.8014],[82.4232,23.8061],[82.4364,23.8047],[82.449,23.8117],[82.4635,23.8108],[82.4827,23.7975],[82.4851,23.7884],[82.4967,23.785],[82.5162,23.7842],[82.5288,23.7913],[82.5445,23.7942],[82.5398,23.8118],[82.5274,23.8241],[82.5482,23.8269],[82.5612,23.8228],[82.5663,23.8247],[82.586,23.8229],[82.6059,23.8362],[82.6295,23.839],[82.6406,23.858],[82.652,23.8565],[82.6602,23.8703],[82.6573,23.8782],[82.6461,23.8887],[82.6547,23.9063],[82.6681,23.9076],[82.6819,23.9123],[82.6899,23.9204],[82.7019,23.9249],[82.7181,23.9214],[82.7433,23.9206],[82.7481,23.9223],[82.7538,23.9359],[82.7748,23.9386],[82.7903,23.9506],[82.7968,23.9614],[82.8078,23.9631],[82.8207,23.965],[82.8413,23.9501],[82.8489,23.9468],[82.863,23.9255],[82.8812,23.9103],[82.9061,23.8979],[82.9252,23.8907],[82.9306,23.882],[82.9388,23.8759],[82.9536,23.8728],[82.984,23.8796],[82.9923,23.8785],[83.0205,23.8827],[83.0364,23.8831],[83.061,23.8752],[83.0866,23.8782],[83.1274,23.89],[83.1344,23.8946],[83.1452,23.9099],[83.1556,23.9113],[83.1679,23.9179],[83.1896,23.9211],[83.1914,23.9326],[83.2018,23.9405],[83.2059,23.9538],[83.2112,23.9604],[83.2084,23.9728],[83.2156,23.9808],[83.216,23.9894],[83.2369,24.0014],[83.2354,24.0072],[83.247,24.0152],[83.2589,24.0116],[83.2761,24.0233],[83.28,24.0348],[83.2768,24.0457],[83.2842,24.0646],[83.2924,24.0772],[83.3111,24.0928],[83.3149,24.107],[83.3236,24.1013],[83.3457,24.0971],[83.3572,24.1017],[83.3833,24.0999],[83.3924,24.095],[83.4007,24.0818],[83.409,24.0805],[83.4254,24.0838],[83.4332,24.0547],[83.4476,24.0425],[83.479,24.0385],[83.5012,24.0307],[83.5096,24.0254],[83.5166,24.0106],[83.5075,24.0014],[83.5077,23.9795],[83.5124,23.967],[83.5226,23.9522],[83.5389,23.9335],[83.5373,23.9146],[83.5428,23.8982],[83.5494,23.8928],[83.5702,23.8904],[83.5762,23.8844],[83.573,23.8771],[83.5576,23.8695],[83.5612,23.863],[83.5812,23.8619],[83.6006,23.8535],[83.6115,23.8534],[83.63,23.8474],[83.6496,23.8481],[83.6562,23.8436],[83.6583,23.8278],[83.6722,23.8201],[83.682,23.8258],[83.6954,23.8207],[83.6956,23.8076],[83.7108,23.7895],[83.7124,23.7723],[83.7271,23.7599],[83.7294,23.7547],[83.7293,23.7318],[83.7347,23.7136],[83.7321,23.7047],[83.7226,23.6941],[83.7151,23.6902],[83.7147,23.6825],[83.7289,23.6674],[83.744,23.6591],[83.7521,23.649],[83.743,23.6405],[83.7478,23.6266],[83.7649,23.6215],[83.7678,23.6091],[83.7749,23.5995],[83.7861,23.5982],[83.8063,23.5823],[83.8109,23.5889],[83.8212,23.5849],[83.8462,23.5809],[83.8829,23.5728],[83.8901,23.5759],[83.8985,23.5712],[83.9147,23.5687],[83.9353,23.563],[83.9296,23.5937],[83.9315,23.6114],[83.9379,23.6224],[83.9627,23.6262],[83.9755,23.6308],[83.9927,23.6331],[84.007,23.6323],[84.0019,23.6204],[84.0126,23.6055],[84.0203,23.6002],[84.0241,23.5879],[84.0229,23.5746],[84.0251,23.5658],[84.0213,23.5499],[84.0227,23.5442],[84.0127,23.5208],[84.0123,23.5082],[84.0088,23.4996],[83.9972,23.4931],[83.9846,23.4756],[83.9791,23.4606],[83.9695,23.4554],[83.9697,23.4477],[83.9794,23.4267],[83.9762,23.4075],[83.9678,23.393],[83.9669,23.3742],[83.983,23.3596],[84.0065,23.3528],[84.0115,23.3634],[84.0207,23.3755],[84.0265,23.3769],[84.0434,23.374],[84.05,23.3519],[84.0605,23.3432],[84.0703,23.33],[84.06,23.3082],[84.0638,23.2922],[84.0601,23.2863],[84.0591,23.2741],[84.0505,23.2409],[84.054,23.2342],[84.0522,23.2212],[84.058,23.208],[84.0561,23.1964],[84.044,23.1846],[84.0338,23.1678],[84.0291,23.1539],[84.0337,23.1384],[84.0529,23.1245],[84.0589,23.1126],[84.0667,23.1071],[84.0879,23.1095],[84.1049,23.0992],[84.1124,23.0872],[84.1265,23.0851],[84.1309,23.0775],[84.1308,23.0634],[84.1259,23.0569],[84.1234,23.045],[84.1246,23.0307],[84.1373,23.0063],[84.1442,22.9882],[84.1436,22.9751],[84.148,22.9639],[84.1679,22.971],[84.1714,22.9771],[84.1686,22.995],[84.179,23.0226],[84.1899,23.0237],[84.1999,23.0151],[84.1968,23.0041],[84.212,22.9864],[84.2171,22.9765],[84.2374,22.9804],[84.2415,22.9729],[84.2509,22.9714],[84.2621,22.98],[84.2689,22.979],[84.2786,22.9612],[84.2893,22.9616],[84.3068,22.9675],[84.3182,22.9766],[84.3318,22.9791],[84.3436,22.9737],[84.3482,22.9759],[84.3705,22.9751],[84.3777,22.9617],[84.3778,22.9519],[84.3891,22.9387],[84.3896,22.9237],[84.3863,22.9168],[84.3709,22.9016],[84.3767,22.8977],[84.3782,22.8879],[84.376,22.8736],[84.3699,22.8645],[84.3579,22.8606],[84.3479,22.8632],[84.3422,22.8592],[84.3295,22.8596],[84.3203,22.8494],[84.3177,22.8172],[84.3125,22.8104],[84.31,22.799],[84.3035,22.7985],[84.2903,22.7872],[84.2853,22.7634],[84.274,22.7656],[84.2601,22.7649],[84.2254,22.7352],[84.2294,22.7052],[84.2277,22.698],[84.2322,22.6886],[84.2278,22.677],[84.2148,22.6646],[84.197,22.6638],[84.1804,22.6498],[84.1648,22.6453],[84.1499,22.6344],[84.1072,22.6367],[84.094,22.6326],[84.0804,22.6366],[84.0593,22.6074],[84.0481,22.5941],[84.0213,22.5872],[84.0178,22.5789],[84.0051,22.5696],[84.0042,22.5549],[83.9994,22.5395],[84.0049,22.5301],[84.0025,22.5209]]]},"properties":{"ID_0":105,"ISO":"IND","NAME_0":"India","ID_1":7,"NAME_1":"Chhattisgarh","NL_NAME_1":null,"VARNAME_1":null,"TYPE_1":"State","ENGTYPE_1":"State"}},{"type":"Feature","geometry":{"type":"Polygon","coordinates":[[[72.9905,20.2921],[73.0036,20.2931],[73.0173,20.2905],[73.0205,20.2909],[73.0218,20.2927],[73.0198,20.3174],[73.0247,20.3128],[73.0265,20.2941],[73.0373,20.2906],[73.0442,20.2911],[73.0476,20.3045],[73.0477,20.3166],[73.0551,20.3252],[73.0667,20.3261],[73.0753,20.3296],[73.0863,20.3261],[73.0974,20.3351],[73.1021,20.3585],[73.1054,20.3605],[73.1114,20.3561],[73.1143,20.3528],[73.118,20.3429],[73.122,20.3329],[73.1189,20.3262],[73.1157,20.304],[73.1343,20.3053],[73.1393,20.3096],[73.1473,20.3168],[73.1614,20.3172],[73.1707,20.3105],[73.1771,20.3123],[73.178,20.3107],[73.1771,20.3076],[73.1795,20.2899],[73.1668,20.2834],[73.1613,20.2918],[73.1582,20.2905],[73.1552,20.2854],[73.1536,20.277],[73.147,20.281],[73.1463,20.2805],[73.1426,20.2686],[73.1368,20.2605],[73.1246,20.2567],[73.1133,20.2442],[73.1085,20.2386],[73.1105,20.2321],[73.1019,20.2289],[73.0875,20.234],[73.0769,20.2298],[73.0704,20.2215],[73.0642,20.2032],[73.0666,20.1979],[73.0705,20.1974],[73.0744,20.1925],[73.0724,20.1635],[73.0755,20.1601],[73.0865,20.157],[73.0899,20.1704],[73.0979,20.1733],[73.0995,20.1726],[73.1018,20.1641],[73.1091,20.1592],[73.1168,20.1588],[73.1249,20.1567],[73.1261,20.1636],[73.1395,20.1731],[73.147,20.1711],[73.1524,20.1761],[73.1484,20.1855],[73.146,20.1874],[73.1422,20.2044],[73.1498,20.2056],[73.1528,20.2028],[73.1536,20.2022],[73.169,20.1997],[73.1802,20.2086],[73.1885,20.2006],[73.2044,20.1983],[73.2099,20.1974],[73.2292,20.1843],[73.2267,20.1764],[73.2178,20.1681],[73.1992,20.1616],[73.1953,20.1509],[73.196,20.1399],[73.2007,20.1297],[73.211,20.1236],[73.2163,20.122],[73.2177,20.1063],[73.2191,20.0975],[73.2139,20.0906],[73.198,20.0778],[73.1989,20.0623],[73.1859,20.0529],[73.1838,20.0523],[73.1754,20.0581],[73.1702,20.0656],[73.1633,20.0731],[73.1445,20.0779],[73.1367,20.0853],[73.1277,20.0782],[73.1231,20.0779],[73.1118,20.083],[73.1104,20.0846],[73.1052,20.0872],[73.0984,20.0937],[73.0883,20.0945],[73.0606,20.0991],[73.058,20.0967],[73.0592,20.0679],[73.0453,20.0718],[73.0318,20.0844],[73.0195,20.105],[73.0102,20.1104],[73.0167,20.1305],[73.0175,20.135],[73.0076,20.1325],[73.0077,20.1294],[73.0043,20.1179],[72.9853,20.1135],[72.9796,20.1253],[72.9732,20.1308],[72.986,20.1575],[72.986,20.1765],[72.9762,20.18],[72.9759,20.1896],[72.9704,20.2123],[72.9744,20.215],[72.9745,20.2258],[72.9653,20.2372],[72.9437,20.2449],[72.9238,20.2682],[72.9223,20.2744],[72.9246,20.2787],[72.9381,20.288],[72.9508,20.292],[72.9698,20.2747],[72.9801,20.2708],[72.9878,20.2747],[72.9905,20.2921]]]},"properties":{"ID_0":105,"ISO":"IND","NAME_0":"India","ID_1":8,"NAME_1":"Dadra and Nagar Haveli","NL_NAME_1":null,"VARNAME_1":"DAdra et Nagar Haveli|Dadra e Nagar Haveli","TYPE_1":"Union Territor","ENGTYPE_1":"Union Territory"}},{"type":"Feature","geometry":{"type":"MultiPolygon","coordinates":[[[[72.8659,20.4675],[72.8512,20.4549],[72.8386,20.4382],[72.8371,20.4223],[72.8406,20.4177],[72.844,20.4157],[72.8511,20.4123],[72.8689,20.4059],[72.8695,20.404],[72.8745,20.3935],[72.8755,20.3811],[72.8701,20.3912],[72.8608,20.4032],[72.8511,20.4082],[72.8425,20.3992],[72.8313,20.3687],[72.8215,20.3711],[72.8268,20.3857],[72.8293,20.4154],[72.8285,20.4337],[72.8326,20.4449],[72.8426,20.4579],[72.8659,20.4675]]],[[[70.8885,20.709],[70.8737,20.7098],[70.884,20.7138],[70.8885,20.709]]],[[[70.9485,20.7337],[70.9626,20.7294],[70.9754,20.7257],[70.9799,20.7204],[70.9976,20.714],[70.9774,20.7035],[70.9604,20.7065],[70.9554,20.7038],[70.9393,20.7071],[70.9346,20.711],[70.9176,20.7096],[70.9157,20.701],[70.8993,20.699],[70.8921,20.7082],[70.8997,20.7239],[70.9049,20.7265],[70.9297,20.7319],[70.9389,20.7365],[70.9485,20.7337]]],[[[70.768,20.962],[70.773,20.9612],[70.7793,20.967],[70.7935,20.9594],[70.8079,20.9644],[70.8166,20.96],[70.825,20.9604],[70.8328,20.9685],[70.846,20.9706],[70.8513,20.9631],[70.8621,20.9608],[70.8802,20.9554],[70.8897,20.9359],[70.9016,20.9033],[70.9002,20.8857],[70.8843,20.8732],[70.8652,20.8654],[70.8405,20.8578],[70.8197,20.8577],[70.8202,20.8492],[70.8362,20.8478],[70.8379,20.8366],[70.8503,20.8315],[70.873,20.835],[70.8906,20.8329],[70.8962,20.8248],[70.8972,20.8162],[70.8939,20.7947],[70.8765,20.7888],[70.8674,20.795],[70.8629,20.7818],[70.8672,20.7695],[70.8637,20.7637],[70.849,20.7656],[70.8436,20.7604],[70.8544,20.7535],[70.8546,20.7521],[70.8401,20.7303],[70.8466,20.7229],[70.8553,20.7249],[70.8704,20.7187],[70.8693,20.706],[70.8449,20.7074],[70.8274,20.6974],[70.8288,20.7093],[70.8154,20.7149],[70.806,20.7104],[70.8029,20.7018],[70.7937,20.711],[70.7738,20.7165],[70.7585,20.7226],[70.7438,20.7201],[70.6893,20.7476],[70.674,20.7582],[70.6768,20.7686],[70.6752,20.7705],[70.683,20.7841],[70.682,20.8011],[70.6763,20.8188],[70.679,20.844],[70.6845,20.851],[70.6942,20.883],[70.7176,20.9121],[70.7194,20.937],[70.7307,20.9601],[70.7386,20.9687],[70.7404,20.9768],[70.7338,20.9884],[70.7417,20.9901],[70.7465,20.989],[70.7555,20.9738],[70.768,20.962]]]]},"properties":{"ID_0":105,"ISO":"IND","NAME_0":"India","ID_1":9,"NAME_1":"Daman and Diu","NL_NAME_1":null,"VARNAME_1":null,"TYPE_1":"Union Territor","ENGTYPE_1":"Union Territory"}},{"type":"Feature","geometry":{"type":"Polygon","coordinates":[[[77.1944,28.8023],[77.1969,28.7953],[77.2085,28.7872],[77.2131,28.7864],[77.2247,28.7876],[77.2209,28.7779],[77.229,28.7724],[77.238,28.7592],[77.2459,28.7574],[77.2532,28.7528],[77.2562,28.7399],[77.2664,28.7393],[77.2711,28.7382],[77.2844,28.7239],[77.2837,28.719],[77.2929,28.7098],[77.2956,28.713],[77.3062,28.7177],[77.3172,28.7172],[77.3217,28.7118],[77.3209,28.6997],[77.3276,28.6918],[77.3254,28.6825],[77.3179,28.6793],[77.3176,28.6716],[77.3153,28.6514],[77.3112,28.6446],[77.3305,28.6314],[77.3371,28.6219],[77.3362,28.6089],[77.3278,28.6049],[77.3099,28.599],[77.2949,28.5824],[77.2936,28.5797],[77.2952,28.5612],[77.3031,28.5505],[77.3149,28.5415],[77.3305,28.5241],[77.3368,28.5157],[77.329,28.5083],[77.3149,28.4946],[77.3009,28.4901],[77.2781,28.4981],[77.2711,28.497],[77.254,28.4855],[77.2427,28.4846],[77.2324,28.4758],[77.2257,28.464],[77.2399,28.4536],[77.2433,28.4475],[77.2406,28.4289],[77.2153,28.4157],[77.1952,28.4125],[77.1795,28.4124],[77.1658,28.4085],[77.1543,28.4213],[77.1519,28.4283],[77.1424,28.4357],[77.1314,28.4387],[77.1183,28.4424],[77.1125,28.4502],[77.1015,28.4765],[77.1033,28.4831],[77.1077,28.4939],[77.0903,28.5055],[77.0725,28.5203],[77.057,28.5139],[77.0417,28.519],[77.0331,28.5283],[77.0196,28.5333],[77.0157,28.5333],[77.0061,28.5428],[77.0002,28.542],[76.9982,28.5322],[77.0114,28.5241],[77.0055,28.5144],[76.9765,28.5238],[76.9685,28.5276],[76.9446,28.5136],[76.9332,28.516],[76.9227,28.5193],[76.9085,28.5149],[76.8937,28.5161],[76.8794,28.5091],[76.8738,28.5144],[76.8795,28.524],[76.8592,28.5419],[76.8567,28.5478],[76.8376,28.557],[76.8329,28.5825],[76.835,28.5914],[76.8548,28.5924],[76.8609,28.6025],[76.8779,28.6376],[76.8937,28.6328],[76.9103,28.6378],[76.9237,28.6287],[76.926,28.6292],[76.9339,28.6376],[76.9182,28.6533],[76.9231,28.6692],[76.9297,28.6744],[76.9426,28.6751],[76.9473,28.6772],[76.95,28.6941],[76.9546,28.7054],[76.9413,28.717],[76.9507,28.7365],[76.9503,28.7467],[76.9382,28.7596],[76.9466,28.774],[76.9423,28.7878],[76.9431,28.7951],[76.9375,28.8035],[76.9423,28.8207],[76.9482,28.8177],[76.9558,28.82],[76.958,28.8303],[76.9737,28.8258],[76.9796,28.8367],[76.9835,28.8391],[77.0066,28.8353],[77.0315,28.8368],[77.0377,28.8528],[77.0498,28.8732],[77.0657,28.873],[77.0701,28.88],[77.0759,28.8845],[77.0834,28.8746],[77.0995,28.8724],[77.1097,28.8661],[77.1285,28.8654],[77.1356,28.8527],[77.1392,28.8417],[77.1507,28.8484],[77.1646,28.8606],[77.1836,28.8623],[77.1935,28.8654],[77.2048,28.8629],[77.2115,28.8549],[77.2106,28.8453],[77.2173,28.8353],[77.2136,28.8135],[77.1946,28.8154],[77.1944,28.8023]]]},"properties":{"ID_0":105,"ISO":"IND","NAME_0":"India","ID_1":10,"NAME_1":"Delhi","NL_NAME_1":null,"VARNAME_1":null,"TYPE_1":"Union Territor","ENGTYPE_1":"Union Territory"}},{"type":"Feature","geometry":{"type":"Polygon","coordinates":[[[74.126,15.6503],[74.1428,15.6471],[74.1632,15.6486],[74.1734,15.6521],[74.1754,15.6702],[74.1901,15.681],[74.1963,15.6649],[74.2115,15.661],[74.2132,15.649],[74.2241,15.6503],[74.2241,15.6589],[74.2316,15.6665],[74.2368,15.6619],[74.245,15.6656],[74.2553,15.6542],[74.2594,15.6245],[74.2675,15.617],[74.2652,15.5902],[74.2564,15.5826],[74.2543,15.5658],[74.2726,15.5543],[74.2829,15.5416],[74.2873,15.526],[74.2819,15.513],[74.2681,15.5059],[74.2572,15.4968],[74.2563,15.4895],[74.2726,15.4652],[74.2825,15.4431],[74.2827,15.4333],[74.2756,15.4239],[74.2774,15.4149],[74.2845,15.4015],[74.2826,15.3886],[74.29,15.3812],[74.3057,15.3805],[74.3284,15.3673],[74.3226,15.3573],[74.3284,15.3434],[74.3233,15.3296],[74.328,15.3133],[74.3417,15.2929],[74.3341,15.2829],[74.3184,15.2819],[74.3023,15.2859],[74.2891,15.2791],[74.283,15.2813],[74.2766,15.2744],[74.2679,15.2584],[74.2575,15.2576],[74.2635,15.2419],[74.2943,15.232],[74.3021,15.2281],[74.3116,15.2071],[74.3156,15.2032],[74.317,15.1911],[74.3219,15.1841],[74.3109,15.162],[74.2978,15.1463],[74.2896,15.1431],[74.2897,15.13],[74.2931,15.12],[74.2882,15.1056],[74.2811,15.1018],[74.2838,15.094],[74.2872,15.0694],[74.2953,15.0627],[74.295,15.0543],[74.3023,15.0399],[74.2891,15.0301],[74.2898,15.0216],[74.2819,15.0156],[74.271,14.9988],[74.2716,14.9977],[74.2617,14.9908],[74.2739,14.9752],[74.2666,14.9668],[74.2621,14.9576],[74.251,14.9608],[74.2439,14.9575],[74.2417,14.9465],[74.2247,14.9413],[74.2193,14.9314],[74.2118,14.9214],[74.2031,14.9274],[74.2042,14.9379],[74.1974,14.9433],[74.1866,14.9534],[74.1722,14.951],[74.1699,14.9473],[74.1697,14.9422],[74.166,14.9368],[74.1752,14.9162],[74.1754,14.9089],[74.1492,14.9185],[74.1457,14.9174],[74.1394,14.9205],[74.1334,14.9159],[74.132,14.9127],[74.1131,14.9112],[74.1042,14.9038],[74.0974,14.8957],[74.0826,14.9035],[74.0804,14.9099],[74.0651,14.9076],[74.0568,14.9146],[74.0429,14.9185],[74.0465,14.9343],[74.0432,14.9493],[74.0493,14.9574],[74.0432,14.9765],[74.0329,14.999],[74.021,15.0121],[74.0121,15.0124],[74.0026,15.0179],[73.9929,15.0182],[73.9854,15.0251],[73.9901,15.0335],[73.9832,15.0499],[73.9757,15.0504],[73.9668,15.066],[73.9535,15.0707],[73.9485,15.0754],[73.931,15.0785],[73.9293,15.0835],[73.9174,15.0893],[73.9262,15.0968],[73.9229,15.1101],[73.9357,15.1126],[73.9407,15.1196],[73.9365,15.1343],[73.9413,15.1354],[73.9482,15.1474],[73.931,15.2115],[73.929,15.224],[73.9093,15.2901],[73.9079,15.2915],[73.8949,15.3318],[73.8865,15.3504],[73.8735,15.3701],[73.854,15.3663],[73.8515,15.361],[73.8418,15.3601],[73.834,15.3696],[73.8251,15.3699],[73.8087,15.3765],[73.8074,15.3901],[73.8037,15.3949],[73.791,15.394],[73.7826,15.4124],[73.8004,15.4124],[73.8165,15.4043],[73.844,15.4087],[73.8454,15.3999],[73.8635,15.4024],[73.8826,15.3985],[73.8879,15.4076],[73.8965,15.4151],[73.8871,15.431],[73.8796,15.4327],[73.8615,15.4285],[73.8593,15.4421],[73.849,15.4521],[73.834,15.4507],[73.8135,15.4554],[73.8021,15.4515],[73.801,15.4607],[73.8068,15.4732],[73.8054,15.4949],[73.7885,15.4996],[73.7862,15.4926],[73.7676,15.491],[73.7671,15.4999],[73.7549,15.5457],[73.7479,15.5618],[73.7318,15.5893],[73.734,15.5943],[73.7312,15.6085],[73.7426,15.6046],[73.7518,15.6096],[73.7549,15.6174],[73.7454,15.6265],[73.7326,15.6176],[73.7226,15.6301],[73.7132,15.6563],[73.7113,15.6685],[73.7051,15.6762],[73.7029,15.6876],[73.6876,15.7201],[73.6801,15.7244],[73.6919,15.7269],[73.7066,15.7217],[73.7186,15.7216],[73.7276,15.7225],[73.741,15.7187],[73.7487,15.7306],[73.7582,15.7328],[73.7758,15.7305],[73.7865,15.7233],[73.7976,15.7251],[73.8028,15.7322],[73.8126,15.7335],[73.8204,15.7399],[73.833,15.7378],[73.8385,15.7488],[73.8388,15.7609],[73.8472,15.7661],[73.8496,15.776],[73.8655,15.7975],[73.8759,15.7932],[73.8751,15.7829],[73.8869,15.7703],[73.8802,15.7526],[73.8859,15.7473],[73.9086,15.7423],[73.9148,15.7455],[73.9242,15.7428],[73.9454,15.7415],[73.9508,15.7232],[73.9589,15.7113],[73.9572,15.6967],[73.9657,15.695],[73.9713,15.6873],[73.9716,15.6684],[73.9757,15.6598],[73.9693,15.6443],[73.976,15.6289],[73.9902,15.6206],[74.0024,15.6091],[74.0132,15.6093],[74.0279,15.6046],[74.0356,15.6093],[74.0393,15.6209],[74.0806,15.6262],[74.1024,15.639],[74.1228,15.6452],[74.126,15.6503]]]},"properties":{"ID_0":105,"ISO":"IND","NAME_0":"India","ID_1":11,"NAME_1":"Goa","NL_NAME_1":null,"VARNAME_1":"Ga","TYPE_1":"State","ENGTYPE_1":"State"}},{"type":"Feature","geometry":{"type":"MultiPolygon","coordinates":[[[[70.8704,20.7187],[70.8553,20.7249],[70.8466,20.7229],[70.8401,20.7303],[70.8546,20.7521],[70.864,20.7299],[70.8715,20.7257],[70.8704,20.7187]]],[[[71.6865,20.9965],[71.6757,20.9849],[71.6732,20.9918],[71.6865,20.9965]]],[[[72.6765,21.1557],[72.7032,21.1462],[72.7101,21.1376],[72.7049,21.1338],[72.6968,21.1187],[72.6985,21.1082],[72.6862,21.0907],[72.6757,21.1051],[72.6735,21.1204],[72.6668,21.1365],[72.6649,21.1485],[72.6765,21.1557]]],[[[72.3532,21.6135],[72.3629,21.6007],[72.3651,21.5879],[72.3579,21.5799],[72.3521,21.5857],[72.346,21.6018],[72.3465,21.6096],[72.3532,21.6135]]],[[[72.5957,21.639],[72.5954,21.6307],[72.6021,21.6196],[72.5904,21.6207],[72.5882,21.6324],[72.5957,21.639]]],[[[72.7226,21.666],[72.7299,21.6615],[72.746,21.6588],[72.751,21.6546],[72.746,21.6468],[72.7363,21.6438],[72.7218,21.6432],[72.7104,21.6599],[72.7226,21.666]]],[[[72.2743,21.7496],[72.2826,21.7346],[72.279,21.7188],[72.2676,21.7365],[72.2743,21.7496]]],[[[72.3549,21.9432],[72.3585,21.9307],[72.3476,21.9299],[72.3549,21.9432]]],[[[72.3707,22.2351],[72.371,22.214],[72.3635,22.2235],[72.3707,22.2351]]],[[[69.6276,22.4596],[69.6426,22.451],[69.6485,22.4371],[69.6543,22.4312],[69.6496,22.4218],[69.6365,22.4065],[69.6079,22.4176],[69.596,22.4246],[69.5882,22.4371],[69.594,22.4457],[69.6276,22.4596]]],[[[69.3021,22.474],[69.3187,22.4724],[69.3279,22.4635],[69.3204,22.451],[69.3012,22.4529],[69.2935,22.4604],[69.3021,22.474]]],[[[69.1368,22.4776],[69.1485,22.474],[69.1457,22.4624],[69.1232,22.4685],[69.111,22.464],[69.1038,22.4326],[69.0857,22.4304],[69.0951,22.4424],[69.0924,22.4557],[69.0985,22.4618],[69.1212,22.4724],[69.1368,22.4776]]],[[[69.3243,22.5276],[69.3432,22.5251],[69.3512,22.5265],[69.3632,22.5115],[69.3471,22.504],[69.3351,22.5076],[69.3157,22.5199],[69.3243,22.5276]]],[[[69.9521,22.5513],[69.9576,22.5451],[69.9538,22.5374],[69.9382,22.5396],[69.9429,22.551],[69.9521,22.5513]]],[[[69.9187,22.5532],[69.9318,22.5454],[69.9349,22.5335],[69.9415,22.5293],[69.9415,22.5179],[69.9307,22.5179],[69.9157,22.5118],[69.9035,22.5143],[69.8951,22.5124],[69.8846,22.5196],[69.8704,22.5221],[69.8674,22.531],[69.8938,22.5232],[69.8982,22.5287],[69.8999,22.5451],[69.9074,22.5515],[69.9187,22.5532]]],[[[70.009,22.5932],[70.0249,22.5862],[70.0271,22.5679],[70.0079,22.554],[69.9987,22.5532],[69.986,22.5465],[69.9751,22.5479],[69.9638,22.5454],[69.9571,22.5513],[69.9568,22.5607],[69.9665,22.5785],[69.9929,22.5846],[69.9962,22.5893],[70.009,22.5932]]],[[[70.4551,22.9957],[70.4529,22.9879],[70.4421,22.9799],[70.4343,22.9824],[70.4551,22.9957]]],[[[70.4415,23.0496],[70.4296,23.0346],[70.4185,23.0352],[70.429,23.0465],[70.4415,23.0496]]],[[[70.4485,23.0521],[70.4376,23.0207],[70.4246,22.9996],[70.4137,22.9898],[70.4104,22.9985],[70.4132,23.0165],[70.421,23.0274],[70.4299,23.0335],[70.4485,23.0521]]],[[[70.4824,23.0654],[70.4779,23.0568],[70.4646,23.0468],[70.4646,23.0563],[70.4824,23.0654]]],[[[68.5582,23.3138],[68.5646,23.3021],[68.5804,23.3018],[68.5818,23.3096],[68.5954,23.3004],[68.6071,23.2985],[68.6121,23.2915],[68.6104,23.2838],[68.6149,23.2738],[68.606,23.2682],[68.5921,23.2671],[68.5724,23.261],[68.5796,23.2524],[68.569,23.2501],[68.5404,23.2665],[68.5382,23.2712],[68.541,23.2851],[68.5576,23.2743],[68.5643,23.2785],[68.5535,23.2976],[68.5582,23.3138]]],[[[68.5885,23.319],[68.6054,23.3126],[68.616,23.3021],[68.6151,23.2976],[68.6004,23.3013],[68.5835,23.3146],[68.5885,23.319]]],[[[68.506,23.3424],[68.5193,23.3415],[68.5276,23.3371],[68.529,23.326],[68.5357,23.3165],[68.5115,23.3185],[68.5051,23.3271],[68.506,23.3424]]],[[[68.589,23.3743],[68.5999,23.3582],[68.6165,23.3471],[68.6204,23.3368],[68.6162,23.3329],[68.6015,23.3401],[68.5943,23.3388],[68.5765,23.3635],[68.5707,23.3738],[68.589,23.3743]]],[[[68.5374,23.4049],[68.5549,23.3971],[68.5532,23.3915],[68.5668,23.3765],[68.5587,23.3626],[68.5526,23.3851],[68.5462,23.3968],[68.5387,23.3968],[68.5374,23.4049]]],[[[68.5068,23.4565],[68.519,23.449],[68.5207,23.4368],[68.5043,23.431],[68.5029,23.4479],[68.5068,23.4565]]],[[[68.4729,23.4804],[68.4868,23.4732],[68.4874,23.4662],[68.4946,23.4574],[68.4904,23.4446],[68.4899,23.4274],[68.4854,23.4046],[68.4668,23.406],[68.4646,23.4215],[68.4596,23.4329],[68.4618,23.4535],[68.4493,23.4499],[68.4349,23.4332],[68.4201,23.4335],[68.4137,23.4301],[68.4121,23.4435],[68.4251,23.4468],[68.4351,23.4412],[68.4376,23.454],[68.444,23.4665],[68.4571,23.471],[68.4604,23.4774],[68.4729,23.4804]]],[[[68.4985,23.489],[68.4976,23.4799],[68.4882,23.4735],[68.4824,23.4782],[68.4871,23.4857],[68.4985,23.489]]],[[[68.4665,23.4979],[68.4729,23.4871],[68.471,23.4804],[68.4596,23.4796],[68.4587,23.4874],[68.4665,23.4979]]],[[[68.4807,23.5013],[68.4868,23.4862],[68.4812,23.4779],[68.474,23.481],[68.4735,23.4963],[68.4807,23.5013]]],[[[68.4793,23.5554],[68.4799,23.546],[68.4749,23.5382],[68.4626,23.5349],[68.4571,23.5421],[68.4793,23.5554]]],[[[68.4821,23.5968],[68.4854,23.5918],[68.4854,23.5751],[68.4735,23.5629],[68.4662,23.5515],[68.4543,23.5457],[68.4421,23.5349],[68.4376,23.5232],[68.4299,23.5326],[68.4301,23.5429],[68.4343,23.5546],[68.4421,23.5635],[68.451,23.5651],[68.4557,23.5724],[68.4649,23.579],[68.4624,23.5815],[68.4679,23.5915],[68.4735,23.5932],[68.4785,23.5899],[68.4807,23.5907],[68.4821,23.5968]]],[[[68.4585,23.6004],[68.4674,23.5915],[68.4615,23.5835],[68.4624,23.5774],[68.4512,23.5732],[68.4571,23.5876],[68.4524,23.5954],[68.4585,23.6004]]],[[[68.4563,23.6249],[68.4649,23.6229],[68.4665,23.6021],[68.4549,23.6043],[68.4482,23.5999],[68.4457,23.5885],[68.4388,23.5893],[68.441,23.6035],[68.4346,23.6157],[68.4563,23.6249]]],[[[68.4846,23.6279],[68.4904,23.6243],[68.4893,23.6143],[68.4912,23.6079],[68.4785,23.6063],[68.4779,23.6001],[68.4796,23.5979],[68.4796,23.5907],[68.4735,23.594],[68.4674,23.5935],[68.4699,23.6168],[68.4796,23.6201],[68.4846,23.6279]]],[[[68.4674,23.7399],[68.4874,23.7307],[68.4671,23.7285],[68.4593,23.7249],[68.4587,23.7368],[68.4674,23.7399]]],[[[68.3585,23.8051],[68.3771,23.7918],[68.3979,23.7849],[68.4074,23.7876],[68.4118,23.7935],[68.426,23.796],[68.4246,23.7771],[68.4193,23.7699],[68.4157,23.7535],[68.4185,23.7288],[68.4132,23.7104],[68.4079,23.7021],[68.4063,23.6921],[68.3907,23.6549],[68.3812,23.644],[68.3754,23.6432],[68.3704,23.6338],[68.3587,23.6276],[68.3532,23.6168],[68.3512,23.6049],[68.3468,23.5982],[68.3304,23.589],[68.3065,23.5865],[68.2949,23.5788],[68.2807,23.5824],[68.2743,23.5938],[68.2862,23.6051],[68.2843,23.6107],[68.2696,23.6129],[68.264,23.6024],[68.2546,23.6007],[68.2454,23.604],[68.2432,23.5938],[68.2307,23.589],[68.2198,23.5912],[68.2151,23.601],[68.1954,23.6038],[68.1874,23.611],[68.1882,23.6285],[68.2046,23.6476],[68.2074,23.6418],[68.2376,23.6468],[68.2532,23.6468],[68.2693,23.6499],[68.2813,23.6699],[68.2924,23.6785],[68.3065,23.6935],[68.3124,23.7024],[68.3146,23.7143],[68.321,23.7199],[68.3346,23.7251],[68.339,23.7329],[68.339,23.7515],[68.3349,23.7588],[68.349,23.7824],[68.3496,23.7965],[68.3585,23.8051]]],[[[68.3079,23.8237],[68.3126,23.8215],[68.3218,23.8032],[68.3154,23.7893],[68.3154,23.7646],[68.3243,23.7343],[68.2999,23.7285],[68.2857,23.714],[68.2676,23.7049],[68.2574,23.716],[68.2654,23.7268],[68.2635,23.7385],[68.2688,23.7515],[68.2643,23.7599],[68.2715,23.7799],[68.2735,23.7926],[68.2779,23.7968],[68.2976,23.8037],[68.2946,23.8193],[68.3079,23.8237]]],[[[68.4965,23.831],[68.5085,23.8257],[68.5229,23.8037],[68.5124,23.7887],[68.5157,23.7793],[68.5221,23.7751],[68.5171,23.7551],[68.4999,23.7429],[68.4876,23.7371],[68.4882,23.7485],[68.4835,23.7526],[68.4768,23.7407],[68.4646,23.7435],[68.4479,23.7413],[68.4371,23.7432],[68.4563,23.774],[68.4546,23.786],[68.4496,23.7907],[68.4476,23.806],[68.4576,23.8174],[68.4707,23.8196],[68.4899,23.8304],[68.4965,23.831]]],[[[68.3957,23.8782],[68.4168,23.8707],[68.4246,23.8649],[68.4246,23.8554],[68.4385,23.8393],[68.4388,23.8343],[68.4285,23.8199],[68.4249,23.8101],[68.4001,23.7896],[68.3788,23.7954],[68.3696,23.8096],[68.3538,23.8107],[68.3357,23.7979],[68.326,23.799],[68.3468,23.8182],[68.3479,23.8246],[68.3426,23.8365],[68.3571,23.8496],[68.3737,23.8596],[68.3768,23.8729],[68.3957,23.8782]]],[[[68.2482,23.8804],[68.2549,23.8738],[68.251,23.8621],[68.2376,23.851],[68.2335,23.8424],[68.216,23.8476],[68.2168,23.8676],[68.2482,23.8804]]],[[[68.4493,23.9385],[68.456,23.9343],[68.4529,23.9232],[68.4485,23.8929],[68.4521,23.8818],[68.4457,23.879],[68.4424,23.8707],[68.4274,23.8651],[68.4171,23.8724],[68.3957,23.8796],[68.3785,23.8763],[68.3729,23.8687],[68.3724,23.8596],[68.3499,23.8463],[68.3557,23.8599],[68.3562,23.8763],[68.3504,23.8913],[68.356,23.9029],[68.3679,23.9065],[68.3863,23.9063],[68.4051,23.9124],[68.4201,23.921],[68.4274,23.9335],[68.441,23.9346],[68.4493,23.9385]]],[[[68.5354,23.946],[68.5424,23.9338],[68.5571,23.9318],[68.559,23.9285],[68.5585,23.9232],[68.5615,23.9226],[68.5796,23.9235],[68.5879,23.9215],[68.5657,23.9013],[68.5646,23.8938],[68.5493,23.8757],[68.5393,23.8685],[68.5326,23.8763],[68.5207,23.8568],[68.504,23.8657],[68.4904,23.8674],[68.4868,23.891],[68.5135,23.9032],[68.5304,23.9171],[68.5313,23.9332],[68.5254,23.9407],[68.5354,23.946]]],[[[68.4821,23.9926],[68.4865,23.9921],[68.5018,23.9726],[68.4957,23.9596],[68.5026,23.946],[68.5174,23.9421],[68.5185,23.9243],[68.5054,23.9096],[68.4854,23.899],[68.4804,23.8904],[68.4729,23.8629],[68.4638,23.8604],[68.444,23.8485],[68.4313,23.8532],[68.4282,23.8618],[68.4393,23.8663],[68.4446,23.871],[68.4454,23.8763],[68.4538,23.8818],[68.4507,23.8943],[68.4529,23.8993],[68.4557,23.9288],[68.4607,23.9335],[68.4476,23.9396],[68.4418,23.9363],[68.4282,23.9379],[68.4368,23.9574],[68.4412,23.9621],[68.4476,23.9807],[68.4632,23.9921],[68.4821,23.9926]]],[[[68.4301,23.9954],[68.4368,23.9876],[68.4321,23.9596],[68.4257,23.9529],[68.4187,23.934],[68.4026,23.9207],[68.3838,23.9151],[68.3635,23.9137],[68.3504,23.9085],[68.3449,23.9013],[68.3424,23.8899],[68.3485,23.876],[68.3474,23.8596],[68.3363,23.8388],[68.3376,23.8193],[68.3196,23.8082],[68.3146,23.824],[68.3063,23.8251],[68.294,23.8207],[68.2957,23.8043],[68.2743,23.7974],[68.2621,23.7601],[68.2657,23.7457],[68.261,23.7376],[68.261,23.7254],[68.2543,23.7188],[68.2554,23.7118],[68.2671,23.6957],[68.2649,23.6882],[68.256,23.6796],[68.2385,23.681],[68.2268,23.6901],[68.2285,23.7007],[68.2199,23.6996],[68.2076,23.7068],[68.2004,23.7213],[68.1926,23.731],[68.2057,23.7549],[68.219,23.7546],[68.226,23.7626],[68.2246,23.7743],[68.2179,23.7813],[68.2093,23.811],[68.2107,23.8282],[68.216,23.8363],[68.2346,23.836],[68.2412,23.8496],[68.2543,23.8587],[68.2593,23.8718],[68.2585,23.8804],[68.2754,23.8985],[68.2785,23.9129],[68.2835,23.9204],[68.2971,23.921],[68.3262,23.9143],[68.3424,23.9246],[68.3465,23.9374],[68.3449,23.9535],[68.3476,23.9629],[68.3596,23.9774],[68.3743,23.9843],[68.3874,23.9649],[68.3999,23.9676],[68.4137,23.9815],[68.4199,23.9907],[68.4301,23.9954]]],[[[74.3228,23.0627],[74.3277,23.0427],[74.3492,23.0302],[74.3507,23.0155],[74.3554,23.0031],[74.3708,22.9801],[74.3571,22.9772],[74.3416,22.9647],[74.3479,22.9534],[74.36,22.9422],[74.362,22.9331],[74.3745,22.9226],[74.3816,22.9099],[74.4004,22.8994],[74.4082,22.9043],[74.4187,22.9184],[74.4319,22.9226],[74.4386,22.9177],[74.4515,22.924],[74.4628,22.9135],[74.4664,22.8945],[74.4789,22.8586],[74.4719,22.8327],[74.4649,22.8151],[74.4595,22.8123],[74.4392,22.8094],[74.4392,22.7856],[74.4252,22.7602],[74.4206,22.7574],[74.4144,22.7448],[74.4031,22.7307],[74.4008,22.7068],[74.3969,22.6921],[74.3849,22.6696],[74.3842,22.6436],[74.3811,22.6386],[74.364,22.6365],[74.3441,22.6421],[74.3281,22.6442],[74.3254,22.6386],[74.2946,22.6414],[74.2782,22.6477],[74.2736,22.6406],[74.2654,22.6448],[74.2564,22.6357],[74.2576,22.6244],[74.2499,22.623],[74.2437,22.6139],[74.2367,22.6139],[74.2262,22.585],[74.2185,22.5815],[74.2138,22.5674],[74.1994,22.5702],[74.1917,22.5534],[74.1727,22.5449],[74.1575,22.5322],[74.1533,22.5174],[74.1276,22.5244],[74.1221,22.5356],[74.1135,22.5412],[74.1058,22.5377],[74.0843,22.5496],[74.0667,22.5509],[74.0446,22.5421],[74.0408,22.5302],[74.0436,22.5168],[74.0347,22.5084],[74.0371,22.4915],[74.0546,22.5014],[74.0588,22.5105],[74.0853,22.5085],[74.0896,22.4889],[74.0803,22.486],[74.0781,22.4656],[74.1002,22.4692],[74.1061,22.4622],[74.1007,22.4453],[74.1051,22.4334],[74.123,22.4208],[74.1304,22.4215],[74.1311,22.4363],[74.1407,22.4539],[74.1563,22.4567],[74.156,22.4399],[74.1611,22.4322],[74.1708,22.4336],[74.1727,22.442],[74.1867,22.4442],[74.1827,22.4645],[74.1908,22.4779],[74.2025,22.4723],[74.2045,22.4667],[74.2046,22.4372],[74.2163,22.4344],[74.2236,22.44],[74.2373,22.4393],[74.254,22.4331],[74.2641,22.4246],[74.27,22.4148],[74.2712,22.405],[74.2942,22.3945],[74.2911,22.3917],[74.2739,22.393],[74.258,22.4],[74.2561,22.386],[74.246,22.3832],[74.2402,22.3768],[74.2309,22.3796],[74.2274,22.3726],[74.227,22.3585],[74.2166,22.3578],[74.2068,22.3676],[74.2053,22.3479],[74.1983,22.343],[74.1957,22.3254],[74.1911,22.3219],[74.1343,22.3323],[74.1291,22.3527],[74.1171,22.3576],[74.112,22.3716],[74.0999,22.373],[74.0953,22.3624],[74.077,22.3624],[74.072,22.3602],[74.0716,22.349],[74.076,22.3413],[74.0683,22.3307],[74.0664,22.3054],[74.0591,22.3054],[74.0592,22.2857],[74.0646,22.2759],[74.0783,22.2682],[74.0807,22.25],[74.0892,22.2472],[74.0893,22.2402],[74.0784,22.2374],[74.0734,22.2296],[74.0758,22.2219],[74.1138,22.2192],[74.1228,22.2129],[74.1221,22.1876],[74.1265,22.1665],[74.135,22.1616],[74.1336,22.1462],[74.1266,22.1321],[74.1313,22.1244],[74.1291,22.1083],[74.1326,22.0963],[74.1547,22.1055],[74.1702,22.1013],[74.1807,22.0866],[74.1676,22.0824],[74.1618,22.0711],[74.163,22.0606],[74.1378,22.0535],[74.144,22.0479],[74.141,22.0409],[74.1251,22.0359],[74.1166,22.0246],[74.1012,22.0183],[74.1003,22.0016],[74.1169,21.9986],[74.1277,21.9938],[74.142,21.9912],[74.1538,21.9864],[74.1532,21.9756],[74.1434,21.9699],[74.1489,21.9607],[74.146,21.9541],[74.1382,21.9534],[74.1136,21.9447],[74.0987,21.9376],[74.0467,21.9228],[74.023,21.906],[74.0049,21.8994],[73.9797,21.8875],[73.9608,21.876],[73.9219,21.8566],[73.8995,21.8545],[73.8796,21.8386],[73.8637,21.8367],[73.8415,21.8385],[73.8279,21.8349],[73.8105,21.8233],[73.8136,21.8101],[73.8276,21.8119],[73.8389,21.8002],[73.8357,21.7935],[73.8429,21.7721],[73.8312,21.7629],[73.8464,21.742],[73.8651,21.7294],[73.8712,21.7219],[73.8902,21.7106],[73.8964,21.7003],[73.8981,21.6673],[73.8944,21.6571],[73.8856,21.6451],[73.8703,21.6388],[73.8603,21.6418],[73.8452,21.6332],[73.829,21.6398],[73.8001,21.6346],[73.7876,21.625],[73.7906,21.6185],[73.8068,21.6024],[73.8185,21.6023],[73.8245,21.5983],[73.8338,21.5535],[73.8499,21.511],[73.8608,21.4958],[73.8866,21.5047],[73.8971,21.506],[73.91,21.5133],[73.9105,21.5202],[73.9376,21.5207],[73.9394,21.5101],[73.9611,21.5193],[73.9628,21.5379],[73.9699,21.5386],[73.9745,21.5241],[73.9875,21.5224],[73.9825,21.5357],[73.9835,21.542],[74.0053,21.5408],[74.0256,21.5526],[74.0471,21.5497],[74.0682,21.5594],[74.0887,21.5566],[74.1136,21.5581],[74.1192,21.5559],[74.1361,21.5567],[74.1417,21.5506],[74.1537,21.5514],[74.1621,21.5593],[74.1738,21.5615],[74.1863,21.5596],[74.1901,21.549],[74.198,21.5394],[74.2003,21.5303],[74.2069,21.5298],[74.2167,21.5367],[74.226,21.5376],[74.2381,21.5501],[74.2473,21.5452],[74.2558,21.5361],[74.2716,21.5364],[74.275,21.5455],[74.2824,21.5491],[74.2917,21.5588],[74.3035,21.5598],[74.3118,21.5651],[74.3148,21.5447],[74.3216,21.5413],[74.3355,21.5402],[74.3334,21.5198],[74.3277,21.4958],[74.3134,21.4896],[74.3078,21.4801],[74.2722,21.4756],[74.265,21.4728],[74.2632,21.4657],[74.2517,21.4629],[74.2443,21.4649],[74.2387,21.4784],[74.223,21.4755],[74.2226,21.459],[74.2009,21.4597],[74.1855,21.467],[74.1783,21.4609],[74.1693,21.4634],[74.1605,21.4534],[74.1466,21.4543],[74.1408,21.4625],[74.1289,21.4635],[74.1226,21.46],[74.1208,21.4497],[74.111,21.4481],[74.1037,21.4539],[74.08,21.4572],[74.0762,21.4722],[74.0689,21.4811],[74.0572,21.4557],[74.0516,21.4263],[74.0468,21.4185],[74.0349,21.4198],[74.0095,21.4134],[73.9888,21.4045],[73.9816,21.3973],[73.9687,21.3921],[73.9619,21.3931],[73.9555,21.4025],[73.9553,21.3743],[73.957,21.3445],[73.952,21.3306],[73.9485,21.2976],[73.9336,21.2853],[73.9235,21.281],[73.892,21.2624],[73.8843,21.2626],[73.8584,21.27],[73.8321,21.2675],[73.8363,21.2423],[73.8201,21.2219],[73.8188,21.2039],[73.8213,21.1953],[73.8359,21.1952],[73.8225,21.1719],[73.8121,21.1721],[73.7963,21.1817],[73.7898,21.1687],[73.7797,21.1646],[73.7531,21.1682],[73.7416,21.1671],[73.7408,21.1604],[73.748,21.1515],[73.7367,21.1383],[73.7224,21.1392],[73.7152,21.1431],[73.7132,21.1505],[73.6813,21.1521],[73.6715,21.1451],[73.6364,21.1327],[73.6375,21.1531],[73.6197,21.1579],[73.6147,21.1635],[73.6132,21.1761],[73.6069,21.1785],[73.5883,21.1679],[73.5888,21.1542],[73.6115,21.1545],[73.6142,21.147],[73.6236,21.138],[73.6287,21.1201],[73.6455,21.123],[73.6577,21.121],[73.6599,21.1084],[73.6789,21.1093],[73.6934,21.101],[73.709,21.1123],[73.7148,21.1072],[73.7358,21.1032],[73.7441,21.0817],[73.7408,21.0729],[73.7437,21.0642],[73.7422,21.0555],[73.7476,21.04],[73.7661,21.0401],[73.7756,21.0276],[73.7694,21.0145],[73.7749,21.0105],[73.7847,21.0196],[73.8077,21.0226],[73.8164,20.9961],[73.8468,20.994],[73.8501,21.0014],[73.8792,20.9865],[73.8986,20.9822],[73.9064,20.9832],[73.914,20.97],[73.9112,20.9624],[73.9018,20.9617],[73.8951,20.9465],[73.8963,20.933],[73.9168,20.9151],[73.9273,20.8991],[73.931,20.8859],[73.9297,20.8689],[73.9311,20.8484],[73.9451,20.8401],[73.9476,20.8294],[73.9463,20.8187],[73.9402,20.8089],[73.9381,20.7897],[73.9406,20.7689],[73.9472,20.7608],[73.9495,20.7423],[73.936,20.7315],[73.9276,20.7304],[73.9209,20.7235],[73.9088,20.7252],[73.9038,20.7306],[73.8889,20.7311],[73.8773,20.7213],[73.8736,20.7077],[73.8636,20.6943],[73.8428,20.7021],[73.8226,20.6938],[73.8254,20.6736],[73.8415,20.6751],[73.8471,20.6564],[73.8431,20.6444],[73.8464,20.6235],[73.8383,20.6158],[73.8254,20.614],[73.806,20.6015],[73.8024,20.6058],[73.7871,20.6023],[73.78,20.5919],[73.7639,20.5833],[73.7482,20.5674],[73.7377,20.574],[73.7199,20.5763],[73.7096,20.5745],[73.701,20.5784],[73.6855,20.5717],[73.6762,20.5642],[73.6658,20.5628],[73.6509,20.5764],[73.6368,20.5793],[73.6295,20.6123],[73.6222,20.6253],[73.6073,20.6363],[73.5912,20.6451],[73.5742,20.6511],[73.5629,20.6474],[73.5537,20.6553],[73.5448,20.6692],[73.5384,20.6739],[73.5304,20.6731],[73.5252,20.6671],[73.5123,20.663],[73.4984,20.6534],[73.4874,20.6756],[73.4973,20.686],[73.4826,20.7172],[73.4752,20.7217],[73.4587,20.7143],[73.4473,20.7011],[73.4565,20.6934],[73.4545,20.6861],[73.4436,20.678],[73.4399,20.6648],[73.4304,20.6609],[73.4192,20.6605],[73.4036,20.6524],[73.4027,20.6426],[73.4113,20.6386],[73.418,20.6305],[73.4276,20.6245],[73.4338,20.6147],[73.4404,20.5951],[73.4548,20.5946],[73.4808,20.5836],[73.4858,20.5641],[73.4818,20.5434],[73.5007,20.5402],[73.4847,20.5257],[73.4769,20.522],[73.4723,20.514],[73.4759,20.495],[73.4698,20.4923],[73.4611,20.4781],[73.449,20.4667],[73.4379,20.4457],[73.4308,20.4288],[73.4297,20.4144],[73.4229,20.4143],[73.4088,20.4042],[73.4076,20.3963],[73.3977,20.3992],[73.3913,20.3902],[73.3916,20.3729],[73.3981,20.3747],[73.4077,20.3839],[73.4148,20.3816],[73.4254,20.3377],[73.4253,20.3207],[73.4308,20.298],[73.4369,20.2821],[73.4246,20.2768],[73.4204,20.257],[73.4224,20.2318],[73.4303,20.2123],[73.4268,20.2016],[73.4092,20.2005],[73.3981,20.196],[73.3953,20.2092],[73.3759,20.195],[73.3669,20.1963],[73.3618,20.212],[73.3529,20.1985],[73.3364,20.2041],[73.3279,20.2025],[73.3111,20.2072],[73.2941,20.1939],[73.2907,20.1744],[73.2936,20.1539],[73.2835,20.1458],[73.2685,20.1393],[73.2628,20.128],[73.2367,20.1297],[73.2267,20.1226],[73.2163,20.122],[73.211,20.1236],[73.2007,20.1297],[73.196,20.1399],[73.1953,20.1509],[73.1992,20.1616],[73.2178,20.1681],[73.2267,20.1764],[73.2292,20.1843],[73.2099,20.1974],[73.2044,20.1983],[73.1885,20.2006],[73.1802,20.2086],[73.169,20.1997],[73.1536,20.2022],[73.1528,20.2028],[73.1498,20.2056],[73.1422,20.2044],[73.146,20.1874],[73.1484,20.1855],[73.1524,20.1761],[73.147,20.1711],[73.1395,20.1731],[73.1261,20.1636],[73.1249,20.1567],[73.1168,20.1588],[73.1091,20.1592],[73.1018,20.1641],[73.0995,20.1726],[73.0979,20.1733],[73.0899,20.1704],[73.0865,20.157],[73.0755,20.1601],[73.0724,20.1635],[73.0744,20.1925],[73.0705,20.1974],[73.0666,20.1979],[73.0642,20.2032],[73.0704,20.2215],[73.0769,20.2298],[73.0875,20.234],[73.1019,20.2289],[73.1105,20.2321],[73.1085,20.2386],[73.1133,20.2442],[73.1246,20.2567],[73.1368,20.2605],[73.1426,20.2686],[73.1463,20.2805],[73.147,20.281],[73.1536,20.277],[73.1552,20.2854],[73.1582,20.2905],[73.1613,20.2918],[73.1668,20.2834],[73.1795,20.2899],[73.1771,20.3076],[73.178,20.3107],[73.1771,20.3123],[73.1707,20.3105],[73.1614,20.3172],[73.1473,20.3168],[73.1393,20.3096],[73.1343,20.3053],[73.1157,20.304],[73.1189,20.3262],[73.122,20.3329],[73.118,20.3429],[73.1143,20.3528],[73.1114,20.3561],[73.1054,20.3605],[73.1021,20.3585],[73.0974,20.3351],[73.0863,20.3261],[73.0753,20.3296],[73.0667,20.3261],[73.0551,20.3252],[73.0477,20.3166],[73.0476,20.3045],[73.0442,20.2911],[73.0373,20.2906],[73.0265,20.2941],[73.0247,20.3128],[73.0198,20.3174],[73.0218,20.2927],[73.0205,20.2909],[73.0173,20.2905],[73.0036,20.2931],[72.9905,20.2921],[72.9878,20.2747],[72.9801,20.2708],[72.9698,20.2747],[72.9508,20.292],[72.9381,20.288],[72.9246,20.2787],[72.9223,20.2744],[72.9238,20.2682],[72.9437,20.2449],[72.9653,20.2372],[72.9745,20.2258],[72.9744,20.215],[72.9704,20.2123],[72.9418,20.2178],[72.9284,20.2234],[72.9054,20.2262],[72.8998,20.2217],[72.8843,20.2266],[72.8719,20.2226],[72.872,20.2082],[72.8503,20.2079],[72.8441,20.1978],[72.8435,20.19],[72.8336,20.1836],[72.8288,20.1566],[72.8323,20.144],[72.8159,20.1533],[72.8021,20.1485],[72.8018,20.125],[72.7876,20.1301],[72.7618,20.1315],[72.7376,20.1365],[72.7432,20.1724],[72.7426,20.1829],[72.7465,20.1996],[72.7454,20.2313],[72.741,20.2446],[72.7499,20.2554],[72.754,20.271],[72.7557,20.2921],[72.7626,20.2999],[72.7746,20.3038],[72.7757,20.3335],[72.789,20.3499],[72.8074,20.3524],[72.8176,20.3615],[72.8215,20.3711],[72.8313,20.3687],[72.8425,20.3992],[72.8511,20.4082],[72.8608,20.4032],[72.8701,20.3912],[72.8755,20.3811],[72.8745,20.3935],[72.8695,20.404],[72.8689,20.4059],[72.8511,20.4123],[72.844,20.4157],[72.8406,20.4177],[72.8371,20.4223],[72.8386,20.4382],[72.8512,20.4549],[72.8659,20.4675],[72.8618,20.4785],[72.8724,20.494],[72.8838,20.4982],[72.8876,20.5146],[72.8865,20.5285],[72.8907,20.5343],[72.8851,20.5407],[72.886,20.5504],[72.8976,20.5743],[72.8976,20.5871],[72.8882,20.6249],[72.8868,20.6415],[72.8821,20.6421],[72.8746,20.6535],[72.8668,20.6843],[72.8549,20.721],[72.8521,20.734],[72.8574,20.7388],[72.8696,20.7332],[72.8812,20.7382],[72.8701,20.7463],[72.8568,20.766],[72.8454,20.7696],[72.8346,20.7818],[72.8388,20.7988],[72.8257,20.8143],[72.8199,20.8354],[72.8012,20.8785],[72.7918,20.8965],[72.7904,20.9132],[72.7857,20.9221],[72.7868,20.9307],[72.7929,20.9382],[72.7871,20.9424],[72.7712,20.9343],[72.771,20.9165],[72.754,20.9429],[72.7474,20.9582],[72.7351,20.9943],[72.734,21.0051],[72.7237,21.0362],[72.7237,21.0501],[72.734,21.0476],[72.7607,21.0518],[72.7654,21.0676],[72.7521,21.0621],[72.7315,21.0701],[72.706,21.0735],[72.7001,21.101],[72.7054,21.1074],[72.7065,21.1274],[72.716,21.1407],[72.6921,21.1554],[72.6813,21.1585],[72.6651,21.1535],[72.6599,21.1388],[72.6604,21.1115],[72.6565,21.0993],[72.659,21.0879],[72.6515,21.0768],[72.6446,21.081],[72.6326,21.0801],[72.6263,21.0899],[72.626,21.1063],[72.6235,21.1146],[72.6251,21.1382],[72.621,21.1429],[72.6199,21.1824],[72.6179,21.1879],[72.621,21.2074],[72.6188,21.2229],[72.6404,21.2243],[72.6226,21.2321],[72.611,21.229],[72.5971,21.2501],[72.5987,21.269],[72.6032,21.2763],[72.5904,21.2776],[72.589,21.2979],[72.5932,21.3121],[72.6221,21.3457],[72.6235,21.3549],[72.6354,21.3624],[72.6232,21.3651],[72.6229,21.3751],[72.6268,21.3835],[72.6462,21.4018],[72.6649,21.4274],[72.6807,21.4346],[72.6868,21.446],[72.6693,21.4471],[72.6518,21.436],[72.6432,21.4412],[72.6496,21.4476],[72.6524,21.4621],[72.6651,21.4799],[72.6746,21.5213],[72.6857,21.5282],[72.7004,21.5271],[72.706,21.5321],[72.6885,21.5365],[72.6824,21.5413],[72.6707,21.5365],[72.6532,21.5199],[72.6429,21.5076],[72.639,21.4982],[72.6257,21.4924],[72.6268,21.5021],[72.6146,21.5196],[72.619,21.531],[72.6079,21.5299],[72.6104,21.5421],[72.5982,21.5443],[72.6032,21.559],[72.606,21.5796],[72.6263,21.6087],[72.6282,21.6168],[72.6385,21.6204],[72.6479,21.6171],[72.6604,21.6282],[72.6726,21.6279],[72.6924,21.6407],[72.6985,21.6504],[72.7049,21.6521],[72.7143,21.6424],[72.7232,21.6388],[72.7474,21.6424],[72.7515,21.6499],[72.771,21.646],[72.7874,21.6451],[72.8096,21.6521],[72.8332,21.6665],[72.8324,21.6732],[72.7982,21.6615],[72.7799,21.6632],[72.7618,21.6693],[72.7513,21.6771],[72.7474,21.6851],[72.7363,21.6896],[72.7113,21.6785],[72.6985,21.6815],[72.6813,21.6796],[72.6696,21.6832],[72.659,21.6782],[72.6324,21.679],[72.6118,21.6821],[72.5974,21.6807],[72.5888,21.6743],[72.5685,21.6663],[72.5587,21.6593],[72.5474,21.6585],[72.5362,21.6657],[72.524,21.6801],[72.5229,21.6957],[72.5185,21.7018],[72.5196,21.7132],[72.5301,21.7288],[72.5404,21.7357],[72.5435,21.7429],[72.5429,21.7615],[72.5493,21.7735],[72.5521,21.7924],[72.5674,21.8182],[72.5685,21.824],[72.534,21.8476],[72.5232,21.8496],[72.5188,21.8629],[72.5168,21.8893],[72.5076,21.8979],[72.5049,21.9096],[72.506,21.9251],[72.5024,21.9351],[72.5029,21.959],[72.5074,21.9943],[72.5182,22.0296],[72.5268,22.0776],[72.5474,22.1499],[72.5565,22.1688],[72.5687,22.1876],[72.5804,22.1993],[72.6012,22.2135],[72.6137,22.2174],[72.6485,22.2168],[72.661,22.211],[72.6765,22.1996],[72.6893,22.1938],[72.6996,22.1846],[72.7076,22.186],[72.7274,22.1818],[72.7482,22.1732],[72.7576,22.174],[72.7743,22.1943],[72.7824,22.2126],[72.7988,22.2374],[72.8093,22.2463],[72.8182,22.2476],[72.8262,22.2407],[72.8479,22.2365],[72.8696,22.2235],[72.8779,22.2238],[72.8863,22.2307],[72.8993,22.2321],[72.9118,22.2454],[72.9196,22.2607],[72.9196,22.2696],[72.9121,22.2751],[72.9096,22.2593],[72.8951,22.246],[72.8835,22.2424],[72.8668,22.2426],[72.859,22.2546],[72.8526,22.2818],[72.8438,22.2824],[72.824,22.271],[72.8104,22.2651],[72.7954,22.2557],[72.7824,22.2449],[72.7593,22.2315],[72.7521,22.231],[72.7185,22.2362],[72.6915,22.2371],[72.6715,22.2543],[72.6582,22.2699],[72.6563,22.279],[72.6371,22.2843],[72.6085,22.2793],[72.596,22.2735],[72.5732,22.2546],[72.561,22.2496],[72.5574,22.2593],[72.5413,22.2432],[72.5332,22.2468],[72.5374,22.2738],[72.5332,22.2774],[72.5235,22.2624],[72.5243,22.2454],[72.5079,22.2315],[72.504,22.2204],[72.4915,22.2074],[72.4876,22.1974],[72.4743,22.2007],[72.4851,22.2232],[72.4912,22.2301],[72.494,22.2424],[72.4824,22.2407],[72.4707,22.2426],[72.4499,22.2751],[72.4451,22.2871],[72.4351,22.3013],[72.4051,22.3101],[72.394,22.3074],[72.3876,22.3132],[72.4021,22.3276],[72.4121,22.3499],[72.4124,22.3585],[72.399,22.3687],[72.394,22.3824],[72.3762,22.3851],[72.3612,22.3749],[72.3771,22.3735],[72.3815,22.3757],[72.4043,22.3515],[72.3985,22.3457],[72.3893,22.344],[72.379,22.336],[72.3729,22.3232],[72.3763,22.3054],[72.3876,22.2987],[72.411,22.2993],[72.4163,22.2846],[72.4132,22.2504],[72.4165,22.2274],[72.411,22.2151],[72.4054,22.2138],[72.4007,22.2015],[72.3926,22.2132],[72.3821,22.2185],[72.3757,22.2321],[72.3812,22.244],[72.3818,22.2527],[72.3776,22.2607],[72.3585,22.2682],[72.3671,22.249],[72.371,22.2451],[72.3601,22.2251],[72.3613,22.2082],[72.3665,22.2001],[72.3804,22.1951],[72.3901,22.1835],[72.3871,22.1599],[72.379,22.1585],[72.3721,22.1718],[72.359,22.176],[72.3532,22.1646],[72.3565,22.1515],[72.3504,22.1465],[72.3524,22.1365],[72.3501,22.1268],[72.341,22.1249],[72.3424,22.1351],[72.3238,22.1471],[72.3162,22.1465],[72.3162,22.1601],[72.3196,22.1718],[72.3149,22.1857],[72.3035,22.1932],[72.3029,22.1829],[72.3126,22.1807],[72.3096,22.1488],[72.3135,22.1371],[72.3235,22.1315],[72.3232,22.1226],[72.3112,22.1115],[72.3151,22.1024],[72.3093,22.0868],[72.3068,22.0718],[72.2946,22.0226],[72.2862,21.9951],[72.2849,21.9821],[72.2799,21.9674],[72.271,21.9676],[72.279,21.9549],[72.2749,21.9304],[72.2668,21.9374],[72.2604,21.9596],[72.2615,21.981],[72.2518,21.9874],[72.2551,22.0071],[72.2607,22.0193],[72.2529,22.0293],[72.2451,22.0329],[72.2415,22.0496],[72.2557,22.0588],[72.2721,22.0654],[72.2865,22.074],[72.2976,22.0632],[72.304,22.0768],[72.2979,22.0813],[72.3026,22.089],[72.3018,22.1068],[72.2865,22.0996],[72.2865,22.0943],[72.2743,22.0926],[72.2779,22.0799],[72.2651,22.0746],[72.2574,22.0674],[72.2393,22.0599],[72.2307,22.0487],[72.2326,22.0176],[72.2229,22.0207],[72.2143,22.0107],[72.2096,22.0104],[72.196,22.0226],[72.2004,22.0043],[72.2137,21.999],[72.2243,22.0068],[72.2315,22.0035],[72.2246,21.976],[72.221,21.9676],[72.221,21.9563],[72.2096,21.9546],[72.1918,21.9424],[72.1874,21.944],[72.1735,21.959],[72.1715,21.9526],[72.1901,21.9371],[72.2024,21.9399],[72.2132,21.9485],[72.2196,21.9482],[72.2288,21.9315],[72.2479,21.9076],[72.2562,21.8901],[72.2582,21.8774],[72.2551,21.864],[72.2593,21.829],[72.2588,21.7965],[72.2601,21.7843],[72.2701,21.7571],[72.2696,21.7465],[72.2635,21.7404],[72.2526,21.761],[72.2482,21.7893],[72.2412,21.7874],[72.2479,21.751],[72.2596,21.7235],[72.2801,21.6899],[72.2851,21.6787],[72.2849,21.6671],[72.3026,21.644],[72.306,21.6285],[72.301,21.6176],[72.291,21.6071],[72.2685,21.5721],[72.264,21.5565],[72.2651,21.5415],[72.2557,21.5129],[72.2513,21.494],[72.2357,21.4643],[72.2354,21.4571],[72.224,21.4438],[72.2243,21.4404],[72.2015,21.4165],[72.171,21.3899],[72.1668,21.3765],[72.1499,21.3563],[72.1349,21.3418],[72.1165,21.3168],[72.1093,21.3007],[72.1107,21.2865],[72.1021,21.2782],[72.0949,21.2874],[72.0851,21.2901],[72.0871,21.2793],[72.0979,21.2712],[72.0968,21.2624],[72.0821,21.2457],[72.0888,21.229],[72.0963,21.2229],[72.111,21.2193],[72.1154,21.2021],[72.0871,21.1904],[72.0743,21.179],[72.0563,21.1724],[72.0479,21.1607],[72.0368,21.1585],[72.0101,21.1457],[72.0113,21.1351],[71.9971,21.1421],[72.0143,21.1649],[72.0218,21.1818],[72.0107,21.186],[72.004,21.181],[72.0037,21.169],[71.986,21.1571],[71.991,21.1526],[71.9915,21.1426],[71.9771,21.131],[71.9715,21.1204],[71.9635,21.1243],[71.9521,21.1185],[71.916,21.1121],[71.8985,21.1074],[71.889,21.1021],[71.8796,21.0899],[71.8696,21.0901],[71.8526,21.0801],[71.8426,21.0779],[71.8238,21.0685],[71.8199,21.0721],[71.7968,21.0579],[71.8068,21.0379],[71.7882,21.0399],[71.7829,21.0326],[71.764,21.0212],[71.7501,21.0199],[71.7207,21.0218],[71.7087,21.0174],[71.6965,21.009],[71.689,21.0082],[71.6796,20.9974],[71.6637,20.9993],[71.6518,20.9971],[71.6385,20.9899],[71.6365,20.9735],[71.621,20.9676],[71.599,20.9649],[71.5921,20.9604],[71.581,20.959],[71.5796,20.954],[71.5685,20.954],[71.5651,20.9496],[71.5457,20.9507],[71.5301,20.9432],[71.5226,20.949],[71.5096,20.944],[71.5065,20.9321],[71.516,20.9224],[71.5082,20.9162],[71.4932,20.9179],[71.4815,20.9046],[71.4771,20.8899],[71.4626,20.881],[71.4485,20.8815],[71.4374,20.8685],[71.396,20.8651],[71.3863,20.876],[71.3757,20.8713],[71.3818,20.8599],[71.3721,20.8535],[71.3321,20.8465],[71.3226,20.8463],[71.2826,20.8265],[71.2801,20.8282],[71.2596,20.8165],[71.2388,20.8115],[71.2335,20.8048],[71.2107,20.8026],[71.2021,20.7885],[71.161,20.781],[71.1526,20.7757],[71.149,20.7574],[71.1279,20.7574],[71.1201,20.754],[71.1118,20.7607],[71.1035,20.7574],[71.086,20.7562],[71.0754,20.7454],[71.0804,20.7382],[71.0512,20.7318],[71.0349,20.7393],[71.0215,20.7382],[70.9982,20.7404],[70.9912,20.746],[70.9715,20.7385],[70.9657,20.7418],[70.9626,20.7294],[70.9485,20.7337],[70.9389,20.7365],[70.9297,20.7319],[70.9049,20.7265],[70.8997,20.7239],[70.8921,20.7082],[70.8885,20.709],[70.884,20.7138],[70.8737,20.7098],[70.8737,20.7271],[70.8646,20.7376],[70.8629,20.7551],[70.8544,20.7535],[70.8436,20.7604],[70.849,20.7656],[70.8637,20.7637],[70.8672,20.7695],[70.8629,20.7818],[70.8674,20.795],[70.8765,20.7888],[70.8939,20.7947],[70.8972,20.8162],[70.8962,20.8248],[70.8906,20.8329],[70.873,20.835],[70.8503,20.8315],[70.8379,20.8366],[70.8362,20.8478],[70.8202,20.8492],[70.8197,20.8577],[70.8405,20.8578],[70.8652,20.8654],[70.8843,20.8732],[70.9002,20.8857],[70.9016,20.9033],[70.8897,20.9359],[70.8802,20.9554],[70.8621,20.9608],[70.8513,20.9631],[70.846,20.9706],[70.8328,20.9685],[70.825,20.9604],[70.8166,20.96],[70.8079,20.9644],[70.7935,20.9594],[70.7793,20.967],[70.773,20.9612],[70.768,20.962],[70.7555,20.9738],[70.7465,20.989],[70.7417,20.9901],[70.7338,20.9884],[70.7404,20.9768],[70.7386,20.9687],[70.7307,20.9601],[70.7194,20.937],[70.7176,20.9121],[70.6942,20.883],[70.6845,20.851],[70.679,20.844],[70.6763,20.8188],[70.682,20.8011],[70.683,20.7841],[70.6752,20.7705],[70.6768,20.7686],[70.6715,20.761],[70.6571,20.7646],[70.6451,20.7632],[70.6368,20.769],[70.6157,20.7715],[70.6085,20.7768],[70.5854,20.7815],[70.5793,20.7885],[70.5638,20.7935],[70.5504,20.8046],[70.5418,20.8015],[70.5324,20.8093],[70.5238,20.8107],[70.5157,20.8179],[70.501,20.8235],[70.4874,20.8343],[70.4751,20.841],[70.4629,20.8412],[70.4421,20.8543],[70.4388,20.8532],[70.4254,20.8629],[70.4074,20.8824],[70.3935,20.8943],[70.3726,20.9026],[70.3649,20.9007],[70.344,20.916],[70.3246,20.9268],[70.3151,20.9346],[70.2824,20.9554],[70.2582,20.9726],[70.2396,20.9932],[70.2268,20.9988],[70.2115,21.0104],[70.196,21.0251],[70.1804,21.0357],[70.1776,21.0401],[70.1421,21.0693],[70.1402,21.0849],[70.134,21.0799],[70.1065,21.1026],[70.0996,21.1046],[70.0854,21.1199],[70.0604,21.1424],[70.0293,21.1785],[70.0068,21.1987],[69.9654,21.2443],[69.939,21.2754],[69.9229,21.2918],[69.881,21.3412],[69.7846,21.4501],[69.7782,21.4629],[69.7699,21.4671],[69.7376,21.501],[69.7129,21.5285],[69.7293,21.5429],[69.7257,21.5554],[69.736,21.5621],[69.7465,21.5624],[69.7471,21.5729],[69.7526,21.5774],[69.7643,21.5788],[69.7635,21.5957],[69.7568,21.594],[69.7557,21.6057],[69.7507,21.6104],[69.7438,21.636],[69.7368,21.6435],[69.7246,21.6324],[69.6976,21.6443],[69.6921,21.639],[69.6915,21.6296],[69.7004,21.6165],[69.7124,21.6099],[69.7162,21.599],[69.7029,21.6021],[69.6946,21.5932],[69.6921,21.614],[69.669,21.626],[69.6629,21.6226],[69.6776,21.6035],[69.6854,21.5965],[69.6988,21.5896],[69.7046,21.5896],[69.7249,21.5699],[69.7182,21.5607],[69.7157,21.5404],[69.7063,21.5387],[69.6896,21.5501],[69.6732,21.5651],[69.614,21.6263],[69.6021,21.6374],[69.584,21.6379],[69.5715,21.6468],[69.5315,21.6818],[69.5015,21.7099],[69.4707,21.741],[69.4532,21.751],[69.4343,21.7657],[69.4154,21.7846],[69.4007,21.7965],[69.3763,21.826],[69.3679,21.8326],[69.3521,21.8388],[69.3238,21.861],[69.3165,21.8682],[69.2588,21.9176],[69.2504,21.9271],[69.2363,21.9385],[69.2115,21.9638],[69.1988,21.9804],[69.1929,21.9837],[69.1257,22.0549],[69.1026,22.0807],[69.0896,22.0976],[69.0579,22.1257],[69.039,22.149],[69.016,22.1751],[69.0076,22.1815],[68.981,22.2118],[68.979,22.2168],[68.9632,22.2374],[68.9579,22.2374],[68.9526,22.2485],[68.9565,22.2607],[68.9451,22.2818],[68.9371,22.3032],[68.936,22.3121],[68.9426,22.3329],[68.9551,22.3351],[68.959,22.3518],[68.9568,22.3665],[68.9668,22.3813],[68.9693,22.3915],[68.9846,22.4143],[68.9935,22.4204],[69.0079,22.4399],[69.0601,22.4676],[69.0665,22.4754],[69.0799,22.479],[69.0851,22.474],[69.0768,22.4646],[69.0749,22.4543],[69.0671,22.4518],[69.0521,22.4401],[69.044,22.4312],[69.0554,22.4101],[69.0693,22.3957],[69.0826,22.3924],[69.0915,22.3946],[69.0996,22.401],[69.0987,22.4082],[69.1096,22.4099],[69.124,22.3999],[69.1368,22.4037],[69.1485,22.4026],[69.1707,22.4221],[69.1913,22.4221],[69.1935,22.4088],[69.1996,22.4007],[69.2004,22.3907],[69.1882,22.386],[69.1787,22.376],[69.1726,22.3576],[69.1768,22.354],[69.1676,22.3451],[69.1676,22.3265],[69.1593,22.3168],[69.1604,22.3065],[69.1707,22.2932],[69.1868,22.2787],[69.2065,22.2643],[69.2235,22.2579],[69.2387,22.2593],[69.2571,22.269],[69.2804,22.2712],[69.291,22.2757],[69.2979,22.2876],[69.3138,22.2882],[69.334,22.3043],[69.3376,22.3176],[69.3304,22.3282],[69.3401,22.3304],[69.3665,22.3221],[69.3668,22.3165],[69.3832,22.3224],[69.4001,22.3201],[69.4026,22.316],[69.4226,22.3165],[69.4374,22.3232],[69.4429,22.331],[69.4549,22.3354],[69.4674,22.3301],[69.4887,22.3382],[69.4901,22.3557],[69.5007,22.3671],[69.5088,22.3696],[69.5212,22.3793],[69.5232,22.3888],[69.516,22.3951],[69.5179,22.411],[69.5101,22.4185],[69.509,22.4257],[69.5229,22.4265],[69.5329,22.419],[69.5393,22.4101],[69.551,22.4043],[69.5515,22.3937],[69.5557,22.3888],[69.5599,22.3668],[69.5662,22.3576],[69.5757,22.3685],[69.5912,22.361],[69.5907,22.354],[69.6001,22.3487],[69.6179,22.3493],[69.6168,22.3668],[69.6296,22.3632],[69.6432,22.356],[69.6546,22.359],[69.6601,22.3879],[69.664,22.3938],[69.699,22.3957],[69.6976,22.409],[69.6924,22.4212],[69.7021,22.434],[69.691,22.4513],[69.7001,22.4546],[69.7035,22.4471],[69.7124,22.459],[69.7204,22.4618],[69.7301,22.474],[69.736,22.4688],[69.741,22.4574],[69.7396,22.4401],[69.7462,22.429],[69.756,22.4265],[69.7618,22.4326],[69.7735,22.4226],[69.779,22.4126],[69.7926,22.4035],[69.8071,22.4049],[69.8229,22.4274],[69.8226,22.4351],[69.829,22.4429],[69.8285,22.4515],[69.841,22.456],[69.8487,22.4543],[69.8604,22.4468],[69.8754,22.4479],[69.8835,22.4579],[69.8943,22.4654],[69.911,22.4682],[69.9126,22.4882],[69.9229,22.5029],[69.9349,22.5126],[69.9435,22.5118],[69.946,22.5285],[69.9629,22.5374],[69.9832,22.5438],[70.011,22.5488],[70.0199,22.5468],[70.0285,22.5496],[70.0404,22.5629],[70.0471,22.5549],[70.066,22.5476],[70.0726,22.5501],[70.0843,22.5468],[70.1054,22.5465],[70.1376,22.5482],[70.1474,22.5535],[70.1629,22.5515],[70.1749,22.5629],[70.1837,22.5804],[70.1929,22.5865],[70.1943,22.6032],[70.1993,22.6174],[70.2115,22.6232],[70.2196,22.6301],[70.2254,22.6426],[70.2307,22.6468],[70.2454,22.6699],[70.2421,22.6804],[70.249,22.6843],[70.2518,22.6946],[70.2387,22.6963],[70.2415,22.7079],[70.2551,22.7065],[70.2546,22.7262],[70.2643,22.7363],[70.2715,22.7335],[70.2935,22.7488],[70.3012,22.7576],[70.3015,22.7715],[70.3099,22.786],[70.3093,22.796],[70.3179,22.799],[70.3254,22.8068],[70.3268,22.8137],[70.339,22.8304],[70.3376,22.839],[70.3415,22.8485],[70.356,22.8713],[70.3851,22.9099],[70.4104,22.9199],[70.4224,22.9324],[70.4299,22.956],[70.4426,22.9751],[70.456,22.9871],[70.4715,23.0124],[70.4912,23.0626],[70.4935,23.0751],[70.4849,23.0771],[70.4793,23.071],[70.4626,23.0668],[70.4463,23.0651],[70.4293,23.0565],[70.3971,23.026],[70.3924,22.9979],[70.3946,22.9954],[70.3935,22.9632],[70.3838,22.9446],[70.3635,22.9354],[70.3451,22.9304],[70.3221,22.9368],[70.3068,22.9454],[70.3046,22.9513],[70.2874,22.9454],[70.2679,22.9562],[70.2518,22.9726],[70.2354,22.9796],[70.2293,22.9771],[70.2271,22.966],[70.2032,22.984],[70.2007,22.9815],[70.2207,22.9679],[70.2251,22.9601],[70.2087,22.9518],[70.1949,22.9501],[70.1762,22.9513],[70.1618,22.9426],[70.1421,22.9521],[70.1318,22.9612],[70.1201,22.9646],[70.1232,22.9821],[70.1126,22.9735],[70.1124,22.9582],[70.1393,22.9407],[70.139,22.9332],[70.1321,22.9246],[70.1221,22.9204],[70.106,22.909],[70.0818,22.9088],[70.069,22.904],[70.0546,22.9043],[70.0485,22.8993],[70.0313,22.8963],[70.024,22.9015],[69.9896,22.8999],[69.9512,22.8929],[69.9368,22.8929],[69.9346,22.8857],[69.9057,22.8662],[69.8954,22.8654],[69.8774,22.8724],[69.8657,22.8727],[69.8449,22.8654],[69.8168,22.8521],[69.7979,22.8504],[69.7904,22.8435],[69.7732,22.8335],[69.7668,22.8262],[69.7526,22.8199],[69.7446,22.8035],[69.7468,22.7938],[69.7151,22.7515],[69.7157,22.741],[69.7113,22.7382],[69.6899,22.7446],[69.6735,22.7571],[69.6549,22.7585],[69.6413,22.7665],[69.6296,22.7635],[69.6215,22.7674],[69.6085,22.7615],[69.5974,22.7596],[69.5682,22.7704],[69.5526,22.7857],[69.5362,22.7865],[69.5235,22.7904],[69.5093,22.7876],[69.486,22.7874],[69.4918,22.7815],[69.4737,22.7735],[69.4599,22.7793],[69.4465,22.7801],[69.4221,22.7976],[69.389,22.8143],[69.3582,22.8226],[69.3468,22.8204],[69.334,22.8276],[69.3187,22.8324],[69.3007,22.8324],[69.2843,22.8265],[69.2668,22.824],[69.259,22.8279],[69.2232,22.836],[69.1974,22.8385],[69.149,22.8662],[69.1268,22.8754],[69.109,22.8901],[69.0604,22.9188],[69.0446,22.9296],[69.0326,22.9337],[69.021,22.9412],[68.9876,22.956],[68.9449,22.9804],[68.9276,22.9924],[68.9118,22.9993],[68.9057,23.0065],[68.8846,23.0154],[68.841,23.0418],[68.8335,23.0451],[68.8121,23.0607],[68.7849,23.0732],[68.7624,23.0788],[68.7371,23.101],[68.7135,23.1185],[68.6804,23.1396],[68.6732,23.1421],[68.6524,23.1551],[68.6435,23.1651],[68.6446,23.1718],[68.6363,23.184],[68.6265,23.1868],[68.6076,23.2035],[68.594,23.2121],[68.5851,23.2218],[68.5846,23.2329],[68.599,23.2404],[68.5996,23.2229],[68.6099,23.2176],[68.6265,23.2162],[68.6132,23.2279],[68.6046,23.239],[68.6054,23.2435],[68.6254,23.2432],[68.6279,23.2468],[68.6418,23.2496],[68.6488,23.2582],[68.6585,23.261],[68.6563,23.2721],[68.6407,23.2665],[68.636,23.2726],[68.6296,23.291],[68.6315,23.296],[68.6607,23.2957],[68.6674,23.299],[68.6851,23.3015],[68.6946,23.3065],[68.7138,23.3051],[68.7104,23.3126],[68.6968,23.3107],[68.6732,23.3038],[68.6568,23.3032],[68.649,23.3057],[68.6446,23.3226],[68.6357,23.3165],[68.6326,23.324],[68.6349,23.3321],[68.6246,23.3396],[68.6371,23.3438],[68.6332,23.3521],[68.6224,23.3529],[68.6129,23.3618],[68.6057,23.3799],[68.5993,23.3846],[68.5915,23.3743],[68.581,23.3899],[68.5674,23.3785],[68.5571,23.3896],[68.5638,23.3937],[68.5646,23.4015],[68.5587,23.4204],[68.5343,23.4235],[68.5351,23.4349],[68.5313,23.4479],[68.5249,23.4485],[68.5074,23.4626],[68.5118,23.466],[68.5007,23.4754],[68.4999,23.4854],[68.5049,23.4896],[68.4918,23.5026],[68.4985,23.5138],[68.4899,23.5396],[68.4951,23.5562],[68.4924,23.5743],[68.4879,23.579],[68.4865,23.596],[68.4932,23.6068],[68.491,23.616],[68.4924,23.6235],[68.489,23.6265],[68.4893,23.6351],[68.4985,23.6449],[68.5007,23.6571],[68.5174,23.6621],[68.5263,23.6763],[68.5279,23.6885],[68.5357,23.6893],[68.5462,23.6968],[68.5565,23.7171],[68.5796,23.7282],[68.5951,23.7318],[68.604,23.7485],[68.621,23.7529],[68.6307,23.759],[68.6532,23.7965],[68.6701,23.8107],[68.6754,23.811],[68.6849,23.8204],[68.7271,23.8293],[68.7349,23.8379],[68.7257,23.8463],[68.729,23.8549],[68.7162,23.8574],[68.7018,23.8568],[68.6929,23.861],[68.6718,23.8615],[68.6663,23.8526],[68.6496,23.8449],[68.6451,23.8379],[68.6271,23.8354],[68.5971,23.8396],[68.5876,23.836],[68.5746,23.8213],[68.5646,23.7979],[68.5346,23.7565],[68.5251,23.759],[68.5268,23.7712],[68.5163,23.7832],[68.5174,23.7938],[68.5254,23.8004],[68.5229,23.8171],[68.5151,23.8249],[68.5343,23.8279],[68.5507,23.8401],[68.556,23.854],[68.566,23.8632],[68.5718,23.8801],[68.586,23.8857],[68.6135,23.9032],[68.6387,23.8979],[68.6571,23.9149],[68.654,23.9168],[68.641,23.9043],[68.634,23.9032],[68.6176,23.9082],[68.6196,23.9163],[68.6076,23.9354],[68.5874,23.9407],[68.5885,23.9224],[68.5796,23.9243],[68.5596,23.9238],[68.5599,23.9304],[68.5576,23.9329],[68.5446,23.9351],[68.5379,23.9454],[68.5471,23.9632],[68.7492,23.962],[68.7509,24],[68.7596,24.0358],[68.7614,24.1],[68.7622,24.191],[68.7642,24.236],[68.7641,24.2841],[68.7727,24.2941],[68.8264,24.3084],[68.8321,24.2993],[68.831,24.2878],[68.8359,24.2499],[68.8403,24.2282],[68.8477,24.2084],[68.864,24.2052],[68.8784,24.1969],[68.891,24.1959],[68.8979,24.1989],[68.9041,24.2092],[68.9141,24.2453],[68.922,24.2586],[68.9336,24.2686],[68.9472,24.2766],[68.9706,24.2375],[68.9863,24.2263],[69.0005,24.2259],[69.0137,24.2291],[69.0395,24.2421],[69.0854,24.2683],[69.0929,24.2691],[69.1183,24.2624],[69.137,24.2533],[69.19,24.2357],[69.1998,24.2352],[69.229,24.2512],[69.2677,24.2637],[69.2749,24.2688],[69.2926,24.2739],[69.3103,24.2767],[69.3308,24.274],[69.3619,24.2662],[69.3822,24.266],[69.4116,24.2739],[69.4316,24.2737],[69.4682,24.2644],[69.4842,24.2574],[69.5012,24.255],[69.5282,24.259],[69.5797,24.2704],[69.6007,24.2778],[69.6129,24.2676],[69.6175,24.2603],[69.6696,24.2166],[69.6812,24.2051],[69.7024,24.1904],[69.7087,24.1889],[69.7165,24.1796],[69.7246,24.1751],[69.7508,24.174],[69.7666,24.1717],[69.8253,24.1675],[69.8738,24.1661],[69.9123,24.1642],[69.9787,24.1651],[70.0241,24.1694],[70.0489,24.1835],[70.0593,24.1928],[70.0773,24.2156],[70.0883,24.2352],[70.1101,24.2849],[70.119,24.2907],[70.1505,24.3006],[70.2371,24.3173],[70.2969,24.3399],[70.3256,24.3474],[70.3703,24.3535],[70.4596,24.387],[70.4831,24.3908],[70.5316,24.41],[70.5601,24.4186],[70.5749,24.4203],[70.6115,24.4015],[70.6039,24.3806],[70.592,24.3586],[70.5721,24.3445],[70.5812,24.316],[70.5874,24.3101],[70.5735,24.2982],[70.574,24.2897],[70.5878,24.2854],[70.5724,24.2649],[70.5742,24.2523],[70.5936,24.2403],[70.6138,24.2394],[70.6553,24.2251],[70.7258,24.2209],[70.7638,24.2208],[70.8058,24.2227],[70.8162,24.225],[70.8372,24.2345],[70.8537,24.2474],[70.8941,24.2571],[70.9011,24.2627],[70.8891,24.2689],[70.8843,24.2809],[70.8851,24.2908],[70.8931,24.2982],[70.9054,24.303],[70.9249,24.3172],[70.929,24.3232],[70.9528,24.3397],[70.9597,24.3462],[70.9741,24.3483],[70.9984,24.3606],[71.013,24.3469],[71.0254,24.3451],[71.0472,24.3473],[71.0678,24.3571],[71.0771,24.3723],[71.0883,24.3815],[71.1221,24.3909],[71.1318,24.4018],[71.1341,24.4138],[71.1242,24.4277],[71.1189,24.431],[71.0931,24.4359],[71.0756,24.4336],[71.0286,24.4334],[71.0076,24.4422],[71.0075,24.4666],[71.0142,24.502],[71.0153,24.5228],[70.9983,24.5413],[71.0034,24.5665],[70.9986,24.5847],[71.0006,24.5992],[71.0205,24.6305],[71.0461,24.6388],[71.085,24.6614],[71.1071,24.6807],[71.1193,24.6686],[71.1716,24.6489],[71.2073,24.6395],[71.2415,24.6266],[71.261,24.6205],[71.2871,24.6127],[71.2977,24.6076],[71.3101,24.6211],[71.3178,24.6359],[71.3265,24.6429],[71.3567,24.6541],[71.3677,24.6273],[71.3807,24.6214],[71.3898,24.6282],[71.3996,24.627],[71.407,24.6347],[71.4223,24.6381],[71.4515,24.6588],[71.4742,24.6632],[71.4883,24.6739],[71.5228,24.6753],[71.537,24.6789],[71.5514,24.6706],[71.5831,24.6765],[71.5925,24.6656],[71.5978,24.6639],[71.6166,24.6707],[71.6271,24.6619],[71.6449,24.6525],[71.6503,24.6399],[71.6616,24.6333],[71.686,24.6398],[71.7163,24.6543],[71.7458,24.6543],[71.7583,24.6603],[71.7845,24.6689],[71.799,24.6705],[71.8129,24.6609],[71.8174,24.6459],[71.8126,24.6325],[71.8118,24.6218],[71.8214,24.6166],[71.8466,24.6149],[71.8584,24.6042],[71.8609,24.6141],[71.8687,24.6235],[71.8626,24.6495],[71.865,24.6629],[71.8711,24.6722],[71.8813,24.6757],[71.8938,24.6658],[71.9121,24.6696],[71.9259,24.6621],[71.9188,24.6462],[71.9345,24.6269],[71.9474,24.6276],[71.9508,24.6326],[71.9674,24.6379],[71.9828,24.6509],[71.9934,24.6567],[71.9899,24.667],[71.9941,24.6776],[72.0073,24.686],[72.0409,24.6955],[72.0525,24.7058],[72.0796,24.7003],[72.0853,24.697],[72.0923,24.6748],[72.0824,24.6685],[72.0849,24.6528],[72.1165,24.6334],[72.1253,24.6316],[72.1507,24.6341],[72.1617,24.6158],[72.1859,24.6094],[72.2164,24.6202],[72.23,24.6329],[72.2489,24.6208],[72.2747,24.6222],[72.2937,24.6132],[72.3062,24.615],[72.3151,24.6089],[72.331,24.6119],[72.3402,24.623],[72.3538,24.6181],[72.349,24.612],[72.3492,24.6023],[72.3422,24.5935],[72.326,24.5869],[72.314,24.5854],[72.3003,24.6002],[72.2931,24.5971],[72.2767,24.5992],[72.251,24.5802],[72.2717,24.5502],[72.29,24.5583],[72.2951,24.5384],[72.3018,24.5406],[72.3324,24.5424],[72.337,24.5441],[72.3336,24.5558],[72.3579,24.5525],[72.3863,24.5005],[72.3977,24.5003],[72.4211,24.5081],[72.4425,24.5042],[72.4482,24.4933],[72.4386,24.4791],[72.4367,24.4605],[72.4562,24.4381],[72.4638,24.4209],[72.4647,24.4071],[72.4874,24.4054],[72.5077,24.4099],[72.51,24.4183],[72.5044,24.4309],[72.5006,24.4503],[72.5117,24.4474],[72.5139,24.4646],[72.5188,24.473],[72.5421,24.5049],[72.5477,24.5056],[72.5591,24.4946],[72.5742,24.4881],[72.5885,24.4725],[72.6393,24.4615],[72.6586,24.4564],[72.6744,24.457],[72.693,24.4602],[72.6975,24.4526],[72.6926,24.4414],[72.6935,24.4193],[72.7066,24.3913],[72.7175,24.3756],[72.7325,24.3613],[72.7487,24.3575],[72.7728,24.3607],[72.8153,24.3582],[72.8292,24.365],[72.8681,24.3658],[72.8843,24.3608],[72.9006,24.3514],[72.9156,24.3328],[72.9239,24.3263],[72.9338,24.3362],[72.946,24.3393],[72.9775,24.3588],[72.9915,24.364],[72.9875,24.3751],[72.9746,24.3834],[72.9633,24.3837],[72.9642,24.3922],[72.9794,24.4056],[72.9906,24.4209],[72.9893,24.4327],[72.9832,24.4403],[72.981,24.451],[72.9891,24.457],[73.0128,24.4824],[73.0219,24.4651],[73.0332,24.4637],[73.051,24.4653],[73.0573,24.4726],[73.0671,24.4746],[73.0701,24.4809],[73.0944,24.4947],[73.0989,24.4915],[73.0985,24.4726],[73.1072,24.4568],[73.1088,24.4324],[73.1062,24.4203],[73.0967,24.4172],[73.085,24.3945],[73.0983,24.3855],[73.1112,24.3868],[73.1186,24.3757],[73.1274,24.3688],[73.1453,24.3631],[73.162,24.3527],[73.1802,24.3507],[73.1904,24.3558],[73.211,24.3754],[73.2315,24.3647],[73.2256,24.3565],[73.2164,24.3505],[73.2111,24.3342],[73.2014,24.3341],[73.1929,24.3436],[73.187,24.3349],[73.1848,24.3091],[73.1806,24.3015],[73.1733,24.3011],[73.1512,24.3108],[73.145,24.3079],[73.1389,24.2801],[73.1161,24.2626],[73.1009,24.2377],[73.1112,24.2311],[73.1012,24.2233],[73.0917,24.2209],[73.0872,24.2008],[73.082,24.1966],[73.0827,24.185],[73.091,24.1753],[73.113,24.1578],[73.1165,24.1529],[73.1142,24.1386],[73.1234,24.1403],[73.1472,24.1226],[73.1555,24.1219],[73.1717,24.1113],[73.1919,24.1065],[73.2,24.1084],[73.2238,24.0982],[73.2091,24.0666],[73.2011,24.0574],[73.2006,24.0452],[73.2233,24.0324],[73.2294,24.024],[73.2403,24.0183],[73.2458,24.0107],[73.2525,24.0111],[73.2753,24.028],[73.291,24.0274],[73.3068,24.0515],[73.3266,24.0625],[73.3345,24.0826],[73.3319,24.104],[73.3352,24.1151],[73.3696,24.1125],[73.3696,24.088],[73.3748,24.0871],[73.3966,24.0725],[73.4138,24.0511],[73.4093,24.0159],[73.4106,23.9983],[73.4215,23.9747],[73.4191,23.9538],[73.4204,23.9364],[73.4247,23.9311],[73.4201,23.9234],[73.4078,23.9161],[73.3961,23.9168],[73.3865,23.9058],[73.3598,23.8546],[73.3695,23.8386],[73.3727,23.8219],[73.3611,23.7917],[73.3677,23.7836],[73.3759,23.7667],[73.3898,23.7693],[73.4,23.784],[73.4205,23.7793],[73.4322,23.7621],[73.4508,23.7526],[73.4549,23.7397],[73.4729,23.7258],[73.4793,23.709],[73.4856,23.705],[73.5019,23.7066],[73.5104,23.697],[73.5109,23.6734],[73.5072,23.6577],[73.5005,23.6507],[73.5116,23.6451],[73.5014,23.6354],[73.5135,23.6168],[73.5267,23.6106],[73.553,23.6313],[73.5707,23.6535],[73.5773,23.6554],[73.6085,23.6543],[73.619,23.6514],[73.6423,23.6313],[73.6607,23.6229],[73.65,23.6077],[73.648,23.5986],[73.6512,23.5809],[73.6498,23.5753],[73.6383,23.5625],[73.637,23.5311],[73.6522,23.5214],[73.6584,23.5142],[73.6584,23.5041],[73.6438,23.4968],[73.6406,23.473],[73.6328,23.4524],[73.6532,23.4405],[73.6687,23.4519],[73.6819,23.4571],[73.6939,23.4589],[73.7042,23.4558],[73.7136,23.4337],[73.7172,23.4188],[73.7261,23.4127],[73.734,23.4249],[73.7514,23.4425],[73.7607,23.4568],[73.7647,23.4586],[73.7831,23.4346],[73.7942,23.4356],[73.8269,23.4468],[73.8368,23.4401],[73.8365,23.4307],[73.8574,23.4048],[73.8668,23.3958],[73.8771,23.3783],[73.8794,23.3681],[73.8949,23.3526],[73.8943,23.3371],[73.914,23.336],[73.9389,23.3414],[73.9426,23.3459],[73.9437,23.3663],[73.9473,23.3735],[73.9625,23.3814],[73.971,23.3771],[73.9835,23.3598],[73.987,23.3412],[73.9908,23.3376],[74.0327,23.3323],[74.0301,23.3199],[74.0376,23.3057],[74.0477,23.3109],[74.0487,23.2951],[74.0765,23.2982],[74.0897,23.298],[74.1066,23.2941],[74.1139,23.2773],[74.1299,23.2727],[74.1361,23.2647],[74.1365,23.2448],[74.1395,23.2268],[74.1339,23.2152],[74.1247,23.2066],[74.1225,23.1916],[74.127,23.1789],[74.1457,23.1752],[74.1552,23.1578],[74.183,23.1522],[74.1891,23.1579],[74.1895,23.1718],[74.2075,23.1921],[74.237,23.1827],[74.246,23.1883],[74.2498,23.1784],[74.2619,23.1716],[74.2718,23.156],[74.2795,23.13],[74.2881,23.1187],[74.282,23.1064],[74.2825,23.095],[74.3102,23.0795],[74.3228,23.0627]]]]},"properties":{"ID_0":105,"ISO":"IND","NAME_0":"India","ID_1":12,"NAME_1":"Gujarat","NL_NAME_1":null,"VARNAME_1":"Goudjerate|Gujerat|Gujerate","TYPE_1":"State","ENGTYPE_1":"State"}},{"type":"Feature","geometry":{"type":"Polygon","coordinates":[[[77.5749,30.3845],[77.5901,30.3773],[77.592,30.3709],[77.5746,30.347],[77.5699,30.3371],[77.575,30.3261],[77.5704,30.3112],[77.5453,30.2941],[77.5322,30.2869],[77.5247,30.278],[77.5198,30.2601],[77.5055,30.2422],[77.496,30.2336],[77.4733,30.1886],[77.456,30.181],[77.4468,30.1686],[77.4235,30.1685],[77.4108,30.1459],[77.4178,30.1412],[77.4126,30.1277],[77.398,30.1187],[77.4006,30.1133],[77.4142,30.1111],[77.4086,30.1026],[77.3925,30.0944],[77.3734,30.093],[77.357,30.0842],[77.3317,30.0645],[77.3248,30.0618],[77.2976,30.0603],[77.2861,30.0575],[77.2704,30.0483],[77.2731,30.034],[77.2615,30.0056],[77.2505,29.9885],[77.2355,29.9812],[77.2319,29.9663],[77.2237,29.9548],[77.2026,29.9311],[77.1891,29.922],[77.1796,29.9023],[77.1849,29.8949],[77.1825,29.8733],[77.1781,29.8622],[77.1676,29.8464],[77.169,29.8296],[77.1556,29.8168],[77.1517,29.8035],[77.1524,29.7933],[77.132,29.779],[77.1183,29.7756],[77.1189,29.7642],[77.113,29.7486],[77.1226,29.7428],[77.1226,29.736],[77.1402,29.7173],[77.1426,29.7016],[77.1255,29.6969],[77.1192,29.6858],[77.12,29.6803],[77.1311,29.6663],[77.1294,29.6586],[77.1097,29.6472],[77.1011,29.6331],[77.1016,29.6249],[77.0945,29.6178],[77.0922,29.6087],[77.0856,29.6008],[77.0899,29.5904],[77.102,29.577],[77.1097,29.553],[77.0894,29.5447],[77.0849,29.5336],[77.0976,29.512],[77.1145,29.5032],[77.1233,29.4861],[77.1154,29.4754],[77.1143,29.4619],[77.1178,29.4565],[77.132,29.4505],[77.1394,29.4421],[77.1358,29.4322],[77.1249,29.4222],[77.1259,29.4106],[77.1335,29.3984],[77.146,29.3925],[77.1386,29.3839],[77.1169,29.3767],[77.12,29.3498],[77.1276,29.3443],[77.1464,29.3451],[77.1539,29.3355],[77.15,29.3317],[77.1542,29.3169],[77.1423,29.3015],[77.1444,29.2962],[77.1295,29.2728],[77.1425,29.2516],[77.1428,29.2378],[77.1272,29.2281],[77.1277,29.2184],[77.1362,29.2075],[77.14,29.1821],[77.1273,29.1629],[77.1266,29.154],[77.1386,29.1348],[77.1362,29.1278],[77.1244,29.1135],[77.1244,29.1015],[77.1416,29.0868],[77.1572,29.0775],[77.1623,29.0654],[77.1626,29.0486],[77.1916,29.0213],[77.2038,29.0167],[77.2142,29.006],[77.2038,28.9823],[77.191,28.9617],[77.1908,28.9469],[77.2054,28.9365],[77.1968,28.9209],[77.202,28.9156],[77.2215,28.9081],[77.2169,28.9003],[77.1991,28.8927],[77.1818,28.8898],[77.1783,28.88],[77.1869,28.8668],[77.1836,28.8623],[77.1646,28.8606],[77.1507,28.8484],[77.1392,28.8417],[77.1356,28.8527],[77.1285,28.8654],[77.1097,28.8661],[77.0995,28.8724],[77.0834,28.8746],[77.0759,28.8845],[77.0701,28.88],[77.0657,28.873],[77.0498,28.8732],[77.0377,28.8528],[77.0315,28.8368],[77.0066,28.8353],[76.9835,28.8391],[76.9796,28.8367],[76.9737,28.8258],[76.958,28.8303],[76.9558,28.82],[76.9482,28.8177],[76.9423,28.8207],[76.9375,28.8035],[76.9431,28.7951],[76.9423,28.7878],[76.9466,28.774],[76.9382,28.7596],[76.9503,28.7467],[76.9507,28.7365],[76.9413,28.717],[76.9546,28.7054],[76.95,28.6941],[76.9473,28.6772],[76.9426,28.6751],[76.9297,28.6744],[76.9231,28.6692],[76.9182,28.6533],[76.9339,28.6376],[76.926,28.6292],[76.9237,28.6287],[76.9103,28.6378],[76.8937,28.6328],[76.8779,28.6376],[76.8609,28.6025],[76.8548,28.5924],[76.835,28.5914],[76.8329,28.5825],[76.8376,28.557],[76.8567,28.5478],[76.8592,28.5419],[76.8795,28.524],[76.8738,28.5144],[76.8794,28.5091],[76.8937,28.5161],[76.9085,28.5149],[76.9227,28.5193],[76.9332,28.516],[76.9446,28.5136],[76.9685,28.5276],[76.9765,28.5238],[77.0055,28.5144],[77.0114,28.5241],[76.9982,28.5322],[77.0002,28.542],[77.0061,28.5428],[77.0157,28.5333],[77.0196,28.5333],[77.0331,28.5283],[77.0417,28.519],[77.057,28.5139],[77.0725,28.5203],[77.0903,28.5055],[77.1077,28.4939],[77.1033,28.4831],[77.1015,28.4765],[77.1125,28.4502],[77.1183,28.4424],[77.1314,28.4387],[77.1424,28.4357],[77.1519,28.4283],[77.1543,28.4213],[77.1658,28.4085],[77.1795,28.4124],[77.1952,28.4125],[77.2153,28.4157],[77.2406,28.4289],[77.2433,28.4475],[77.2399,28.4536],[77.2257,28.464],[77.2324,28.4758],[77.2427,28.4846],[77.254,28.4855],[77.2711,28.497],[77.2781,28.4981],[77.3009,28.4901],[77.3149,28.4946],[77.329,28.5083],[77.3377,28.509],[77.3432,28.5036],[77.3605,28.4979],[77.3641,28.4857],[77.376,28.4762],[77.3979,28.4712],[77.3978,28.4586],[77.4083,28.4556],[77.4258,28.4545],[77.4283,28.4441],[77.436,28.4316],[77.4561,28.421],[77.4746,28.4135],[77.4695,28.3943],[77.4859,28.3797],[77.4921,28.3695],[77.4942,28.3583],[77.4852,28.3502],[77.4664,28.3412],[77.4659,28.3339],[77.4819,28.3236],[77.4958,28.307],[77.4927,28.2806],[77.4723,28.2812],[77.4648,28.2774],[77.4673,28.2697],[77.4871,28.2618],[77.5123,28.2543],[77.5388,28.2544],[77.5412,28.2477],[77.5356,28.2405],[77.5156,28.2298],[77.5216,28.2174],[77.5233,28.2072],[77.5191,28.2018],[77.4976,28.213],[77.4891,28.212],[77.4921,28.1851],[77.5015,28.1872],[77.5057,28.1955],[77.5208,28.1917],[77.5379,28.1909],[77.5424,28.1817],[77.5318,28.1703],[77.4989,28.163],[77.4953,28.1458],[77.488,28.1388],[77.4985,28.1357],[77.4994,28.1226],[77.4914,28.1127],[77.4937,28.1023],[77.486,28.0974],[77.4828,28.1079],[77.4731,28.1037],[77.4689,28.086],[77.4829,28.0607],[77.4776,28.0491],[77.4791,28.0442],[77.4897,28.0393],[77.5065,28.0223],[77.5119,28.0103],[77.5201,28.0065],[77.5352,27.9933],[77.5267,27.984],[77.5096,27.9733],[77.515,27.9655],[77.5359,27.9655],[77.5361,27.9493],[77.5314,27.9418],[77.5192,27.9319],[77.5112,27.9374],[77.4923,27.9318],[77.4847,27.9439],[77.4687,27.9329],[77.4746,27.9121],[77.4698,27.8947],[77.4585,27.8853],[77.4422,27.8785],[77.4222,27.8945],[77.411,27.895],[77.4016,27.8819],[77.4124,27.8591],[77.3928,27.8589],[77.3739,27.8637],[77.3526,27.8564],[77.3393,27.8596],[77.3292,27.852],[77.3241,27.8409],[77.3129,27.8301],[77.3063,27.832],[77.2889,27.8291],[77.2906,27.8197],[77.2758,27.8065],[77.2625,27.8161],[77.2528,27.7976],[77.2346,27.7858],[77.2222,27.7976],[77.2168,27.7955],[77.2068,27.8011],[77.2021,27.8126],[77.1938,27.8219],[77.1875,27.815],[77.1889,27.7984],[77.1756,27.7872],[77.1687,27.7849],[77.1622,27.7906],[77.1692,27.8006],[77.1781,27.8025],[77.1807,27.8087],[77.1724,27.8163],[77.1497,27.8124],[77.1535,27.8024],[77.1473,27.7867],[77.1354,27.784],[77.1265,27.7765],[77.1221,27.7883],[77.1148,27.7899],[77.1012,27.7855],[77.0802,27.8004],[77.0724,27.8095],[77.0563,27.8115],[77.0383,27.82],[77.0304,27.8114],[77.024,27.7982],[77.023,27.7872],[77.0284,27.7803],[77.0394,27.7749],[77.0501,27.761],[77.0618,27.7657],[77.0707,27.7588],[77.078,27.7373],[77.0532,27.7279],[77.0443,27.7322],[77.032,27.7484],[77.0114,27.7465],[77.005,27.7391],[76.9944,27.742],[76.9891,27.7338],[76.9791,27.7062],[76.9703,27.6655],[76.9705,27.6571],[76.9342,27.6751],[76.9239,27.6607],[76.9095,27.6568],[76.9026,27.6585],[76.9001,27.668],[76.8916,27.6799],[76.8947,27.6897],[76.8831,27.6955],[76.8828,27.7034],[76.9003,27.6946],[76.9146,27.7008],[76.9028,27.7164],[76.8885,27.7196],[76.8841,27.7309],[76.8906,27.742],[76.8923,27.772],[76.8956,27.7861],[76.9039,27.7949],[76.9066,27.8077],[76.9004,27.8211],[76.9079,27.8359],[76.9219,27.8318],[76.9266,27.8342],[76.9299,27.8552],[76.9248,27.8768],[76.9261,27.8944],[76.9382,27.896],[76.9367,27.9075],[76.9388,27.919],[76.9213,27.9211],[76.9191,27.9249],[76.9195,27.9528],[76.9249,27.9784],[76.9186,27.9976],[76.9266,28.0125],[76.9319,28.042],[76.938,28.0596],[76.9466,28.0713],[76.9511,28.0961],[76.9555,28.1117],[76.9558,28.1237],[76.9618,28.144],[76.9417,28.1487],[76.9378,28.1553],[76.9211,28.1623],[76.912,28.1719],[76.8991,28.1793],[76.884,28.1917],[76.8857,28.1967],[76.8998,28.2048],[76.8867,28.2105],[76.8662,28.2115],[76.8636,28.2246],[76.8505,28.2267],[76.8334,28.2248],[76.8238,28.2147],[76.8058,28.2159],[76.8014,28.2116],[76.8056,28.2004],[76.7903,28.1938],[76.7923,28.1757],[76.7961,28.1705],[76.7915,28.1572],[76.7551,28.1466],[76.7391,28.129],[76.7316,28.1285],[76.71,28.1324],[76.6988,28.1157],[76.6902,28.1148],[76.6822,28.0978],[76.6512,28.0968],[76.6479,28.0922],[76.6479,28.0677],[76.6516,28.0555],[76.651,28.0445],[76.6596,28.0337],[76.6601,28.0191],[76.6369,28.0107],[76.616,28.0113],[76.599,28.0098],[76.5838,28.0003],[76.5675,27.9836],[76.5598,27.9818],[76.5466,27.9714],[76.5382,27.9705],[76.531,27.9793],[76.5355,27.9931],[76.5386,28.0167],[76.5355,28.0257],[76.5385,28.0391],[76.5259,28.0454],[76.5114,28.0354],[76.4995,28.0364],[76.4922,28.0471],[76.4757,28.0441],[76.4557,28.0465],[76.454,28.0551],[76.458,28.062],[76.4838,28.0583],[76.4977,28.0647],[76.4699,28.0863],[76.4636,28.0841],[76.4486,28.0932],[76.4569,28.1104],[76.4725,28.1127],[76.4773,28.106],[76.4978,28.1066],[76.4981,28.1225],[76.4869,28.1228],[76.4897,28.1337],[76.47,28.1385],[76.4723,28.1496],[76.4652,28.1556],[76.456,28.1514],[76.4371,28.1522],[76.4273,28.1459],[76.397,28.1478],[76.393,28.1411],[76.3768,28.1381],[76.3598,28.1434],[76.3532,28.1662],[76.3359,28.1773],[76.326,28.1774],[76.3087,28.1834],[76.2889,28.1827],[76.2791,28.1787],[76.2782,28.1686],[76.2985,28.1625],[76.2959,28.1547],[76.3016,28.151],[76.3111,28.1547],[76.3227,28.1492],[76.331,28.139],[76.3556,28.1285],[76.3435,28.1132],[76.3319,28.1067],[76.3142,28.1121],[76.308,28.1113],[76.2974,28.101],[76.3072,28.0965],[76.3205,28.0943],[76.3288,28.0878],[76.3321,28.0768],[76.3373,28.0731],[76.3505,28.0758],[76.3533,28.0656],[76.3459,28.0458],[76.3368,28.0297],[76.3166,28.021],[76.2972,28.026],[76.2901,28.0299],[76.2901,28.0491],[76.282,28.0589],[76.2718,28.0664],[76.2511,28.0709],[76.2436,28.0689],[76.2334,28.0564],[76.2083,28.0556],[76.1999,28.0608],[76.1773,28.0593],[76.1769,28.049],[76.1934,28.0352],[76.2042,28.0422],[76.2136,28.0402],[76.2138,28.0317],[76.2035,28.0304],[76.1959,28.0217],[76.1743,28.0219],[76.1587,28.0046],[76.1539,27.9925],[76.1625,27.9883],[76.161,27.9801],[76.1795,27.9728],[76.1763,27.9611],[76.1748,27.9412],[76.1677,27.9284],[76.1665,27.9151],[76.1697,27.9097],[76.1986,27.899],[76.1998,27.8881],[76.1903,27.8816],[76.1931,27.8639],[76.2051,27.8555],[76.2059,27.848],[76.2233,27.8409],[76.2077,27.8285],[76.1941,27.8312],[76.1804,27.8124],[76.1729,27.8075],[76.1427,27.8278],[76.1278,27.8332],[76.1285,27.8469],[76.1221,27.8544],[76.0881,27.8684],[76.0801,27.8511],[76.06,27.8572],[76.0496,27.8479],[76.0296,27.8539],[76.0093,27.8626],[76.0052,27.8574],[75.9754,27.8646],[75.9631,27.8647],[75.9643,27.8715],[75.9735,27.8775],[75.9752,27.8931],[75.9672,27.8993],[75.9774,27.9093],[75.9559,27.9195],[75.9288,27.9168],[75.9288,27.9265],[75.9236,27.9331],[75.9385,27.9511],[75.9446,27.9401],[75.9632,27.937],[75.9732,27.958],[75.9683,27.9623],[75.9869,27.9846],[75.9732,27.984],[75.9555,27.9886],[75.9564,28.001],[75.9799,28.0015],[75.9891,28.0043],[75.9858,28.0147],[75.9727,28.0181],[75.97,28.0309],[75.9744,28.0369],[75.9911,28.0399],[76.0101,28.0367],[76.0109,28.047],[76.0054,28.0545],[76.0167,28.0561],[76.0331,28.0687],[76.0356,28.074],[76.0312,28.0839],[76.0156,28.0889],[76.0149,28.0811],[76.0019,28.0607],[75.9846,28.0507],[75.9746,28.0571],[75.9876,28.0706],[75.9771,28.0842],[75.959,28.0841],[75.9361,28.0935],[75.9425,28.1056],[75.9575,28.1156],[75.9676,28.1194],[75.9771,28.1272],[75.9911,28.1282],[75.9957,28.1353],[75.9947,28.1506],[75.9998,28.1564],[76.0112,28.1577],[76.0277,28.1727],[76.0607,28.17],[76.0664,28.1678],[76.0651,28.1445],[76.0832,28.1423],[76.0918,28.1464],[76.0929,28.1552],[76.0748,28.1724],[76.0693,28.1943],[76.0656,28.1989],[76.0451,28.2029],[76.0523,28.2144],[76.053,28.2242],[76.0363,28.2271],[76.0258,28.2359],[76.0112,28.2418],[76.0074,28.2532],[76.0187,28.281],[75.9912,28.2952],[75.9866,28.2959],[75.9747,28.3159],[75.9676,28.3241],[75.9547,28.3185],[75.9563,28.3384],[75.9274,28.3451],[75.9284,28.356],[75.9224,28.3689],[75.8971,28.3801],[75.8969,28.39],[75.8892,28.3937],[75.8832,28.3867],[75.8721,28.3909],[75.8351,28.3977],[75.8282,28.4091],[75.8026,28.4142],[75.7876,28.4044],[75.7703,28.4076],[75.7654,28.4208],[75.7851,28.4392],[75.7852,28.4507],[75.7782,28.4576],[75.7471,28.4694],[75.735,28.4726],[75.7365,28.4872],[75.724,28.4913],[75.7007,28.4953],[75.6901,28.4991],[75.6711,28.5169],[75.6639,28.5209],[75.6655,28.5333],[75.6536,28.5406],[75.6367,28.5475],[75.6291,28.546],[75.619,28.5887],[75.62,28.5992],[75.6093,28.6059],[75.585,28.6064],[75.577,28.6167],[75.5557,28.6146],[75.549,28.6431],[75.5396,28.6489],[75.5379,28.6613],[75.5398,28.676],[75.5366,28.6822],[75.5315,28.7173],[75.5309,28.7328],[75.526,28.7429],[75.5289,28.7503],[75.522,28.7562],[75.5161,28.7722],[75.4985,28.7877],[75.5039,28.7967],[75.5031,28.8093],[75.5088,28.8153],[75.5134,28.8366],[75.5105,28.8434],[75.5027,28.846],[75.4977,28.8562],[75.488,28.8596],[75.4884,28.8983],[75.4671,28.9263],[75.4689,28.938],[75.4976,28.9415],[75.5035,28.9518],[75.5029,28.9615],[75.5165,28.9754],[75.5153,28.9911],[75.5111,29.0108],[75.5051,29.0152],[75.4734,29.0202],[75.4587,29.0202],[75.4347,29.0165],[75.4326,29.0221],[75.4406,29.0415],[75.4375,29.0505],[75.4298,29.0562],[75.4303,29.0647],[75.3903,29.0682],[75.3807,29.0703],[75.3832,29.0954],[75.3807,29.1107],[75.3913,29.1193],[75.3962,29.1284],[75.3851,29.1342],[75.3612,29.1426],[75.3676,29.1504],[75.369,29.17],[75.3886,29.1707],[75.3944,29.1743],[75.4007,29.1889],[75.3965,29.2134],[75.3861,29.2212],[75.3873,29.229],[75.3994,29.2403],[75.3957,29.2619],[75.3795,29.2639],[75.358,29.2546],[75.3502,29.2474],[75.3453,29.2262],[75.3149,29.236],[75.3232,29.2518],[75.3254,29.2783],[75.3242,29.2902],[75.3193,29.2934],[75.2997,29.282],[75.2767,29.2735],[75.2717,29.2544],[75.2495,29.2565],[75.2352,29.2519],[75.2235,29.235],[75.212,29.2345],[75.1953,29.2442],[75.1885,29.2586],[75.18,29.2686],[75.164,29.2644],[75.1608,29.2537],[75.1475,29.2458],[75.1137,29.2429],[75.1082,29.2268],[75.0781,29.2325],[75.0627,29.2389],[75.0653,29.2466],[75.0509,29.2637],[75.0505,29.2724],[75.0399,29.2871],[75.0239,29.2915],[75.0059,29.2838],[74.991,29.2717],[74.9769,29.2811],[74.9531,29.2819],[74.9426,29.2952],[74.9401,29.3048],[74.9506,29.3185],[74.9461,29.3328],[74.9359,29.3379],[74.9271,29.3646],[74.9102,29.3712],[74.8885,29.3867],[74.8706,29.3851],[74.8639,29.3964],[74.8495,29.4028],[74.8095,29.3985],[74.7988,29.3847],[74.7759,29.3602],[74.7566,29.356],[74.7317,29.3538],[74.7112,29.3689],[74.6887,29.3652],[74.6502,29.3724],[74.6437,29.3544],[74.6441,29.3353],[74.6418,29.3312],[74.606,29.3276],[74.5958,29.3283],[74.6,29.3543],[74.5905,29.3707],[74.5729,29.3864],[74.5691,29.3973],[74.57,29.4062],[74.5522,29.4224],[74.5313,29.425],[74.5291,29.4495],[74.5346,29.465],[74.5717,29.4623],[74.5789,29.4586],[74.5916,29.4799],[74.5927,29.4921],[74.6117,29.52],[74.6114,29.5315],[74.5995,29.5369],[74.5717,29.5556],[74.5665,29.5635],[74.5706,29.5685],[74.5703,29.5859],[74.5754,29.6273],[74.586,29.6353],[74.5785,29.6548],[74.5851,29.675],[74.5939,29.6914],[74.5929,29.7007],[74.599,29.7062],[74.6035,29.7214],[74.6016,29.7407],[74.6054,29.7529],[74.5975,29.758],[74.5925,29.7667],[74.5782,29.767],[74.5714,29.7532],[74.564,29.7546],[74.5378,29.7539],[74.5258,29.7414],[74.5116,29.7407],[74.472,29.744],[74.4653,29.7875],[74.4706,29.802],[74.4917,29.8265],[74.5059,29.8326],[74.5325,29.8393],[74.5536,29.8656],[74.5435,29.8887],[74.5337,29.9026],[74.5109,29.9043],[74.505,29.9078],[74.5191,29.9433],[74.5302,29.945],[74.549,29.9332],[74.573,29.9259],[74.5858,29.9148],[74.6396,29.9039],[74.6399,29.9225],[74.6489,29.9309],[74.681,29.9492],[74.6832,29.9611],[74.6955,29.9715],[74.724,29.9619],[74.7372,29.969],[74.7587,29.9736],[74.776,29.9744],[74.7944,29.9896],[74.8012,29.9926],[74.8167,29.9845],[74.8214,29.9731],[74.8496,29.9591],[74.8594,29.9612],[74.872,29.9591],[74.8815,29.9683],[74.8944,29.9529],[74.8944,29.9394],[74.9157,29.9492],[74.9241,29.9415],[74.9286,29.9292],[74.9432,29.9025],[74.9579,29.8977],[74.9699,29.8899],[74.9695,29.8807],[74.9899,29.8565],[74.9941,29.8632],[75.0057,29.8676],[75.0141,29.8646],[75.0375,29.8818],[75.0518,29.8749],[75.0655,29.879],[75.0777,29.9123],[75.0848,29.9151],[75.1027,29.897],[75.1031,29.8768],[75.1006,29.8679],[75.0847,29.8586],[75.0813,29.8494],[75.0857,29.8448],[75.1041,29.838],[75.1071,29.8265],[75.0933,29.8193],[75.0902,29.8067],[75.1023,29.8026],[75.1249,29.8056],[75.1314,29.7849],[75.1417,29.777],[75.1592,29.7842],[75.1495,29.7916],[75.1554,29.8198],[75.1752,29.8295],[75.1823,29.8387],[75.2009,29.83],[75.2025,29.8214],[75.1978,29.8134],[75.198,29.7962],[75.2124,29.7865],[75.2167,29.7715],[75.231,29.7521],[75.2214,29.7331],[75.1981,29.7308],[75.1872,29.7119],[75.1884,29.7037],[75.1977,29.6965],[75.1889,29.6808],[75.1753,29.6781],[75.1589,29.6694],[75.1578,29.6627],[75.1733,29.6495],[75.1733,29.6301],[75.1847,29.6225],[75.1994,29.6227],[75.2212,29.6066],[75.2232,29.5989],[75.2112,29.5824],[75.2179,29.5785],[75.2282,29.5586],[75.2235,29.5462],[75.2381,29.5515],[75.2545,29.5542],[75.275,29.5611],[75.2906,29.5618],[75.303,29.5791],[75.3045,29.5885],[75.2936,29.5977],[75.2803,29.6033],[75.2806,29.6101],[75.2879,29.6198],[75.3075,29.6326],[75.3162,29.6608],[75.3177,29.6707],[75.3301,29.6723],[75.3415,29.6621],[75.346,29.6714],[75.3338,29.6881],[75.3619,29.7129],[75.3788,29.7113],[75.3836,29.7203],[75.3837,29.734],[75.3909,29.7386],[75.3968,29.7487],[75.3972,29.761],[75.41,29.7753],[75.4198,29.7744],[75.4438,29.7862],[75.4432,29.7942],[75.4355,29.7988],[75.4443,29.8078],[75.4984,29.7778],[75.5063,29.7741],[75.5117,29.76],[75.5302,29.7727],[75.5442,29.7718],[75.5564,29.7658],[75.5631,29.7442],[75.5688,29.7426],[75.5927,29.7492],[75.6132,29.7465],[75.6226,29.7536],[75.6254,29.7732],[75.6409,29.7711],[75.6564,29.7761],[75.6662,29.7727],[75.6783,29.7571],[75.6874,29.7518],[75.6974,29.7552],[75.7059,29.8086],[75.7099,29.8123],[75.7484,29.8121],[75.7716,29.8254],[75.7961,29.8071],[75.82,29.8154],[75.829,29.8123],[75.8293,29.8007],[75.8334,29.7907],[75.8436,29.776],[75.8546,29.7697],[75.8638,29.7523],[75.8793,29.7471],[75.8972,29.7555],[75.9031,29.7463],[75.9139,29.7388],[75.934,29.7325],[75.9424,29.7343],[75.9649,29.7314],[75.9725,29.7324],[76.0038,29.7509],[76.0242,29.7556],[76.0357,29.7467],[76.0415,29.7488],[76.0584,29.7731],[76.0699,29.776],[76.0743,29.7812],[76.0777,29.8058],[76.0944,29.8116],[76.1032,29.8084],[76.1164,29.7964],[76.1393,29.8168],[76.1667,29.8183],[76.1858,29.8312],[76.1942,29.845],[76.2111,29.8432],[76.2118,29.8531],[76.2285,29.8545],[76.242,29.869],[76.2387,29.8759],[76.2253,29.8851],[76.2081,29.8865],[76.1974,29.884],[76.1846,29.8886],[76.1827,29.8939],[76.1836,29.9157],[76.182,29.9232],[76.1715,29.9232],[76.1663,29.9287],[76.1696,29.9366],[76.1789,29.9463],[76.2039,29.9441],[76.2035,29.9521],[76.1947,29.9657],[76.199,29.9732],[76.1958,29.9905],[76.1894,30.0042],[76.1935,30.0194],[76.2095,30.0227],[76.2161,30.0287],[76.1989,30.0348],[76.2299,30.0806],[76.2538,30.106],[76.2308,30.1085],[76.2152,30.1172],[76.2047,30.1279],[76.1896,30.1367],[76.1959,30.14],[76.2079,30.1331],[76.2127,30.1368],[76.2026,30.1528],[76.2105,30.1561],[76.2247,30.1418],[76.2512,30.119],[76.2798,30.1137],[76.2931,30.1186],[76.3128,30.1085],[76.3284,30.1095],[76.3379,30.1159],[76.3489,30.1277],[76.3259,30.1492],[76.3431,30.1534],[76.3483,30.1505],[76.3637,30.1275],[76.3747,30.1237],[76.39,30.1275],[76.3846,30.1458],[76.4016,30.1577],[76.381,30.1832],[76.3988,30.199],[76.4102,30.2023],[76.42,30.1979],[76.4286,30.1798],[76.429,30.173],[76.4224,30.1636],[76.426,30.1476],[76.4363,30.137],[76.4465,30.1371],[76.4445,30.1229],[76.4466,30.1112],[76.4521,30.1007],[76.4616,30.099],[76.4835,30.0996],[76.4908,30.0972],[76.5011,30.0766],[76.5089,30.0795],[76.5336,30.0828],[76.5549,30.0988],[76.5658,30.0963],[76.5895,30.0793],[76.6011,30.0802],[76.6195,30.0954],[76.6276,30.1105],[76.6247,30.1169],[76.6294,30.1348],[76.6231,30.1447],[76.6276,30.1551],[76.6227,30.1703],[76.6393,30.1852],[76.6389,30.2059],[76.6328,30.21],[76.6168,30.2111],[76.6043,30.2152],[76.6119,30.2256],[76.6093,30.2349],[76.5994,30.2403],[76.5903,30.2541],[76.5759,30.2559],[76.5477,30.2344],[76.5458,30.2586],[76.5476,30.2649],[76.5579,30.2643],[76.5809,30.2699],[76.6045,30.2723],[76.6144,30.2753],[76.6197,30.2878],[76.6263,30.2839],[76.6513,30.2993],[76.6624,30.2996],[76.6731,30.3128],[76.6709,30.3192],[76.6885,30.326],[76.6977,30.3249],[76.7048,30.3317],[76.7152,30.3329],[76.7152,30.3399],[76.7239,30.3444],[76.7385,30.3596],[76.7304,30.3674],[76.7114,30.3651],[76.7181,30.3771],[76.7049,30.3808],[76.7001,30.3936],[76.7265,30.405],[76.7252,30.4204],[76.7489,30.4266],[76.7579,30.4389],[76.7667,30.436],[76.7643,30.425],[76.7708,30.4183],[76.7807,30.415],[76.7973,30.4151],[76.8085,30.4119],[76.8231,30.4225],[76.8325,30.4339],[76.8397,30.4207],[76.8473,30.4149],[76.8647,30.4088],[76.8662,30.3948],[76.8744,30.3913],[76.8804,30.383],[76.8764,30.3633],[76.8872,30.3584],[76.8978,30.3626],[76.917,30.3828],[76.9273,30.3886],[76.9314,30.3971],[76.9258,30.4016],[76.9093,30.4033],[76.9017,30.4283],[76.8899,30.4367],[76.8907,30.4511],[76.8952,30.4556],[76.8966,30.4754],[76.8898,30.4793],[76.8939,30.4896],[76.9011,30.4888],[76.9124,30.4937],[76.9159,30.4994],[76.9201,30.5247],[76.885,30.5404],[76.9022,30.551],[76.9059,30.5584],[76.8989,30.5667],[76.9045,30.5806],[76.8986,30.5884],[76.9072,30.5914],[76.9134,30.5997],[76.9106,30.6058],[76.9015,30.6084],[76.8996,30.62],[76.8836,30.6271],[76.8727,30.64],[76.8586,30.6406],[76.8631,30.6715],[76.8554,30.6732],[76.8399,30.6568],[76.835,30.6641],[76.8188,30.6606],[76.8198,30.6858],[76.8211,30.6968],[76.8363,30.7143],[76.8344,30.7244],[76.8248,30.7308],[76.8227,30.7401],[76.8282,30.7638],[76.8468,30.7925],[76.8335,30.8046],[76.8321,30.8254],[76.8278,30.8326],[76.8012,30.8425],[76.7849,30.8613],[76.769,30.8765],[76.7625,30.8934],[76.7699,30.9064],[76.7988,30.9246],[76.8102,30.9304],[76.8144,30.9213],[76.8098,30.9068],[76.8227,30.8881],[76.8524,30.8707],[76.8618,30.8736],[76.8786,30.886],[76.9022,30.8972],[76.9071,30.891],[76.9158,30.8693],[76.9266,30.8544],[76.9275,30.8374],[76.9428,30.8292],[76.9538,30.8112],[76.9686,30.808],[76.9791,30.7988],[76.9865,30.8132],[76.998,30.8143],[77,30.789],[76.9886,30.7771],[77.0045,30.7663],[77.0047,30.7525],[77.0131,30.7422],[77.0283,30.7434],[77.0337,30.7554],[77.0471,30.7487],[77.0768,30.7448],[77.1023,30.7308],[77.1174,30.7179],[77.1251,30.7071],[77.1535,30.6887],[77.1502,30.6846],[77.1552,30.6681],[77.1527,30.6542],[77.1624,30.6387],[77.1599,30.6315],[77.1575,30.5996],[77.1398,30.5832],[77.1259,30.5737],[77.1115,30.5673],[77.1223,30.5482],[77.1376,30.5386],[77.1695,30.5329],[77.1853,30.5259],[77.1997,30.5066],[77.2026,30.4803],[77.2268,30.4886],[77.2518,30.4844],[77.2608,30.4761],[77.2636,30.4667],[77.3107,30.4536],[77.3224,30.4621],[77.3327,30.4642],[77.3461,30.4619],[77.3568,30.4421],[77.3804,30.4461],[77.3819,30.4393],[77.3941,30.4343],[77.3955,30.4209],[77.4006,30.4188],[77.4076,30.4279],[77.4262,30.4411],[77.4457,30.4657],[77.4563,30.4582],[77.4533,30.4404],[77.4397,30.4244],[77.4257,30.42],[77.4164,30.4084],[77.4304,30.4075],[77.435,30.4037],[77.461,30.4054],[77.468,30.4118],[77.4913,30.4174],[77.4929,30.433],[77.5053,30.4484],[77.5098,30.4488],[77.5258,30.4171],[77.5356,30.4091],[77.5429,30.3972],[77.5653,30.3849],[77.5749,30.3845]]]},"properties":{"ID_0":105,"ISO":"IND","NAME_0":"India","ID_1":13,"NAME_1":"Haryana","NL_NAME_1":null,"VARNAME_1":null,"TYPE_1":"State","ENGTYPE_1":"State"}},{"type":"Feature","geometry":{"type":"Polygon","coordinates":[[[78.4108,32.5117],[78.4317,32.5103],[78.445,32.4979],[78.4487,32.4901],[78.4373,32.4711],[78.4381,32.4564],[78.462,32.448],[78.4687,32.4421],[78.4781,32.4259],[78.5026,32.4262],[78.5188,32.4185],[78.5167,32.4125],[78.5021,32.4005],[78.4959,32.3908],[78.494,32.3773],[78.4829,32.3659],[78.468,32.358],[78.4629,32.3496],[78.4612,32.337],[78.4647,32.3206],[78.467,32.2919],[78.4643,32.2778],[78.4584,32.2691],[78.4417,32.2518],[78.4392,32.2465],[78.4641,32.246],[78.4828,32.2431],[78.5237,32.2505],[78.5431,32.2487],[78.5739,32.2313],[78.5929,32.2187],[78.5951,32.2115],[78.5911,32.2039],[78.5942,32.1885],[78.5888,32.1715],[78.5773,32.1651],[78.5743,32.1586],[78.5883,32.1474],[78.5942,32.1357],[78.5963,32.1234],[78.6062,32.1175],[78.6286,32.115],[78.6479,32.1071],[78.6524,32.0883],[78.6608,32.0783],[78.6744,32.0693],[78.6861,32.0576],[78.6901,32.0457],[78.7255,32.0175],[78.7371,32.0041],[78.7506,32.0036],[78.771,31.9998],[78.7611,31.9638],[78.7526,31.9396],[78.7454,31.925],[78.7328,31.913],[78.7316,31.8982],[78.7248,31.885],[78.7234,31.847],[78.7205,31.8353],[78.7015,31.8258],[78.693,31.8143],[78.6914,31.7934],[78.6963,31.7788],[78.7033,31.7704],[78.7247,31.7639],[78.7118,31.7449],[78.7215,31.7303],[78.7286,31.7024],[78.7344,31.692],[78.7475,31.6851],[78.7648,31.6862],[78.7796,31.6898],[78.7808,31.6727],[78.7842,31.6613],[78.7953,31.6492],[78.8167,31.6365],[78.8269,31.628],[78.8311,31.6153],[78.8228,31.6006],[78.7973,31.5762],[78.7681,31.5657],[78.7576,31.5536],[78.75,31.5488],[78.7213,31.541],[78.7172,31.5305],[78.7068,31.5211],[78.7151,31.5077],[78.716,31.4872],[78.7238,31.486],[78.7442,31.4903],[78.7515,31.4889],[78.7546,31.4807],[78.7802,31.462],[78.7955,31.4528],[78.7973,31.4446],[78.7925,31.4179],[78.7765,31.4067],[78.776,31.4024],[78.808,31.3923],[78.8272,31.3813],[78.8342,31.3725],[78.8403,31.3544],[78.8378,31.345],[78.829,31.3302],[78.8484,31.3223],[78.8675,31.3014],[78.8795,31.2707],[78.8854,31.2665],[78.9069,31.2592],[78.9059,31.2502],[78.9099,31.2339],[78.9196,31.2231],[78.9351,31.2224],[78.9359,31.2057],[78.9462,31.1936],[78.9719,31.1824],[78.9775,31.1702],[78.9781,31.1457],[78.9892,31.1374],[78.9967,31.1176],[78.9657,31.1154],[78.9421,31.105],[78.9205,31.1076],[78.9127,31.1162],[78.9038,31.1155],[78.8968,31.1056],[78.88,31.1038],[78.8623,31.1124],[78.852,31.1262],[78.8378,31.1307],[78.8187,31.1472],[78.8102,31.1639],[78.8117,31.1694],[78.8005,31.1783],[78.798,31.1889],[78.8032,31.1992],[78.795,31.205],[78.7709,31.1973],[78.7495,31.1944],[78.7204,31.197],[78.7075,31.195],[78.6956,31.1963],[78.6761,31.2032],[78.6598,31.2033],[78.6507,31.1979],[78.638,31.2084],[78.636,31.2196],[78.6171,31.2252],[78.6006,31.2359],[78.5666,31.2337],[78.5563,31.2274],[78.5502,31.2185],[78.5371,31.2067],[78.5141,31.2039],[78.4701,31.2038],[78.4666,31.2209],[78.4572,31.2278],[78.4441,31.2442],[78.4317,31.2496],[78.4195,31.2599],[78.4144,31.2509],[78.3975,31.2478],[78.3913,31.253],[78.3931,31.2623],[78.3833,31.2743],[78.3735,31.2792],[78.3693,31.2879],[78.3563,31.2909],[78.3169,31.2851],[78.2984,31.2882],[78.2934,31.266],[78.2885,31.2642],[78.269,31.2714],[78.2482,31.2467],[78.2326,31.235],[78.2184,31.2387],[78.2068,31.2372],[78.2003,31.2257],[78.1849,31.2233],[78.1714,31.2318],[78.1478,31.2316],[78.1349,31.2161],[78.1192,31.214],[78.1138,31.2062],[78.0924,31.1928],[78.0538,31.1929],[78.03,31.1853],[78.0162,31.1715],[78.0165,31.1585],[78.0077,31.1571],[77.9926,31.167],[77.9694,31.1652],[77.9548,31.1788],[77.946,31.1762],[77.9344,31.1673],[77.9147,31.1566],[77.9022,31.1588],[77.8875,31.1547],[77.8897,31.149],[77.8804,31.1374],[77.8787,31.1247],[77.8579,31.1162],[77.8515,31.111],[77.8504,31.0952],[77.8428,31.0813],[77.8247,31.0744],[77.8147,31.0609],[77.805,31.0541],[77.8151,31.0339],[77.8216,31.0299],[77.8188,31.0158],[77.8247,31.0052],[77.8075,30.9938],[77.8052,30.9816],[77.7964,30.9698],[77.8046,30.961],[77.8189,30.9601],[77.8171,30.9536],[77.8023,30.9551],[77.7784,30.9723],[77.7639,30.977],[77.7539,30.9768],[77.7363,30.9636],[77.7333,30.9495],[77.7367,30.9396],[77.7465,30.934],[77.7456,30.9223],[77.7673,30.9205],[77.7745,30.9253],[77.7934,30.926],[77.8008,30.9127],[77.7864,30.896],[77.7835,30.8721],[77.7894,30.8585],[77.7736,30.861],[77.7652,30.8652],[77.7582,30.8805],[77.7445,30.8812],[77.7409,30.8743],[77.7417,30.8642],[77.7315,30.8508],[77.7441,30.8362],[77.7444,30.8299],[77.734,30.8241],[77.7194,30.8083],[77.7154,30.7942],[77.7045,30.779],[77.6883,30.7687],[77.693,30.7579],[77.6939,30.7462],[77.7072,30.7455],[77.7307,30.7245],[77.7411,30.7107],[77.7336,30.6975],[77.7334,30.6858],[77.7542,30.6761],[77.7659,30.6653],[77.7791,30.6638],[77.7683,30.6515],[77.775,30.6411],[77.7713,30.6285],[77.7786,30.6179],[77.7566,30.6203],[77.7572,30.6048],[77.7497,30.6014],[77.7425,30.6072],[77.7321,30.6071],[77.7295,30.5984],[77.7436,30.5898],[77.7535,30.5702],[77.7618,30.563],[77.7783,30.5574],[77.7864,30.5614],[77.8059,30.5607],[77.8068,30.5493],[77.8122,30.538],[77.7992,30.5114],[77.7882,30.5061],[77.7676,30.5044],[77.755,30.4983],[77.7214,30.4778],[77.7112,30.4773],[77.6822,30.4577],[77.6791,30.4517],[77.6616,30.4488],[77.6402,30.4524],[77.6305,30.4362],[77.6038,30.4374],[77.5811,30.4303],[77.5629,30.4171],[77.5631,30.4045],[77.5762,30.3899],[77.5749,30.3845],[77.5653,30.3849],[77.5429,30.3972],[77.5356,30.4091],[77.5258,30.4171],[77.5098,30.4488],[77.5053,30.4484],[77.4929,30.433],[77.4913,30.4174],[77.468,30.4118],[77.461,30.4054],[77.435,30.4037],[77.4304,30.4075],[77.4164,30.4084],[77.4257,30.42],[77.4397,30.4244],[77.4533,30.4404],[77.4563,30.4582],[77.4457,30.4657],[77.4262,30.4411],[77.4076,30.4279],[77.4006,30.4188],[77.3955,30.4209],[77.3941,30.4343],[77.3819,30.4393],[77.3804,30.4461],[77.3568,30.4421],[77.3461,30.4619],[77.3327,30.4642],[77.3224,30.4621],[77.3107,30.4536],[77.2636,30.4667],[77.2608,30.4761],[77.2518,30.4844],[77.2268,30.4886],[77.2026,30.4803],[77.1997,30.5066],[77.1853,30.5259],[77.1695,30.5329],[77.1376,30.5386],[77.1223,30.5482],[77.1115,30.5673],[77.1259,30.5737],[77.1398,30.5832],[77.1575,30.5996],[77.1599,30.6315],[77.1624,30.6387],[77.1527,30.6542],[77.1552,30.6681],[77.1502,30.6846],[77.1535,30.6887],[77.1251,30.7071],[77.1174,30.7179],[77.1023,30.7308],[77.0768,30.7448],[77.0471,30.7487],[77.0337,30.7554],[77.0283,30.7434],[77.0131,30.7422],[77.0047,30.7525],[77.0045,30.7663],[76.9886,30.7771],[77,30.789],[76.998,30.8143],[76.9865,30.8132],[76.9791,30.7988],[76.9686,30.808],[76.9538,30.8112],[76.9428,30.8292],[76.9275,30.8374],[76.9266,30.8544],[76.9158,30.8693],[76.9071,30.891],[76.9022,30.8972],[76.8786,30.886],[76.8618,30.8736],[76.8524,30.8707],[76.8227,30.8881],[76.8098,30.9068],[76.8144,30.9213],[76.8102,30.9304],[76.7988,30.9246],[76.7699,30.9064],[76.7538,30.9178],[76.7486,30.9292],[76.7384,30.9301],[76.726,30.9393],[76.7241,30.9506],[76.7126,30.9634],[76.7051,30.9633],[76.6942,30.9725],[76.6682,30.9699],[76.6626,30.9711],[76.6531,30.9818],[76.6259,30.9925],[76.6101,31.0042],[76.6136,31.022],[76.6052,31.0335],[76.599,31.0536],[76.6095,31.0607],[76.6049,31.0784],[76.6118,31.0964],[76.6257,31.1102],[76.6237,31.118],[76.6156,31.1216],[76.6073,31.1196],[76.5893,31.1277],[76.5987,31.1512],[76.5901,31.1573],[76.5925,31.1723],[76.5904,31.1829],[76.5983,31.1865],[76.6122,31.2026],[76.6354,31.213],[76.6163,31.2294],[76.5868,31.2161],[76.5806,31.2164],[76.576,31.2258],[76.5825,31.2309],[76.5847,31.2396],[76.6016,31.2509],[76.5705,31.2801],[76.5522,31.2649],[76.5459,31.2559],[76.535,31.2554],[76.5326,31.2665],[76.5372,31.284],[76.5312,31.2835],[76.5279,31.27],[76.5143,31.2645],[76.5166,31.2774],[76.5109,31.2826],[76.4982,31.2733],[76.4886,31.2734],[76.4756,31.2922],[76.4725,31.3067],[76.4667,31.3102],[76.4458,31.2897],[76.4311,31.2828],[76.4285,31.2892],[76.4456,31.3004],[76.4483,31.306],[76.428,31.3252],[76.4182,31.3373],[76.4088,31.3537],[76.3911,31.3786],[76.3792,31.3912],[76.3904,31.3973],[76.3816,31.4106],[76.373,31.4136],[76.3753,31.4222],[76.3692,31.4281],[76.3631,31.4414],[76.3568,31.4296],[76.3591,31.4156],[76.3469,31.4057],[76.3295,31.4011],[76.3158,31.4024],[76.3182,31.3811],[76.3296,31.3795],[76.3313,31.3591],[76.3367,31.353],[76.3301,31.3453],[76.3158,31.3475],[76.296,31.3422],[76.3023,31.3264],[76.2904,31.3156],[76.2684,31.3066],[76.2612,31.3058],[76.2556,31.315],[76.2232,31.3131],[76.2064,31.3053],[76.1857,31.3047],[76.1728,31.3067],[76.1661,31.3262],[76.1663,31.3415],[76.1581,31.3469],[76.1396,31.3531],[76.135,31.3618],[76.1341,31.3826],[76.153,31.3973],[76.1567,31.4045],[76.1535,31.414],[76.1471,31.4188],[76.1435,31.4323],[76.1282,31.4438],[76.1147,31.4735],[76.108,31.4822],[76.1082,31.4951],[76.0906,31.519],[76.084,31.5372],[76.0649,31.5618],[76.0432,31.592],[76.044,31.603],[76.0232,31.6155],[76.0176,31.6217],[76.0027,31.6466],[76.0062,31.6514],[76.0047,31.663],[75.9974,31.6689],[75.9947,31.6815],[75.9856,31.6854],[75.9758,31.6953],[75.9774,31.705],[75.9694,31.7197],[75.966,31.7335],[75.9576,31.7405],[75.9595,31.7495],[75.9519,31.763],[75.9451,31.7813],[75.9364,31.7843],[75.933,31.7971],[75.9218,31.8172],[75.9361,31.8183],[75.9529,31.824],[75.967,31.8149],[75.9709,31.8192],[75.9558,31.8324],[75.9497,31.8481],[75.9384,31.8679],[75.9314,31.8838],[75.9262,31.8898],[75.9127,31.9166],[75.9028,31.9279],[75.896,31.9403],[75.8945,31.9498],[75.8662,31.9688],[75.8416,31.9736],[75.8364,31.9816],[75.814,31.9834],[75.7951,31.9886],[75.7743,32.0008],[75.7484,32.0272],[75.734,32.0373],[75.7105,32.036],[75.7004,32.0436],[75.6923,32.0595],[75.6494,32.0772],[75.6401,32.0767],[75.5985,32.066],[75.5788,32.0817],[75.6106,32.0996],[75.6312,32.1195],[75.6555,32.1461],[75.6618,32.1647],[75.6562,32.1766],[75.6496,32.1797],[75.6202,32.1852],[75.6183,32.197],[75.6225,32.2347],[75.6341,32.2447],[75.6524,32.2554],[75.6758,32.264],[75.7049,32.2672],[75.7364,32.2738],[75.7547,32.2861],[75.7634,32.3022],[75.7937,32.3324],[75.8189,32.355],[75.8439,32.3793],[75.8719,32.3984],[75.9154,32.4103],[75.9259,32.4118],[75.9346,32.4248],[75.9155,32.4487],[75.8954,32.4619],[75.8871,32.472],[75.8553,32.4996],[75.851,32.5079],[75.8514,32.5213],[75.8564,32.5377],[75.8703,32.5588],[75.8755,32.5709],[75.8725,32.5762],[75.9078,32.6191],[75.9236,32.6437],[75.9241,32.6582],[75.9054,32.6722],[75.8989,32.6806],[75.8966,32.6911],[75.8991,32.7002],[75.9098,32.7209],[75.914,32.742],[75.9125,32.7571],[75.9001,32.7699],[75.8857,32.7955],[75.8738,32.8137],[75.8374,32.8368],[75.8211,32.8428],[75.8083,32.8532],[75.7946,32.8702],[75.7874,32.8933],[75.8,32.9039],[75.7983,32.9194],[75.808,32.9298],[75.8339,32.9346],[75.8501,32.9312],[75.8671,32.9302],[75.9001,32.9157],[75.9232,32.8981],[75.9338,32.8843],[75.9458,32.8851],[75.9832,32.9004],[75.9874,32.9006],[76.0046,32.914],[76.0172,32.9176],[76.0281,32.9374],[76.0426,32.9402],[76.07,32.9622],[76.0822,32.9688],[76.0946,33.0003],[76.0937,33.0048],[76.1205,33.0104],[76.1282,33.0101],[76.1439,33.0165],[76.1522,33.0229],[76.1883,33.0276],[76.2162,33.0286],[76.2373,33.0326],[76.2552,33.0523],[76.2712,33.0964],[76.275,33.104],[76.288,33.1132],[76.2919,33.1202],[76.3155,33.1302],[76.3356,33.1463],[76.3589,33.1575],[76.3608,33.1628],[76.3846,33.1829],[76.3917,33.1867],[76.4077,33.1884],[76.4218,33.1818],[76.4418,33.1805],[76.4556,33.1833],[76.4691,33.1799],[76.4888,33.1902],[76.496,33.196],[76.5058,33.1958],[76.5202,33.2004],[76.5342,33.1993],[76.5475,33.2095],[76.5862,33.2042],[76.584,33.1931],[76.5973,33.188],[76.5996,33.1738],[76.6126,33.166],[76.627,33.1625],[76.6407,33.1647],[76.6511,33.1718],[76.6853,33.174],[76.6967,33.1815],[76.7142,33.1774],[76.7299,33.1794],[76.7344,33.1931],[76.7421,33.1975],[76.7599,33.2247],[76.7624,33.2395],[76.7553,33.2495],[76.7636,33.2543],[76.7854,33.2536],[76.7969,33.2412],[76.8063,33.2362],[76.8092,33.2443],[76.8219,33.2484],[76.8289,33.2425],[76.8179,33.2311],[76.8111,33.2155],[76.8186,33.2056],[76.8033,33.1939],[76.8066,33.1847],[76.7981,33.1733],[76.8035,33.1557],[76.8173,33.142],[76.8292,33.1377],[76.8281,33.1317],[76.8374,33.1264],[76.8341,33.1206],[76.8444,33.1123],[76.8526,33.1115],[76.8687,33.1202],[76.8772,33.1142],[76.8774,33.1072],[76.8848,33.0974],[76.8943,33.0951],[76.8907,33.0808],[76.8964,33.0758],[76.9001,33.0641],[76.9102,33.0502],[76.9175,33.0337],[76.9327,33.0285],[76.9483,33.0185],[76.9621,33.0139],[76.9665,33.0072],[76.9808,33.0015],[76.9985,32.9896],[77.0353,32.9997],[77.0585,32.9861],[77.0659,32.9855],[77.0749,32.9734],[77.0971,32.9776],[77.1032,32.9872],[77.1364,32.9805],[77.1343,32.9695],[77.1364,32.9578],[77.1461,32.9564],[77.1469,32.9344],[77.1507,32.9202],[77.1574,32.9132],[77.1666,32.9281],[77.1739,32.9311],[77.1818,32.9155],[77.189,32.9101],[77.2045,32.9064],[77.218,32.8973],[77.2283,32.8956],[77.2293,32.8868],[77.2241,32.8827],[77.2363,32.8723],[77.2389,32.8652],[77.2476,32.8649],[77.2583,32.8764],[77.2743,32.8598],[77.2887,32.8526],[77.3052,32.854],[77.3125,32.8463],[77.3109,32.8377],[77.3216,32.8224],[77.336,32.8189],[77.3565,32.8253],[77.3627,32.8466],[77.3587,32.8564],[77.3712,32.8674],[77.3794,32.8808],[77.3954,32.8873],[77.4101,32.8782],[77.4257,32.8837],[77.4362,32.8659],[77.4552,32.8617],[77.4732,32.8788],[77.4846,32.8865],[77.4943,32.8815],[77.5196,32.8874],[77.527,32.8923],[77.5447,32.9117],[77.5538,32.9131],[77.5696,32.9217],[77.5797,32.9317],[77.5815,32.9392],[77.5934,32.9415],[77.613,32.9414],[77.6234,32.9445],[77.6385,32.9561],[77.6533,32.9594],[77.66,32.969],[77.6652,32.986],[77.6709,32.9863],[77.6795,32.9778],[77.695,32.9778],[77.6999,32.969],[77.7125,32.9718],[77.7231,32.9644],[77.7364,32.9479],[77.7596,32.9274],[77.778,32.9158],[77.7902,32.9054],[77.7925,32.8981],[77.787,32.8917],[77.7727,32.8909],[77.766,32.8803],[77.7614,32.8648],[77.7677,32.8585],[77.799,32.8458],[77.8082,32.836],[77.8251,32.8399],[77.8476,32.8284],[77.8613,32.8162],[77.869,32.8004],[77.867,32.7903],[77.8809,32.7754],[77.8995,32.7753],[77.9151,32.7661],[77.9179,32.7569],[77.9118,32.7365],[77.912,32.7258],[77.9063,32.7123],[77.9033,32.6931],[77.9202,32.6795],[77.9272,32.6626],[77.9389,32.648],[77.9527,32.6404],[77.9542,32.626],[77.9678,32.608],[77.9767,32.5919],[77.9871,32.5882],[78.0174,32.587],[78.0358,32.5919],[78.0415,32.6053],[78.0344,32.6157],[78.0339,32.6356],[78.0441,32.6288],[78.059,32.6246],[78.0675,32.6256],[78.0729,32.6444],[78.079,32.6528],[78.0934,32.6622],[78.0993,32.66],[78.1162,32.6424],[78.1267,32.6491],[78.136,32.6703],[78.1525,32.679],[78.1705,32.6772],[78.184,32.6639],[78.195,32.6673],[78.2016,32.6652],[78.225,32.6756],[78.2333,32.6837],[78.2366,32.6947],[78.2591,32.7029],[78.2727,32.7029],[78.2957,32.7128],[78.2986,32.7197],[78.2946,32.7316],[78.2877,32.7378],[78.3447,32.7634],[78.3643,32.763],[78.3728,32.7602],[78.3712,32.7337],[78.3778,32.7193],[78.3676,32.6995],[78.3637,32.6855],[78.3632,32.672],[78.3709,32.6382],[78.3759,32.6296],[78.3888,32.6232],[78.3771,32.6149],[78.3406,32.5931],[78.3318,32.5849],[78.318,32.5802],[78.2966,32.5775],[78.2992,32.5293],[78.295,32.5225],[78.2785,32.5079],[78.3062,32.4777],[78.3104,32.4759],[78.3564,32.5127],[78.3824,32.5297],[78.3991,32.5264],[78.4014,32.5182],[78.4108,32.5117]]]},"properties":{"ID_0":105,"ISO":"IND","NAME_0":"India","ID_1":14,"NAME_1":"Himachal Pradesh","NL_NAME_1":null,"VARNAME_1":null,"TYPE_1":"Union Territor","ENGTYPE_1":"Union Territory"}},{"type":"Feature","geometry":{"type":"Polygon","coordinates":[[[78.4108,32.5117],[78.4014,32.5182],[78.3991,32.5264],[78.3824,32.5297],[78.3564,32.5127],[78.3104,32.4759],[78.3062,32.4777],[78.2785,32.5079],[78.295,32.5225],[78.2992,32.5293],[78.2966,32.5775],[78.318,32.5802],[78.3318,32.5849],[78.3406,32.5931],[78.3771,32.6149],[78.3888,32.6232],[78.3759,32.6296],[78.3709,32.6382],[78.3632,32.672],[78.3637,32.6855],[78.3676,32.6995],[78.3778,32.7193],[78.3712,32.7337],[78.3728,32.7602],[78.3643,32.763],[78.3447,32.7634],[78.2877,32.7378],[78.2946,32.7316],[78.2986,32.7197],[78.2957,32.7128],[78.2727,32.7029],[78.2591,32.7029],[78.2366,32.6947],[78.2333,32.6837],[78.225,32.6756],[78.2016,32.6652],[78.195,32.6673],[78.184,32.6639],[78.1705,32.6772],[78.1525,32.679],[78.136,32.6703],[78.1267,32.6491],[78.1162,32.6424],[78.0993,32.66],[78.0934,32.6622],[78.079,32.6528],[78.0729,32.6444],[78.0675,32.6256],[78.059,32.6246],[78.0441,32.6288],[78.0339,32.6356],[78.0344,32.6157],[78.0415,32.6053],[78.0358,32.5919],[78.0174,32.587],[77.9871,32.5882],[77.9767,32.5919],[77.9678,32.608],[77.9542,32.626],[77.9527,32.6404],[77.9389,32.648],[77.9272,32.6626],[77.9202,32.6795],[77.9033,32.6931],[77.9063,32.7123],[77.912,32.7258],[77.9118,32.7365],[77.9179,32.7569],[77.9151,32.7661],[77.8995,32.7753],[77.8809,32.7754],[77.867,32.7903],[77.869,32.8004],[77.8613,32.8162],[77.8476,32.8284],[77.8251,32.8399],[77.8082,32.836],[77.799,32.8458],[77.7677,32.8585],[77.7614,32.8648],[77.766,32.8803],[77.7727,32.8909],[77.787,32.8917],[77.7925,32.8981],[77.7902,32.9054],[77.778,32.9158],[77.7596,32.9274],[77.7364,32.9479],[77.7231,32.9644],[77.7125,32.9718],[77.6999,32.969],[77.695,32.9778],[77.6795,32.9778],[77.6709,32.9863],[77.6652,32.986],[77.66,32.969],[77.6533,32.9594],[77.6385,32.9561],[77.6234,32.9445],[77.613,32.9414],[77.5934,32.9415],[77.5815,32.9392],[77.5797,32.9317],[77.5696,32.9217],[77.5538,32.9131],[77.5447,32.9117],[77.527,32.8923],[77.5196,32.8874],[77.4943,32.8815],[77.4846,32.8865],[77.4732,32.8788],[77.4552,32.8617],[77.4362,32.8659],[77.4257,32.8837],[77.4101,32.8782],[77.3954,32.8873],[77.3794,32.8808],[77.3712,32.8674],[77.3587,32.8564],[77.3627,32.8466],[77.3565,32.8253],[77.336,32.8189],[77.3216,32.8224],[77.3109,32.8377],[77.3125,32.8463],[77.3052,32.854],[77.2887,32.8526],[77.2743,32.8598],[77.2583,32.8764],[77.2476,32.8649],[77.2389,32.8652],[77.2363,32.8723],[77.2241,32.8827],[77.2293,32.8868],[77.2283,32.8956],[77.218,32.8973],[77.2045,32.9064],[77.189,32.9101],[77.1818,32.9155],[77.1739,32.9311],[77.1666,32.9281],[77.1574,32.9132],[77.1507,32.9202],[77.1469,32.9344],[77.1461,32.9564],[77.1364,32.9578],[77.1343,32.9695],[77.1364,32.9805],[77.1032,32.9872],[77.0971,32.9776],[77.0749,32.9734],[77.0659,32.9855],[77.0585,32.9861],[77.0353,32.9997],[76.9985,32.9896],[76.9808,33.0015],[76.9665,33.0072],[76.9621,33.0139],[76.9483,33.0185],[76.9327,33.0285],[76.9175,33.0337],[76.9102,33.0502],[76.9001,33.0641],[76.8964,33.0758],[76.8907,33.0808],[76.8943,33.0951],[76.8848,33.0974],[76.8774,33.1072],[76.8772,33.1142],[76.8687,33.1202],[76.8526,33.1115],[76.8444,33.1123],[76.8341,33.1206],[76.8374,33.1264],[76.8281,33.1317],[76.8292,33.1377],[76.8173,33.142],[76.8035,33.1557],[76.7981,33.1733],[76.8066,33.1847],[76.8033,33.1939],[76.8186,33.2056],[76.8111,33.2155],[76.8179,33.2311],[76.8289,33.2425],[76.8219,33.2484],[76.8092,33.2443],[76.8063,33.2362],[76.7969,33.2412],[76.7854,33.2536],[76.7636,33.2543],[76.7553,33.2495],[76.7624,33.2395],[76.7599,33.2247],[76.7421,33.1975],[76.7344,33.1931],[76.7299,33.1794],[76.7142,33.1774],[76.6967,33.1815],[76.6853,33.174],[76.6511,33.1718],[76.6407,33.1647],[76.627,33.1625],[76.6126,33.166],[76.5996,33.1738],[76.5973,33.188],[76.584,33.1931],[76.5862,33.2042],[76.5475,33.2095],[76.5342,33.1993],[76.5202,33.2004],[76.5058,33.1958],[76.496,33.196],[76.4888,33.1902],[76.4691,33.1799],[76.4556,33.1833],[76.4418,33.1805],[76.4218,33.1818],[76.4077,33.1884],[76.3917,33.1867],[76.3846,33.1829],[76.3608,33.1628],[76.3589,33.1575],[76.3356,33.1463],[76.3155,33.1302],[76.2919,33.1202],[76.288,33.1132],[76.275,33.104],[76.2712,33.0964],[76.2552,33.0523],[76.2373,33.0326],[76.2162,33.0286],[76.1883,33.0276],[76.1522,33.0229],[76.1439,33.0165],[76.1282,33.0101],[76.1205,33.0104],[76.0937,33.0048],[76.0946,33.0003],[76.0822,32.9688],[76.07,32.9622],[76.0426,32.9402],[76.0281,32.9374],[76.0172,32.9176],[76.0046,32.914],[75.9874,32.9006],[75.9832,32.9004],[75.9458,32.8851],[75.9338,32.8843],[75.9232,32.8981],[75.9001,32.9157],[75.8671,32.9302],[75.8501,32.9312],[75.8339,32.9346],[75.808,32.9298],[75.7983,32.9194],[75.8,32.9039],[75.7874,32.8933],[75.7946,32.8702],[75.8083,32.8532],[75.8211,32.8428],[75.8374,32.8368],[75.8738,32.8137],[75.8857,32.7955],[75.9001,32.7699],[75.9125,32.7571],[75.914,32.742],[75.9098,32.7209],[75.8991,32.7002],[75.8966,32.6911],[75.8989,32.6806],[75.9054,32.6722],[75.9241,32.6582],[75.9236,32.6437],[75.9078,32.6191],[75.8725,32.5762],[75.8378,32.5376],[75.825,32.5092],[75.8043,32.4871],[75.7789,32.475],[75.7459,32.4763],[75.7437,32.4691],[75.7297,32.4451],[75.7115,32.4182],[75.685,32.4006],[75.6481,32.3888],[75.5926,32.3817],[75.567,32.3718],[75.5452,32.3608],[75.5292,32.3489],[75.5243,32.34],[75.5158,32.298],[75.5045,32.2795],[75.4947,32.2769],[75.49,32.288],[75.4921,32.3028],[75.4902,32.3102],[75.4799,32.3103],[75.4678,32.3176],[75.4735,32.3392],[75.4326,32.3267],[75.415,32.3243],[75.3785,32.3288],[75.3453,32.3392],[75.3318,32.3447],[75.3223,32.3373],[75.2891,32.3576],[75.2803,32.3673],[75.2533,32.38],[75.2315,32.3992],[75.2002,32.4023],[75.1955,32.4053],[75.1923,32.4198],[75.1795,32.4254],[75.1604,32.4165],[75.1476,32.4134],[75.1279,32.4212],[75.1209,32.4415],[75.0982,32.4659],[75.0826,32.48],[75.0614,32.482],[75.0366,32.4921],[75.0302,32.4918],[75.0117,32.4762],[75,32.4591],[74.9879,32.4496],[74.9731,32.4479],[74.9639,32.4525],[74.9489,32.4541],[74.9336,32.4676],[74.8997,32.4661],[74.891,32.4701],[74.8829,32.4818],[74.8564,32.4927],[74.8353,32.4962],[74.8186,32.4961],[74.7989,32.4841],[74.7436,32.4815],[74.7211,32.4817],[74.6984,32.4849],[74.6867,32.4931],[74.6792,32.5154],[74.683,32.5296],[74.6805,32.5382],[74.6524,32.5602],[74.648,32.5719],[74.6433,32.596],[74.6422,32.611],[74.6492,32.6259],[74.6584,32.6374],[74.6692,32.6459],[74.6762,32.658],[74.6756,32.6658],[74.6621,32.6805],[74.6542,32.6925],[74.6501,32.7184],[74.6619,32.7548],[74.6675,32.7666],[74.6877,32.7961],[74.6946,32.8095],[74.7004,32.827],[74.697,32.8397],[74.6808,32.8382],[74.6615,32.828],[74.642,32.8229],[74.6372,32.8108],[74.6415,32.7919],[74.6328,32.7777],[74.6142,32.7577],[74.5941,32.7568],[74.5792,32.7533],[74.5671,32.7552],[74.5315,32.7407],[74.5027,32.7599],[74.4661,32.7814],[74.4506,32.8168],[74.4301,32.8447],[74.4264,32.8578],[74.4293,32.8795],[74.4251,32.8931],[74.4139,32.9039],[74.4061,32.907],[74.3858,32.9086],[74.3477,32.9082],[74.3272,32.9133],[74.318,32.9197],[74.3161,32.9302],[74.3207,32.9414],[74.3464,32.9655],[74.3532,32.9831],[74.3517,33.0131],[74.3379,33.0259],[74.3265,33.0295],[74.3079,33.0305],[74.2832,33.0432],[74.255,33.0488],[74.2052,33.0433],[74.1993,33.0469],[74.1906,33.0767],[74.1762,33.1072],[74.1488,33.1339],[74.1449,33.1353],[74.1117,33.1644],[74.0828,33.1807],[74.0564,33.1866],[74.0263,33.1886],[74.0143,33.1982],[74.0113,33.2188],[74.011,33.2385],[74.0131,33.2499],[74.0244,33.2625],[74.048,33.2645],[74.065,33.2599],[74.0789,33.2602],[74.103,33.2705],[74.1176,33.2856],[74.1669,33.3441],[74.1707,33.3466],[74.1851,33.3835],[74.1801,33.4021],[74.1793,33.4257],[74.1871,33.4555],[74.1856,33.4665],[74.1781,33.4817],[74.1426,33.5183],[74.1234,33.5432],[74.0957,33.5704],[74.0884,33.5732],[74.0539,33.5651],[74.0454,33.5658],[74.0284,33.5747],[74,33.6237],[73.9757,33.6936],[73.9563,33.7203],[73.9665,33.7403],[74,33.7526],[74.0283,33.776],[74.0383,33.7951],[74.049,33.8088],[74.0657,33.8201],[74.09,33.8263],[74.1298,33.8276],[74.1433,33.8301],[74.1701,33.8399],[74.2076,33.8594],[74.2197,33.8672],[74.2456,33.895],[74.2611,33.9248],[74.2636,33.9426],[74.2627,33.9743],[74.2487,34.0138],[74.2372,34.0255],[74.2147,34.0386],[74.1964,34.0401],[74.1614,34.0389],[74.1492,34.043],[74.1324,34.0527],[74.115,34.0538],[74.087,34.0378],[74.0611,34.0347],[74.0567,34.0312],[74.0389,34.0291],[74.0061,34.0224],[74,34.0302],[73.8982,34.0328],[73.8832,34.0499],[73.8857,34.0751],[73.9044,34.0969],[73.9041,34.1222],[73.9171,34.1421],[73.9448,34.1702],[73.9766,34.2118],[73.982,34.2391],[73.9762,34.2648],[73.941,34.3017],[73.9199,34.3423],[73.8994,34.3598],[73.8794,34.3542],[73.8418,34.3383],[73.8074,34.3567],[73.7734,34.3498],[73.7632,34.3596],[73.7643,34.3711],[73.777,34.4163],[73.8073,34.4419],[73.8548,34.4734],[73.8987,34.4958],[73.8867,34.515],[73.8953,34.5467],[73.9481,34.5731],[73.9416,34.592],[73.9273,34.6459],[73.9416,34.6772],[73.9602,34.6967],[74,34.7082],[74.0129,34.7099],[74.0417,34.6873],[74.0597,34.6851],[74.0865,34.6937],[74.1327,34.6902],[74.149,34.6953],[74.1747,34.7174],[74.203,34.7366],[74.2257,34.7475],[74.2699,34.7627],[74.2868,34.7742],[74.3028,34.7975],[74.3151,34.8003],[74.3316,34.7922],[74.3462,34.7904],[74.3675,34.8026],[74.3755,34.8034],[74.474,34.7906],[74.4854,34.7871],[74.5066,34.7755],[74.5441,34.7765],[74.5802,34.7701],[74.6182,34.7421],[74.6388,34.7335],[74.6581,34.7106],[74.6713,34.7007],[74.703,34.6931],[74.7281,34.6886],[74.7721,34.6827],[74.7866,34.6827],[74.8356,34.6776],[74.8539,34.6782],[74.8938,34.6845],[74.9105,34.6832],[74.9278,34.6783],[74.9467,34.6664],[74.9978,34.6511],[75.0187,34.6415],[75.0418,34.6414],[75.0545,34.6466],[75.0847,34.6554],[75.1056,34.6557],[75.1112,34.658],[75.1423,34.6624],[75.1647,34.6604],[75.1785,34.6572],[75.2067,34.6463],[75.2358,34.6483],[75.2497,34.6473],[75.2661,34.6395],[75.2669,34.6345],[75.2581,34.6176],[75.2619,34.6109],[75.3352,34.5721],[75.3505,34.5622],[75.3778,34.5524],[75.395,34.5488],[75.4646,34.5434],[75.4785,34.5393],[75.5061,34.5373],[75.5212,34.5396],[75.5518,34.5381],[75.5919,34.5401],[75.6156,34.5385],[75.6441,34.5335],[75.6923,34.5215],[75.7292,34.5162],[75.7492,34.5158],[75.7688,34.5221],[75.793,34.5339],[75.8105,34.5482],[75.8206,34.5589],[75.8433,34.5746],[75.8815,34.5907],[75.9119,34.6011],[75.9186,34.6048],[75.9322,34.6244],[75.9463,34.6312],[75.9672,34.6336],[75.9833,34.6294],[75.9919,34.63],[76.0004,34.6358],[76.0144,34.6536],[76.0254,34.6641],[76.0365,34.6703],[76.055,34.676],[76.0744,34.6763],[76.0858,34.6715],[76.1219,34.6467],[76.1391,34.6425],[76.1579,34.6434],[76.1928,34.6553],[76.1979,34.6591],[76.2274,34.6721],[76.2343,34.6731],[76.26,34.6844],[76.2751,34.6936],[76.3015,34.7244],[76.3161,34.7316],[76.3399,34.7343],[76.3859,34.736],[76.4095,34.7522],[76.4276,34.7624],[76.437,34.7644],[76.4692,34.7917],[76.4743,34.7944],[76.4897,34.7924],[76.5141,34.7838],[76.5453,34.7656],[76.5618,34.7583],[76.58,34.7555],[76.6525,34.7566],[76.6716,34.7574],[76.6872,34.7632],[76.6967,34.7791],[76.7062,34.8013],[76.7378,34.8307],[76.7447,34.8447],[76.7434,34.8649],[76.7389,34.9019],[76.7434,34.9181],[76.7494,34.9266],[76.7624,34.933],[76.7993,34.9358],[76.8111,34.9355],[76.8255,34.9417],[76.8482,34.958],[76.8632,34.9708],[76.8835,34.9703],[76.9084,34.9617],[76.9503,34.9409],[76.9704,34.9356],[76.9887,34.9352],[76.9975,34.9392],[77.0101,34.9563],[77.0115,34.9667],[77.0103,35.0162],[77.0138,35.0351],[77.0269,35.0408],[77.0368,35.0324],[77.0684,35.0241],[77.0814,35.0263],[77.1098,35.0393],[77.1568,35.0547],[77.1948,35.0792],[77.2808,35.1383],[77.3008,35.1485],[77.3794,35.1979],[77.3844,35.1992],[77.4425,35.2344],[77.4854,35.2665],[77.585,35.3239],[77.6506,35.3671],[77.7355,35.4338],[77.7604,35.4512],[77.8147,35.4852],[77.8239,35.5013],[77.8468,35.5008],[77.8627,35.4586],[77.8794,35.4362],[77.8886,35.4289],[77.903,35.4276],[77.9209,35.4349],[77.928,35.4405],[77.9513,35.4736],[77.9617,35.4801],[77.9906,35.4871],[78.02,35.4903],[78.0794,35.4922],[78.0943,35.4893],[78.104,35.4845],[78.1108,35.4727],[78.1077,35.4646],[78.0973,35.4556],[78.0689,35.4429],[78.0212,35.4169],[77.9971,35.3941],[77.9903,35.379],[77.99,35.3636],[77.9943,35.3449],[78.002,35.2946],[78.0064,35.2904],[78.0177,35.2498],[78.0318,35.2202],[78.0428,35.2023],[78.0576,35.1847],[78.0783,35.1723],[78.1161,35.1454],[78.1242,35.1354],[78.1243,35.1219],[78.1171,35.1116],[78.0977,35.0979],[78.0883,35.0957],[78.0829,35.0825],[78.1148,35.0148],[78.1335,34.9709],[78.1673,34.9121],[78.1736,34.9063],[78.1846,34.8815],[78.2073,34.7661],[78.221,34.734],[78.2316,34.7168],[78.248,34.6951],[78.2657,34.6794],[78.2844,34.6674],[78.3249,34.656],[78.3872,34.6516],[78.3984,34.6486],[78.407,34.6366],[78.4093,34.6135],[78.4181,34.6054],[78.4432,34.6024],[78.4822,34.6033],[78.5371,34.6142],[78.5582,34.6147],[78.5693,34.6119],[78.6111,34.5831],[78.621,34.5743],[78.6376,34.5523],[78.6601,34.5297],[78.6806,34.5156],[78.6963,34.5076],[78.7301,34.4967],[78.7494,34.477],[78.763,34.4605],[78.825,34.4141],[78.8381,34.4065],[78.8916,34.3896],[78.9225,34.3754],[78.9607,34.3461],[78.9815,34.3329],[78.9901,34.3178],[78.9942,34.3025],[78.9934,34.2887],[78.975,34.2429],[78.9562,34.2178],[78.9421,34.2048],[78.9104,34.1805],[78.8889,34.1664],[78.8711,34.1572],[78.7743,34.1145],[78.7595,34.1111],[78.7292,34.0957],[78.7133,34.0815],[78.7064,34.0722],[78.7061,34.0586],[78.7121,34.0505],[78.7318,34.0425],[78.7606,34.0361],[78.766,34.0325],[78.7704,34.0197],[78.7636,34.0015],[78.7284,33.9773],[78.7158,33.9645],[78.7143,33.9595],[78.7167,33.9391],[78.7116,33.9225],[78.7172,33.8905],[78.7257,33.8711],[78.7418,33.8402],[78.7751,33.8013],[78.7805,33.7892],[78.784,33.7704],[78.7752,33.7462],[78.7624,33.7307],[78.7318,33.704],[78.7093,33.6796],[78.7068,33.6695],[78.711,33.6549],[78.7299,33.6176],[78.7632,33.563],[78.7839,33.5326],[78.8233,33.4835],[78.8704,33.4397],[78.8757,33.4368],[78.9213,33.3987],[78.9411,33.3901],[78.9548,33.3742],[78.9727,33.3673],[78.9887,33.3474],[79.0042,33.3363],[79.0195,33.3308],[79.0338,33.3136],[79.0666,33.2959],[79.0731,33.2836],[79.0661,33.2645],[79.0672,33.2498],[79.075,33.2286],[79.1277,33.2047],[79.1414,33.2001],[79.1805,33.1946],[79.1855,33.1912],[79.2124,33.1948],[79.3152,33.1888],[79.3773,33.1899],[79.3991,33.1871],[79.4098,33.1788],[79.4168,33.1667],[79.4175,33.1552],[79.4108,33.1357],[79.3906,33.1027],[79.3662,33.0598],[79.3549,33.0306],[79.3519,33.0177],[79.35,32.9962],[79.3525,32.979],[79.365,32.9569],[79.3871,32.9331],[79.4187,32.9114],[79.4321,32.9051],[79.4486,32.8892],[79.457,32.8714],[79.4645,32.8167],[79.4712,32.8028],[79.4844,32.7897],[79.5152,32.7753],[79.5267,32.7676],[79.5405,32.7487],[79.5554,32.7096],[79.5643,32.6708],[79.5578,32.6306],[79.5454,32.6074],[79.522,32.5948],[79.5088,32.5915],[79.485,32.5931],[79.4641,32.5927],[79.4303,32.5767],[79.4038,32.5577],[79.3622,32.5376],[79.347,32.5266],[79.3203,32.4913],[79.3122,32.4871],[79.2973,32.4885],[79.2701,32.5178],[79.2584,32.5234],[79.2482,32.5224],[79.203,32.5108],[79.1489,32.4838],[79.1265,32.4643],[79.1181,32.45],[79.1219,32.4232],[79.1212,32.4161],[79.1118,32.3993],[79.1091,32.3832],[79.1045,32.3717],[79.0919,32.369],[79.0675,32.385],[79.0492,32.3834],[79.025,32.367],[78.9938,32.3643],[78.9825,32.3458],[78.971,32.3443],[78.9147,32.3671],[78.9,32.3841],[78.888,32.3924],[78.8746,32.4146],[78.8674,32.4191],[78.8569,32.4189],[78.836,32.4253],[78.8179,32.4387],[78.7979,32.4632],[78.7812,32.4753],[78.7754,32.4906],[78.7756,32.5197],[78.7726,32.5443],[78.7656,32.5578],[78.7652,32.5749],[78.7765,32.5882],[78.7803,32.5983],[78.7706,32.6355],[78.7681,32.663],[78.7603,32.6842],[78.7459,32.6961],[78.7365,32.6959],[78.717,32.6807],[78.6643,32.6565],[78.6544,32.6492],[78.6323,32.6111],[78.6257,32.6071],[78.6033,32.6044],[78.587,32.6085],[78.5593,32.6123],[78.5449,32.6123],[78.5264,32.6065],[78.5089,32.5947],[78.4856,32.5732],[78.4616,32.5803],[78.4527,32.5795],[78.4379,32.5678],[78.4122,32.5561],[78.4043,32.5387],[78.4052,32.5252],[78.4165,32.5151],[78.4108,32.5117]]]},"properties":{"ID_0":105,"ISO":"IND","NAME_0":"India","ID_1":15,"NAME_1":"Jammu and Kashmir","NL_NAME_1":null,"VARNAME_1":null,"TYPE_1":"State","ENGTYPE_1":"State"}},{"type":"Feature","geometry":{"type":"Polygon","coordinates":[[[87.7876,25.2205],[87.7847,25.1996],[87.779,25.1769],[87.771,25.1523],[87.7693,25.127],[87.7727,25.0991],[87.7799,25.0874],[87.7929,25.0757],[87.8202,25.0615],[87.8349,25.057],[87.8643,25.0399],[87.877,25.028],[87.8808,25.0205],[87.9034,24.9984],[87.9065,24.9858],[87.9303,24.9618],[87.9617,24.9359],[87.97,24.9236],[87.9733,24.8965],[87.9665,24.8813],[87.9523,24.8769],[87.9287,24.8659],[87.9112,24.8559],[87.889,24.8529],[87.8978,24.8428],[87.8939,24.8292],[87.8866,24.8197],[87.8692,24.8234],[87.8663,24.8207],[87.8776,24.801],[87.8701,24.7909],[87.8654,24.7743],[87.8502,24.7613],[87.8338,24.7659],[87.834,24.7746],[87.8181,24.766],[87.8139,24.7534],[87.8253,24.7522],[87.8397,24.7382],[87.8674,24.7294],[87.8778,24.7391],[87.8872,24.7254],[87.9008,24.7216],[87.9033,24.7146],[87.8962,24.7024],[87.8966,24.6907],[87.8863,24.6781],[87.8951,24.6685],[87.8999,24.6693],[87.9116,24.6623],[87.9043,24.6304],[87.8923,24.632],[87.8918,24.6237],[87.9023,24.6259],[87.9016,24.6126],[87.8855,24.6118],[87.877,24.6163],[87.8727,24.6107],[87.8887,24.6082],[87.9081,24.6082],[87.91,24.5939],[87.9054,24.5838],[87.8915,24.5796],[87.8873,24.5627],[87.8659,24.5608],[87.8639,24.5566],[87.8482,24.5511],[87.8245,24.5595],[87.8233,24.5666],[87.809,24.5762],[87.7854,24.5823],[87.7694,24.5818],[87.7676,24.5716],[87.7777,24.5714],[87.7962,24.5624],[87.8063,24.5452],[87.7975,24.5387],[87.7976,24.5246],[87.8012,24.5177],[87.7999,24.5042],[87.7926,24.4972],[87.7985,24.4919],[87.8073,24.5062],[87.8118,24.499],[87.813,24.4851],[87.8091,24.4766],[87.8178,24.4685],[87.8149,24.4513],[87.8025,24.4501],[87.7881,24.4321],[87.7922,24.4238],[87.7862,24.4186],[87.7879,24.4115],[87.7986,24.4112],[87.8052,24.4181],[87.81,24.4066],[87.7982,24.3997],[87.7975,24.3822],[87.7899,24.377],[87.7824,24.3602],[87.7612,24.3333],[87.7645,24.3228],[87.7563,24.3036],[87.7431,24.2977],[87.7364,24.2889],[87.7272,24.2862],[87.7103,24.2921],[87.706,24.2678],[87.6974,24.2597],[87.685,24.2528],[87.6814,24.2464],[87.6688,24.2427],[87.6619,24.245],[87.6543,24.2366],[87.6471,24.2486],[87.6357,24.2425],[87.643,24.2301],[87.6377,24.2116],[87.6528,24.2062],[87.671,24.2057],[87.6746,24.1952],[87.6889,24.1851],[87.6967,24.1753],[87.6896,24.1498],[87.6802,24.148],[87.657,24.1559],[87.6407,24.1549],[87.6275,24.1631],[87.6104,24.1649],[87.5996,24.1605],[87.5798,24.1615],[87.5694,24.1557],[87.586,24.1475],[87.6049,24.1321],[87.6048,24.1266],[87.5817,24.1234],[87.5778,24.1104],[87.5692,24.1068],[87.5702,24.0876],[87.5597,24.0829],[87.5392,24.0878],[87.531,24.0949],[87.5299,24.1024],[87.5213,24.1042],[87.4966,24.1158],[87.4938,24.1082],[87.4958,24.0972],[87.49,24.0855],[87.5058,24.0821],[87.4998,24.0725],[87.4889,24.0697],[87.4942,24.0627],[87.4912,24.052],[87.5078,24.0457],[87.509,24.0347],[87.5014,24.0223],[87.4912,24.0234],[87.4864,24.016],[87.4714,24.0109],[87.4485,24.0163],[87.4387,24.0125],[87.4414,24.0032],[87.4584,23.9935],[87.458,23.9814],[87.449,23.9843],[87.4391,23.9781],[87.4293,23.9819],[87.4264,23.9903],[87.4186,23.9894],[87.3943,23.9965],[87.3898,24.002],[87.374,24.0066],[87.3566,24.0092],[87.3502,23.997],[87.3373,23.995],[87.3199,23.9992],[87.3154,24.0044],[87.3242,24.0175],[87.3323,24.0175],[87.3324,24.031],[87.3137,24.0324],[87.3037,24.0294],[87.2896,24.0303],[87.2826,24.0269],[87.2743,24.0318],[87.2578,24.0355],[87.2436,24.0421],[87.2348,24.0373],[87.2327,24.0246],[87.2392,24.0148],[87.2406,24.0057],[87.2469,23.997],[87.2621,23.9951],[87.268,23.9846],[87.2607,23.9781],[87.2595,23.9699],[87.2781,23.9576],[87.2918,23.9557],[87.2919,23.9388],[87.2851,23.9339],[87.2877,23.9202],[87.2945,23.8986],[87.2926,23.8901],[87.2813,23.8842],[87.2704,23.8729],[87.2649,23.8748],[87.2599,23.9021],[87.2524,23.9101],[87.2443,23.9004],[87.2431,23.8849],[87.2461,23.8566],[87.2552,23.8393],[87.2457,23.8281],[87.2291,23.823],[87.2198,23.8272],[87.2241,23.8427],[87.2317,23.8446],[87.2362,23.8531],[87.2225,23.8576],[87.2168,23.8509],[87.2073,23.853],[87.203,23.8462],[87.1943,23.8421],[87.1887,23.8463],[87.1957,23.8543],[87.1874,23.8572],[87.1766,23.8525],[87.1667,23.8605],[87.1529,23.8656],[87.1475,23.8627],[87.1358,23.8681],[87.1279,23.8624],[87.1303,23.8509],[87.1377,23.8458],[87.154,23.8257],[87.1622,23.8276],[87.1664,23.8196],[87.1487,23.7944],[87.1392,23.8001],[87.1242,23.795],[87.1059,23.7995],[87.0957,23.8095],[87.0845,23.8053],[87.0728,23.8123],[87.0569,23.8163],[87.0344,23.8368],[87.0224,23.8405],[87.0021,23.8525],[86.9801,23.8564],[86.9719,23.8628],[86.963,23.8648],[86.9558,23.8496],[86.9432,23.8429],[86.9364,23.8449],[86.9254,23.8538],[86.9242,23.8659],[86.9069,23.8795],[86.895,23.88],[86.8846,23.8734],[86.8753,23.8624],[86.8823,23.8566],[86.8802,23.8422],[86.8877,23.8222],[86.8823,23.8145],[86.8733,23.8272],[86.8712,23.8442],[86.8608,23.8422],[86.8444,23.8219],[86.8208,23.8113],[86.8093,23.8141],[86.8065,23.8281],[86.7928,23.8314],[86.801,23.8133],[86.7977,23.7977],[86.8084,23.7883],[86.8167,23.7761],[86.8198,23.7611],[86.8161,23.7448],[86.8045,23.7399],[86.7984,23.7163],[86.7909,23.6985],[86.792,23.6874],[86.7585,23.6785],[86.7381,23.6776],[86.7365,23.6888],[86.7317,23.6938],[86.711,23.6972],[86.6938,23.6945],[86.6833,23.6897],[86.6488,23.6829],[86.6333,23.6757],[86.6158,23.6716],[86.5916,23.6712],[86.5906,23.6622],[86.5652,23.6463],[86.5374,23.6346],[86.5287,23.629],[86.5119,23.6291],[86.4813,23.635],[86.4664,23.6296],[86.4449,23.6315],[86.4379,23.6242],[86.4396,23.6091],[86.4273,23.6103],[86.4247,23.6049],[86.4136,23.6013],[86.4062,23.588],[86.3894,23.5888],[86.3809,23.5844],[86.3829,23.572],[86.3749,23.5685],[86.373,23.5613],[86.3648,23.5571],[86.358,23.5431],[86.3597,23.5307],[86.3677,23.5226],[86.365,23.5154],[86.3569,23.5129],[86.3537,23.4964],[86.3706,23.4903],[86.3644,23.4821],[86.3555,23.4816],[86.349,23.4725],[86.3518,23.4636],[86.3379,23.4611],[86.3404,23.4524],[86.3314,23.4472],[86.3262,23.4576],[86.3001,23.4437],[86.3058,23.4362],[86.3123,23.4373],[86.3133,23.4261],[86.3,23.4201],[86.2824,23.4275],[86.2807,23.4396],[86.2672,23.44],[86.2467,23.4342],[86.2531,23.4249],[86.2465,23.4192],[86.2399,23.4226],[86.2395,23.4317],[86.2311,23.4295],[86.2247,23.4357],[86.2274,23.4496],[86.2352,23.456],[86.2387,23.4697],[86.2253,23.4699],[86.221,23.456],[86.2033,23.4587],[86.1996,23.464],[86.1868,23.4684],[86.1791,23.4751],[86.1427,23.4773],[86.1452,23.494],[86.1551,23.5042],[86.1546,23.5191],[86.1429,23.5273],[86.1533,23.5516],[86.1463,23.5587],[86.1484,23.5639],[86.1386,23.57],[86.1267,23.5667],[86.1194,23.5739],[86.1102,23.5707],[86.1015,23.5739],[86.088,23.5676],[86.0728,23.5682],[86.0714,23.5785],[86.0653,23.5807],[86.0513,23.5789],[86.0469,23.5839],[86.0374,23.5835],[86.0353,23.5751],[86.0251,23.5723],[86.011,23.5612],[86.0108,23.5516],[86.0251,23.5317],[86.0327,23.518],[86.0328,23.5048],[86.0486,23.5026],[86.0515,23.499],[86.0414,23.4902],[86.0204,23.4879],[85.9904,23.4764],[85.9529,23.4596],[85.9498,23.4555],[85.9379,23.4551],[85.9175,23.4624],[85.9064,23.4718],[85.8913,23.476],[85.8741,23.4762],[85.866,23.4702],[85.8595,23.451],[85.8629,23.41],[85.8785,23.408],[85.8773,23.4004],[85.8848,23.3873],[85.8959,23.377],[85.8663,23.3648],[85.8709,23.3525],[85.8716,23.3302],[85.878,23.3237],[85.8683,23.3159],[85.8608,23.315],[85.8615,23.3033],[85.8337,23.2807],[85.8264,23.2631],[85.8307,23.2432],[85.8307,23.2106],[85.835,23.1921],[85.8575,23.1944],[85.8772,23.173],[85.8773,23.1587],[85.9004,23.1481],[85.915,23.1295],[85.9438,23.1295],[85.9516,23.1382],[85.9705,23.14],[85.9819,23.1459],[86.0097,23.145],[86.018,23.1405],[86.0284,23.1457],[86.0369,23.1436],[86.0484,23.1292],[86.0442,23.1119],[86.048,23.1087],[86.07,23.1014],[86.081,23.1043],[86.0918,23.0908],[86.1048,23.0889],[86.1157,23.0936],[86.1274,23.0891],[86.138,23.0805],[86.1336,23.0699],[86.1346,23.0629],[86.1483,23.0527],[86.15,23.0409],[86.1602,23.0391],[86.1667,23.027],[86.1725,23.0231],[86.1756,23.013],[86.2009,23.0151],[86.2038,22.9979],[86.2125,22.9918],[86.231,22.9921],[86.2386,22.9949],[86.2613,22.9955],[86.2794,23.0107],[86.3003,23.0123],[86.3021,23.0034],[86.3153,22.9956],[86.3322,22.9889],[86.3413,22.9933],[86.36,22.9967],[86.3804,22.9907],[86.381,22.9844],[86.393,22.9742],[86.4003,22.9831],[86.4105,22.987],[86.4163,22.9948],[86.4631,22.9852],[86.4794,22.9888],[86.4974,22.9899],[86.4973,22.9831],[86.5122,22.9663],[86.5342,22.9814],[86.542,22.9743],[86.5385,22.9619],[86.5276,22.9579],[86.5184,22.9443],[86.4987,22.9477],[86.4894,22.9441],[86.4868,22.9355],[86.4701,22.9466],[86.4621,22.9442],[86.4582,22.933],[86.4371,22.9273],[86.4324,22.9158],[86.4485,22.9019],[86.463,22.8966],[86.451,22.883],[86.4467,22.8694],[86.4469,22.8588],[86.4328,22.8605],[86.4313,22.8464],[86.4339,22.8286],[86.4216,22.8088],[86.418,22.7898],[86.4126,22.7864],[86.4162,22.7765],[86.4398,22.7627],[86.4439,22.7586],[86.454,22.7596],[86.466,22.7465],[86.479,22.7224],[86.4877,22.7233],[86.4965,22.7155],[86.5066,22.7015],[86.51,22.7161],[86.5202,22.7179],[86.5337,22.7166],[86.5393,22.7206],[86.5495,22.7109],[86.5808,22.689],[86.5912,22.6886],[86.6029,22.6798],[86.6179,22.6734],[86.6224,22.6663],[86.6367,22.6551],[86.6368,22.6308],[86.6324,22.61],[86.6343,22.5973],[86.6483,22.5916],[86.6517,22.5758],[86.6728,22.5724],[86.6834,22.5768],[86.706,22.5804],[86.7277,22.5746],[86.756,22.5743],[86.7674,22.5609],[86.7645,22.5506],[86.7841,22.5442],[86.7862,22.5374],[86.7828,22.5244],[86.7897,22.5204],[86.7896,22.5076],[86.7986,22.4988],[86.791,22.4936],[86.798,22.484],[86.7892,22.4745],[86.7825,22.4774],[86.7695,22.4759],[86.7533,22.4801],[86.7451,22.4705],[86.7515,22.4507],[86.7574,22.4464],[86.7579,22.4357],[86.7639,22.4229],[86.8053,22.4165],[86.8309,22.4064],[86.8439,22.3961],[86.8436,22.3876],[86.8382,22.3786],[86.8409,22.369],[86.8289,22.3415],[86.8292,22.3246],[86.8407,22.3138],[86.8472,22.3132],[86.8726,22.2988],[86.8851,22.2967],[86.8885,22.2814],[86.8857,22.2521],[86.8584,22.2544],[86.8502,22.2593],[86.8203,22.2606],[86.8092,22.2538],[86.8066,22.2438],[86.7996,22.241],[86.7964,22.2499],[86.8006,22.2619],[86.7903,22.2628],[86.7928,22.2387],[86.8099,22.238],[86.8001,22.2136],[86.7914,22.2175],[86.7836,22.2117],[86.776,22.2138],[86.7789,22.2217],[86.7868,22.2293],[86.7728,22.2303],[86.7752,22.2146],[86.7551,22.208],[86.7478,22.208],[86.7228,22.2152],[86.7115,22.2177],[86.6918,22.2174],[86.6822,22.2195],[86.67,22.2301],[86.6699,22.2368],[86.6511,22.2332],[86.6482,22.2357],[86.6456,22.2614],[86.6347,22.2691],[86.6272,22.2668],[86.6161,22.276],[86.6026,22.2784],[86.5909,22.2748],[86.5899,22.2821],[86.5785,22.2978],[86.5521,22.2953],[86.5399,22.3037],[86.5324,22.2982],[86.5246,22.3029],[86.5208,22.3115],[86.5237,22.3186],[86.508,22.324],[86.5013,22.3315],[86.4999,22.341],[86.4837,22.3444],[86.4785,22.3345],[86.4684,22.3323],[86.4582,22.3221],[86.4418,22.3253],[86.4384,22.3234],[86.4393,22.3058],[86.4334,22.3015],[86.4244,22.3063],[86.4217,22.3139],[86.4114,22.3156],[86.3906,22.3253],[86.3755,22.3371],[86.363,22.3396],[86.3527,22.3454],[86.3527,22.3515],[86.3393,22.3661],[86.3253,22.3731],[86.3199,22.3804],[86.3177,22.3906],[86.3022,22.4052],[86.3007,22.4153],[86.288,22.4254],[86.2798,22.4455],[86.2652,22.4395],[86.2426,22.4445],[86.2285,22.4496],[86.2204,22.4491],[86.2024,22.4703],[86.1967,22.4677],[86.1737,22.4764],[86.1462,22.4791],[86.1199,22.4856],[86.1119,22.4829],[86.1014,22.4902],[86.0916,22.5092],[86.0692,22.5431],[86.0581,22.5534],[86.0385,22.5636],[86.0183,22.5436],[86.0283,22.5343],[86.022,22.5205],[86.0154,22.5245],[85.9999,22.515],[85.9959,22.509],[85.9807,22.5097],[85.9692,22.4998],[85.9656,22.4902],[85.9668,22.4822],[85.9581,22.4762],[85.9593,22.4704],[85.9535,22.456],[85.9614,22.4527],[85.9631,22.4451],[85.9821,22.429],[85.993,22.4221],[86.0087,22.4243],[86.0137,22.4039],[86.0123,22.399],[86.0191,22.3907],[86.0215,22.3818],[86.0153,22.366],[86.0169,22.3622],[86.0061,22.3488],[85.9929,22.3382],[85.9984,22.3311],[86.0048,22.3356],[86.0204,22.3294],[86.0059,22.3159],[86.0178,22.3046],[86.0303,22.303],[86.0085,22.2927],[86.0002,22.2844],[85.9975,22.2753],[85.9852,22.2672],[85.9854,22.2575],[85.9698,22.2434],[85.9778,22.2355],[85.9928,22.2155],[86.0174,22.1988],[86.0267,22.1852],[86.0148,22.1726],[86.0114,22.1577],[85.9992,22.1449],[85.9946,22.1318],[85.9961,22.1207],[86.0026,22.113],[85.9892,22.0935],[85.979,22.0834],[85.9753,22.0718],[85.9633,22.0544],[85.958,22.0425],[85.9426,22.0191],[85.9288,22.0194],[85.9122,22.0048],[85.9131,21.9967],[85.9073,21.9813],[85.9092,21.9755],[85.9028,21.9666],[85.8942,21.9783],[85.8713,21.9748],[85.8404,21.9765],[85.8223,21.9701],[85.8156,21.9713],[85.8154,21.9801],[85.801,21.9817],[85.7843,21.9786],[85.7607,21.9897],[85.7561,22.0084],[85.7587,22.0148],[85.7756,22.0283],[85.7789,22.0363],[85.7703,22.0513],[85.7879,22.0772],[85.8027,22.0718],[85.8144,22.0701],[85.8308,22.077],[85.8249,22.0871],[85.8154,22.0928],[85.8147,22.1021],[85.802,22.1108],[85.7909,22.1004],[85.7843,22.099],[85.7734,22.0902],[85.7578,22.085],[85.7461,22.0699],[85.7224,22.0581],[85.6879,22.0561],[85.6815,22.0488],[85.672,22.0515],[85.6724,22.0597],[85.6446,22.0903],[85.6312,22.0815],[85.6111,22.0768],[85.5911,22.0744],[85.5822,22.081],[85.5543,22.0908],[85.5395,22.0866],[85.536,22.0944],[85.5242,22.1031],[85.5057,22.1115],[85.4858,22.1165],[85.4717,22.1241],[85.457,22.1358],[85.4358,22.1442],[85.4103,22.1561],[85.3944,22.1586],[85.3854,22.1523],[85.3632,22.1546],[85.3581,22.138],[85.3617,22.1248],[85.3536,22.1206],[85.3454,22.127],[85.323,22.125],[85.3154,22.1158],[85.3001,22.1071],[85.2742,22.0801],[85.2655,22.0603],[85.2465,22.0254],[85.2411,22.0125],[85.2309,22.0003],[85.2221,22.0034],[85.2149,22.0107],[85.2146,22.0373],[85.2107,22.0432],[85.1835,22.0549],[85.1791,22.0648],[85.1725,22.0682],[85.1644,22.0652],[85.1698,22.0531],[85.1672,22.0487],[85.1555,22.0705],[85.1408,22.0736],[85.1189,22.0665],[85.109,22.08],[85.0997,22.0845],[85.099,22.0961],[85.0695,22.1071],[85.0439,22.1107],[85.0351,22.1081],[85.0271,22.1011],[85.02,22.1034],[85.0023,22.0799],[84.9874,22.0767],[84.9798,22.0847],[84.9805,22.0913],[85.0195,22.1084],[85.0237,22.112],[85.0312,22.1374],[85.0254,22.154],[85.0496,22.1793],[85.0469,22.1858],[85.0588,22.206],[85.0695,22.2306],[85.0681,22.2434],[85.0743,22.2509],[85.0699,22.2603],[85.0705,22.2722],[85.1053,22.2911],[85.1145,22.2905],[85.1122,22.3051],[85.114,22.3142],[85.0951,22.3124],[85.0859,22.317],[85.0905,22.3249],[85.093,22.3411],[85.0822,22.3413],[85.0741,22.3486],[85.075,22.361],[85.0831,22.3784],[85.0807,22.3955],[85.0746,22.4135],[85.0637,22.4232],[85.0629,22.4361],[85.057,22.4447],[85.0711,22.4559],[85.0732,22.4729],[85.0625,22.4784],[85.0514,22.4794],[85.0373,22.4751],[85.0316,22.4698],[85.0005,22.4584],[84.9941,22.4583],[84.9602,22.4437],[84.9524,22.4528],[84.9408,22.4474],[84.9314,22.4396],[84.9174,22.4344],[84.9199,22.426],[84.9077,22.4196],[84.8802,22.4176],[84.882,22.4262],[84.8778,22.4425],[84.8553,22.432],[84.8395,22.434],[84.8357,22.4276],[84.8127,22.4316],[84.8078,22.4469],[84.8012,22.4437],[84.7527,22.442],[84.7439,22.4148],[84.7261,22.4166],[84.6915,22.4125],[84.6693,22.4163],[84.6616,22.4139],[84.6321,22.4286],[84.6136,22.4276],[84.5722,22.423],[84.5433,22.4172],[84.5407,22.4206],[84.5266,22.42],[84.521,22.4149],[84.5018,22.4153],[84.4745,22.4017],[84.4757,22.3902],[84.4728,22.3827],[84.4557,22.3752],[84.4479,22.3791],[84.4421,22.373],[84.4269,22.3647],[84.4314,22.36],[84.4258,22.352],[84.3945,22.3439],[84.3776,22.3459],[84.372,22.3491],[84.3591,22.345],[84.334,22.3429],[84.324,22.3389],[84.2892,22.3373],[84.285,22.3421],[84.2662,22.3478],[84.2514,22.3704],[84.2466,22.3737],[84.2261,22.3741],[84.1941,22.3718],[84.1834,22.3837],[84.1525,22.4009],[84.1423,22.4154],[84.1359,22.4207],[84.1331,22.4453],[84.1375,22.4572],[84.1374,22.4671],[84.1291,22.4735],[84.1178,22.4714],[84.1061,22.4738],[84.0999,22.4803],[84.0792,22.4889],[84.0671,22.4981],[84.0576,22.5102],[84.0507,22.5124],[84.0331,22.5121],[84.0191,22.5211],[84.0025,22.5209],[84.0049,22.5301],[83.9994,22.5395],[84.0042,22.5549],[84.0051,22.5696],[84.0178,22.5789],[84.0213,22.5872],[84.0481,22.5941],[84.0593,22.6074],[84.0804,22.6366],[84.094,22.6326],[84.1072,22.6367],[84.1499,22.6344],[84.1648,22.6453],[84.1804,22.6498],[84.197,22.6638],[84.2148,22.6646],[84.2278,22.677],[84.2322,22.6886],[84.2277,22.698],[84.2294,22.7052],[84.2254,22.7352],[84.2601,22.7649],[84.274,22.7656],[84.2853,22.7634],[84.2903,22.7872],[84.3035,22.7985],[84.31,22.799],[84.3125,22.8104],[84.3177,22.8172],[84.3203,22.8494],[84.3295,22.8596],[84.3422,22.8592],[84.3479,22.8632],[84.3579,22.8606],[84.3699,22.8645],[84.376,22.8736],[84.3782,22.8879],[84.3767,22.8977],[84.3709,22.9016],[84.3863,22.9168],[84.3896,22.9237],[84.3891,22.9387],[84.3778,22.9519],[84.3777,22.9617],[84.3705,22.9751],[84.3482,22.9759],[84.3436,22.9737],[84.3318,22.9791],[84.3182,22.9766],[84.3068,22.9675],[84.2893,22.9616],[84.2786,22.9612],[84.2689,22.979],[84.2621,22.98],[84.2509,22.9714],[84.2415,22.9729],[84.2374,22.9804],[84.2171,22.9765],[84.212,22.9864],[84.1968,23.0041],[84.1999,23.0151],[84.1899,23.0237],[84.179,23.0226],[84.1686,22.995],[84.1714,22.9771],[84.1679,22.971],[84.148,22.9639],[84.1436,22.9751],[84.1442,22.9882],[84.1373,23.0063],[84.1246,23.0307],[84.1234,23.045],[84.1259,23.0569],[84.1308,23.0634],[84.1309,23.0775],[84.1265,23.0851],[84.1124,23.0872],[84.1049,23.0992],[84.0879,23.1095],[84.0667,23.1071],[84.0589,23.1126],[84.0529,23.1245],[84.0337,23.1384],[84.0291,23.1539],[84.0338,23.1678],[84.044,23.1846],[84.0561,23.1964],[84.058,23.208],[84.0522,23.2212],[84.054,23.2342],[84.0505,23.2409],[84.0591,23.2741],[84.0601,23.2863],[84.0638,23.2922],[84.06,23.3082],[84.0703,23.33],[84.0605,23.3432],[84.05,23.3519],[84.0434,23.374],[84.0265,23.3769],[84.0207,23.3755],[84.0115,23.3634],[84.0065,23.3528],[83.983,23.3596],[83.9669,23.3742],[83.9678,23.393],[83.9762,23.4075],[83.9794,23.4267],[83.9697,23.4477],[83.9695,23.4554],[83.9791,23.4606],[83.9846,23.4756],[83.9972,23.4931],[84.0088,23.4996],[84.0123,23.5082],[84.0127,23.5208],[84.0227,23.5442],[84.0213,23.5499],[84.0251,23.5658],[84.0229,23.5746],[84.0241,23.5879],[84.0203,23.6002],[84.0126,23.6055],[84.0019,23.6204],[84.007,23.6323],[83.9927,23.6331],[83.9755,23.6308],[83.9627,23.6262],[83.9379,23.6224],[83.9315,23.6114],[83.9296,23.5937],[83.9353,23.563],[83.9147,23.5687],[83.8985,23.5712],[83.8901,23.5759],[83.8829,23.5728],[83.8462,23.5809],[83.8212,23.5849],[83.8109,23.5889],[83.8063,23.5823],[83.7861,23.5982],[83.7749,23.5995],[83.7678,23.6091],[83.7649,23.6215],[83.7478,23.6266],[83.743,23.6405],[83.7521,23.649],[83.744,23.6591],[83.7289,23.6674],[83.7147,23.6825],[83.7151,23.6902],[83.7226,23.6941],[83.7321,23.7047],[83.7347,23.7136],[83.7293,23.7318],[83.7294,23.7547],[83.7271,23.7599],[83.7124,23.7723],[83.7108,23.7895],[83.6956,23.8076],[83.6954,23.8207],[83.682,23.8258],[83.6722,23.8201],[83.6583,23.8278],[83.6562,23.8436],[83.6496,23.8481],[83.63,23.8474],[83.6115,23.8534],[83.6006,23.8535],[83.5812,23.8619],[83.5612,23.863],[83.5576,23.8695],[83.573,23.8771],[83.5762,23.8844],[83.5702,23.8904],[83.5494,23.8928],[83.5428,23.8982],[83.5373,23.9146],[83.5389,23.9335],[83.5226,23.9522],[83.5124,23.967],[83.5077,23.9795],[83.5075,24.0014],[83.5166,24.0106],[83.5096,24.0254],[83.5012,24.0307],[83.479,24.0385],[83.4476,24.0425],[83.4332,24.0547],[83.4254,24.0838],[83.409,24.0805],[83.4007,24.0818],[83.3924,24.095],[83.3833,24.0999],[83.3572,24.1017],[83.3457,24.0971],[83.3236,24.1013],[83.339,24.1105],[83.349,24.1264],[83.3499,24.1371],[83.3561,24.1477],[83.3574,24.1568],[83.3656,24.172],[83.3705,24.1868],[83.3783,24.2008],[83.376,24.2139],[83.3793,24.2202],[83.3769,24.2309],[83.3809,24.24],[83.3911,24.2446],[83.4019,24.266],[83.4029,24.2761],[83.3962,24.2934],[83.3806,24.3005],[83.3756,24.3134],[83.3853,24.3203],[83.4033,24.3374],[83.4235,24.3387],[83.4343,24.3475],[83.441,24.3609],[83.4514,24.3647],[83.4432,24.3728],[83.44,24.387],[83.4305,24.396],[83.4299,24.4038],[83.412,24.4103],[83.399,24.4121],[83.4007,24.4371],[83.3898,24.4376],[83.3814,24.4557],[83.3871,24.4646],[83.3926,24.4803],[83.393,24.5012],[83.4,24.5061],[83.4264,24.5128],[83.4619,24.5179],[83.4814,24.5239],[83.4982,24.5271],[83.5424,24.5262],[83.5712,24.517],[83.6002,24.5132],[83.6448,24.5162],[83.6825,24.5156],[83.7024,24.5073],[83.7167,24.5049],[83.7307,24.5088],[83.7487,24.5105],[83.799,24.5299],[83.8162,24.5313],[83.8577,24.5376],[83.868,24.5329],[83.8789,24.5365],[83.9285,24.5479],[83.9576,24.5763],[83.9724,24.5966],[83.9792,24.6151],[83.9922,24.638],[84.0242,24.6291],[84.0332,24.619],[84.0467,24.6123],[84.0531,24.5947],[84.0614,24.5894],[84.0597,24.577],[84.0725,24.5696],[84.0737,24.5576],[84.0783,24.545],[84.0897,24.5339],[84.0866,24.5146],[84.0891,24.5041],[84.1009,24.4879],[84.1098,24.4814],[84.1226,24.4867],[84.1249,24.4983],[84.14,24.5048],[84.1363,24.5294],[84.1461,24.5403],[84.1607,24.5382],[84.1644,24.5337],[84.1536,24.5176],[84.1611,24.5126],[84.1793,24.5104],[84.1824,24.5236],[84.1728,24.542],[84.1729,24.5471],[84.187,24.5493],[84.1883,24.5553],[84.1999,24.557],[84.2005,24.5494],[84.2089,24.5372],[84.2175,24.5352],[84.2207,24.5503],[84.235,24.5532],[84.2343,24.5436],[84.2585,24.5377],[84.2694,24.5414],[84.2719,24.554],[84.2692,24.5643],[84.28,24.5634],[84.293,24.566],[84.2974,24.5631],[84.302,24.5473],[84.3094,24.5395],[84.3128,24.5268],[84.3191,24.5223],[84.3263,24.5027],[84.3217,24.4898],[84.3082,24.4869],[84.2942,24.4808],[84.2853,24.4659],[84.2932,24.4508],[84.315,24.4475],[84.3304,24.4312],[84.3194,24.4293],[84.3182,24.4202],[84.3278,24.4222],[84.3259,24.4109],[84.338,24.4013],[84.3359,24.3958],[84.3553,24.391],[84.3614,24.3866],[84.3738,24.391],[84.3822,24.3897],[84.385,24.3793],[84.3998,24.3746],[84.3949,24.3678],[84.4225,24.3591],[84.4174,24.3314],[84.4449,24.3342],[84.4545,24.3386],[84.4651,24.3084],[84.4842,24.2969],[84.4935,24.287],[84.5045,24.3059],[84.5032,24.3154],[84.5107,24.3172],[84.5174,24.3337],[84.5255,24.3395],[84.5188,24.3532],[84.5267,24.361],[84.5215,24.3763],[84.5417,24.3767],[84.5459,24.3737],[84.5658,24.3839],[84.5591,24.3971],[84.5654,24.4075],[84.5725,24.4123],[84.5801,24.4104],[84.5818,24.4015],[84.5899,24.4044],[84.601,24.401],[84.6193,24.4021],[84.6431,24.3986],[84.6583,24.3937],[84.6629,24.4106],[84.6678,24.413],[84.6662,24.4312],[84.674,24.4411],[84.6789,24.4563],[84.6941,24.4618],[84.7065,24.4724],[84.7129,24.4686],[84.7249,24.4729],[84.7401,24.4883],[84.742,24.4965],[84.7799,24.5049],[84.7837,24.5177],[84.7953,24.5295],[84.8016,24.5211],[84.8195,24.5248],[84.8326,24.5115],[84.8279,24.486],[84.8272,24.4701],[84.8344,24.4525],[84.842,24.4555],[84.8475,24.4659],[84.8629,24.4576],[84.8674,24.4669],[84.8802,24.4628],[84.8781,24.4438],[84.88,24.432],[84.8779,24.4226],[84.8919,24.3985],[84.8982,24.3938],[84.9033,24.3723],[84.9253,24.378],[84.9479,24.3718],[84.9686,24.3759],[84.9904,24.4122],[85.0107,24.4161],[85.0321,24.4254],[85.0422,24.4183],[85.0533,24.4151],[85.0691,24.4357],[85.0762,24.4399],[85.0745,24.4085],[85.0655,24.3868],[85.0807,24.3808],[85.0925,24.3815],[85.0987,24.3939],[85.1093,24.3988],[85.1151,24.409],[85.148,24.4182],[85.1694,24.4295],[85.1587,24.4513],[85.1499,24.4559],[85.1529,24.4641],[85.1632,24.4672],[85.1905,24.4686],[85.1992,24.4674],[85.2033,24.4729],[85.2239,24.4712],[85.2285,24.4794],[85.2353,24.4799],[85.2394,24.4888],[85.2544,24.4979],[85.282,24.4972],[85.2794,24.5191],[85.2825,24.5267],[85.2973,24.5286],[85.3186,24.5246],[85.3379,24.528],[85.3703,24.5296],[85.3828,24.5325],[85.4031,24.5449],[85.411,24.5451],[85.4333,24.5361],[85.4423,24.5394],[85.4566,24.5392],[85.4722,24.5478],[85.4945,24.5506],[85.5025,24.5429],[85.5044,24.5297],[85.5183,24.5245],[85.5342,24.5322],[85.5404,24.5503],[85.5365,24.5638],[85.5566,24.5606],[85.5683,24.5652],[85.5671,24.5782],[85.5614,24.5837],[85.5652,24.5967],[85.5766,24.603],[85.5911,24.5971],[85.5983,24.5976],[85.6079,24.5908],[85.6085,24.585],[85.622,24.5839],[85.6443,24.5783],[85.6647,24.5819],[85.6735,24.5956],[85.6706,24.5994],[85.6721,24.6194],[85.6607,24.6506],[85.6637,24.661],[85.66,24.6747],[85.6505,24.6792],[85.6495,24.687],[85.6797,24.6938],[85.6967,24.7135],[85.7048,24.7287],[85.7081,24.7477],[85.7036,24.7575],[85.7048,24.7688],[85.7098,24.781],[85.721,24.787],[85.723,24.7989],[85.7283,24.8007],[85.7325,24.8165],[85.7367,24.8227],[85.7654,24.8125],[85.7694,24.8029],[85.7772,24.799],[85.8107,24.7945],[85.818,24.807],[85.8272,24.8096],[85.8538,24.8076],[85.8778,24.8003],[85.8897,24.7917],[85.8872,24.7856],[85.9017,24.7699],[85.9105,24.7537],[85.9277,24.7405],[85.9503,24.7321],[85.9702,24.7336],[85.9773,24.7476],[86,24.7514],[86.0061,24.7657],[86.0278,24.7703],[86.0344,24.7762],[86.0479,24.7783],[86.0526,24.7732],[86.053,24.7617],[86.0415,24.7479],[86.0427,24.7439],[86.0604,24.7477],[86.0632,24.7517],[86.0866,24.7463],[86.1055,24.736],[86.1109,24.724],[86.1244,24.7052],[86.1336,24.6755],[86.13,24.6715],[86.1263,24.6542],[86.1182,24.6419],[86.1256,24.6118],[86.1333,24.6035],[86.1523,24.5997],[86.157,24.5892],[86.1657,24.5837],[86.1949,24.5852],[86.2157,24.5912],[86.2174,24.6118],[86.2387,24.5968],[86.2486,24.5851],[86.2663,24.582],[86.2926,24.5861],[86.3101,24.5816],[86.3229,24.5841],[86.3194,24.5745],[86.3081,24.5657],[86.304,24.5583],[86.3098,24.5473],[86.3013,24.532],[86.3075,24.5264],[86.3124,24.5085],[86.3035,24.4983],[86.2939,24.4764],[86.2856,24.4768],[86.2791,24.462],[86.3009,24.4568],[86.3038,24.4448],[86.3195,24.4402],[86.3478,24.4405],[86.3535,24.4421],[86.3627,24.4268],[86.3733,24.4159],[86.3987,24.4003],[86.4156,24.3792],[86.4342,24.3769],[86.4463,24.3684],[86.4618,24.3767],[86.4671,24.3952],[86.4637,24.4078],[86.4658,24.4219],[86.4886,24.425],[86.4919,24.4393],[86.4911,24.4541],[86.4845,24.4588],[86.4897,24.4676],[86.4903,24.4844],[86.4981,24.4873],[86.4975,24.498],[86.5057,24.5177],[86.5235,24.5357],[86.5467,24.535],[86.5579,24.5485],[86.5546,24.5593],[86.568,24.5628],[86.5832,24.5728],[86.5839,24.5853],[86.6,24.5995],[86.6069,24.5944],[86.6189,24.5947],[86.6183,24.5845],[86.6342,24.5767],[86.6413,24.5761],[86.6458,24.5672],[86.6684,24.5606],[86.6866,24.5704],[86.6954,24.5689],[86.7186,24.5782],[86.7316,24.5758],[86.7395,24.5865],[86.7457,24.5895],[86.7446,24.6029],[86.7541,24.6148],[86.7755,24.6156],[86.7841,24.6103],[86.7869,24.5994],[86.7943,24.6007],[86.7859,24.6131],[86.7918,24.6153],[86.8002,24.5986],[86.8058,24.5945],[86.8076,24.5769],[86.8012,24.572],[86.8087,24.5638],[86.8183,24.5693],[86.8256,24.566],[86.8371,24.5683],[86.8388,24.5541],[86.8546,24.5505],[86.8616,24.5603],[86.8764,24.5673],[86.8931,24.5548],[86.9012,24.5445],[86.9072,24.5434],[86.9064,24.5634],[86.898,24.5805],[86.8981,24.5865],[86.9179,24.6108],[86.9189,24.6194],[86.9361,24.6304],[86.9301,24.6428],[86.9486,24.6428],[86.9455,24.6266],[86.9656,24.6319],[86.9926,24.6192],[87.0102,24.6063],[87.0167,24.6178],[87.0264,24.6201],[87.0275,24.6093],[87.0505,24.6068],[87.0444,24.624],[87.0488,24.637],[87.0547,24.6706],[87.0706,24.6945],[87.0713,24.7073],[87.0819,24.7245],[87.0813,24.7359],[87.0745,24.7447],[87.0863,24.7583],[87.0825,24.768],[87.0828,24.7792],[87.0912,24.7881],[87.0957,24.7976],[87.0863,24.8059],[87.0773,24.8083],[87.0804,24.8244],[87.0912,24.8236],[87.0975,24.8299],[87.106,24.8473],[87.1145,24.8555],[87.1233,24.853],[87.1327,24.8596],[87.1473,24.8624],[87.1496,24.8724],[87.1581,24.8856],[87.157,24.8961],[87.1488,24.9051],[87.1476,24.9178],[87.1553,24.9317],[87.1486,24.9421],[87.1526,24.963],[87.1537,24.991],[87.1465,24.9999],[87.1439,25.0108],[87.1468,25.0243],[87.1583,25.031],[87.1766,25.064],[87.1878,25.067],[87.2114,25.0896],[87.2339,25.0858],[87.2399,25.0995],[87.2492,25.1054],[87.2588,25.1046],[87.2702,25.0936],[87.2911,25.0893],[87.2954,25.0997],[87.2933,25.1144],[87.2979,25.1347],[87.308,25.1503],[87.3106,25.1698],[87.3171,25.1887],[87.3235,25.2231],[87.3305,25.2171],[87.3551,25.2134],[87.3685,25.2069],[87.3771,25.2226],[87.3918,25.2275],[87.4076,25.219],[87.4551,25.1975],[87.4722,25.1947],[87.4726,25.2409],[87.4876,25.262],[87.4956,25.2653],[87.4876,25.2776],[87.4815,25.2952],[87.4901,25.3052],[87.4989,25.2923],[87.5129,25.2921],[87.5255,25.281],[87.5397,25.2816],[87.5385,25.2962],[87.5441,25.3229],[87.5474,25.3309],[87.5671,25.3339],[87.5795,25.3439],[87.5877,25.3405],[87.5812,25.328],[87.6069,25.3114],[87.6136,25.3155],[87.6262,25.3157],[87.6518,25.3072],[87.6588,25.3097],[87.6842,25.3101],[87.6935,25.3031],[87.6903,25.2912],[87.6913,25.2814],[87.708,25.2714],[87.7078,25.2564],[87.7833,25.2462],[87.7876,25.2205]]]},"properties":{"ID_0":105,"ISO":"IND","NAME_0":"India","ID_1":16,"NAME_1":"Jharkhand","NL_NAME_1":null,"VARNAME_1":"Vananchal","TYPE_1":"State","ENGTYPE_1":"State"}},{"type":"Feature","geometry":{"type":"MultiPolygon","coordinates":[[[[74.3651,14.5526],[74.3763,14.5487],[74.3735,14.5415],[74.3635,14.5437],[74.3651,14.5526]]],[[[77.55,18.2913],[77.561,18.2831],[77.5707,18.2905],[77.5838,18.2831],[77.603,18.278],[77.5919,18.2618],[77.5815,18.2563],[77.5725,18.2406],[77.585,18.2167],[77.5744,18.1999],[77.5643,18.2006],[77.5643,18.19],[77.57,18.1892],[77.5794,18.1621],[77.5892,18.1535],[77.5978,18.1518],[77.5935,18.1279],[77.5966,18.121],[77.6006,18.0994],[77.5975,18.0843],[77.5774,18.0769],[77.5673,18.0763],[77.5605,18.0711],[77.5567,18.0622],[77.5474,18.0636],[77.5457,18.0538],[77.5521,18.0469],[77.5531,18.0347],[77.5745,18.0307],[77.585,18.0248],[77.5872,18.0133],[77.5922,18.0102],[77.6067,18.018],[77.6101,18.0105],[77.6223,18.0047],[77.6215,17.9983],[77.6288,17.9925],[77.6382,17.9965],[77.6462,17.9932],[77.6489,17.9784],[77.6534,17.9694],[77.6443,17.9627],[77.6474,17.9532],[77.644,17.9464],[77.6289,17.9485],[77.62,17.9445],[77.6168,17.9381],[77.6195,17.9301],[77.6166,17.9029],[77.5998,17.9037],[77.5852,17.9082],[77.5831,17.8984],[77.5925,17.8795],[77.5928,17.8698],[77.5813,17.8757],[77.5727,17.8728],[77.5674,17.8661],[77.5635,17.842],[77.5543,17.8305],[77.5497,17.818],[77.5437,17.8263],[77.526,17.8268],[77.5261,17.8117],[77.5109,17.8014],[77.5045,17.7826],[77.523,17.7796],[77.5545,17.7613],[77.566,17.7641],[77.562,17.7471],[77.5519,17.7344],[77.5441,17.7334],[77.5394,17.7254],[77.5276,17.7271],[77.5095,17.72],[77.5054,17.7145],[77.4943,17.716],[77.4893,17.7068],[77.4742,17.7014],[77.4716,17.704],[77.4579,17.699],[77.4514,17.6877],[77.4491,17.6661],[77.4456,17.6575],[77.4508,17.6324],[77.4458,17.6123],[77.4405,17.6041],[77.4421,17.5958],[77.4399,17.5815],[77.4612,17.577],[77.4741,17.5651],[77.49,17.5663],[77.4968,17.5434],[77.5016,17.5409],[77.5274,17.5732],[77.5367,17.5713],[77.544,17.5546],[77.5484,17.5495],[77.5608,17.5535],[77.5854,17.5584],[77.5925,17.5491],[77.5917,17.5327],[77.6166,17.5294],[77.6212,17.5223],[77.6332,17.5231],[77.6453,17.5188],[77.6566,17.5213],[77.6661,17.51],[77.6789,17.5051],[77.688,17.4985],[77.684,17.4729],[77.6481,17.4812],[77.649,17.4916],[77.6442,17.4949],[77.6404,17.476],[77.634,17.4722],[77.6109,17.4699],[77.6106,17.4442],[77.5959,17.4427],[77.5904,17.4481],[77.5732,17.4542],[77.5726,17.4295],[77.5578,17.4353],[77.5488,17.4349],[77.5335,17.441],[77.5234,17.4367],[77.5101,17.4273],[77.5107,17.4125],[77.5267,17.406],[77.5336,17.3988],[77.5213,17.3863],[77.528,17.3721],[77.5208,17.3621],[77.4991,17.3541],[77.4826,17.3545],[77.4745,17.3592],[77.4753,17.3682],[77.4516,17.3705],[77.4498,17.35],[77.4564,17.345],[77.4496,17.3149],[77.434,17.2883],[77.4528,17.2866],[77.4545,17.2759],[77.4425,17.2686],[77.4374,17.2614],[77.4226,17.2533],[77.4178,17.2328],[77.4055,17.2374],[77.3804,17.2198],[77.3846,17.213],[77.3932,17.2115],[77.3915,17.1924],[77.3817,17.1937],[77.3708,17.1901],[77.3684,17.1765],[77.36,17.1616],[77.3669,17.1513],[77.3754,17.1487],[77.3763,17.1379],[77.3989,17.1319],[77.4037,17.1232],[77.4235,17.1141],[77.4338,17.1112],[77.4386,17.1146],[77.4626,17.1041],[77.4603,17.0928],[77.4684,17.0811],[77.4769,17.0762],[77.4781,17.061],[77.4932,17.033],[77.492,17.0217],[77.4982,17.0152],[77.4994,17.0073],[77.4832,16.9987],[77.4784,16.9902],[77.4792,16.968],[77.4692,16.9538],[77.4641,16.9527],[77.4635,16.929],[77.4677,16.9171],[77.4534,16.909],[77.4558,16.9047],[77.4543,16.8861],[77.4576,16.8793],[77.4604,16.8441],[77.4566,16.8237],[77.4627,16.8045],[77.4718,16.7963],[77.4711,16.7791],[77.4673,16.7766],[77.4445,16.78],[77.4353,16.7776],[77.4372,16.7631],[77.4313,16.7364],[77.4257,16.7271],[77.4234,16.7145],[77.4374,16.7075],[77.4454,16.7138],[77.4688,16.7087],[77.465,16.6783],[77.4617,16.6724],[77.4464,16.6742],[77.4372,16.6666],[77.4166,16.6628],[77.4168,16.6548],[77.4281,16.6501],[77.4329,16.6376],[77.4441,16.6358],[77.4614,16.6488],[77.4713,16.6435],[77.4613,16.6248],[77.4556,16.62],[77.4539,16.6074],[77.4636,16.6048],[77.4647,16.5974],[77.4588,16.5921],[77.4642,16.5842],[77.4564,16.581],[77.4367,16.5812],[77.421,16.5652],[77.3914,16.5652],[77.4016,16.5468],[77.4157,16.544],[77.4153,16.5178],[77.412,16.5138],[77.4006,16.516],[77.3812,16.5115],[77.3691,16.5021],[77.3663,16.4841],[77.3244,16.4809],[77.3091,16.4893],[77.2966,16.4915],[77.292,16.4736],[77.2854,16.4715],[77.2515,16.4679],[77.2389,16.4729],[77.2352,16.4681],[77.2582,16.4473],[77.2644,16.4301],[77.2847,16.403],[77.307,16.394],[77.3327,16.3883],[77.3429,16.3797],[77.3525,16.3766],[77.3732,16.3799],[77.3881,16.3718],[77.4117,16.3627],[77.4278,16.3651],[77.4381,16.3744],[77.4814,16.3778],[77.4945,16.3758],[77.5101,16.3702],[77.5189,16.3701],[77.5352,16.3529],[77.5443,16.3498],[77.5545,16.3416],[77.5718,16.336],[77.5916,16.3375],[77.5844,16.328],[77.5908,16.312],[77.5884,16.2957],[77.5903,16.2869],[77.5807,16.2861],[77.565,16.2977],[77.5432,16.2871],[77.5398,16.2826],[77.5338,16.2626],[77.5244,16.2698],[77.5131,16.2707],[77.5012,16.2678],[77.499,16.2579],[77.4876,16.2498],[77.4888,16.2243],[77.5108,16.2233],[77.5088,16.2149],[77.4953,16.213],[77.4937,16.2062],[77.4949,16.1871],[77.4884,16.1787],[77.4836,16.1586],[77.4881,16.1474],[77.4886,16.1265],[77.4867,16.1158],[77.4954,16.1147],[77.5094,16.1035],[77.4979,16.0972],[77.493,16.0796],[77.5029,16.0732],[77.4995,16.0543],[77.4907,16.0306],[77.4988,16.0172],[77.5017,16.0055],[77.5101,16.0023],[77.5055,15.9727],[77.5149,15.9632],[77.5146,15.9434],[77.5095,15.9209],[77.4973,15.9263],[77.467,15.9276],[77.4525,15.9315],[77.4264,15.9423],[77.4076,15.9357],[77.3927,15.9368],[77.3762,15.9333],[77.3536,15.9437],[77.3352,15.9433],[77.3148,15.9452],[77.3002,15.9505],[77.2824,15.9474],[77.2632,15.9514],[77.2489,15.9577],[77.2361,15.9527],[77.203,15.9499],[77.1806,15.9501],[77.1707,15.9455],[77.1571,15.9445],[77.1434,15.9406],[77.1299,15.9304],[77.1046,15.9245],[77.0768,15.9097],[77.066,15.8993],[77.0525,15.8763],[77.0332,15.8531],[77.0223,15.8318],[77.0282,15.8256],[77.0384,15.8255],[77.0499,15.8201],[77.0523,15.8243],[77.0639,15.8232],[77.0615,15.7979],[77.0672,15.7961],[77.0625,15.7784],[77.0537,15.7636],[77.0517,15.7501],[77.0467,15.7513],[77.0432,15.7345],[77.0471,15.725],[77.0763,15.7214],[77.0763,15.7104],[77.0844,15.709],[77.0816,15.6953],[77.0759,15.6909],[77.1008,15.6789],[77.1191,15.6621],[77.125,15.6591],[77.1209,15.6372],[77.1162,15.6251],[77.1039,15.6339],[77.0959,15.6441],[77.0814,15.6528],[77.0689,15.6409],[77.0271,15.6293],[77.0289,15.5983],[77.0237,15.5764],[77.0289,15.5251],[77.0266,15.5],[77.0054,15.5028],[76.996,15.4997],[76.9719,15.5063],[76.9704,15.4909],[76.9761,15.482],[76.996,15.4675],[77.0061,15.4482],[77.0274,15.4352],[77.031,15.4183],[77.0269,15.4078],[77.0285,15.4013],[77.041,15.3915],[77.0438,15.3837],[77.038,15.3588],[77.0426,15.3522],[77.0629,15.3379],[77.0616,15.3219],[77.0691,15.3195],[77.0993,15.3266],[77.1097,15.3273],[77.1134,15.3191],[77.1154,15.2899],[77.1388,15.2855],[77.1479,15.2857],[77.148,15.271],[77.1577,15.2604],[77.1641,15.2591],[77.1653,15.251],[77.1403,15.2516],[77.1327,15.2346],[77.1235,15.2333],[77.1209,15.2212],[77.1414,15.2181],[77.15,15.2079],[77.1582,15.1938],[77.1645,15.1685],[77.1588,15.1579],[77.1577,15.149],[77.137,15.1493],[77.1321,15.1427],[77.1354,15.136],[77.1528,15.1316],[77.154,15.1205],[77.1477,15.1073],[77.1276,15.0936],[77.1255,15.0682],[77.1161,15.0401],[77.1096,15.0286],[77.0908,15.0277],[77.0821,15.0223],[77.0788,15],[77.0615,15.0015],[77.041,15.0055],[77.0488,15.0239],[77.0469,15.0292],[77.023,15.0277],[77.0007,15.0296],[76.9957,15.0237],[76.9835,15.0204],[76.9818,15.0104],[76.9668,15.0132],[76.9507,15.0244],[76.9317,15.0263],[76.9135,15.031],[76.9054,15.0293],[76.8887,15.0318],[76.8767,15.0287],[76.8698,15.044],[76.8606,15.0567],[76.8432,15.0662],[76.8374,15.0725],[76.8213,15.0749],[76.7969,15.0908],[76.7726,15.0651],[76.7711,15.0541],[76.7808,15.0342],[76.7846,15.0167],[76.7797,15.0059],[76.7695,15.0006],[76.7652,14.9891],[76.757,14.983],[76.7638,14.9699],[76.7969,14.9629],[76.8155,14.9638],[76.8279,14.951],[76.8412,14.9612],[76.8645,14.964],[76.8655,14.9376],[76.8627,14.9018],[76.8603,14.8912],[76.8461,14.8903],[76.8517,14.8625],[76.8541,14.8614],[76.8494,14.8387],[76.8401,14.83],[76.8445,14.8156],[76.8496,14.8118],[76.8469,14.8023],[76.8372,14.8041],[76.8338,14.7849],[76.8264,14.787],[76.811,14.7814],[76.7803,14.7793],[76.7881,14.7518],[76.7981,14.7346],[76.7855,14.7071],[76.7811,14.6905],[76.7713,14.6738],[76.7695,14.6563],[76.7609,14.5963],[76.7728,14.5872],[76.7782,14.5793],[76.7862,14.5531],[76.7947,14.5407],[76.7997,14.5277],[76.8197,14.5203],[76.8276,14.5231],[76.8321,14.5151],[76.8439,14.5091],[76.8542,14.4989],[76.8604,14.4871],[76.8638,14.4747],[76.8702,14.4684],[76.8803,14.4705],[76.8943,14.4808],[76.9065,14.4842],[76.9454,14.4822],[76.9734,14.4783],[76.9742,14.4704],[76.9644,14.4517],[76.9586,14.4454],[76.9438,14.4451],[76.9427,14.4398],[76.9447,14.4089],[76.9416,14.3995],[76.9131,14.4136],[76.8966,14.3945],[76.8831,14.3903],[76.8786,14.3514],[76.899,14.3192],[76.9231,14.3097],[76.9429,14.3054],[76.9501,14.294],[76.9438,14.2817],[76.9249,14.2722],[76.9258,14.2644],[76.936,14.2488],[76.9378,14.2401],[76.9514,14.2342],[76.9697,14.2352],[76.9825,14.2382],[77.0041,14.2316],[77.033,14.2405],[77.0496,14.2395],[77.0602,14.2242],[77.0753,14.2093],[77.0952,14.2095],[77.1051,14.2133],[77.1099,14.2215],[77.113,14.2399],[77.1116,14.2485],[77.1155,14.2568],[77.1069,14.2618],[77.1119,14.2875],[77.1258,14.3015],[77.1309,14.3138],[77.1319,14.3306],[77.1405,14.3361],[77.1464,14.3322],[77.1522,14.3377],[77.1642,14.3305],[77.1795,14.3264],[77.1964,14.3143],[77.2098,14.313],[77.2229,14.315],[77.232,14.3111],[77.2451,14.3145],[77.2579,14.3257],[77.2733,14.3318],[77.2811,14.3311],[77.2827,14.3023],[77.2796,14.2761],[77.2955,14.2765],[77.3593,14.2693],[77.3592,14.2436],[77.3554,14.23],[77.3766,14.2167],[77.3816,14.2102],[77.3801,14.2026],[77.3838,14.1918],[77.3912,14.1909],[77.4149,14.2032],[77.4147,14.2171],[77.4091,14.2236],[77.4048,14.2486],[77.401,14.2604],[77.3899,14.2614],[77.375,14.2952],[77.3739,14.3051],[77.3788,14.3171],[77.3857,14.3249],[77.3949,14.3292],[77.4093,14.3271],[77.4259,14.3208],[77.4275,14.3048],[77.4423,14.3098],[77.4436,14.2776],[77.4547,14.2722],[77.4791,14.2837],[77.4844,14.2753],[77.4963,14.2718],[77.4994,14.2605],[77.4963,14.2404],[77.4901,14.2276],[77.4931,14.214],[77.4997,14.2045],[77.5041,14.1807],[77.5104,14.172],[77.5004,14.151],[77.4885,14.1531],[77.4633,14.1642],[77.4539,14.163],[77.4235,14.1651],[77.4097,14.1697],[77.3897,14.1653],[77.3896,14.1535],[77.3826,14.1477],[77.3767,14.1296],[77.3549,14.1237],[77.3477,14.1243],[77.3445,14.096],[77.3525,14.1054],[77.3897,14.1186],[77.3964,14.1106],[77.3954,14.1034],[77.3797,14.0904],[77.3724,14.0719],[77.3614,14.066],[77.3586,14.0589],[77.3501,14.0534],[77.338,14.0538],[77.3313,14.0398],[77.3262,14.0229],[77.3501,14.0165],[77.3623,14.016],[77.3834,14.0074],[77.3799,13.9933],[77.3732,13.9817],[77.3757,13.9691],[77.3865,13.974],[77.4205,13.9769],[77.4306,13.9688],[77.4287,13.9433],[77.4226,13.939],[77.4077,13.9361],[77.4102,13.9146],[77.4274,13.9092],[77.419,13.8949],[77.3971,13.8805],[77.3919,13.8799],[77.3904,13.8977],[77.3588,13.8956],[77.3483,13.8965],[77.3426,13.9122],[77.3626,13.9423],[77.362,13.9455],[77.3437,13.9509],[77.3534,13.9763],[77.3538,13.9823],[77.3335,13.9881],[77.317,14.0153],[77.3135,14.0248],[77.3036,14.0267],[77.2923,14.0145],[77.2785,14.0069],[77.2715,14.0281],[77.2558,14.021],[77.2426,14.0063],[77.2188,14.0079],[77.1946,14.0029],[77.1714,14.0086],[77.1617,14.0062],[77.1628,13.9978],[77.1544,13.9906],[77.1343,13.9981],[77.134,14.0097],[77.1278,14.0187],[77.1211,14.0422],[77.0967,14.0407],[77.0908,14.0383],[77.0695,14.0394],[77.069,14.0472],[77.0432,14.0517],[77.0237,14.0533],[77.0202,14.0614],[77.024,14.0834],[77.0104,14.092],[77.0083,14.0981],[77.0166,14.1061],[77.0138,14.1274],[77.016,14.1527],[77.0211,14.1643],[77.0198,14.1727],[77.0061,14.1749],[76.9863,14.1725],[76.9585,14.1755],[76.9416,14.1893],[76.9415,14.178],[76.937,14.1659],[76.923,14.1634],[76.9172,14.1577],[76.8968,14.1619],[76.8914,14.159],[76.8869,14.1362],[76.8837,14.131],[76.9125,14.1221],[76.9224,14.129],[76.927,14.1272],[76.9429,14.1119],[76.9514,14.0854],[76.9681,14.0797],[76.975,14.0653],[76.9715,14.0524],[76.9497,14.0478],[76.938,14.0476],[76.9337,14.0407],[76.9311,14.0227],[76.9408,14.0206],[76.9486,14.0068],[76.9642,14.0022],[76.9752,13.9966],[76.9944,13.9815],[76.9913,13.9758],[76.989,13.9567],[77.0081,13.9474],[77.0186,13.9348],[77.0358,13.9256],[77.0413,13.8974],[77.0278,13.8972],[77.0173,13.8934],[77.006,13.8501],[76.9941,13.839],[76.9863,13.8392],[76.984,13.8277],[76.9716,13.8189],[76.9688,13.8102],[76.9837,13.8042],[76.9858,13.793],[76.9812,13.7858],[76.9921,13.7495],[76.9926,13.7426],[77.0114,13.7327],[77.0199,13.7699],[77.0352,13.7693],[77.0473,13.7561],[77.06,13.7389],[77.0806,13.7374],[77.0804,13.7534],[77.0953,13.7609],[77.1235,13.7509],[77.1375,13.7557],[77.1666,13.7547],[77.1713,13.772],[77.1585,13.7871],[77.1541,13.8006],[77.1562,13.8113],[77.1619,13.8155],[77.1579,13.8255],[77.1479,13.8289],[77.1458,13.8349],[77.1253,13.843],[77.1394,13.859],[77.1625,13.857],[77.1649,13.8662],[77.1617,13.8824],[77.1559,13.8998],[77.1596,13.9085],[77.1701,13.9163],[77.177,13.9174],[77.1816,13.9108],[77.1822,13.9013],[77.1796,13.8783],[77.1751,13.8614],[77.1927,13.8562],[77.2088,13.8784],[77.2081,13.8604],[77.217,13.8693],[77.2219,13.8888],[77.2255,13.8955],[77.2401,13.8941],[77.2388,13.8815],[77.2437,13.8603],[77.253,13.8561],[77.2504,13.8395],[77.2751,13.8428],[77.2855,13.846],[77.296,13.8536],[77.3069,13.8572],[77.3162,13.8397],[77.32,13.8258],[77.3272,13.8248],[77.3522,13.8444],[77.3595,13.8457],[77.3731,13.8382],[77.3729,13.8313],[77.3898,13.8329],[77.4039,13.8314],[77.4245,13.8351],[77.4247,13.8267],[77.4128,13.8118],[77.4087,13.7993],[77.4193,13.7997],[77.4169,13.7909],[77.4287,13.788],[77.4406,13.8023],[77.4556,13.7998],[77.4508,13.7855],[77.454,13.778],[77.4587,13.7498],[77.4626,13.7436],[77.4581,13.7303],[77.4568,13.7126],[77.4534,13.7041],[77.4448,13.6958],[77.4498,13.6758],[77.4765,13.6776],[77.4851,13.6867],[77.4797,13.7032],[77.4873,13.7068],[77.5028,13.7044],[77.5068,13.7005],[77.508,13.6888],[77.5215,13.6879],[77.5278,13.707],[77.5266,13.7253],[77.5151,13.737],[77.5197,13.7438],[77.5295,13.7459],[77.5395,13.7437],[77.5481,13.7204],[77.5561,13.7165],[77.5666,13.7294],[77.5736,13.7267],[77.5815,13.7306],[77.5956,13.7436],[77.6043,13.7426],[77.6156,13.7284],[77.6212,13.7274],[77.6367,13.7352],[77.6338,13.7413],[77.6126,13.7469],[77.6105,13.7554],[77.6143,13.7603],[77.6491,13.7758],[77.6702,13.7775],[77.6718,13.7701],[77.6685,13.7523],[77.6955,13.7614],[77.7022,13.731],[77.711,13.7377],[77.7142,13.7608],[77.7129,13.7905],[77.7284,13.8017],[77.7553,13.8075],[77.7692,13.8085],[77.7785,13.8129],[77.7803,13.82],[77.7741,13.8317],[77.7864,13.8399],[77.8028,13.8407],[77.8108,13.8521],[77.8277,13.8606],[77.8192,13.866],[77.8272,13.8716],[77.821,13.8892],[77.8111,13.8947],[77.8074,13.9032],[77.8064,13.9176],[77.8142,13.931],[77.8301,13.9272],[77.846,13.9283],[77.8624,13.9268],[77.887,13.9312],[77.8897,13.9114],[77.9005,13.9023],[77.9116,13.8972],[77.9198,13.8987],[77.9297,13.9088],[77.9389,13.9246],[77.9508,13.9279],[77.9553,13.9419],[77.9613,13.95],[77.9786,13.9477],[77.978,13.9376],[77.9735,13.9242],[77.9747,13.9053],[77.978,13.8933],[77.9716,13.8886],[77.9495,13.8845],[77.9425,13.8802],[77.9418,13.8711],[77.9481,13.8248],[77.9658,13.8202],[77.9812,13.8488],[77.9852,13.8617],[78.0048,13.8617],[78.0156,13.8544],[78.0378,13.8528],[78.0429,13.8638],[78.0412,13.8867],[78.0709,13.872],[78.0749,13.8549],[78.106,13.8535],[78.1135,13.8409],[78.1173,13.8218],[78.1077,13.8036],[78.1182,13.7769],[78.111,13.7618],[78.0953,13.7503],[78.0849,13.7335],[78.0933,13.7276],[78.1094,13.7102],[78.1054,13.6844],[78.0852,13.6806],[78.0641,13.6882],[78.0659,13.6645],[78.08,13.6504],[78.0807,13.6353],[78.0906,13.633],[78.0939,13.6403],[78.1074,13.6471],[78.1159,13.6456],[78.1232,13.6489],[78.1462,13.6497],[78.159,13.6452],[78.1605,13.6234],[78.1656,13.621],[78.1858,13.6212],[78.1939,13.6162],[78.1937,13.5949],[78.1795,13.5789],[78.1801,13.5642],[78.189,13.5564],[78.2024,13.568],[78.2085,13.5819],[78.2226,13.5771],[78.2277,13.5872],[78.2366,13.5845],[78.2497,13.5743],[78.2654,13.5782],[78.2918,13.5788],[78.3125,13.5835],[78.3228,13.583],[78.3437,13.5778],[78.3803,13.5813],[78.3908,13.5781],[78.3978,13.5662],[78.386,13.544],[78.3855,13.5317],[78.3731,13.5123],[78.3742,13.5055],[78.3673,13.4952],[78.3673,13.4669],[78.3626,13.4521],[78.3653,13.4244],[78.3695,13.4089],[78.3713,13.391],[78.3687,13.3798],[78.3552,13.3551],[78.3564,13.3467],[78.3682,13.3483],[78.3837,13.3424],[78.3849,13.3382],[78.3974,13.3323],[78.3952,13.3226],[78.3846,13.3235],[78.3679,13.3285],[78.367,13.32],[78.3829,13.3141],[78.3913,13.3037],[78.4071,13.3101],[78.4153,13.3171],[78.4291,13.3171],[78.4303,13.3078],[78.436,13.2984],[78.4542,13.3041],[78.4664,13.3101],[78.4717,13.3079],[78.4702,13.2939],[78.4835,13.2881],[78.5012,13.2772],[78.5083,13.2695],[78.512,13.26],[78.5208,13.2556],[78.5288,13.2759],[78.5472,13.2727],[78.5601,13.2933],[78.5672,13.2718],[78.5775,13.262],[78.5722,13.2486],[78.5599,13.2334],[78.5572,13.212],[78.5687,13.2043],[78.5533,13.1892],[78.5409,13.1873],[78.5469,13.1786],[78.5594,13.1798],[78.5657,13.1718],[78.5691,13.1565],[78.5581,13.1523],[78.5388,13.1516],[78.5327,13.1421],[78.5354,13.1307],[78.5214,13.1291],[78.5088,13.1196],[78.5111,13.1063],[78.5162,13.1008],[78.5138,13.0847],[78.5019,13.0817],[78.4986,13.0698],[78.5048,13.0594],[78.5046,13.0528],[78.4879,13.0497],[78.4811,13.0444],[78.467,13.0414],[78.4611,13.032],[78.4516,13.0315],[78.4504,13.0149],[78.4554,12.9901],[78.4614,12.9791],[78.4579,12.9632],[78.4336,12.9688],[78.4227,12.9686],[78.4238,12.9544],[78.4198,12.9467],[78.4246,12.9382],[78.4214,12.9235],[78.4345,12.9083],[78.4412,12.9056],[78.4561,12.8928],[78.4583,12.8797],[78.4569,12.8661],[78.4385,12.8797],[78.4358,12.9007],[78.4264,12.9021],[78.4247,12.8934],[78.4173,12.889],[78.4029,12.8913],[78.3884,12.9055],[78.3851,12.8963],[78.3783,12.8952],[78.3687,12.9018],[78.3454,12.9281],[78.3408,12.9249],[78.3383,12.9065],[78.3272,12.8892],[78.3165,12.8926],[78.3109,12.8738],[78.3214,12.8717],[78.3216,12.8629],[78.3041,12.8658],[78.3062,12.8565],[78.3031,12.8472],[78.2757,12.8492],[78.2626,12.8566],[78.2538,12.8496],[78.2411,12.8474],[78.2419,12.8123],[78.2295,12.762],[78.2206,12.7526],[78.1989,12.7551],[78.1902,12.7611],[78.1662,12.765],[78.1581,12.7602],[78.1365,12.7692],[78.1207,12.77],[78.1145,12.7871],[78.0865,12.8033],[78.0761,12.8205],[78.0659,12.8189],[78.0646,12.8302],[78.0514,12.8323],[78.0467,12.8424],[78.04,12.8382],[78.0222,12.8412],[78.0168,12.8335],[78.0091,12.8337],[78.008,12.823],[77.9933,12.8137],[78.0056,12.8033],[78.0015,12.7954],[77.9814,12.7956],[77.9813,12.8104],[77.9746,12.8144],[77.9713,12.8226],[77.9575,12.8215],[77.958,12.8363],[77.9468,12.8381],[77.9486,12.8481],[77.9386,12.8497],[77.9326,12.8396],[77.9399,12.8293],[77.933,12.8129],[77.9248,12.8137],[77.9092,12.822],[77.9153,12.8443],[77.9278,12.8505],[77.9336,12.8617],[77.9197,12.8635],[77.9144,12.8735],[77.9022,12.8734],[77.9005,12.8679],[77.8875,12.8669],[77.8823,12.8584],[77.8494,12.8579],[77.8441,12.8559],[77.8256,12.859],[77.8221,12.8498],[77.7998,12.8378],[77.792,12.8398],[77.7836,12.8283],[77.7923,12.8214],[77.801,12.8208],[77.7914,12.7963],[77.7995,12.7869],[77.7879,12.7813],[77.7716,12.7598],[77.7716,12.7548],[77.785,12.7451],[77.7781,12.7337],[77.7584,12.7293],[77.7517,12.7184],[77.763,12.7145],[77.7502,12.6872],[77.7336,12.6915],[77.7273,12.6829],[77.7332,12.6719],[77.7314,12.664],[77.7184,12.662],[77.7141,12.6703],[77.7038,12.6737],[77.7018,12.6582],[77.6955,12.6512],[77.6784,12.649],[77.6678,12.6506],[77.6703,12.6712],[77.6543,12.6742],[77.6329,12.6701],[77.5903,12.6575],[77.588,12.6427],[77.5978,12.621],[77.5854,12.6119],[77.5821,12.6051],[77.5815,12.5842],[77.5701,12.5579],[77.5724,12.5404],[77.5764,12.5368],[77.5798,12.5115],[77.5785,12.507],[77.6052,12.5033],[77.6018,12.4917],[77.5825,12.4763],[77.5754,12.4684],[77.5966,12.4646],[77.6173,12.4855],[77.6252,12.4773],[77.6217,12.4544],[77.6182,12.4431],[77.6201,12.4381],[77.6169,12.4246],[77.6207,12.4138],[77.6158,12.4049],[77.6109,12.3856],[77.6099,12.3736],[77.6038,12.3538],[77.5912,12.3492],[77.5862,12.3363],[77.5753,12.3263],[77.5686,12.3242],[77.5561,12.2972],[77.5452,12.2927],[77.5427,12.2837],[77.5235,12.281],[77.5183,12.2695],[77.5021,12.2663],[77.4932,12.2728],[77.4784,12.2697],[77.4702,12.2619],[77.463,12.2358],[77.4737,12.2249],[77.4657,12.2023],[77.4825,12.1901],[77.5113,12.184],[77.5198,12.1887],[77.531,12.1901],[77.5385,12.1945],[77.5558,12.1871],[77.5911,12.1906],[77.6041,12.1952],[77.6158,12.1898],[77.6214,12.1917],[77.6289,12.1863],[77.6447,12.1886],[77.6554,12.1877],[77.7013,12.1726],[77.7195,12.1715],[77.7264,12.1673],[77.732,12.1546],[77.7391,12.1479],[77.7402,12.1293],[77.7528,12.118],[77.767,12.1091],[77.7664,12.101],[77.7563,12.092],[77.7461,12.0693],[77.734,12.0602],[77.7204,12.0534],[77.6895,12.0099],[77.6772,11.9843],[77.6637,11.953],[77.6647,11.9397],[77.6548,11.9374],[77.6367,11.9403],[77.5914,11.9263],[77.5857,11.9295],[77.5733,11.924],[77.548,11.9307],[77.5313,11.9265],[77.5237,11.9215],[77.4904,11.9297],[77.4839,11.9215],[77.476,11.8896],[77.4772,11.8818],[77.4539,11.8906],[77.4533,11.8709],[77.4552,11.8673],[77.451,11.8443],[77.4563,11.8391],[77.4516,11.8234],[77.4425,11.8065],[77.4409,11.7913],[77.4311,11.7717],[77.4238,11.7661],[77.4193,11.7507],[77.4135,11.7512],[77.4125,11.7623],[77.4015,11.764],[77.3819,11.7762],[77.3622,11.7758],[77.3552,11.7784],[77.3457,11.7641],[77.3261,11.7589],[77.2848,11.7984],[77.2783,11.7897],[77.2417,11.8025],[77.2371,11.7882],[77.2271,11.7837],[77.2039,11.7845],[77.1897,11.7828],[77.1659,11.7742],[77.1372,11.772],[77.131,11.7624],[77.1139,11.7618],[77.1061,11.7562],[77.1032,11.7459],[77.1093,11.7128],[77.0963,11.7231],[77.0759,11.7239],[77.0739,11.7295],[77.0501,11.7577],[77.0619,11.7721],[77.0525,11.7792],[77.0413,11.7776],[77.0276,11.7617],[77.0223,11.7647],[77.0317,11.784],[77.0228,11.795],[77.0044,11.803],[76.9904,11.7993],[76.9728,11.8011],[76.9748,11.791],[76.9596,11.7652],[76.9444,11.7813],[76.9358,11.7767],[76.9267,11.7809],[76.9135,11.7804],[76.8997,11.7833],[76.8934,11.7773],[76.888,11.7659],[76.8885,11.7504],[76.8809,11.7246],[76.8646,11.7105],[76.8536,11.6988],[76.8491,11.6872],[76.83,11.649],[76.8278,11.6384],[76.8297,11.6293],[76.8388,11.6234],[76.8383,11.6158],[76.8458,11.6116],[76.8509,11.6018],[76.8473,11.5886],[76.836,11.584],[76.8165,11.5972],[76.8083,11.5962],[76.7808,11.6036],[76.7514,11.6067],[76.7075,11.6059],[76.679,11.6041],[76.6644,11.6051],[76.6257,11.6038],[76.6079,11.6004],[76.5883,11.6044],[76.581,11.6094],[76.5748,11.6057],[76.5536,11.6129],[76.5471,11.6358],[76.5404,11.6705],[76.5353,11.677],[76.5131,11.6942],[76.5042,11.698],[76.4853,11.6823],[76.4738,11.6842],[76.4737,11.6781],[76.4514,11.6551],[76.4313,11.6566],[76.4235,11.6593],[76.4102,11.6646],[76.4022,11.6831],[76.4031,11.7068],[76.4179,11.7136],[76.419,11.7215],[76.4066,11.7406],[76.4044,11.7499],[76.3907,11.7429],[76.3838,11.745],[76.3723,11.7362],[76.356,11.7399],[76.3463,11.7305],[76.335,11.7306],[76.3243,11.7387],[76.3105,11.7439],[76.3,11.7762],[76.2837,11.7849],[76.2751,11.8008],[76.2531,11.7998],[76.2444,11.7953],[76.2185,11.8],[76.212,11.8143],[76.2055,11.8196],[76.2072,11.8318],[76.2034,11.8491],[76.184,11.8638],[76.1626,11.86],[76.1494,11.861],[76.139,11.8571],[76.1256,11.8448],[76.1165,11.843],[76.1081,11.8512],[76.1093,11.8586],[76.1074,11.8763],[76.1087,11.9281],[76.1079,11.9706],[76.0913,11.9616],[76.0728,11.9613],[76.0478,11.9445],[76.0419,11.9433],[76.0296,11.9328],[76.0184,11.935],[76.004,11.9319],[75.9982,11.9236],[75.9763,11.925],[75.9589,11.9286],[75.9484,11.9339],[75.9311,11.9311],[75.9196,11.9356],[75.9038,11.9348],[75.8767,11.9407],[75.8659,11.9456],[75.8511,11.957],[75.8444,11.9703],[75.8306,11.9746],[75.8244,11.9843],[75.8238,11.9946],[75.8275,12.0028],[75.8235,12.0093],[75.8119,12.0161],[75.8102,12.0241],[75.8,12.0303],[75.7962,12.0495],[75.8017,12.068],[75.7953,12.0742],[75.763,12.0786],[75.7519,12.0774],[75.7389,12.0722],[75.7281,12.0641],[75.7171,12.0621],[75.7142,12.0692],[75.7171,12.0784],[75.7065,12.0828],[75.7003,12.088],[75.7016,12.1003],[75.692,12.1026],[75.6842,12.1022],[75.6727,12.0907],[75.6624,12.0912],[75.6516,12.104],[75.643,12.1199],[75.6425,12.1308],[75.6368,12.1404],[75.6294,12.1416],[75.6269,12.1451],[75.6171,12.1489],[75.6081,12.1487],[75.5947,12.1454],[75.5914,12.143],[75.5827,12.1504],[75.5768,12.1508],[75.5704,12.1655],[75.5638,12.1668],[75.5596,12.1687],[75.5511,12.1844],[75.5439,12.192],[75.5404,12.1924],[75.533,12.1991],[75.538,12.2068],[75.5379,12.2111],[75.5253,12.2196],[75.5234,12.2289],[75.5199,12.2332],[75.5193,12.2359],[75.5131,12.2493],[75.5111,12.2533],[75.5039,12.2632],[75.494,12.2651],[75.4925,12.2668],[75.4827,12.2862],[75.4672,12.2954],[75.4584,12.2886],[75.4414,12.29],[75.4307,12.292],[75.4191,12.2864],[75.4304,12.2995],[75.4231,12.3081],[75.4163,12.3215],[75.4112,12.3378],[75.4143,12.3439],[75.4214,12.3619],[75.4189,12.3695],[75.4115,12.3746],[75.4034,12.3726],[75.4011,12.3757],[75.3943,12.3798],[75.3786,12.3867],[75.3656,12.407],[75.3705,12.4289],[75.3694,12.4456],[75.3666,12.4517],[75.3858,12.4507],[75.3919,12.4451],[75.4035,12.4476],[75.4147,12.4541],[75.4243,12.4663],[75.4145,12.4967],[75.4042,12.4896],[75.3973,12.4978],[75.3866,12.4919],[75.3811,12.4915],[75.3772,12.4864],[75.373,12.4772],[75.3721,12.4688],[75.3627,12.4649],[75.3556,12.458],[75.3409,12.456],[75.3405,12.4646],[75.339,12.4829],[75.3356,12.485],[75.3348,12.4902],[75.3206,12.4913],[75.3043,12.4975],[75.3047,12.5173],[75.2918,12.5207],[75.2811,12.5181],[75.2724,12.5399],[75.2709,12.5535],[75.2768,12.5641],[75.2868,12.565],[75.2914,12.5749],[75.3031,12.5735],[75.3162,12.5687],[75.3285,12.5771],[75.3279,12.5852],[75.3083,12.5879],[75.3015,12.5991],[75.2911,12.5966],[75.2889,12.6046],[75.2767,12.6117],[75.2703,12.609],[75.2621,12.593],[75.2502,12.5792],[75.24,12.574],[75.2382,12.5641],[75.2313,12.5608],[75.2229,12.5626],[75.214,12.5734],[75.209,12.5915],[75.2095,12.5973],[75.1987,12.6062],[75.2014,12.6251],[75.1826,12.6274],[75.17,12.6166],[75.1549,12.6196],[75.1412,12.6378],[75.1503,12.6419],[75.1516,12.6494],[75.1613,12.6641],[75.1445,12.6729],[75.1319,12.6708],[75.1127,12.6759],[75.1044,12.6916],[75.0916,12.6947],[75.085,12.6897],[75.0874,12.676],[75.0831,12.6664],[75.0752,12.6654],[75.0703,12.658],[75.0609,12.6615],[75.0478,12.6601],[75.0431,12.6706],[75.0447,12.6874],[75.0568,12.6867],[75.0522,12.6982],[75.0557,12.7034],[75.0497,12.7147],[75.0381,12.7186],[75.0191,12.7148],[75.0143,12.7078],[75.0031,12.7137],[75.0122,12.7228],[75.0002,12.7274],[74.9918,12.7382],[75.0003,12.7516],[75.0086,12.7604],[75.0041,12.7736],[75.0053,12.7855],[74.9926,12.7836],[74.9873,12.7779],[74.9707,12.7726],[74.9542,12.7793],[74.9373,12.7722],[74.9294,12.7713],[74.8945,12.7561],[74.8856,12.7488],[74.8759,12.7553],[74.8671,12.7545],[74.8515,12.789],[74.8451,12.7976],[74.8288,12.8465],[74.8213,12.8529],[74.8176,12.8757],[74.8068,12.9193],[74.8207,12.9279],[74.8043,12.9338],[74.7974,12.9732],[74.7893,13.0037],[74.7874,13.0171],[74.779,13.0543],[74.7821,13.0637],[74.7785,13.0782],[74.7735,13.0832],[74.7696,13.0954],[74.7579,13.1507],[74.7429,13.2015],[74.7335,13.2371],[74.7318,13.2493],[74.7237,13.2799],[74.7232,13.3029],[74.7143,13.3346],[74.6982,13.3526],[74.6957,13.379],[74.6974,13.3976],[74.6943,13.4296],[74.6943,13.454],[74.6904,13.4607],[74.6879,13.4899],[74.6813,13.549],[74.6749,13.5915],[74.6679,13.6293],[74.6707,13.6329],[74.6646,13.644],[74.6618,13.6554],[74.6507,13.6676],[74.6443,13.686],[74.644,13.6938],[74.6354,13.7468],[74.6276,13.786],[74.6093,13.8621],[74.6104,13.8674],[74.6018,13.8726],[74.5946,13.8885],[74.5912,13.9071],[74.584,13.924],[74.5793,13.9254],[74.5668,13.949],[74.5576,13.9513],[74.5504,13.9482],[74.5368,13.9665],[74.5254,13.9738],[74.5146,13.9862],[74.5132,13.9957],[74.5015,14.0226],[74.4993,14.0499],[74.4924,14.0793],[74.4882,14.0868],[74.4879,14.1104],[74.4849,14.1135],[74.479,14.1399],[74.4743,14.1688],[74.4668,14.1968],[74.4532,14.2015],[74.4429,14.2271],[74.4293,14.2671],[74.421,14.2996],[74.4132,14.3174],[74.4129,14.3296],[74.4082,14.3449],[74.4054,14.3721],[74.3926,14.4188],[74.3835,14.4187],[74.3846,14.4279],[74.3807,14.4471],[74.3729,14.4699],[74.3596,14.5018],[74.3607,14.5199],[74.3832,14.5371],[74.3779,14.549],[74.369,14.5585],[74.3749,14.5635],[74.3715,14.5735],[74.3565,14.5621],[74.3601,14.5496],[74.354,14.5432],[74.3454,14.5543],[74.346,14.561],[74.3351,14.5626],[74.3382,14.5535],[74.3499,14.544],[74.354,14.5212],[74.3374,14.5179],[74.3162,14.519],[74.3112,14.5518],[74.2907,14.596],[74.2918,14.6018],[74.2799,14.6104],[74.2735,14.6271],[74.284,14.631],[74.284,14.6454],[74.2782,14.6587],[74.2776,14.6726],[74.2818,14.6779],[74.2693,14.7024],[74.261,14.7071],[74.2637,14.7171],[74.2496,14.7396],[74.2374,14.7474],[74.2274,14.7451],[74.2282,14.7371],[74.2035,14.7346],[74.2087,14.7199],[74.1965,14.7246],[74.1935,14.7351],[74.1793,14.7499],[74.1599,14.7549],[74.1563,14.7629],[74.1429,14.7779],[74.1282,14.7804],[74.1165,14.7882],[74.1101,14.7846],[74.1049,14.7924],[74.0926,14.8032],[74.0946,14.8065],[74.1093,14.8065],[74.1201,14.8015],[74.1263,14.816],[74.1246,14.8374],[74.1121,14.8468],[74.1115,14.8588],[74.1038,14.8768],[74.0993,14.8804],[74.0974,14.8957],[74.1042,14.9038],[74.1131,14.9112],[74.132,14.9127],[74.1334,14.9159],[74.1362,14.9197],[74.1394,14.9205],[74.1457,14.9174],[74.1492,14.9185],[74.1754,14.9089],[74.1752,14.9162],[74.166,14.9368],[74.1697,14.9422],[74.1699,14.9473],[74.1722,14.951],[74.1866,14.9534],[74.1974,14.9433],[74.2042,14.9379],[74.2031,14.9274],[74.2118,14.9214],[74.2193,14.9314],[74.2247,14.9413],[74.2417,14.9465],[74.2439,14.9575],[74.251,14.9608],[74.2621,14.9576],[74.2666,14.9668],[74.2739,14.9752],[74.2617,14.9908],[74.2716,14.9977],[74.271,14.9988],[74.2819,15.0156],[74.2898,15.0216],[74.2891,15.0301],[74.3023,15.0399],[74.295,15.0543],[74.2953,15.0627],[74.2872,15.0694],[74.2838,15.094],[74.2811,15.1018],[74.2882,15.1056],[74.2931,15.12],[74.2897,15.13],[74.2896,15.1431],[74.2978,15.1463],[74.3109,15.162],[74.3219,15.1841],[74.317,15.1911],[74.3156,15.2032],[74.3116,15.2071],[74.3021,15.2281],[74.2943,15.232],[74.2635,15.2419],[74.2575,15.2576],[74.2679,15.2584],[74.2766,15.2744],[74.283,15.2813],[74.2891,15.2791],[74.3023,15.2859],[74.3184,15.2819],[74.3341,15.2829],[74.3417,15.2929],[74.328,15.3133],[74.3233,15.3296],[74.3284,15.3434],[74.3226,15.3573],[74.3284,15.3673],[74.3057,15.3805],[74.29,15.3812],[74.2826,15.3886],[74.2845,15.4015],[74.2774,15.4149],[74.2756,15.4239],[74.2827,15.4333],[74.2825,15.4431],[74.2726,15.4652],[74.2563,15.4895],[74.2572,15.4968],[74.2681,15.5059],[74.2819,15.513],[74.2873,15.526],[74.2829,15.5416],[74.2726,15.5543],[74.2543,15.5658],[74.2564,15.5826],[74.2652,15.5902],[74.2675,15.617],[74.2594,15.6245],[74.2553,15.6542],[74.245,15.6656],[74.2368,15.6619],[74.2316,15.6665],[74.2241,15.6589],[74.2241,15.6503],[74.2132,15.649],[74.2115,15.661],[74.1963,15.6649],[74.1901,15.681],[74.1754,15.6702],[74.1734,15.6521],[74.1632,15.6486],[74.1428,15.6471],[74.126,15.6503],[74.1121,15.655],[74.098,15.666],[74.1006,15.6723],[74.1175,15.6708],[74.1336,15.6784],[74.1389,15.6862],[74.1415,15.7004],[74.1355,15.7093],[74.1349,15.7222],[74.1601,15.7343],[74.1677,15.7493],[74.1971,15.7502],[74.2113,15.7586],[74.2174,15.7788],[74.2273,15.7857],[74.2355,15.7868],[74.2403,15.7808],[74.2352,15.7596],[74.2439,15.7444],[74.2501,15.7412],[74.2589,15.7434],[74.274,15.7531],[74.2922,15.7393],[74.313,15.7483],[74.3241,15.7565],[74.3298,15.7704],[74.3509,15.7634],[74.3649,15.7737],[74.3708,15.7822],[74.3755,15.7967],[74.374,15.8104],[74.3692,15.8122],[74.3745,15.8275],[74.3894,15.8363],[74.3874,15.8471],[74.3538,15.8481],[74.353,15.8592],[74.37,15.8757],[74.3705,15.8904],[74.3831,15.8778],[74.3885,15.8572],[74.3934,15.8518],[74.4031,15.849],[74.4122,15.8576],[74.3992,15.8743],[74.4025,15.8783],[74.3984,15.8977],[74.3919,15.9012],[74.402,15.9111],[74.4123,15.9252],[74.4352,15.9512],[74.4423,15.9655],[74.4439,15.9743],[74.45,15.9832],[74.4497,15.9985],[74.4639,16.0226],[74.4703,16.0405],[74.468,16.0467],[74.4405,16.057],[74.4112,16.049],[74.4093,16.0453],[74.3901,16.0351],[74.3786,16.0366],[74.3817,16.0536],[74.3708,16.051],[74.371,16.0596],[74.3801,16.0696],[74.3796,16.0768],[74.3905,16.0799],[74.4041,16.091],[74.4152,16.0918],[74.4185,16.1009],[74.4346,16.1106],[74.4445,16.1052],[74.4645,16.1021],[74.478,16.0919],[74.4891,16.0873],[74.4964,16.1016],[74.4971,16.1124],[74.491,16.142],[74.4947,16.155],[74.4978,16.1813],[74.5129,16.1883],[74.5133,16.2012],[74.5032,16.2116],[74.5083,16.2229],[74.5031,16.231],[74.4841,16.2467],[74.4761,16.239],[74.4634,16.2418],[74.4612,16.2484],[74.4428,16.2496],[74.4363,16.2548],[74.4225,16.2575],[74.4212,16.2806],[74.3913,16.2756],[74.3904,16.2902],[74.3801,16.2935],[74.3626,16.2871],[74.3551,16.2745],[74.3439,16.2721],[74.3371,16.2657],[74.3287,16.2794],[74.3364,16.2902],[74.3487,16.2915],[74.3423,16.3051],[74.3373,16.3234],[74.323,16.3251],[74.3344,16.3405],[74.3237,16.3536],[74.3322,16.357],[74.3276,16.3681],[74.3326,16.3756],[74.335,16.3887],[74.3458,16.3895],[74.3511,16.3768],[74.3519,16.3663],[74.3617,16.3647],[74.3596,16.3788],[74.3687,16.3912],[74.3646,16.4032],[74.3492,16.4039],[74.3427,16.4005],[74.3373,16.4202],[74.3438,16.4255],[74.3405,16.433],[74.3425,16.4423],[74.3389,16.4522],[74.3219,16.45],[74.3071,16.4596],[74.2963,16.459],[74.2948,16.4744],[74.2976,16.4816],[74.2999,16.5026],[74.2889,16.5038],[74.2805,16.4894],[74.2825,16.4826],[74.2688,16.476],[74.2601,16.4909],[74.2631,16.499],[74.2786,16.501],[74.2867,16.5068],[74.2819,16.5206],[74.2766,16.5206],[74.2716,16.5387],[74.2764,16.5445],[74.2882,16.5395],[74.2867,16.5294],[74.2976,16.5319],[74.3069,16.5292],[74.3141,16.5021],[74.3239,16.5063],[74.3222,16.5445],[74.3238,16.5515],[74.3322,16.5537],[74.3461,16.5464],[74.3656,16.5571],[74.3626,16.5387],[74.3711,16.5377],[74.3854,16.5274],[74.3957,16.5357],[74.3955,16.5595],[74.4035,16.5787],[74.4223,16.5835],[74.4288,16.5827],[74.4335,16.5944],[74.4408,16.5987],[74.4725,16.6048],[74.4714,16.6218],[74.4645,16.634],[74.4648,16.653],[74.4774,16.6608],[74.4859,16.6391],[74.4955,16.6277],[74.5103,16.6315],[74.5301,16.6306],[74.5514,16.6332],[74.5494,16.6155],[74.5499,16.5922],[74.5656,16.5904],[74.5698,16.5812],[74.5597,16.5714],[74.5597,16.5597],[74.5741,16.552],[74.592,16.5555],[74.5959,16.5644],[74.6048,16.5621],[74.617,16.568],[74.627,16.5809],[74.6364,16.5757],[74.6405,16.5819],[74.6411,16.6047],[74.6477,16.6081],[74.6639,16.6011],[74.6786,16.6066],[74.6904,16.6045],[74.6943,16.6152],[74.6739,16.6285],[74.666,16.6287],[74.6605,16.6376],[74.6717,16.6635],[74.6961,16.675],[74.6959,16.7105],[74.6982,16.7152],[74.7224,16.7133],[74.7366,16.7158],[74.7541,16.7262],[74.7638,16.7368],[74.775,16.7408],[74.779,16.7486],[74.8004,16.7457],[74.8041,16.7508],[74.8503,16.7603],[74.855,16.7708],[74.8684,16.7711],[74.8926,16.7687],[74.9238,16.77],[74.9159,16.7857],[74.9158,16.8102],[74.9131,16.8307],[74.912,16.8559],[74.9371,16.8692],[74.9397,16.8765],[74.9486,16.8801],[74.9641,16.8779],[74.9673,16.9054],[74.9528,16.9065],[74.927,16.9256],[74.9285,16.9352],[74.9384,16.941],[74.9545,16.93],[74.9667,16.9356],[74.9858,16.929],[74.9945,16.935],[75.0037,16.9458],[75.0114,16.9426],[75.0303,16.9415],[75.0301,16.9311],[75.0345,16.9287],[75.0481,16.9387],[75.0654,16.9393],[75.0829,16.9466],[75.0941,16.9472],[75.0947,16.9212],[75.098,16.9139],[75.1069,16.9095],[75.1188,16.91],[75.1236,16.9004],[75.1384,16.8929],[75.1371,16.8846],[75.1411,16.8735],[75.1505,16.8694],[75.1718,16.8648],[75.1897,16.8735],[75.1925,16.8696],[75.1832,16.842],[75.1883,16.8409],[75.23,16.8409],[75.241,16.863],[75.2487,16.8645],[75.2683,16.8609],[75.2828,16.8742],[75.2875,16.8832],[75.2918,16.9011],[75.2856,16.9094],[75.2836,16.9429],[75.2846,16.9536],[75.3061,16.9547],[75.3453,16.9525],[75.3596,16.9569],[75.3717,16.9687],[75.3948,16.9764],[75.431,16.9635],[75.4438,16.9795],[75.4679,16.9853],[75.4686,16.9796],[75.4825,16.976],[75.4897,16.9654],[75.493,16.9452],[75.5019,16.9454],[75.517,16.9519],[75.53,16.9658],[75.5428,16.9631],[75.5703,16.9636],[75.5699,17.0062],[75.5758,17.0078],[75.6095,17.0031],[75.6107,16.9696],[75.6363,16.9658],[75.645,16.951],[75.6556,16.9561],[75.6714,16.9585],[75.6784,16.9639],[75.6687,16.9832],[75.6731,17.0262],[75.6722,17.0357],[75.654,17.0306],[75.6438,17.0364],[75.6479,17.0466],[75.6627,17.0618],[75.6784,17.0629],[75.6811,17.0711],[75.6774,17.0877],[75.6741,17.1136],[75.6536,17.1131],[75.6527,17.1327],[75.6427,17.1476],[75.6314,17.1601],[75.628,17.1701],[75.6307,17.1862],[75.6426,17.1882],[75.6436,17.1941],[75.6574,17.2038],[75.6639,17.2138],[75.6609,17.24],[75.6599,17.2614],[75.6575,17.2706],[75.6323,17.2722],[75.6247,17.2938],[75.606,17.3033],[75.616,17.3288],[75.6131,17.3423],[75.5981,17.3451],[75.5841,17.3513],[75.5785,17.3829],[75.5982,17.3861],[75.6158,17.3919],[75.615,17.4096],[75.6101,17.4195],[75.6154,17.422],[75.6187,17.4391],[75.6253,17.4581],[75.6313,17.4612],[75.6356,17.4775],[75.6496,17.4734],[75.6623,17.4597],[75.6776,17.458],[75.6808,17.454],[75.6808,17.4362],[75.6871,17.4173],[75.6912,17.4126],[75.7081,17.4083],[75.7224,17.4118],[75.729,17.4195],[75.737,17.4219],[75.7588,17.4084],[75.7698,17.4068],[75.7766,17.3882],[75.7823,17.3788],[75.791,17.373],[75.8113,17.3699],[75.8176,17.3807],[75.8163,17.3978],[75.8203,17.4066],[75.822,17.4197],[75.8278,17.4237],[75.8389,17.4205],[75.856,17.4077],[75.8591,17.389],[75.8649,17.3864],[75.8767,17.397],[75.8784,17.4165],[75.8872,17.4173],[75.8944,17.4059],[75.8964,17.395],[75.8964,17.37],[75.892,17.3608],[75.8937,17.3536],[75.9107,17.3458],[75.9312,17.3241],[75.9417,17.3249],[75.9598,17.3338],[75.9715,17.3365],[76.0003,17.3377],[76.0155,17.3506],[76.0367,17.349],[76.0545,17.3543],[76.0632,17.3519],[76.0735,17.3323],[76.0787,17.3301],[76.0941,17.3471],[76.0905,17.3506],[76.102,17.3623],[76.1212,17.3663],[76.1376,17.3526],[76.1631,17.3409],[76.1638,17.3003],[76.1758,17.2972],[76.1838,17.311],[76.1789,17.3139],[76.1735,17.3322],[76.1723,17.3487],[76.1829,17.3565],[76.229,17.3632],[76.2304,17.3703],[76.2444,17.3747],[76.2504,17.3667],[76.25,17.3579],[76.2702,17.3565],[76.2759,17.3305],[76.2959,17.3286],[76.3172,17.3294],[76.313,17.3433],[76.3347,17.3498],[76.3436,17.3499],[76.3506,17.3277],[76.3523,17.3106],[76.3817,17.3118],[76.393,17.3363],[76.4106,17.3477],[76.4081,17.3693],[76.362,17.3751],[76.37,17.4079],[76.3699,17.423],[76.3732,17.4344],[76.3639,17.4356],[76.3337,17.4323],[76.3308,17.4688],[76.35,17.4721],[76.3723,17.4858],[76.375,17.4935],[76.3666,17.4953],[76.3459,17.4916],[76.3437,17.5081],[76.3463,17.5115],[76.3664,17.5167],[76.3609,17.5363],[76.34,17.5426],[76.3342,17.5635],[76.3317,17.5949],[76.373,17.5979],[76.3821,17.6008],[76.4157,17.6042],[76.4241,17.6215],[76.4287,17.6444],[76.4428,17.6419],[76.4408,17.6494],[76.4523,17.6555],[76.4893,17.6607],[76.4846,17.6696],[76.4864,17.7135],[76.511,17.7159],[76.5236,17.7152],[76.525,17.7347],[76.5237,17.7589],[76.5382,17.7589],[76.5598,17.7631],[76.5733,17.76],[76.5646,17.7537],[76.5681,17.7398],[76.5694,17.7037],[76.5772,17.7031],[76.587,17.7079],[76.5988,17.728],[76.6041,17.7558],[76.6144,17.7683],[76.627,17.756],[76.6307,17.729],[76.6374,17.7241],[76.6508,17.7208],[76.6552,17.7164],[76.6631,17.6879],[76.6781,17.6873],[76.6906,17.68],[76.6931,17.6938],[76.6924,17.7053],[76.7008,17.7073],[76.7035,17.7291],[76.7276,17.737],[76.718,17.7479],[76.721,17.7676],[76.7124,17.7751],[76.7194,17.7853],[76.7394,17.7791],[76.7489,17.7864],[76.7628,17.7871],[76.7663,17.7966],[76.7763,17.7994],[76.7795,17.8103],[76.7882,17.8265],[76.7855,17.8315],[76.7657,17.8508],[76.7546,17.8566],[76.7375,17.8571],[76.7407,17.898],[76.766,17.8984],[76.7701,17.8924],[76.7746,17.877],[76.8028,17.8683],[76.8082,17.8831],[76.8204,17.8845],[76.8331,17.8827],[76.8318,17.8907],[76.8538,17.8978],[76.8812,17.8931],[76.8894,17.8972],[76.9002,17.9147],[76.9164,17.9151],[76.9192,17.9367],[76.9132,17.9372],[76.9173,17.9605],[76.9196,17.9854],[76.9177,18.0123],[76.9202,18.0138],[76.9177,18.0332],[76.9386,18.0372],[76.9521,18.0377],[76.9486,18.0457],[76.9527,18.0634],[76.947,18.0738],[76.9497,18.0823],[76.9643,18.0882],[76.9683,18.0971],[76.9534,18.1101],[76.9322,18.111],[76.9226,18.1161],[76.9242,18.1245],[76.9318,18.1366],[76.9254,18.1448],[76.9334,18.1579],[76.9438,18.1547],[76.9541,18.1849],[76.9799,18.1874],[76.9915,18.1867],[76.9978,18.1668],[77.024,18.1627],[77.0217,18.1782],[77.0328,18.1838],[77.0494,18.1732],[77.0503,18.1613],[77.0577,18.1524],[77.0691,18.1494],[77.0862,18.1503],[77.0966,18.1581],[77.1089,18.1527],[77.1163,18.1676],[77.0955,18.1951],[77.1066,18.2018],[77.121,18.2067],[77.1395,18.2072],[77.1477,18.2214],[77.1478,18.2376],[77.1514,18.2379],[77.1572,18.2531],[77.1657,18.2559],[77.1674,18.2735],[77.1705,18.2809],[77.1778,18.2819],[77.1917,18.2743],[77.1988,18.2792],[77.2062,18.278],[77.2045,18.2905],[77.1976,18.2955],[77.1954,18.3127],[77.2001,18.3192],[77.21,18.3137],[77.2273,18.3449],[77.2214,18.3472],[77.2308,18.3656],[77.2416,18.3664],[77.245,18.3706],[77.2329,18.3861],[77.2402,18.4086],[77.2584,18.4104],[77.2646,18.4184],[77.2948,18.4327],[77.3023,18.4385],[77.3133,18.4394],[77.3174,18.4538],[77.3256,18.4551],[77.3327,18.4485],[77.3334,18.4419],[77.3421,18.4303],[77.3541,18.4487],[77.3696,18.4477],[77.3644,18.4298],[77.3698,18.4007],[77.3926,18.397],[77.4005,18.3978],[77.4101,18.3885],[77.4079,18.3785],[77.4007,18.3702],[77.3918,18.3659],[77.3982,18.3535],[77.3928,18.3405],[77.3793,18.3391],[77.3809,18.3319],[77.367,18.3223],[77.3554,18.3185],[77.3625,18.3083],[77.3813,18.306],[77.3926,18.3009],[77.4078,18.2996],[77.4364,18.3065],[77.4346,18.293],[77.4369,18.282],[77.4449,18.2772],[77.4452,18.2701],[77.4654,18.26],[77.4748,18.2623],[77.4803,18.2687],[77.4922,18.2659],[77.4977,18.2733],[77.5126,18.282],[77.5084,18.3022],[77.5198,18.3074],[77.5396,18.2938],[77.55,18.2913]]]]},"properties":{"ID_0":105,"ISO":"IND","NAME_0":"India","ID_1":17,"NAME_1":"Karnataka","NL_NAME_1":null,"VARNAME_1":"Maisur|Mysore","TYPE_1":"State","ENGTYPE_1":"State"}},{"type":"Feature","geometry":{"type":"MultiPolygon","coordinates":[[[[76.4674,9.541],[76.4793,9.5365],[76.479,9.5299],[76.466,9.5299],[76.4674,9.541]]],[[[76.4043,9.5415],[76.4049,9.5276],[76.3832,9.5274],[76.3821,9.5338],[76.4043,9.5415]]],[[[76.4346,9.5515],[76.434,9.5285],[76.4063,9.5276],[76.4054,9.5421],[76.4346,9.5515]]],[[[76.4368,9.5515],[76.4646,9.5415],[76.4646,9.5304],[76.4354,9.5285],[76.4368,9.5515]]],[[[76.4143,9.5632],[76.4157,9.5582],[76.4229,9.556],[76.4249,9.5499],[76.384,9.5349],[76.3821,9.5432],[76.4046,9.5538],[76.4043,9.5593],[76.4143,9.5632]]],[[[76.3496,9.8746],[76.3565,9.8599],[76.366,9.8557],[76.3718,9.8343],[76.3604,9.8307],[76.349,9.8385],[76.3518,9.8426],[76.3524,9.8576],[76.3474,9.8682],[76.3496,9.8746]]],[[[76.3085,9.9215],[76.3176,9.8868],[76.3104,9.8874],[76.3043,9.9029],[76.3085,9.9215]]],[[[76.2607,9.9707],[76.2749,9.9663],[76.2896,9.9374],[76.2885,9.9268],[76.2718,9.9343],[76.2671,9.9399],[76.2651,9.9615],[76.2607,9.9707]]],[[[76.2418,10.0143],[76.2532,10.006],[76.2601,9.9815],[76.2465,9.9765],[76.2462,9.9871],[76.2415,10.0063],[76.2418,10.0143]]],[[[75.154,12.1426],[75.1618,12.1349],[75.1576,12.1243],[75.1515,12.134],[75.154,12.1426]]],[[[75.1265,12.2051],[75.1271,12.196],[75.1418,12.1643],[75.1401,12.1493],[75.1229,12.1949],[75.1265,12.2051]]],[[[75.3206,12.4913],[75.3348,12.4902],[75.3356,12.485],[75.339,12.4829],[75.3405,12.4646],[75.3409,12.456],[75.3556,12.458],[75.3627,12.4649],[75.3721,12.4688],[75.373,12.4772],[75.3772,12.4864],[75.3811,12.4915],[75.3866,12.4919],[75.3973,12.4978],[75.4042,12.4896],[75.4145,12.4967],[75.4243,12.4663],[75.4147,12.4541],[75.4035,12.4476],[75.3919,12.4451],[75.3858,12.4507],[75.3666,12.4517],[75.3694,12.4456],[75.3705,12.4289],[75.3656,12.407],[75.3786,12.3867],[75.3943,12.3798],[75.4011,12.3757],[75.4034,12.3726],[75.4115,12.3746],[75.4189,12.3695],[75.4214,12.3619],[75.4143,12.3439],[75.4112,12.3378],[75.4163,12.3215],[75.4231,12.3081],[75.4304,12.2995],[75.4191,12.2864],[75.4307,12.292],[75.4414,12.29],[75.4584,12.2886],[75.4672,12.2954],[75.4827,12.2862],[75.4925,12.2668],[75.494,12.2651],[75.5039,12.2632],[75.5111,12.2533],[75.5131,12.2493],[75.5193,12.2359],[75.5199,12.2332],[75.5234,12.2289],[75.5253,12.2196],[75.5379,12.2111],[75.538,12.2068],[75.533,12.1991],[75.5404,12.1924],[75.5439,12.192],[75.5511,12.1844],[75.5596,12.1687],[75.5638,12.1668],[75.5704,12.1655],[75.5768,12.1508],[75.5827,12.1504],[75.5914,12.143],[75.5947,12.1454],[75.6081,12.1487],[75.6171,12.1489],[75.6269,12.1451],[75.6294,12.1416],[75.6368,12.1404],[75.6425,12.1308],[75.643,12.1199],[75.6516,12.104],[75.6624,12.0912],[75.6727,12.0907],[75.6842,12.1022],[75.692,12.1026],[75.7016,12.1003],[75.7003,12.088],[75.7065,12.0828],[75.7171,12.0784],[75.7142,12.0692],[75.7171,12.0621],[75.7281,12.0641],[75.7389,12.0722],[75.7519,12.0774],[75.763,12.0786],[75.7953,12.0742],[75.8017,12.068],[75.7962,12.0495],[75.8,12.0303],[75.8102,12.0241],[75.8119,12.0161],[75.8235,12.0093],[75.8275,12.0028],[75.8238,11.9946],[75.8244,11.9843],[75.8306,11.9746],[75.8444,11.9703],[75.8511,11.957],[75.8659,11.9456],[75.8767,11.9407],[75.9038,11.9348],[75.9196,11.9356],[75.9311,11.9311],[75.9484,11.9339],[75.9589,11.9286],[75.9763,11.925],[75.9982,11.9236],[76.004,11.9319],[76.0184,11.935],[76.0296,11.9328],[76.0419,11.9433],[76.0478,11.9445],[76.0728,11.9613],[76.0913,11.9616],[76.1079,11.9706],[76.1087,11.9281],[76.1074,11.8763],[76.1093,11.8586],[76.1081,11.8512],[76.1165,11.843],[76.1256,11.8448],[76.139,11.8571],[76.1494,11.861],[76.1626,11.86],[76.184,11.8638],[76.2034,11.8491],[76.2072,11.8318],[76.2055,11.8196],[76.212,11.8143],[76.2185,11.8],[76.2444,11.7953],[76.2531,11.7998],[76.2751,11.8008],[76.2837,11.7849],[76.3,11.7762],[76.3105,11.7439],[76.3243,11.7387],[76.335,11.7306],[76.3463,11.7305],[76.356,11.7399],[76.3723,11.7362],[76.3838,11.745],[76.3907,11.7429],[76.4044,11.7499],[76.4066,11.7406],[76.419,11.7215],[76.4179,11.7136],[76.4031,11.7068],[76.4022,11.6831],[76.4102,11.6646],[76.4235,11.6593],[76.4277,11.6475],[76.4346,11.6416],[76.4342,11.6335],[76.4213,11.6251],[76.3962,11.6253],[76.3801,11.6224],[76.3768,11.6046],[76.3707,11.5935],[76.3501,11.5827],[76.3356,11.5783],[76.3286,11.5886],[76.3111,11.5775],[76.2979,11.5643],[76.2938,11.565],[76.2906,11.5806],[76.2779,11.5835],[76.271,11.5929],[76.2597,11.5869],[76.2257,11.5644],[76.2345,11.5465],[76.243,11.5242],[76.2332,11.5187],[76.2415,11.5048],[76.2448,11.4943],[76.2409,11.4752],[76.2401,11.4596],[76.2579,11.4732],[76.2661,11.4687],[76.2781,11.4745],[76.2877,11.466],[76.289,11.4563],[76.298,11.4589],[76.3209,11.4447],[76.3337,11.4587],[76.3391,11.4542],[76.3615,11.448],[76.3906,11.428],[76.4104,11.4336],[76.4082,11.4148],[76.4184,11.4053],[76.4393,11.3907],[76.4484,11.3814],[76.4729,11.3753],[76.5101,11.3612],[76.5095,11.3466],[76.5164,11.349],[76.5299,11.3477],[76.5382,11.3516],[76.5408,11.327],[76.5398,11.321],[76.5305,11.3096],[76.5305,11.2957],[76.5402,11.2923],[76.5219,11.2812],[76.5159,11.2725],[76.5135,11.262],[76.4881,11.252],[76.4464,11.2305],[76.4429,11.2001],[76.438,11.1945],[76.4527,11.1802],[76.4665,11.1861],[76.4659,11.1987],[76.4876,11.2028],[76.506,11.202],[76.5102,11.1953],[76.5212,11.1903],[76.5361,11.1893],[76.548,11.1931],[76.5778,11.1968],[76.5933,11.1975],[76.6021,11.1955],[76.623,11.1857],[76.6534,11.2043],[76.6682,11.2107],[76.6782,11.2188],[76.6794,11.227],[76.697,11.2313],[76.7104,11.2183],[76.7265,11.2065],[76.718,11.1983],[76.7212,11.1845],[76.7138,11.178],[76.7064,11.1796],[76.689,11.1651],[76.686,11.1577],[76.6967,11.1327],[76.7036,11.132],[76.7098,11.1403],[76.7154,11.1284],[76.7222,11.1225],[76.7349,11.1251],[76.7406,11.1099],[76.7341,11.0934],[76.7386,11.084],[76.7457,11.0839],[76.7464,11.0709],[76.7345,11.0639],[76.7371,11.0475],[76.7511,11.0468],[76.7548,11.0392],[76.7672,11.0322],[76.7754,11.0343],[76.79,11.0497],[76.7925,11.0424],[76.7818,11.029],[76.757,11.0246],[76.744,11.0259],[76.7121,11.0325],[76.7065,11.0314],[76.6904,11.0175],[76.6798,10.9994],[76.6778,10.9797],[76.6604,10.9605],[76.655,10.9422],[76.6556,10.9343],[76.6474,10.929],[76.6528,10.92],[76.6749,10.9064],[76.6846,10.9024],[76.7004,10.9008],[76.7185,10.8898],[76.7279,10.8868],[76.7327,10.881],[76.7491,10.8848],[76.7619,10.8798],[76.773,10.8816],[76.7853,10.8715],[76.7909,10.871],[76.8176,10.8618],[76.8246,10.8504],[76.8387,10.8376],[76.8452,10.8265],[76.8371,10.8155],[76.8404,10.8077],[76.8526,10.8085],[76.86,10.7998],[76.8883,10.7999],[76.8975,10.7708],[76.8931,10.7504],[76.8793,10.7202],[76.8837,10.7074],[76.875,10.7067],[76.8616,10.6863],[76.8619,10.6806],[76.8551,10.6724],[76.8702,10.6641],[76.8746,10.6392],[76.8726,10.6294],[76.8525,10.6239],[76.8447,10.6263],[76.8224,10.6274],[76.805,10.6263],[76.8033,10.6141],[76.8096,10.6043],[76.8086,10.5945],[76.8154,10.5883],[76.8245,10.5896],[76.8297,10.5851],[76.8255,10.5616],[76.8302,10.553],[76.8245,10.5376],[76.832,10.5292],[76.8253,10.503],[76.8203,10.4907],[76.821,10.4802],[76.8175,10.4385],[76.8073,10.4149],[76.815,10.4018],[76.8226,10.3941],[76.8157,10.3865],[76.8246,10.3752],[76.8307,10.3721],[76.8393,10.3597],[76.8358,10.3464],[76.8276,10.3376],[76.8242,10.3123],[76.8197,10.2952],[76.83,10.2911],[76.8319,10.2838],[76.8507,10.2828],[76.8579,10.2893],[76.8621,10.2825],[76.8623,10.2671],[76.8708,10.2641],[76.8771,10.2563],[76.8846,10.2551],[76.8918,10.2431],[76.8923,10.2327],[76.9093,10.2232],[76.9278,10.2296],[76.9392,10.2211],[76.9459,10.2228],[76.9588,10.2187],[76.9708,10.2087],[76.9815,10.2199],[76.9873,10.2199],[76.9937,10.2277],[77.0186,10.2418],[77.0303,10.2429],[77.0386,10.2482],[77.0425,10.262],[77.0338,10.2722],[77.0461,10.2743],[77.0734,10.2958],[77.0922,10.3043],[77.1007,10.3045],[77.1143,10.3106],[77.1341,10.3237],[77.163,10.3463],[77.1814,10.3432],[77.189,10.3462],[77.1995,10.342],[77.2222,10.3403],[77.2225,10.3285],[77.2183,10.322],[77.2145,10.3058],[77.2319,10.2772],[77.2505,10.2538],[77.2448,10.2452],[77.2465,10.2206],[77.2512,10.2244],[77.27,10.2243],[77.2748,10.2205],[77.2804,10.2073],[77.2739,10.2015],[77.2694,10.1871],[77.2644,10.1797],[77.2591,10.1554],[77.261,10.1287],[77.2598,10.1191],[77.2533,10.1114],[77.2461,10.1124],[77.2305,10.1201],[77.2187,10.1113],[77.2033,10.1036],[77.1946,10.1062],[77.1881,10.0957],[77.1907,10.0812],[77.1952,10.0735],[77.2044,10.0685],[77.2307,10.0395],[77.2371,10.0352],[77.2489,10.0158],[77.2407,10.0029],[77.2477,9.9948],[77.2451,9.9862],[77.2498,9.9728],[77.2614,9.9637],[77.259,9.9534],[77.2499,9.9425],[77.2402,9.9431],[77.2219,9.9228],[77.2169,9.9058],[77.2044,9.8943],[77.2065,9.8778],[77.1991,9.866],[77.2092,9.8538],[77.2183,9.8535],[77.2237,9.843],[77.2138,9.8385],[77.215,9.8309],[77.2089,9.8145],[77.219,9.8133],[77.2328,9.7973],[77.234,9.7885],[77.2225,9.7818],[77.2098,9.7799],[77.2107,9.7664],[77.2186,9.76],[77.2124,9.7554],[77.2114,9.7452],[77.206,9.7375],[77.2082,9.7217],[77.1899,9.7155],[77.189,9.6975],[77.1917,9.6862],[77.1859,9.6782],[77.1796,9.6604],[77.1657,9.6482],[77.1659,9.638],[77.1606,9.6302],[77.1622,9.6198],[77.1546,9.614],[77.1555,9.6015],[77.1746,9.5972],[77.186,9.6059],[77.1959,9.6042],[77.1966,9.5957],[77.2054,9.5923],[77.2091,9.5844],[77.2228,9.5728],[77.2299,9.5759],[77.2389,9.5734],[77.2505,9.5654],[77.2611,9.5667],[77.2753,9.5766],[77.2865,9.5873],[77.3043,9.593],[77.309,9.5888],[77.312,9.5782],[77.3107,9.5704],[77.321,9.5674],[77.3285,9.5732],[77.3409,9.5951],[77.3448,9.5876],[77.3409,9.5776],[77.3453,9.5673],[77.3359,9.5568],[77.3381,9.5503],[77.3466,9.5486],[77.3506,9.5403],[77.3505,9.5263],[77.3707,9.5087],[77.3868,9.5167],[77.3864,9.5068],[77.3949,9.5044],[77.3962,9.4965],[77.3879,9.491],[77.3839,9.4791],[77.3868,9.4674],[77.3774,9.4587],[77.3786,9.4508],[77.3722,9.4453],[77.3602,9.4437],[77.3516,9.4497],[77.3343,9.4311],[77.3346,9.4239],[77.3217,9.4057],[77.3274,9.3941],[77.3258,9.3787],[77.3198,9.3761],[77.3206,9.3511],[77.3097,9.3346],[77.3113,9.3279],[77.3001,9.325],[77.2841,9.3275],[77.2868,9.3081],[77.2777,9.2953],[77.2668,9.2909],[77.2671,9.2817],[77.2741,9.2632],[77.2676,9.2624],[77.2636,9.2319],[77.2595,9.2244],[77.2668,9.2088],[77.2503,9.1902],[77.2397,9.1899],[77.2366,9.1792],[77.2484,9.1758],[77.2523,9.165],[77.2496,9.156],[77.2518,9.143],[77.2377,9.13],[77.2326,9.1179],[77.2117,9.1064],[77.2094,9.0976],[77.1959,9.0884],[77.1897,9.0752],[77.1928,9.065],[77.1802,9.0448],[77.1821,9.0365],[77.1701,9.0339],[77.1674,9.0385],[77.1538,9.0366],[77.1453,9.0272],[77.1469,9.0216],[77.1322,9.0119],[77.1342,9],[77.1432,8.9979],[77.1469,8.9869],[77.1584,8.9782],[77.1632,8.9623],[77.1747,8.9569],[77.1802,8.947],[77.1819,8.9288],[77.1804,8.9157],[77.1868,8.9157],[77.1939,8.9219],[77.2074,8.9139],[77.202,8.9067],[77.2063,8.8932],[77.2147,8.8921],[77.2239,8.8851],[77.2271,8.8718],[77.2399,8.8681],[77.2456,8.8451],[77.247,8.8319],[77.2309,8.8116],[77.2274,8.8006],[77.2174,8.797],[77.2147,8.7758],[77.1984,8.7695],[77.1978,8.7577],[77.183,8.7611],[77.1837,8.7481],[77.1765,8.735],[77.1709,8.7334],[77.1553,8.7376],[77.167,8.7076],[77.1793,8.6996],[77.1877,8.6838],[77.1905,8.6712],[77.1871,8.6623],[77.1985,8.6411],[77.2124,8.6288],[77.2187,8.6184],[77.2283,8.6129],[77.2284,8.5978],[77.2515,8.571],[77.2652,8.5374],[77.2525,8.5171],[77.2475,8.5014],[77.2324,8.4959],[77.2226,8.4883],[77.2173,8.4961],[77.2064,8.5044],[77.1986,8.5039],[77.1865,8.4934],[77.1909,8.4882],[77.1946,8.4694],[77.1988,8.4602],[77.2091,8.4507],[77.2095,8.4377],[77.1887,8.4347],[77.1827,8.4275],[77.1798,8.4091],[77.1671,8.3955],[77.1645,8.3878],[77.1537,8.3774],[77.1407,8.3828],[77.1348,8.3785],[77.1432,8.3623],[77.1354,8.3517],[77.152,8.3547],[77.1568,8.3452],[77.1509,8.3355],[77.1498,8.3219],[77.137,8.3201],[77.1306,8.3242],[77.1219,8.3229],[77.1088,8.3129],[77.1009,8.3117],[77.1047,8.3016],[77.0907,8.2975],[77.086,8.304],[77.0618,8.319],[77.046,8.3337],[77.0163,8.3565],[77.0085,8.3574],[77.0018,8.3713],[76.9954,8.3763],[76.9887,8.3743],[76.9788,8.3815],[76.9713,8.4018],[76.9632,8.4174],[76.9457,8.4379],[76.9379,8.449],[76.8893,8.5046],[76.8651,8.536],[76.8182,8.5924],[76.8015,8.6143],[76.7857,8.6324],[76.7685,8.6563],[76.7368,8.6943],[76.7046,8.7343],[76.6907,8.7532],[76.6796,8.7726],[76.6482,8.811],[76.6446,8.8193],[76.6193,8.8504],[76.5935,8.8737],[76.581,8.8807],[76.5685,8.879],[76.5515,8.896],[76.5413,8.9154],[76.5329,8.954],[76.5279,8.9668],[76.5185,9.0179],[76.511,9.0296],[76.4843,9.0915],[76.4668,9.1282],[76.4788,9.131],[76.4849,9.1382],[76.4774,9.1479],[76.4682,9.1471],[76.4674,9.1582],[76.4604,9.1646],[76.4432,9.1982],[76.4393,9.2182],[76.4404,9.2304],[76.4307,9.2251],[76.4385,9.204],[76.4396,9.1901],[76.4515,9.1785],[76.4574,9.1613],[76.4679,9.1412],[76.4604,9.1407],[76.4571,9.1499],[76.4429,9.1782],[76.4329,9.2015],[76.4107,9.249],[76.4107,9.251],[76.3846,9.3057],[76.3693,9.3432],[76.3518,9.3779],[76.3393,9.4115],[76.3288,9.4485],[76.3107,9.5229],[76.3004,9.5863],[76.2949,9.6315],[76.2929,9.6632],[76.286,9.7226],[76.2838,9.7501],[76.2749,9.8032],[76.271,9.8201],[76.2607,9.8782],[76.2493,9.9224],[76.2374,9.9563],[76.2371,9.9649],[76.2526,9.9699],[76.2599,9.9624],[76.2626,9.9404],[76.2676,9.9321],[76.2826,9.9235],[76.2926,9.9215],[76.2962,9.9135],[76.2965,9.8929],[76.2862,9.9024],[76.2585,9.8993],[76.2696,9.8663],[76.281,9.8718],[76.2785,9.8874],[76.2821,9.8988],[76.2885,9.8912],[76.2949,9.8665],[76.2951,9.851],[76.2835,9.8504],[76.2846,9.8326],[76.2937,9.8376],[76.2913,9.8499],[76.2999,9.8501],[76.296,9.8663],[76.2957,9.8826],[76.3026,9.8846],[76.3193,9.8763],[76.3168,9.8682],[76.3179,9.8479],[76.3215,9.8332],[76.3218,9.8076],[76.3257,9.8057],[76.3257,9.7932],[76.3349,9.779],[76.3357,9.766],[76.3404,9.7629],[76.3421,9.7513],[76.3412,9.7315],[76.3463,9.7332],[76.3465,9.7504],[76.3354,9.7738],[76.3376,9.7863],[76.3301,9.8018],[76.336,9.8093],[76.3315,9.8263],[76.3218,9.8296],[76.3201,9.8707],[76.3304,9.8726],[76.3374,9.8649],[76.3401,9.8562],[76.3401,9.8415],[76.3426,9.8349],[76.3543,9.8232],[76.3707,9.8174],[76.3626,9.8071],[76.3596,9.7968],[76.3679,9.7768],[76.3676,9.7599],[76.3718,9.7415],[76.3665,9.7285],[76.3654,9.6963],[76.3729,9.6846],[76.391,9.6796],[76.3907,9.6582],[76.3824,9.6526],[76.3812,9.6335],[76.3757,9.6215],[76.3671,9.611],[76.364,9.5976],[76.3676,9.5832],[76.3593,9.5749],[76.3593,9.5651],[76.3532,9.5399],[76.3571,9.5254],[76.3685,9.5218],[76.3832,9.526],[76.501,9.5293],[76.4846,9.5418],[76.4785,9.5382],[76.4474,9.5485],[76.4385,9.554],[76.4282,9.5549],[76.4179,9.5596],[76.4165,9.5718],[76.4204,9.5782],[76.4232,9.5932],[76.4299,9.6121],[76.4235,9.6274],[76.4171,9.6363],[76.4179,9.6424],[76.4026,9.6474],[76.4049,9.6726],[76.4126,9.6824],[76.4137,9.6968],[76.3962,9.7018],[76.3874,9.7007],[76.3832,9.7054],[76.3887,9.7204],[76.391,9.7421],[76.3863,9.7593],[76.3732,9.7726],[76.369,9.7943],[76.3868,9.811],[76.3835,9.8193],[76.3826,9.8338],[76.3863,9.8407],[76.3715,9.8476],[76.3796,9.8535],[76.3782,9.8624],[76.3726,9.8707],[76.3643,9.8932],[76.354,9.9107],[76.3463,9.9124],[76.3401,9.9196],[76.3326,9.9135],[76.3432,9.8851],[76.3315,9.8821],[76.3193,9.889],[76.3143,9.9132],[76.3021,9.9374],[76.2926,9.9421],[76.2701,9.9896],[76.2763,10.0029],[76.2726,10.0154],[76.261,10.034],[76.2546,10.0171],[76.2504,10.0304],[76.2537,10.0415],[76.2407,10.0715],[76.2435,10.0726],[76.251,10.0538],[76.2618,10.0707],[76.2593,10.0865],[76.2421,10.1026],[76.2368,10.114],[76.2304,10.114],[76.2426,10.0754],[76.224,10.0988],[76.221,10.1263],[76.2129,10.131],[76.2068,10.1454],[76.2029,10.1335],[76.214,10.1057],[76.2085,10.1015],[76.2113,10.0924],[76.2213,10.0843],[76.2254,10.0674],[76.2199,10.0562],[76.2321,10.0474],[76.2315,10.0363],[76.2387,10.0304],[76.2365,10.0087],[76.2407,10.0024],[76.239,9.9924],[76.2429,9.9843],[76.2393,9.9743],[76.2324,9.9724],[76.224,9.9771],[76.2188,9.9954],[76.2176,10.006],[76.2104,10.0268],[76.2038,10.051],[76.2015,10.0526],[76.1821,10.1307],[76.176,10.1501],[76.1665,10.1715],[76.1663,10.1785],[76.1757,10.189],[76.1599,10.1885],[76.1443,10.2371],[76.1365,10.259],[76.1296,10.2893],[76.1132,10.3426],[76.0896,10.4038],[76.0796,10.4276],[76.0482,10.4913],[76.0399,10.5054],[76.041,10.5176],[76.034,10.5257],[76.0374,10.5324],[76.0499,10.531],[76.0668,10.5454],[76.0515,10.5454],[76.0482,10.5351],[76.0335,10.5349],[76.031,10.5265],[76.0174,10.5501],[76.016,10.5563],[75.9996,10.589],[75.9954,10.6021],[75.9788,10.6374],[75.9698,10.659],[75.961,10.6751],[75.9512,10.699],[75.9326,10.7388],[75.9101,10.7924],[75.9051,10.8129],[75.8888,10.8912],[75.8768,10.944],[75.8629,10.9985],[75.854,11.0268],[75.8457,11.0654],[75.8332,11.1049],[75.8293,11.1224],[75.8249,11.1254],[75.814,11.149],[75.8018,11.1599],[75.809,11.1626],[75.8215,11.1776],[75.814,11.1793],[75.809,11.1663],[75.8024,11.1632],[75.7954,11.1849],[75.7862,11.2057],[75.7729,11.2421],[75.769,11.2582],[75.749,11.3121],[75.7474,11.319],[75.7371,11.3246],[75.7337,11.334],[75.7374,11.3485],[75.7282,11.3632],[75.7151,11.3929],[75.7054,11.4076],[75.7024,11.4168],[75.6813,11.4499],[75.6754,11.4501],[75.6646,11.4615],[75.6457,11.4679],[75.6326,11.4626],[75.6296,11.4701],[75.6174,11.4771],[75.6179,11.4888],[75.5912,11.5582],[75.5943,11.5715],[75.5851,11.5779],[75.5801,11.5926],[75.5554,11.6538],[75.5465,11.6732],[75.5299,11.7046],[75.5246,11.7068],[75.5068,11.7329],[75.4974,11.7335],[75.4926,11.7426],[75.486,11.7462],[75.4824,11.754],[75.4735,11.7629],[75.4907,11.7921],[75.479,11.7893],[75.4804,11.779],[75.4729,11.7743],[75.4688,11.7646],[75.4538,11.7701],[75.4554,11.7768],[75.4474,11.7818],[75.4424,11.7974],[75.4346,11.8068],[75.4296,11.8068],[75.4074,11.8349],[75.3935,11.8485],[75.3776,11.8588],[75.3676,11.8518],[75.3554,11.8596],[75.3529,11.8696],[75.3249,11.9038],[75.3196,11.9132],[75.3007,11.9399],[75.3032,11.9471],[75.3129,11.9443],[75.3415,11.9315],[75.364,11.9304],[75.3704,11.9393],[75.3754,11.9374],[75.3776,11.9274],[75.384,11.9265],[75.3851,11.9165],[75.3926,11.9196],[75.386,11.9313],[75.3788,11.9301],[75.3782,11.9393],[75.3646,11.9474],[75.3587,11.9315],[75.3421,11.9371],[75.3354,11.9435],[75.3165,11.9471],[75.3029,11.9615],[75.2918,11.981],[75.2907,11.9863],[75.2654,12.0071],[75.2682,12.0235],[75.2793,12.0218],[75.2921,12.0049],[75.3024,12.0071],[75.3079,12.0029],[75.3143,12.0104],[75.3004,12.0154],[75.304,12.0249],[75.3087,12.0474],[75.3117,12.0493],[75.3048,12.0529],[75.3007,12.058],[75.2974,12.0637],[75.3148,12.0876],[75.3096,12.0906],[75.3091,12.1027],[75.3196,12.1067],[75.33,12.1026],[75.336,12.0986],[75.3399,12.0983],[75.3519,12.1089],[75.3659,12.1169],[75.3685,12.1213],[75.3793,12.1221],[75.3823,12.1291],[75.3922,12.1263],[75.4022,12.1341],[75.3998,12.1405],[75.3885,12.1463],[75.3784,12.146],[75.372,12.1465],[75.3667,12.1354],[75.3478,12.1353],[75.3462,12.1386],[75.3352,12.144],[75.3252,12.1449],[75.3206,12.1435],[75.3112,12.1365],[75.3099,12.132],[75.3107,12.1247],[75.2928,12.1161],[75.2839,12.115],[75.2778,12.1018],[75.266,12.1037],[75.2559,12.1086],[75.2474,12.1037],[75.2405,12.1093],[75.2366,12.1102],[75.2231,12.1048],[75.2211,12.101],[75.2223,12.0782],[75.2242,12.0744],[75.2237,12.0545],[75.2274,12.0443],[75.2249,12.0319],[75.2307,12.0241],[75.2162,12.0104],[75.2079,12.0107],[75.2046,12.0049],[75.1868,12.0371],[75.1873,12.0468],[75.1829,12.0638],[75.1749,12.0838],[75.1746,12.096],[75.1712,12.1151],[75.1612,12.1193],[75.1643,12.1318],[75.1549,12.1468],[75.1537,12.1576],[75.149,12.1696],[75.1374,12.1854],[75.1324,12.1968],[75.129,12.2121],[75.1215,12.2138],[75.1179,12.2057],[75.1062,12.2376],[75.0721,12.3199],[75.0451,12.379],[75.0365,12.3921],[75.0301,12.3943],[75.0218,12.4121],[75.0146,12.4168],[74.9918,12.4671],[74.9735,12.4987],[74.9618,12.5318],[74.9365,12.5929],[74.9368,12.5993],[74.9257,12.6193],[74.9104,12.656],[74.894,12.6907],[74.8896,12.7035],[74.8838,12.7096],[74.8671,12.7545],[74.8759,12.7553],[74.8856,12.7488],[74.8945,12.7561],[74.9294,12.7713],[74.9373,12.7722],[74.9542,12.7793],[74.9707,12.7726],[74.9873,12.7779],[74.9926,12.7836],[75.0053,12.7855],[75.0041,12.7736],[75.0086,12.7604],[75.0003,12.7516],[74.9918,12.7382],[75.0002,12.7274],[75.0122,12.7228],[75.0031,12.7137],[75.0143,12.7078],[75.0191,12.7148],[75.0381,12.7186],[75.0497,12.7147],[75.0557,12.7034],[75.0522,12.6982],[75.0568,12.6867],[75.0447,12.6874],[75.0431,12.6706],[75.0478,12.6601],[75.0609,12.6615],[75.0703,12.658],[75.0752,12.6654],[75.0831,12.6664],[75.0874,12.676],[75.085,12.6897],[75.0916,12.6947],[75.1044,12.6916],[75.1127,12.6759],[75.1319,12.6708],[75.1445,12.6729],[75.1613,12.6641],[75.1516,12.6494],[75.1503,12.6419],[75.1412,12.6378],[75.1549,12.6196],[75.17,12.6166],[75.1826,12.6274],[75.2014,12.6251],[75.1987,12.6062],[75.2095,12.5973],[75.209,12.5915],[75.214,12.5734],[75.2229,12.5626],[75.2313,12.5608],[75.2382,12.5641],[75.24,12.574],[75.2502,12.5792],[75.2621,12.593],[75.2703,12.609],[75.2767,12.6117],[75.2889,12.6046],[75.2911,12.5966],[75.3015,12.5991],[75.3083,12.5879],[75.3279,12.5852],[75.3285,12.5771],[75.3162,12.5687],[75.3031,12.5735],[75.2914,12.5749],[75.2868,12.565],[75.2768,12.5641],[75.2709,12.5535],[75.2724,12.5399],[75.2811,12.5181],[75.2918,12.5207],[75.3047,12.5173],[75.3043,12.4975],[75.3206,12.4913]]]]},"properties":{"ID_0":105,"ISO":"IND","NAME_0":"India","ID_1":18,"NAME_1":"Kerala","NL_NAME_1":null,"VARNAME_1":null,"TYPE_1":"State","ENGTYPE_1":"State"}},{"type":"Feature","geometry":{"type":"MultiPolygon","coordinates":[[[[73.081,8.3276],[73.069,8.3079],[73.0671,8.2857],[73.0493,8.2668],[73.0315,8.2665],[73.0279,8.2724],[73.0471,8.2763],[73.0557,8.2826],[73.0649,8.2971],[73.0685,8.3093],[73.0771,8.3254],[73.081,8.3276]]],[[[73.6515,10.1043],[73.6521,10.096],[73.6482,10.0807],[73.6479,10.0612],[73.6385,10.064],[73.6451,10.0776],[73.6515,10.1043]]],[[[72.6421,10.5774],[72.6501,10.5696],[72.6471,10.5599],[72.634,10.5551],[72.6232,10.5471],[72.6421,10.5774]]],[[[73.6785,10.8215],[73.696,10.8182],[73.7012,10.8132],[73.6793,10.8057],[73.6699,10.8049],[73.6621,10.8085],[73.6643,10.8188],[73.6785,10.8215]]],[[[72.1726,10.8199],[72.189,10.8493],[72.194,10.8701],[72.2018,10.8668],[72.1879,10.8451],[72.1818,10.8321],[72.1726,10.8199]]],[[[72.7315,11.1362],[72.734,11.131],[72.7288,11.1199],[72.7199,11.1121],[72.7151,11.1168],[72.716,11.1251],[72.7315,11.1362]]],[[[72.7901,11.2599],[72.7907,11.2554],[72.781,11.2304],[72.7782,11.2174],[72.7699,11.2118],[72.7779,11.241],[72.7901,11.2599]]],[[[72.9999,11.4979],[73.0088,11.4882],[73.0115,11.4715],[73.0074,11.471],[72.9999,11.4979]]]]},"properties":{"ID_0":105,"ISO":"IND","NAME_0":"India","ID_1":19,"NAME_1":"Lakshadweep","NL_NAME_1":null,"VARNAME_1":"les Laquedives|Laccadive|Minicoy and Amindivi Islands|Laccadives|Lackadiverna|Lakkadiven|Lakkadi","TYPE_1":"Union Territor","ENGTYPE_1":"Union Territory"}},{"type":"Feature","geometry":{"type":"Polygon","coordinates":[[[82.8078,23.9631],[82.7968,23.9614],[82.7903,23.9506],[82.7748,23.9386],[82.7538,23.9359],[82.7481,23.9223],[82.7433,23.9206],[82.7181,23.9214],[82.7019,23.9249],[82.6899,23.9204],[82.6819,23.9123],[82.6681,23.9076],[82.6547,23.9063],[82.6461,23.8887],[82.6573,23.8782],[82.6602,23.8703],[82.652,23.8565],[82.6406,23.858],[82.6295,23.839],[82.6059,23.8362],[82.586,23.8229],[82.5663,23.8247],[82.5612,23.8228],[82.5482,23.8269],[82.5274,23.8241],[82.5398,23.8118],[82.5445,23.7942],[82.5288,23.7913],[82.5162,23.7842],[82.4967,23.785],[82.4851,23.7884],[82.4827,23.7975],[82.4635,23.8108],[82.449,23.8117],[82.4364,23.8047],[82.4232,23.8061],[82.3882,23.8014],[82.3683,23.8111],[82.347,23.8037],[82.3385,23.806],[82.3282,23.8037],[82.321,23.8087],[82.3072,23.8112],[82.2976,23.8082],[82.2777,23.8171],[82.2553,23.8219],[82.2486,23.8198],[82.2315,23.8078],[82.2211,23.8101],[82.2161,23.821],[82.1993,23.8319],[82.2069,23.844],[82.2039,23.853],[82.1893,23.8437],[82.1725,23.8379],[82.1697,23.8247],[82.1624,23.82],[82.1557,23.822],[82.1341,23.8182],[82.1175,23.8231],[82.1088,23.8187],[82.1002,23.8201],[82.078,23.8171],[82.072,23.8198],[82.0454,23.8206],[82.031,23.8319],[82.0352,23.8426],[82.0285,23.8477],[82.0116,23.8523],[82.0007,23.8631],[81.9839,23.862],[81.9507,23.8529],[81.9323,23.8626],[81.9316,23.8679],[81.9164,23.873],[81.8941,23.8441],[81.8784,23.8379],[81.8621,23.8348],[81.8529,23.8243],[81.8316,23.8213],[81.8117,23.8095],[81.7934,23.8144],[81.7827,23.8118],[81.7726,23.8142],[81.7269,23.841],[81.7209,23.8608],[81.7027,23.8634],[81.703,23.8729],[81.6974,23.886],[81.6869,23.8849],[81.6824,23.8898],[81.6795,23.9076],[81.6677,23.9157],[81.6616,23.9256],[81.6517,23.9178],[81.6373,23.9136],[81.6292,23.9077],[81.6144,23.9083],[81.6076,23.9033],[81.6002,23.8834],[81.6149,23.8728],[81.6062,23.864],[81.5983,23.8642],[81.5984,23.8537],[81.6094,23.8358],[81.6257,23.8358],[81.6305,23.8308],[81.6426,23.8046],[81.6435,23.7918],[81.6384,23.7779],[81.6442,23.7681],[81.6693,23.7574],[81.6783,23.7489],[81.6721,23.74],[81.6873,23.7213],[81.6732,23.6934],[81.6495,23.6835],[81.648,23.668],[81.6431,23.6603],[81.635,23.659],[81.6132,23.661],[81.6095,23.633],[81.6011,23.6139],[81.6027,23.6],[81.5948,23.5955],[81.5802,23.5968],[81.5697,23.5886],[81.5704,23.5798],[81.5771,23.5549],[81.6023,23.5537],[81.6067,23.545],[81.6052,23.5109],[81.6172,23.4949],[81.6311,23.4917],[81.6352,23.4984],[81.6477,23.5024],[81.6536,23.5139],[81.6545,23.5316],[81.6672,23.5319],[81.6931,23.5233],[81.7064,23.5336],[81.7168,23.5483],[81.7192,23.5561],[81.7292,23.5651],[81.7407,23.5676],[81.748,23.5654],[81.7564,23.5525],[81.763,23.5508],[81.7976,23.5488],[81.8046,23.5458],[81.811,23.5339],[81.8101,23.5226],[81.8165,23.5149],[81.8272,23.5113],[81.8507,23.5165],[81.8622,23.5139],[81.8794,23.5184],[81.8962,23.5319],[81.9039,23.5351],[81.9164,23.5321],[81.9344,23.5056],[81.9489,23.4967],[81.947,23.4755],[81.9503,23.4661],[81.9612,23.4598],[81.9714,23.4475],[81.9751,23.4318],[81.9705,23.4239],[81.9789,23.4115],[81.9874,23.4195],[81.9995,23.4128],[82.016,23.4235],[82.0232,23.4102],[82.0143,23.3935],[82.0145,23.3879],[82.0232,23.3838],[82.0294,23.3876],[82.0371,23.3796],[82.0492,23.3787],[82.0568,23.3935],[82.0631,23.3925],[82.08,23.3972],[82.0851,23.3933],[82.0985,23.3977],[82.1052,23.3828],[82.1045,23.3632],[82.1144,23.354],[82.1291,23.361],[82.1378,23.3618],[82.1452,23.3492],[82.1513,23.3456],[82.1601,23.3322],[82.179,23.3271],[82.1875,23.3222],[82.1899,23.3035],[82.187,23.295],[82.1895,23.2846],[82.1842,23.2753],[82.1698,23.2702],[82.1665,23.2614],[82.1537,23.246],[82.1425,23.2277],[82.1467,23.2094],[82.1406,23.1981],[82.1375,23.1802],[82.1417,23.1747],[82.1373,23.165],[82.1514,23.1606],[82.1541,23.1511],[82.1511,23.1417],[82.1328,23.1316],[82.1283,23.1121],[82.1159,23.1038],[82.1016,23.1085],[82.0859,23.1093],[82.0671,23.1168],[82.0614,23.1159],[82.0477,23.1034],[82.0395,23.0915],[82.0283,23.0817],[82.0022,23.0784],[81.9925,23.0849],[81.98,23.0855],[81.9693,23.0794],[81.9526,23.0765],[81.9381,23.0778],[81.9379,23.0696],[81.9261,23.0622],[81.9184,23.041],[81.9268,23.0224],[81.9372,23.0095],[81.9384,22.9917],[81.9412,22.9849],[81.9426,22.9645],[81.9402,22.9571],[81.9139,22.9482],[81.9015,22.9331],[81.8865,22.9252],[81.8746,22.9133],[81.86,22.915],[81.8611,22.8939],[81.8563,22.8909],[81.8356,22.8865],[81.8314,22.883],[81.7958,22.8803],[81.7694,22.8735],[81.7693,22.8512],[81.7609,22.8343],[81.7616,22.8293],[81.773,22.8092],[81.7759,22.8001],[81.7744,22.7856],[81.7843,22.7666],[81.7782,22.758],[81.764,22.7468],[81.7625,22.7353],[81.7491,22.7332],[81.7466,22.7265],[81.7559,22.6977],[81.766,22.6761],[81.7627,22.6636],[81.7489,22.6461],[81.7405,22.6481],[81.7369,22.6691],[81.7229,22.6762],[81.7141,22.6556],[81.6989,22.6459],[81.6786,22.6489],[81.6632,22.6327],[81.6565,22.632],[81.6548,22.6216],[81.6484,22.62],[81.6414,22.6075],[81.6401,22.5865],[81.6494,22.5761],[81.6487,22.569],[81.6379,22.5621],[81.6236,22.5643],[81.6194,22.5586],[81.6219,22.5438],[81.609,22.5364],[81.5927,22.5377],[81.588,22.544],[81.5631,22.551],[81.5574,22.5469],[81.5569,22.5322],[81.5422,22.5299],[81.528,22.5398],[81.5154,22.5368],[81.512,22.5235],[81.5029,22.5268],[81.4932,22.5196],[81.4901,22.5084],[81.4799,22.4933],[81.4607,22.4944],[81.4533,22.491],[81.4462,22.4959],[81.4425,22.4662],[81.436,22.4695],[81.4318,22.4805],[81.4176,22.4736],[81.4206,22.4594],[81.4141,22.4485],[81.3966,22.4413],[81.3889,22.4448],[81.3831,22.4626],[81.3848,22.4778],[81.3807,22.4853],[81.3787,22.5053],[81.3618,22.5154],[81.3479,22.5141],[81.3319,22.5224],[81.3229,22.5243],[81.3148,22.5159],[81.3159,22.4897],[81.304,22.4818],[81.2802,22.4988],[81.2605,22.4936],[81.2562,22.4881],[81.2555,22.4725],[81.2404,22.4592],[81.2236,22.4516],[81.2021,22.4568],[81.1942,22.4621],[81.1926,22.4825],[81.1869,22.4892],[81.1707,22.488],[81.1578,22.4745],[81.1481,22.4559],[81.134,22.452],[81.11,22.4411],[81.1049,22.4328],[81.1047,22.4108],[81.1009,22.3832],[81.1069,22.3622],[81.1157,22.3441],[81.1093,22.3296],[81.1147,22.3126],[81.1138,22.2944],[81.0968,22.2775],[81.0918,22.2679],[81.0847,22.2467],[81.0726,22.2417],[81.0628,22.2469],[81.0489,22.2442],[81.0194,22.2292],[81.0158,22.2141],[81.0258,22.1977],[81.0251,22.1888],[81.0117,22.184],[81.0191,22.1653],[81.0158,22.1327],[80.9867,22.1309],[80.9734,22.1237],[80.9708,22.1147],[80.9903,22.1091],[81.004,22.0945],[80.9974,22.0809],[81.0043,22.07],[80.9992,22.0615],[80.9897,22.0565],[80.9878,22.0485],[80.9789,22.0483],[80.9634,22.0584],[80.9655,22.082],[80.9505,22.113],[80.9389,22.119],[80.9172,22.1209],[80.9061,22.1144],[80.8982,22.1013],[80.8948,22.0765],[80.8912,22.066],[80.879,22.0606],[80.8774,22.0507],[80.8689,22.0336],[80.8686,22.0112],[80.8593,22.0001],[80.8517,21.9751],[80.8434,21.9584],[80.8184,21.9568],[80.8234,21.9473],[80.8334,21.9466],[80.8359,21.9279],[80.8245,21.9084],[80.8254,21.8867],[80.8396,21.8754],[80.837,21.8625],[80.8412,21.8565],[80.8317,21.8462],[80.8377,21.8299],[80.8338,21.8202],[80.8317,21.8048],[80.8211,21.787],[80.8182,21.776],[80.8116,21.764],[80.8112,21.7475],[80.7827,21.7396],[80.7771,21.7409],[80.7738,21.7498],[80.7621,21.7579],[80.7401,21.7565],[80.7263,21.731],[80.7227,21.7145],[80.7237,21.6936],[80.7151,21.6787],[80.7074,21.6716],[80.7124,21.6461],[80.7191,21.6437],[80.7217,21.6172],[80.7094,21.604],[80.7096,21.5848],[80.7195,21.5715],[80.7135,21.5557],[80.7209,21.5507],[80.7307,21.5387],[80.7244,21.5162],[80.7246,21.5022],[80.722,21.4956],[80.7302,21.4721],[80.7262,21.4579],[80.718,21.4454],[80.6975,21.4272],[80.6993,21.4141],[80.6929,21.4015],[80.6917,21.3882],[80.6842,21.3726],[80.6715,21.3586],[80.6629,21.3373],[80.6565,21.3308],[80.6483,21.3264],[80.6336,21.3242],[80.6178,21.3192],[80.6085,21.3239],[80.5932,21.3248],[80.5831,21.3312],[80.5816,21.3416],[80.5718,21.3456],[80.5614,21.3433],[80.5584,21.3532],[80.5642,21.3579],[80.5369,21.3691],[80.5297,21.381],[80.5194,21.3896],[80.5006,21.3908],[80.4855,21.3976],[80.4756,21.3947],[80.4602,21.397],[80.4483,21.4023],[80.4432,21.388],[80.4429,21.3738],[80.4335,21.3712],[80.421,21.3757],[80.4044,21.3758],[80.3994,21.3805],[80.3898,21.4009],[80.3891,21.4074],[80.3992,21.4179],[80.398,21.4231],[80.4113,21.4382],[80.401,21.4654],[80.3845,21.4764],[80.3753,21.4911],[80.3706,21.521],[80.3658,21.5263],[80.338,21.5387],[80.3244,21.5487],[80.3301,21.5547],[80.3202,21.5736],[80.3099,21.5773],[80.2954,21.5755],[80.288,21.5923],[80.2754,21.5991],[80.2709,21.6106],[80.2602,21.6201],[80.2206,21.6196],[80.2147,21.6212],[80.2047,21.6335],[80.1882,21.6342],[80.1767,21.6239],[80.165,21.6217],[80.15,21.6074],[80.1439,21.605],[80.1186,21.6089],[80.1129,21.6038],[80.1099,21.5934],[80.094,21.5863],[80.082,21.5718],[80.0636,21.5546],[80.0542,21.5535],[80.0344,21.5575],[80.0262,21.5567],[80.0169,21.5489],[79.9936,21.5347],[79.9856,21.5368],[79.9718,21.5551],[79.9614,21.558],[79.9471,21.5553],[79.9364,21.5568],[79.9272,21.5537],[79.9183,21.5403],[79.9158,21.5245],[79.8898,21.5239],[79.8858,21.5296],[79.8767,21.5285],[79.8571,21.5309],[79.8506,21.5375],[79.825,21.5467],[79.8182,21.559],[79.7918,21.5814],[79.7688,21.5904],[79.7326,21.6025],[79.7138,21.5911],[79.6938,21.591],[79.6848,21.5807],[79.6629,21.5797],[79.6581,21.5773],[79.6506,21.5588],[79.6407,21.5555],[79.6087,21.5559],[79.5994,21.5508],[79.5895,21.5496],[79.5761,21.5434],[79.5603,21.548],[79.5474,21.5443],[79.5366,21.5442],[79.5339,21.5508],[79.5395,21.5652],[79.5217,21.5803],[79.5107,21.5832],[79.5058,21.5903],[79.5068,21.6024],[79.4982,21.6124],[79.5011,21.6196],[79.5125,21.6265],[79.5026,21.6346],[79.5011,21.6457],[79.4886,21.6741],[79.4585,21.6873],[79.4407,21.6822],[79.428,21.6853],[79.423,21.6906],[79.4114,21.691],[79.3947,21.6746],[79.3618,21.6795],[79.349,21.6789],[79.3483,21.6844],[79.3221,21.6884],[79.3173,21.6858],[79.2848,21.6939],[79.2768,21.7002],[79.2718,21.709],[79.2577,21.7175],[79.2287,21.7239],[79.2348,21.7152],[79.2219,21.7006],[79.2182,21.6813],[79.2284,21.6714],[79.2269,21.6576],[79.2166,21.6502],[79.1478,21.6605],[79.1411,21.6395],[79.1277,21.6281],[79.1112,21.6256],[79.0992,21.6189],[79.1041,21.6094],[79.0981,21.6028],[79.0881,21.5992],[79.0816,21.6072],[79.0508,21.6039],[79.031,21.6056],[79.0096,21.6015],[79,21.6098],[78.9944,21.6187],[78.9748,21.6176],[78.9623,21.6059],[78.9403,21.5938],[78.9291,21.5946],[78.9132,21.5924],[78.9116,21.5709],[78.9284,21.5644],[78.924,21.5602],[78.9127,21.5631],[78.9044,21.5548],[78.9218,21.5432],[78.9246,21.5387],[78.9234,21.5238],[78.9363,21.5194],[78.9369,21.5104],[78.9318,21.4874],[78.9206,21.4876],[78.8958,21.5006],[78.8905,21.4982],[78.8854,21.4856],[78.8515,21.4957],[78.8442,21.49],[78.8234,21.4911],[78.7846,21.4891],[78.777,21.4791],[78.7722,21.4671],[78.7644,21.4743],[78.761,21.4898],[78.7465,21.4939],[78.7404,21.4837],[78.7388,21.4729],[78.7297,21.4714],[78.7242,21.4644],[78.7039,21.4712],[78.6962,21.4774],[78.6841,21.482],[78.6591,21.4789],[78.6507,21.4828],[78.6375,21.4842],[78.621,21.4775],[78.6054,21.4884],[78.5986,21.4848],[78.5849,21.4869],[78.5653,21.506],[78.56,21.5146],[78.5373,21.5246],[78.5201,21.5254],[78.5086,21.5284],[78.5021,21.5266],[78.496,21.518],[78.4908,21.518],[78.4804,21.5061],[78.4563,21.5045],[78.4517,21.4973],[78.4386,21.5038],[78.4301,21.5018],[78.4322,21.5199],[78.4269,21.5302],[78.4275,21.5383],[78.4206,21.5488],[78.4223,21.5637],[78.4135,21.5777],[78.4158,21.5882],[78.4226,21.6019],[78.4045,21.6101],[78.3893,21.6106],[78.3795,21.6187],[78.3717,21.615],[78.3776,21.5956],[78.361,21.5783],[78.3547,21.5769],[78.342,21.5829],[78.3368,21.5905],[78.3285,21.5812],[78.3187,21.5756],[78.3018,21.5729],[78.3,21.5851],[78.2816,21.5868],[78.2711,21.593],[78.2622,21.5938],[78.2552,21.5898],[78.2585,21.5819],[78.2693,21.5707],[78.2466,21.564],[78.2387,21.5655],[78.2267,21.5564],[78.2155,21.5537],[78.1809,21.5587],[78.1727,21.5533],[78.1711,21.5287],[78.168,21.526],[78.1776,21.5143],[78.1713,21.5085],[78.1693,21.4985],[78.1272,21.4734],[78.0925,21.456],[78.0786,21.4457],[78.0637,21.4389],[78.0435,21.435],[78.0196,21.4206],[77.9997,21.4162],[77.9803,21.4028],[77.9411,21.399],[77.9388,21.3869],[77.9249,21.3861],[77.899,21.3784],[77.8866,21.3804],[77.8834,21.3855],[77.8632,21.3881],[77.8466,21.3941],[77.818,21.4087],[77.7994,21.4123],[77.794,21.3996],[77.7934,21.3907],[77.7651,21.3847],[77.7465,21.3842],[77.7383,21.3666],[77.7052,21.3591],[77.7043,21.3777],[77.6926,21.3806],[77.6943,21.3945],[77.6883,21.3967],[77.67,21.3729],[77.6631,21.3775],[77.6621,21.388],[77.6459,21.3934],[77.6392,21.3879],[77.6293,21.391],[77.6006,21.3891],[77.6058,21.3704],[77.6015,21.3653],[77.5625,21.3734],[77.5484,21.3812],[77.5105,21.3768],[77.5017,21.3792],[77.487,21.3778],[77.483,21.3904],[77.4842,21.3985],[77.4818,21.4157],[77.4692,21.437],[77.4693,21.4569],[77.4572,21.4671],[77.4383,21.4729],[77.4392,21.4893],[77.4208,21.5163],[77.417,21.5331],[77.4235,21.5426],[77.4319,21.5464],[77.4421,21.5446],[77.4502,21.5484],[77.4575,21.5566],[77.484,21.5533],[77.5044,21.5547],[77.5119,21.5475],[77.5292,21.5408],[77.5534,21.5362],[77.567,21.5298],[77.5892,21.5303],[77.6071,21.5428],[77.6058,21.5509],[77.5907,21.5616],[77.5741,21.5575],[77.571,21.5626],[77.5722,21.5877],[77.5678,21.6211],[77.5713,21.627],[77.5604,21.6452],[77.5575,21.6556],[77.5586,21.6687],[77.5505,21.6763],[77.5457,21.6861],[77.5422,21.701],[77.5334,21.7127],[77.521,21.7141],[77.5179,21.727],[77.5084,21.7353],[77.4969,21.7492],[77.4888,21.7502],[77.4759,21.7579],[77.4714,21.7712],[77.4499,21.7634],[77.4385,21.7627],[77.4011,21.7562],[77.3759,21.7571],[77.3374,21.7616],[77.3213,21.757],[77.2937,21.7599],[77.2862,21.7628],[77.2771,21.7598],[77.2783,21.7491],[77.2845,21.7464],[77.2869,21.7364],[77.2831,21.7242],[77.2674,21.7291],[77.258,21.7158],[77.2246,21.7179],[77.2216,21.7001],[77.2074,21.694],[77.1843,21.7045],[77.188,21.7226],[77.1714,21.7273],[77.1651,21.7169],[77.1578,21.7134],[77.1475,21.7147],[77.1333,21.7223],[77.1211,21.7253],[77.0939,21.7196],[77.0802,21.7187],[77.069,21.7218],[77.0595,21.7094],[77.0343,21.7005],[77.0102,21.6844],[76.9973,21.6816],[76.9787,21.666],[76.9116,21.6149],[76.9011,21.6008],[76.8917,21.6007],[76.8521,21.615],[76.8478,21.6133],[76.8335,21.5931],[76.8232,21.5927],[76.7953,21.5975],[76.7915,21.5874],[76.7836,21.578],[76.7802,21.5625],[76.7855,21.5353],[76.7753,21.532],[76.7629,21.5226],[76.7702,21.5107],[76.7865,21.4992],[76.7918,21.4899],[76.7851,21.4767],[76.7842,21.4665],[76.7758,21.4601],[76.7434,21.4431],[76.7384,21.4294],[76.7372,21.4153],[76.7321,21.4088],[76.6684,21.3695],[76.6286,21.3398],[76.6258,21.3297],[76.6611,21.2824],[76.6585,21.2478],[76.6426,21.2477],[76.6317,21.2289],[76.6316,21.2054],[76.6234,21.1927],[76.6123,21.1959],[76.5867,21.1987],[76.5752,21.2041],[76.5594,21.2058],[76.5292,21.1893],[76.5208,21.1892],[76.4912,21.1978],[76.4825,21.1882],[76.4783,21.1757],[76.4749,21.1521],[76.469,21.1506],[76.4655,21.1392],[76.4575,21.1383],[76.4529,21.1244],[76.4527,21.1149],[76.4411,21.1121],[76.4337,21.1067],[76.4118,21.1073],[76.4094,21.0941],[76.3901,21.0881],[76.3764,21.0773],[76.3613,21.08],[76.3348,21.0772],[76.2971,21.0772],[76.2818,21.0753],[76.2692,21.093],[76.2621,21.0947],[76.2351,21.0939],[76.2275,21.0914],[76.1839,21.09],[76.1773,21.0855],[76.1686,21.0858],[76.1685,21.1054],[76.1515,21.115],[76.1357,21.1262],[76.1399,21.1401],[76.1284,21.1567],[76.114,21.1646],[76.1143,21.1705],[76.1274,21.1779],[76.143,21.1731],[76.1668,21.1707],[76.1727,21.1883],[76.1659,21.1955],[76.1679,21.2081],[76.1615,21.2167],[76.164,21.2242],[76.1455,21.2332],[76.1441,21.2426],[76.1509,21.2456],[76.1592,21.2591],[76.1498,21.2742],[76.145,21.2878],[76.135,21.2915],[76.1293,21.2975],[76.1273,21.3073],[76.116,21.3388],[76.1069,21.3602],[76.0987,21.3739],[76.0882,21.37],[76.0524,21.3527],[76.0346,21.3653],[76.0002,21.3748],[75.9849,21.3772],[75.9687,21.394],[75.9594,21.3962],[75.948,21.393],[75.9165,21.3898],[75.9051,21.3956],[75.8881,21.3996],[75.8762,21.3982],[75.8628,21.3873],[75.8434,21.3895],[75.8326,21.3833],[75.8014,21.3902],[75.7589,21.3855],[75.7441,21.3932],[75.7216,21.391],[75.7068,21.3913],[75.6897,21.3875],[75.6848,21.3822],[75.6734,21.3804],[75.6588,21.3827],[75.6295,21.3812],[75.6236,21.3843],[75.6194,21.3935],[75.6089,21.395],[75.603,21.3905],[75.5913,21.3917],[75.5766,21.3855],[75.5813,21.3799],[75.5553,21.3775],[75.5481,21.3725],[75.5246,21.3872],[75.5163,21.3867],[75.5005,21.3916],[75.4848,21.3913],[75.4684,21.3942],[75.4363,21.3907],[75.4317,21.3939],[75.4093,21.3899],[75.4038,21.3838],[75.3845,21.3856],[75.3787,21.3924],[75.3614,21.4032],[75.3538,21.3935],[75.3349,21.3947],[75.3209,21.3924],[75.3032,21.3952],[75.3018,21.4148],[75.2916,21.4139],[75.2766,21.4089],[75.254,21.4061],[75.2435,21.4149],[75.2323,21.4166],[75.2199,21.4109],[75.2037,21.4173],[75.188,21.4273],[75.1298,21.4493],[75.1151,21.4596],[75.1067,21.4696],[75.0949,21.4938],[75.09,21.5143],[75.0762,21.538],[75.065,21.5508],[75.0577,21.5649],[75.0536,21.5672],[75.0318,21.5693],[75.0178,21.5726],[75.0134,21.5812],[75.0001,21.5886],[74.9807,21.596],[74.9612,21.6],[74.926,21.6107],[74.9096,21.6194],[74.9028,21.6298],[74.884,21.6318],[74.8663,21.6311],[74.8356,21.619],[74.8337,21.6119],[74.8252,21.6102],[74.8021,21.6161],[74.801,21.6098],[74.7832,21.612],[74.775,21.6155],[74.7591,21.6165],[74.724,21.624],[74.6948,21.6334],[74.6724,21.6492],[74.6564,21.6543],[74.6308,21.6581],[74.6084,21.6632],[74.589,21.6653],[74.5847,21.6841],[74.57,21.6838],[74.5605,21.688],[74.5606,21.7038],[74.551,21.7194],[74.5243,21.7179],[74.515,21.7213],[74.5114,21.7285],[74.5167,21.7544],[74.517,21.7672],[74.5089,21.7756],[74.5032,21.7978],[74.5036,21.8072],[74.5118,21.8212],[74.517,21.8565],[74.5178,21.8862],[74.5275,21.9035],[74.5275,21.9088],[74.5146,21.9225],[74.5156,21.9339],[74.4968,21.9464],[74.4934,21.9545],[74.4722,21.9655],[74.46,21.9628],[74.4517,21.9675],[74.443,21.9831],[74.4426,21.9936],[74.4362,22.0022],[74.4457,22.0069],[74.4445,22.016],[74.4355,22.031],[74.4177,22.0258],[74.3964,22.0237],[74.3883,22.0202],[74.3782,22.0022],[74.366,21.992],[74.3578,21.9815],[74.3456,21.9752],[74.3107,21.9722],[74.3014,21.9668],[74.2923,21.9373],[74.2829,21.9348],[74.2371,21.9297],[74.2281,21.93],[74.2006,21.9256],[74.1848,21.9308],[74.1718,21.9451],[74.1569,21.9528],[74.146,21.9541],[74.1489,21.9607],[74.1434,21.9699],[74.1532,21.9756],[74.1538,21.9864],[74.142,21.9912],[74.1277,21.9938],[74.1169,21.9986],[74.1003,22.0016],[74.1012,22.0183],[74.1166,22.0246],[74.1251,22.0359],[74.141,22.0409],[74.144,22.0479],[74.1378,22.0535],[74.163,22.0606],[74.1618,22.0711],[74.1676,22.0824],[74.1807,22.0866],[74.1702,22.1013],[74.1547,22.1055],[74.1326,22.0963],[74.1291,22.1083],[74.1313,22.1244],[74.1266,22.1321],[74.1336,22.1462],[74.135,22.1616],[74.1265,22.1665],[74.1221,22.1876],[74.1228,22.2129],[74.1138,22.2192],[74.0758,22.2219],[74.0734,22.2296],[74.0784,22.2374],[74.0893,22.2402],[74.0892,22.2472],[74.0807,22.25],[74.0783,22.2682],[74.0646,22.2759],[74.0592,22.2857],[74.0591,22.3054],[74.0664,22.3054],[74.0683,22.3307],[74.076,22.3413],[74.0716,22.349],[74.072,22.3602],[74.077,22.3624],[74.0953,22.3624],[74.0999,22.373],[74.112,22.3716],[74.1171,22.3576],[74.1291,22.3527],[74.1343,22.3323],[74.1911,22.3219],[74.1957,22.3254],[74.1983,22.343],[74.2053,22.3479],[74.2068,22.3676],[74.2166,22.3578],[74.227,22.3585],[74.2274,22.3726],[74.2309,22.3796],[74.2402,22.3768],[74.246,22.3832],[74.2561,22.386],[74.258,22.4],[74.2739,22.393],[74.2911,22.3917],[74.2942,22.3945],[74.2712,22.405],[74.27,22.4148],[74.2641,22.4246],[74.254,22.4331],[74.2373,22.4393],[74.2236,22.44],[74.2163,22.4344],[74.2046,22.4372],[74.2045,22.4667],[74.2025,22.4723],[74.1908,22.4779],[74.1827,22.4645],[74.1867,22.4442],[74.1727,22.442],[74.1708,22.4336],[74.1611,22.4322],[74.156,22.4399],[74.1563,22.4567],[74.1407,22.4539],[74.1311,22.4363],[74.1304,22.4215],[74.123,22.4208],[74.1051,22.4334],[74.1007,22.4453],[74.1061,22.4622],[74.1002,22.4692],[74.0781,22.4656],[74.0803,22.486],[74.0896,22.4889],[74.0853,22.5085],[74.0588,22.5105],[74.0546,22.5014],[74.0371,22.4915],[74.0347,22.5084],[74.0436,22.5168],[74.0408,22.5302],[74.0446,22.5421],[74.0667,22.5509],[74.0843,22.5496],[74.1058,22.5377],[74.1135,22.5412],[74.1221,22.5356],[74.1276,22.5244],[74.1533,22.5174],[74.1575,22.5322],[74.1727,22.5449],[74.1917,22.5534],[74.1994,22.5702],[74.2138,22.5674],[74.2185,22.5815],[74.2262,22.585],[74.2367,22.6139],[74.2437,22.6139],[74.2499,22.623],[74.2576,22.6244],[74.2564,22.6357],[74.2654,22.6448],[74.2736,22.6406],[74.2782,22.6477],[74.2946,22.6414],[74.3254,22.6386],[74.3281,22.6442],[74.3441,22.6421],[74.364,22.6365],[74.3811,22.6386],[74.3842,22.6436],[74.3849,22.6696],[74.3969,22.6921],[74.4008,22.7068],[74.4031,22.7307],[74.4144,22.7448],[74.4206,22.7574],[74.4252,22.7602],[74.4392,22.7856],[74.4392,22.8094],[74.4595,22.8123],[74.4649,22.8151],[74.4719,22.8327],[74.4789,22.8586],[74.4664,22.8945],[74.4628,22.9135],[74.4515,22.924],[74.4386,22.9177],[74.4319,22.9226],[74.4187,22.9184],[74.4082,22.9043],[74.4004,22.8994],[74.3816,22.9099],[74.3745,22.9226],[74.362,22.9331],[74.36,22.9422],[74.3479,22.9534],[74.3416,22.9647],[74.3571,22.9772],[74.3708,22.9801],[74.3554,23.0031],[74.3507,23.0155],[74.3492,23.0302],[74.3277,23.0427],[74.3228,23.0627],[74.3479,23.0708],[74.3595,23.0805],[74.3611,23.0903],[74.3912,23.112],[74.4141,23.111],[74.4332,23.1057],[74.4454,23.0929],[74.4672,23.0853],[74.4914,23.0884],[74.5123,23.0888],[74.5136,23.0959],[74.5354,23.1015],[74.5427,23.1069],[74.5475,23.1185],[74.5457,23.1321],[74.566,23.1352],[74.5801,23.14],[74.6081,23.1448],[74.6178,23.1519],[74.6257,23.1629],[74.6547,23.182],[74.6692,23.2015],[74.6876,23.1967],[74.7155,23.1947],[74.7457,23.2121],[74.7508,23.2304],[74.7458,23.2327],[74.7329,23.2238],[74.719,23.2194],[74.7026,23.2197],[74.6955,23.2286],[74.7132,23.2363],[74.7222,23.2425],[74.7103,23.2581],[74.7033,23.2616],[74.7011,23.2721],[74.6731,23.2749],[74.6522,23.2608],[74.6321,23.2634],[74.6266,23.276],[74.6153,23.2846],[74.5868,23.2845],[74.5773,23.2973],[74.5674,23.2985],[74.5582,23.2853],[74.5486,23.2868],[74.5439,23.3001],[74.5357,23.3095],[74.5337,23.323],[74.5192,23.3219],[74.5203,23.3317],[74.5384,23.334],[74.5427,23.3387],[74.5458,23.3638],[74.5602,23.3645],[74.5724,23.3833],[74.5731,23.4192],[74.5915,23.4251],[74.5985,23.4298],[74.6131,23.4516],[74.6134,23.4614],[74.6364,23.4641],[74.6522,23.4634],[74.6589,23.4668],[74.6693,23.4839],[74.6809,23.4851],[74.6874,23.4958],[74.7007,23.5037],[74.7109,23.5056],[74.7259,23.4985],[74.7337,23.5005],[74.7424,23.5195],[74.7639,23.5247],[74.7741,23.5433],[74.785,23.548],[74.7963,23.5463],[74.8029,23.5341],[74.8192,23.5408],[74.8301,23.5495],[74.8515,23.5574],[74.8617,23.5723],[74.8693,23.5748],[74.875,23.5835],[74.8746,23.5901],[74.8861,23.6064],[74.898,23.6122],[74.906,23.623],[74.9219,23.6223],[74.9397,23.6304],[74.939,23.6432],[74.9306,23.6482],[74.9242,23.6685],[74.9099,23.6769],[74.9104,23.688],[74.923,23.6966],[74.9242,23.7192],[74.9406,23.7349],[74.9319,23.7581],[74.9399,23.7659],[74.9379,23.7767],[74.9276,23.7983],[74.9103,23.8008],[74.9133,23.8366],[74.9158,23.8457],[74.9069,23.8564],[74.9052,23.8681],[74.9139,23.9034],[74.9146,23.9125],[74.9234,23.9249],[74.9213,23.9357],[74.9298,23.941],[74.9415,23.9605],[74.9633,23.9737],[74.9729,23.9911],[74.9722,24.0036],[74.9878,24.0143],[74.993,24.0297],[74.9812,24.041],[74.9794,24.072],[74.9652,24.0827],[74.9607,24.0942],[74.9595,24.1101],[74.9391,24.1211],[74.9367,24.139],[74.9247,24.1452],[74.9275,24.1572],[74.9003,24.1743],[74.8973,24.187],[74.8802,24.2165],[74.8867,24.2249],[74.9059,24.2337],[74.9054,24.2453],[74.897,24.2492],[74.8943,24.2617],[74.8754,24.278],[74.8533,24.27],[74.8326,24.2716],[74.8152,24.277],[74.7903,24.2719],[74.7725,24.272],[74.7548,24.279],[74.753,24.2894],[74.7575,24.2962],[74.7836,24.3168],[74.7838,24.3361],[74.7862,24.3488],[74.7817,24.3584],[74.7846,24.3674],[74.8023,24.3873],[74.8123,24.4092],[74.8252,24.4083],[74.827,24.4236],[74.8352,24.4295],[74.8575,24.4515],[74.857,24.4633],[74.8409,24.4672],[74.8338,24.4604],[74.8183,24.462],[74.8247,24.4792],[74.8224,24.4878],[74.8145,24.4922],[74.7919,24.4933],[74.779,24.4834],[74.7662,24.4907],[74.7573,24.4888],[74.735,24.5036],[74.7308,24.51],[74.7156,24.5082],[74.7119,24.5109],[74.7157,24.5228],[74.7286,24.5348],[74.7477,24.5362],[74.7485,24.5517],[74.7568,24.5546],[74.757,24.5637],[74.748,24.5968],[74.7707,24.6058],[74.7772,24.6054],[74.7901,24.6108],[74.7834,24.6368],[74.7914,24.6454],[74.7949,24.6547],[74.8049,24.6596],[74.8087,24.67],[74.8171,24.6717],[74.8133,24.6861],[74.7923,24.6843],[74.7895,24.6789],[74.7761,24.6861],[74.7773,24.6967],[74.7844,24.7126],[74.7832,24.7182],[74.7897,24.7266],[74.7839,24.7304],[74.7801,24.7427],[74.8031,24.7549],[74.8011,24.7867],[74.7993,24.7956],[74.8098,24.7964],[74.8185,24.7653],[74.8293,24.7459],[74.8349,24.732],[74.8488,24.7087],[74.8498,24.6987],[74.8669,24.6905],[74.8734,24.6695],[74.8802,24.668],[74.8879,24.6577],[74.9025,24.6563],[74.9056,24.6603],[74.9199,24.6584],[74.9439,24.6623],[74.943,24.6689],[74.952,24.6765],[74.9649,24.6945],[74.9641,24.7005],[74.9999,24.7085],[74.9952,24.7161],[74.9908,24.7338],[74.9934,24.7527],[75.0202,24.7528],[75.0214,24.7729],[75.0129,24.7938],[74.9983,24.7977],[74.99,24.7938],[74.9704,24.7909],[74.946,24.7917],[74.9294,24.7955],[74.9221,24.7884],[74.91,24.7882],[74.9052,24.7975],[74.8847,24.8024],[74.8781,24.8132],[74.8586,24.8131],[74.8579,24.7946],[74.8489,24.7927],[74.8375,24.8085],[74.859,24.8202],[74.8559,24.8532],[74.8402,24.8806],[74.8378,24.8972],[74.8271,24.8991],[74.8241,24.9148],[74.8242,24.9401],[74.8263,24.9522],[74.8311,24.9573],[74.8327,24.9675],[74.8464,24.9743],[74.8532,24.9747],[74.8621,24.9658],[74.8639,24.9476],[74.8672,24.9369],[74.8773,24.9394],[74.8791,24.9488],[74.8899,24.9415],[74.9005,24.9397],[74.9043,24.9301],[74.9129,24.9284],[74.9069,24.9072],[74.9125,24.8991],[74.9295,24.8879],[74.9308,24.894],[74.9487,24.8948],[74.9504,24.89],[74.9448,24.8779],[74.9635,24.8741],[74.9773,24.8775],[74.9977,24.8766],[75.0126,24.8741],[75.0151,24.8702],[75.0341,24.8586],[75.0434,24.8592],[75.0735,24.8873],[75.0853,24.8889],[75.0901,24.8797],[75.1189,24.889],[75.1194,24.8958],[75.1149,24.9118],[75.1194,24.9181],[75.1157,24.9654],[75.1198,24.9758],[75.1335,24.9752],[75.138,24.9864],[75.1644,24.9917],[75.1692,25.01],[75.1653,25.0223],[75.1547,25.0289],[75.1591,25.0455],[75.167,25.0442],[75.1738,25.0538],[75.1853,25.0425],[75.2006,25.0345],[75.2055,25.0424],[75.2271,25.0385],[75.2375,25.0419],[75.2556,25.04],[75.2783,25.0447],[75.2926,25.0429],[75.3105,25.0461],[75.3362,25.0449],[75.3496,25.0417],[75.3515,25.0252],[75.3295,25.0176],[75.3189,25.0065],[75.3231,25.0009],[75.3231,24.9822],[75.3313,24.9761],[75.3375,24.9631],[75.3343,24.9506],[75.3254,24.9381],[75.3175,24.9072],[75.3122,24.9111],[75.3083,24.9263],[75.3032,24.9306],[75.3002,24.9468],[75.2905,24.952],[75.2856,24.9641],[75.2854,24.9767],[75.2759,24.9767],[75.2663,24.9619],[75.2758,24.9403],[75.2849,24.9371],[75.2879,24.9263],[75.2787,24.9175],[75.267,24.9142],[75.2597,24.8998],[75.2615,24.8897],[75.2793,24.8846],[75.2881,24.8797],[75.2941,24.8714],[75.3113,24.8695],[75.326,24.887],[75.3501,24.885],[75.372,24.878],[75.4075,24.8919],[75.4242,24.8928],[75.4171,24.8639],[75.3997,24.8549],[75.364,24.8425],[75.3441,24.8328],[75.3302,24.8317],[75.3198,24.8178],[75.313,24.8135],[75.3005,24.8152],[75.2977,24.8264],[75.2838,24.85],[75.2712,24.8564],[75.2417,24.8609],[75.2274,24.8591],[75.2367,24.8709],[75.248,24.8809],[75.2499,24.8957],[75.2412,24.9026],[75.2234,24.89],[75.2197,24.8922],[75.2192,24.9065],[75.2082,24.91],[75.2082,24.8978],[75.2013,24.8842],[75.2067,24.8791],[75.2185,24.8595],[75.226,24.8549],[75.2277,24.8478],[75.241,24.8469],[75.2519,24.8372],[75.2467,24.8218],[75.2225,24.819],[75.2174,24.8205],[75.2064,24.8099],[75.2027,24.7888],[75.1923,24.7887],[75.1869,24.7603],[75.1956,24.76],[75.2019,24.7461],[75.2169,24.7224],[75.2214,24.7335],[75.2284,24.7351],[75.2495,24.7291],[75.2672,24.7327],[75.3044,24.7207],[75.3509,24.7171],[75.3639,24.7095],[75.3964,24.7046],[75.4519,24.6932],[75.4835,24.6976],[75.5059,24.7094],[75.5351,24.72],[75.5521,24.7138],[75.5819,24.7227],[75.6133,24.6884],[75.634,24.6912],[75.6592,24.7017],[75.68,24.7278],[75.7118,24.7454],[75.7418,24.7604],[75.7597,24.7648],[75.7726,24.762],[75.7862,24.7655],[75.8055,24.7563],[75.8278,24.7364],[75.8388,24.7299],[75.842,24.7175],[75.8282,24.6682],[75.8439,24.6693],[75.8486,24.6646],[75.8488,24.6531],[75.8439,24.6393],[75.8462,24.6314],[75.8343,24.6238],[75.8281,24.6133],[75.8392,24.6087],[75.8525,24.6143],[75.8635,24.6129],[75.8741,24.6071],[75.8758,24.5908],[75.8844,24.5817],[75.8937,24.5817],[75.9029,24.5768],[75.9111,24.5771],[75.9174,24.5715],[75.9057,24.5606],[75.907,24.5505],[75.9167,24.5467],[75.925,24.5383],[75.922,24.5273],[75.9093,24.5149],[75.9022,24.522],[75.8926,24.5215],[75.8911,24.5096],[75.9055,24.5053],[75.9118,24.4924],[75.9081,24.4781],[75.909,24.4561],[75.9034,24.4461],[75.8612,24.4233],[75.8473,24.419],[75.829,24.4225],[75.8241,24.4308],[75.8125,24.4368],[75.8151,24.4651],[75.805,24.4728],[75.7911,24.4752],[75.7841,24.4647],[75.7861,24.4584],[75.7682,24.4403],[75.7524,24.4316],[75.7564,24.4277],[75.7553,24.4093],[75.7358,24.4034],[75.7269,24.4053],[75.7297,24.3895],[75.7396,24.3889],[75.7383,24.3662],[75.7418,24.353],[75.7379,24.348],[75.7563,24.3272],[75.7651,24.3107],[75.781,24.3086],[75.7974,24.3143],[75.803,24.3123],[75.813,24.3007],[75.8168,24.2908],[75.8114,24.2847],[75.8125,24.2607],[75.8181,24.25],[75.8264,24.2426],[75.8078,24.2407],[75.8053,24.2297],[75.7919,24.2232],[75.7788,24.2244],[75.7735,24.2209],[75.7678,24.2075],[75.7697,24.1977],[75.7637,24.1898],[75.7583,24.1746],[75.7507,24.1616],[75.7435,24.1396],[75.7621,24.141],[75.7732,24.1394],[75.7787,24.1347],[75.7896,24.1098],[75.8024,24.1183],[75.8083,24.1134],[75.8122,24.1029],[75.8306,24.1079],[75.8359,24.104],[75.8327,24.0957],[75.8295,24.072],[75.8133,24.0716],[75.8073,24.0676],[75.7796,24.0621],[75.7777,24.0571],[75.7802,24.0363],[75.7713,24.0122],[75.7632,24.014],[75.762,23.998],[75.7476,23.9935],[75.7378,23.9953],[75.7355,23.9806],[75.7278,23.9795],[75.7233,23.9731],[75.7004,23.9691],[75.6954,23.9859],[75.6864,23.9905],[75.6835,23.9982],[75.6858,24.0179],[75.677,24.0201],[75.6692,24.0335],[75.6594,24.0315],[75.6415,24.0184],[75.6392,24.0046],[75.6347,23.9998],[75.5974,23.9986],[75.5838,23.9919],[75.5778,23.9996],[75.5693,23.9994],[75.5717,24.0174],[75.5669,24.0227],[75.5526,24.0227],[75.5319,24.0315],[75.5144,24.0487],[75.4918,24.0046],[75.4806,23.9923],[75.4648,23.9807],[75.4617,23.9534],[75.4572,23.9382],[75.4565,23.9207],[75.4609,23.9173],[75.4874,23.9108],[75.4996,23.9005],[75.5041,23.8919],[75.5167,23.8888],[75.5379,23.8767],[75.5625,23.8581],[75.5672,23.8476],[75.5764,23.8433],[75.5693,23.8346],[75.5601,23.8369],[75.5561,23.8259],[75.566,23.8157],[75.5833,23.8152],[75.5825,23.8004],[75.6166,23.806],[75.624,23.8005],[75.637,23.8024],[75.6493,23.7994],[75.6591,23.7889],[75.6712,23.7868],[75.6761,23.7821],[75.6791,23.7695],[75.6873,23.7733],[75.6983,23.788],[75.6902,23.8196],[75.7132,23.8165],[75.7222,23.8269],[75.7157,23.8456],[75.724,23.848],[75.7291,23.8582],[75.7275,23.8645],[75.7066,23.8682],[75.6981,23.8771],[75.6977,23.8877],[75.7023,23.9041],[75.7106,23.9004],[75.7282,23.9021],[75.7497,23.89],[75.7592,23.8813],[75.7616,23.8569],[75.7799,23.8547],[75.7851,23.8654],[75.7942,23.8743],[75.8027,23.8711],[75.8139,23.8743],[75.8179,23.8794],[75.8534,23.8942],[75.8671,23.894],[75.8786,23.8846],[75.8888,23.8917],[75.9055,23.8961],[75.9212,23.9042],[75.9318,23.9019],[75.9381,23.9122],[75.9482,23.9223],[75.9758,23.9329],[75.9809,23.943],[75.9802,23.9744],[75.9768,23.982],[75.9635,23.9917],[75.9602,23.9975],[75.9602,24.0254],[75.9734,24.0314],[75.9901,24.0301],[76.0267,24.0505],[76.033,24.0642],[76.0434,24.074],[76.0637,24.0779],[76.0802,24.084],[76.0845,24.0821],[76.099,24.0892],[76.1052,24.0959],[76.1233,24.0923],[76.1347,24.0953],[76.1292,24.1189],[76.1369,24.1313],[76.1317,24.1439],[76.1309,24.1691],[76.1206,24.1782],[76.1234,24.2054],[76.1316,24.2124],[76.1524,24.2355],[76.1545,24.2438],[76.1498,24.261],[76.1455,24.2658],[76.1422,24.2812],[76.1495,24.2922],[76.1692,24.2961],[76.1721,24.3156],[76.1855,24.3315],[76.194,24.3209],[76.2062,24.3109],[76.1947,24.2848],[76.2022,24.2768],[76.2044,24.269],[76.2036,24.2506],[76.2062,24.2327],[76.2156,24.2168],[76.2234,24.2233],[76.2361,24.2239],[76.2477,24.2279],[76.2764,24.2165],[76.2872,24.2183],[76.2896,24.237],[76.2939,24.2407],[76.3179,24.2511],[76.335,24.254],[76.353,24.2489],[76.3735,24.2377],[76.3912,24.2256],[76.4001,24.2228],[76.4118,24.2096],[76.4225,24.2142],[76.4236,24.2269],[76.436,24.225],[76.4532,24.2168],[76.4634,24.2289],[76.4746,24.2287],[76.4794,24.2175],[76.4969,24.212],[76.5084,24.2002],[76.5105,24.179],[76.5174,24.1666],[76.5232,24.1632],[76.5548,24.1682],[76.5663,24.1765],[76.5797,24.1807],[76.577,24.1913],[76.5658,24.2008],[76.5715,24.2135],[76.5859,24.2196],[76.5974,24.2299],[76.5967,24.2353],[76.5875,24.246],[76.5932,24.2509],[76.6005,24.245],[76.614,24.2422],[76.6163,24.2628],[76.6301,24.2647],[76.6401,24.2623],[76.6472,24.2724],[76.6582,24.2678],[76.6787,24.2706],[76.6848,24.2827],[76.693,24.285],[76.6966,24.2612],[76.7025,24.2488],[76.6878,24.2325],[76.6768,24.2105],[76.6742,24.1934],[76.6844,24.1886],[76.7011,24.1714],[76.7207,24.1617],[76.7294,24.1706],[76.755,24.1721],[76.7595,24.1659],[76.7689,24.1647],[76.7909,24.1258],[76.8011,24.1203],[76.8147,24.1265],[76.8277,24.1256],[76.8355,24.1313],[76.856,24.1389],[76.8733,24.1398],[76.8863,24.1317],[76.8999,24.1311],[76.9112,24.1769],[76.9161,24.1887],[76.9332,24.1869],[76.9439,24.1989],[76.9444,24.2063],[76.9317,24.2095],[76.9193,24.2207],[76.9165,24.232],[76.8974,24.2471],[76.8742,24.2711],[76.8636,24.2898],[76.8588,24.3123],[76.8449,24.328],[76.8389,24.3426],[76.837,24.3607],[76.8491,24.3682],[76.8501,24.389],[76.8424,24.4085],[76.8359,24.4166],[76.846,24.4193],[76.8507,24.4374],[76.8412,24.4428],[76.8379,24.4506],[76.8459,24.4533],[76.8513,24.4691],[76.8463,24.4755],[76.8468,24.4876],[76.8345,24.4983],[76.8146,24.5344],[76.8268,24.5388],[76.8382,24.5485],[76.846,24.551],[76.8662,24.5494],[76.8748,24.5405],[76.8757,24.5262],[76.889,24.5268],[76.8929,24.5397],[76.8998,24.5478],[76.9129,24.5436],[76.9184,24.5356],[76.9189,24.5244],[76.9153,24.5114],[76.9146,24.4877],[76.9371,24.4724],[76.9411,24.4674],[76.9602,24.4602],[76.975,24.4649],[76.9797,24.4746],[76.9925,24.4734],[77.0015,24.4779],[77.0069,24.4876],[77.0241,24.5013],[77.0248,24.517],[77.032,24.5288],[77.0503,24.5265],[77.0534,24.5442],[77.0615,24.5548],[77.0643,24.5641],[77.0636,24.5853],[77.0585,24.5948],[77.0611,24.6105],[77.0595,24.6424],[77.037,24.6828],[77.0335,24.7029],[77.0192,24.715],[77.0042,24.7137],[76.9921,24.7174],[76.972,24.7317],[76.9638,24.7505],[76.9633,24.7596],[76.9563,24.7643],[76.9458,24.764],[76.9217,24.7488],[76.9033,24.746],[76.8867,24.7542],[76.8608,24.7487],[76.845,24.7521],[76.8467,24.77],[76.8359,24.7851],[76.8157,24.8037],[76.8087,24.815],[76.8016,24.8198],[76.8023,24.8266],[76.8112,24.8282],[76.8271,24.8384],[76.8375,24.8411],[76.8633,24.8417],[76.895,24.8395],[76.9151,24.8487],[76.9265,24.8498],[76.9431,24.8601],[76.9489,24.8729],[76.9357,24.8787],[76.934,24.8843],[76.9218,24.8837],[76.9139,24.8879],[76.9127,24.8972],[76.9246,24.9104],[76.9209,24.9168],[76.9074,24.9233],[76.8912,24.9197],[76.8932,24.9354],[76.8797,24.9458],[76.8721,24.9546],[76.8664,24.9718],[76.8697,24.9919],[76.8681,25.0014],[76.8543,25.0103],[76.8693,25.0111],[76.8768,25.0161],[76.882,25.0341],[76.9011,25.034],[76.9177,25.04],[76.9299,25.0416],[76.9535,25.0485],[76.9687,25.0559],[76.9718,25.0668],[76.9837,25.0776],[76.9937,25.08],[77.006,25.0786],[77.0176,25.0722],[77.0293,25.0719],[77.0443,25.0658],[77.0772,25.058],[77.0904,25.0664],[77.1145,25.0691],[77.1283,25.0891],[77.1405,25.0909],[77.1577,25.0883],[77.1646,25.0986],[77.1628,25.1097],[77.1696,25.1137],[77.1888,25.1118],[77.1974,25.1167],[77.2058,25.1124],[77.2208,25.1102],[77.2416,25.1127],[77.2623,25.1193],[77.2756,25.1121],[77.2844,25.1042],[77.2959,25.0871],[77.3029,25.0839],[77.3324,25.0966],[77.3487,25.0978],[77.3685,25.1085],[77.3684,25.1141],[77.3867,25.122],[77.3893,25.151],[77.3907,25.1882],[77.4031,25.1865],[77.418,25.193],[77.4137,25.1995],[77.4064,25.2263],[77.3916,25.2311],[77.38,25.2454],[77.3705,25.251],[77.3627,25.2501],[77.3603,25.2609],[77.3497,25.2718],[77.3667,25.2854],[77.3726,25.2943],[77.3748,25.3059],[77.3718,25.3202],[77.3638,25.333],[77.3532,25.3323],[77.3493,25.3241],[77.3364,25.3256],[77.3439,25.3374],[77.356,25.3679],[77.3447,25.3798],[77.3443,25.3879],[77.3497,25.3984],[77.3613,25.413],[77.3543,25.424],[77.3437,25.4224],[77.3053,25.4364],[77.283,25.4236],[77.26,25.3995],[77.2256,25.3792],[77.2203,25.3734],[77.2211,25.3611],[77.217,25.3493],[77.218,25.3313],[77.2107,25.3337],[77.1982,25.3305],[77.2003,25.3187],[77.2051,25.3114],[77.1906,25.3117],[77.1734,25.3152],[77.1536,25.3132],[77.1363,25.3241],[77.1289,25.3254],[77.1158,25.3351],[77.1018,25.3351],[77.0755,25.3397],[77.0635,25.3242],[77.053,25.3207],[77.0394,25.3251],[77.0341,25.3119],[77.0242,25.3011],[76.9927,25.3018],[76.9587,25.2972],[76.9527,25.2786],[76.9418,25.2754],[76.9287,25.2792],[76.9326,25.2875],[76.9292,25.2973],[76.9046,25.3179],[76.8932,25.3224],[76.867,25.3252],[76.843,25.3305],[76.8335,25.3269],[76.8217,25.3271],[76.7953,25.3218],[76.7728,25.3159],[76.7598,25.3227],[76.7667,25.3362],[76.7537,25.3393],[76.7404,25.3478],[76.7223,25.3459],[76.7145,25.3424],[76.7032,25.3476],[76.6811,25.3455],[76.6575,25.3614],[76.6436,25.3764],[76.6363,25.3803],[76.6255,25.3751],[76.6096,25.3883],[76.6025,25.389],[76.5991,25.4053],[76.589,25.4315],[76.5643,25.4424],[76.5607,25.4499],[76.5596,25.4733],[76.5421,25.4974],[76.5379,25.5102],[76.5226,25.5243],[76.5203,25.5299],[76.5222,25.5504],[76.5098,25.5798],[76.5099,25.5872],[76.5158,25.607],[76.5147,25.6337],[76.5054,25.6382],[76.4994,25.6483],[76.5108,25.6728],[76.4891,25.6834],[76.4778,25.6951],[76.4779,25.706],[76.4824,25.7181],[76.503,25.7286],[76.5266,25.731],[76.5304,25.7437],[76.5222,25.7663],[76.5227,25.7743],[76.5293,25.798],[76.5355,25.8092],[76.5495,25.825],[76.5668,25.8397],[76.5853,25.8677],[76.5975,25.8765],[76.6165,25.8713],[76.6266,25.8709],[76.6317,25.8752],[76.6356,25.8959],[76.6414,25.9063],[76.6566,25.9108],[76.6744,25.9118],[76.6965,25.9071],[76.7145,25.901],[76.7333,25.9025],[76.7455,25.9092],[76.7624,25.9221],[76.7534,25.9322],[76.7536,25.9396],[76.7607,25.9425],[76.7768,25.9394],[76.7948,25.9442],[76.8063,25.953],[76.8189,25.9713],[76.818,25.9843],[76.8233,25.9927],[76.8371,26.002],[76.8402,26.0113],[76.8304,26.0296],[76.8704,26.0564],[76.8726,26.0641],[76.8822,26.0786],[76.8878,26.0933],[76.9063,26.1011],[76.929,26.1027],[76.9387,26.1061],[76.9686,26.124],[76.9945,26.1378],[76.9965,26.1477],[77.0048,26.1592],[77.0239,26.1762],[77.0347,26.1819],[77.0526,26.1862],[77.0689,26.1854],[77.0846,26.1872],[77.0964,26.1954],[77.1051,26.2091],[77.1059,26.2194],[77.1136,26.2314],[77.1295,26.2397],[77.158,26.2385],[77.1649,26.2445],[77.1775,26.2391],[77.1945,26.236],[77.2031,26.2374],[77.2084,26.2442],[77.2378,26.2627],[77.2514,26.267],[77.267,26.2762],[77.2899,26.2956],[77.3082,26.315],[77.3118,26.3338],[77.318,26.3464],[77.3294,26.3481],[77.3347,26.3572],[77.3467,26.3604],[77.3662,26.3715],[77.3859,26.3624],[77.4018,26.3687],[77.4324,26.365],[77.4397,26.3787],[77.4264,26.3955],[77.4277,26.4069],[77.4341,26.4092],[77.459,26.4112],[77.475,26.4146],[77.5059,26.4129],[77.5229,26.4149],[77.5372,26.4235],[77.5515,26.4406],[77.5691,26.4431],[77.5791,26.4511],[77.5991,26.4542],[77.6154,26.4665],[77.6201,26.477],[77.6267,26.483],[77.6547,26.4972],[77.671,26.5097],[77.678,26.5055],[77.695,26.5009],[77.714,26.5042],[77.727,26.5154],[77.7307,26.5299],[77.7394,26.5427],[77.767,26.5535],[77.7977,26.5503],[77.813,26.5548],[77.8247,26.5727],[77.8244,26.5844],[77.8184,26.5939],[77.8204,26.5998],[77.8341,26.6118],[77.8424,26.6152],[77.8794,26.6203],[77.8888,26.6328],[77.8909,26.6545],[77.8946,26.6622],[77.9036,26.6662],[77.9399,26.6627],[77.9688,26.6766],[77.9922,26.7026],[78.0119,26.7001],[78.0316,26.6913],[78.0491,26.6898],[78.0609,26.6818],[78.0754,26.6782],[78.0881,26.6867],[78.089,26.7007],[78.0865,26.7245],[78.0891,26.7381],[78.096,26.7438],[78.1117,26.7497],[78.1161,26.7546],[78.111,26.7621],[78.0957,26.7718],[78.0954,26.7894],[78.1055,26.8008],[78.119,26.8026],[78.1313,26.7992],[78.1458,26.7917],[78.1761,26.7915],[78.1794,26.8012],[78.1634,26.8199],[78.1609,26.827],[78.1733,26.8326],[78.1921,26.8298],[78.2098,26.8361],[78.223,26.8372],[78.2368,26.8317],[78.2556,26.8203],[78.2653,26.8247],[78.2678,26.8497],[78.2708,26.8556],[78.2821,26.8641],[78.2947,26.8683],[78.3238,26.8686],[78.3412,26.874],[78.3625,26.8713],[78.3856,26.8279],[78.4003,26.826],[78.4259,26.8323],[78.4343,26.8241],[78.4456,26.8034],[78.4581,26.7952],[78.492,26.788],[78.5156,26.7851],[78.5343,26.772],[78.5549,26.7648],[78.5658,26.7577],[78.5752,26.756],[78.602,26.7561],[78.6204,26.7752],[78.6286,26.7754],[78.659,26.7692],[78.6675,26.7742],[78.6774,26.7924],[78.6901,26.796],[78.7153,26.8002],[78.7214,26.7977],[78.7184,26.7817],[78.7259,26.7796],[78.7411,26.7925],[78.7621,26.7668],[78.7741,26.7661],[78.7987,26.7691],[78.8114,26.7655],[78.8407,26.7261],[78.8543,26.7123],[78.8649,26.7047],[78.8829,26.7044],[78.9039,26.7134],[78.9308,26.7043],[78.9481,26.6967],[78.9499,26.6919],[78.937,26.6723],[78.9379,26.6627],[78.9479,26.6626],[78.9639,26.6765],[78.9839,26.6857],[78.9932,26.6846],[79.0012,26.6739],[78.9869,26.6474],[79.0031,26.6267],[79.0057,26.6105],[78.9913,26.6046],[78.9821,26.5942],[78.9796,26.5741],[78.9913,26.5823],[78.9982,26.5742],[78.998,26.5509],[79.008,26.5478],[79.0205,26.5517],[79.0196,26.5414],[79.0331,26.536],[79.0313,26.5248],[79.0395,26.5234],[79.0393,26.5157],[79.0498,26.5067],[79.0609,26.5033],[79.0635,26.4848],[79.0471,26.4614],[79.0485,26.4561],[79.0691,26.4465],[79.0777,26.4472],[79.0929,26.4573],[79.1103,26.453],[79.1268,26.4448],[79.1191,26.4329],[79.1172,26.4171],[79.1007,26.4117],[79.0868,26.4178],[79.0807,26.4055],[79.0896,26.3882],[79.0891,26.3771],[79.0792,26.3729],[79.0768,26.3627],[79.0967,26.3596],[79.1166,26.3536],[79.1232,26.3447],[79.1266,26.316],[79.1088,26.3086],[79.098,26.3146],[79.0831,26.2939],[79.0864,26.2837],[79.0836,26.2724],[79.0761,26.2752],[79.0777,26.2872],[79.0641,26.2826],[79.0579,26.2838],[79.0468,26.2706],[79.0469,26.2554],[79.0584,26.2539],[79.0627,26.2469],[79.0406,26.2293],[79.0247,26.2343],[79.0171,26.2322],[79.0182,26.2125],[79.0099,26.2049],[79.013,26.1969],[79.0023,26.1968],[78.9918,26.204],[78.9757,26.1928],[78.9918,26.1773],[79.0034,26.173],[79.0007,26.155],[78.9862,26.1505],[78.9706,26.1554],[78.9603,26.1543],[78.9523,26.1426],[78.9444,26.1375],[78.9665,26.1257],[78.9718,26.1087],[78.9901,26.0959],[79.0005,26.0967],[79.0032,26.0818],[78.9971,26.0739],[78.9825,26.0738],[78.9758,26.0599],[78.9682,26.0592],[78.9527,26.042],[78.9443,26.037],[78.9505,26.0258],[78.9453,26.0139],[78.9466,26.0051],[78.9432,25.9907],[78.9362,25.9853],[78.9255,25.9654],[78.9301,25.9516],[78.9153,25.9494],[78.9039,25.9411],[78.8943,25.9259],[78.8764,25.9157],[78.8872,25.899],[78.8813,25.8884],[78.8837,25.8765],[78.8769,25.8699],[78.868,25.875],[78.8578,25.872],[78.8466,25.8605],[78.844,25.8453],[78.8529,25.8436],[78.8658,25.8344],[78.8633,25.8021],[78.8559,25.7944],[78.8497,25.7959],[78.8413,25.8052],[78.841,25.8206],[78.8158,25.8311],[78.8112,25.8301],[78.7989,25.8182],[78.804,25.8102],[78.8162,25.8176],[78.8241,25.8076],[78.8205,25.7994],[78.7996,25.7994],[78.78,25.7751],[78.7758,25.7615],[78.7658,25.7589],[78.7624,25.7523],[78.7468,25.7491],[78.7458,25.738],[78.7524,25.7274],[78.7607,25.7208],[78.7775,25.7137],[78.7912,25.7105],[78.7894,25.6998],[78.7958,25.6961],[78.8113,25.6745],[78.8112,25.6455],[78.8052,25.6246],[78.7945,25.6175],[78.766,25.6131],[78.7328,25.6031],[78.7243,25.6084],[78.7112,25.6066],[78.688,25.5952],[78.677,25.5941],[78.6654,25.5848],[78.6486,25.5656],[78.6288,25.569],[78.6202,25.5736],[78.6181,25.587],[78.6042,25.5873],[78.598,25.5756],[78.5903,25.5752],[78.5812,25.5643],[78.5597,25.5678],[78.5471,25.5647],[78.536,25.5669],[78.5275,25.5729],[78.5114,25.573],[78.4915,25.5819],[78.4811,25.5804],[78.46,25.5646],[78.4552,25.552],[78.4492,25.5527],[78.4335,25.5652],[78.4261,25.5615],[78.4123,25.5422],[78.4087,25.5329],[78.4086,25.508],[78.4123,25.4977],[78.4195,25.4905],[78.4216,25.4797],[78.4067,25.4792],[78.3938,25.4713],[78.3857,25.4542],[78.3774,25.4484],[78.361,25.4466],[78.3527,25.4553],[78.3476,25.4548],[78.3352,25.4311],[78.3325,25.4046],[78.3107,25.3851],[78.2997,25.3838],[78.2942,25.3676],[78.3163,25.3596],[78.3232,25.3553],[78.3313,25.3367],[78.3278,25.3276],[78.3154,25.3207],[78.308,25.311],[78.3165,25.3046],[78.3452,25.2979],[78.3451,25.283],[78.3553,25.2757],[78.3622,25.2654],[78.3552,25.25],[78.3571,25.2442],[78.3689,25.2417],[78.3752,25.2258],[78.3955,25.2212],[78.3978,25.2178],[78.3858,25.2087],[78.3854,25.1952],[78.4036,25.1889],[78.4173,25.1728],[78.4282,25.1696],[78.4439,25.1726],[78.4463,25.1667],[78.442,25.1574],[78.4209,25.1576],[78.4229,25.1454],[78.4429,25.1288],[78.4247,25.1247],[78.4023,25.131],[78.3897,25.127],[78.3787,25.1127],[78.367,25.1045],[78.3478,25.1],[78.3327,25.0932],[78.3252,25.0841],[78.3308,25.0454],[78.3381,25.0273],[78.3346,25.0107],[78.3275,24.9996],[78.3067,24.989],[78.2896,24.9681],[78.2627,24.9526],[78.256,24.942],[78.2139,24.9156],[78.1997,24.8962],[78.1704,24.8853],[78.1654,24.8817],[78.1633,24.871],[78.1653,24.8482],[78.1869,24.8428],[78.1959,24.8286],[78.209,24.8131],[78.2258,24.7766],[78.2252,24.7664],[78.2199,24.7582],[78.2204,24.7474],[78.2263,24.7362],[78.2508,24.7056],[78.257,24.6859],[78.268,24.6696],[78.2679,24.6635],[78.2567,24.6486],[78.2585,24.6378],[78.2699,24.6154],[78.2681,24.597],[78.2553,24.5523],[78.2242,24.5413],[78.2165,24.5316],[78.2197,24.5228],[78.2381,24.5117],[78.2415,24.5048],[78.2377,24.4962],[78.2396,24.4895],[78.2632,24.4831],[78.2697,24.4731],[78.2603,24.46],[78.2669,24.4474],[78.2899,24.4331],[78.3115,24.4174],[78.3183,24.4104],[78.3367,24.4039],[78.3449,24.392],[78.3589,24.3872],[78.3626,24.3782],[78.3465,24.3627],[78.3354,24.3451],[78.3266,24.3385],[78.3285,24.3255],[78.3394,24.3174],[78.3414,24.3078],[78.3514,24.2993],[78.3617,24.2961],[78.373,24.2864],[78.3796,24.2756],[78.3857,24.2731],[78.407,24.277],[78.4113,24.2876],[78.4265,24.2902],[78.4348,24.2977],[78.4335,24.3134],[78.4403,24.3255],[78.4678,24.3393],[78.4753,24.3674],[78.4898,24.3861],[78.4999,24.3943],[78.5146,24.3906],[78.5276,24.3745],[78.5526,24.3606],[78.5784,24.3571],[78.5847,24.3434],[78.5936,24.3394],[78.599,24.3232],[78.6048,24.3157],[78.6228,24.3099],[78.6173,24.2961],[78.6217,24.2863],[78.6314,24.2902],[78.6544,24.2737],[78.6632,24.2526],[78.6691,24.245],[78.6811,24.2441],[78.6989,24.2345],[78.7071,24.2388],[78.7186,24.2392],[78.7265,24.2527],[78.7353,24.2518],[78.7375,24.2421],[78.7459,24.2393],[78.7543,24.2472],[78.7567,24.2597],[78.7664,24.2506],[78.7605,24.2339],[78.7677,24.2178],[78.7749,24.2123],[78.7846,24.1851],[78.7917,24.1802],[78.8057,24.1843],[78.8105,24.2085],[78.8201,24.2012],[78.8277,24.2032],[78.8388,24.2147],[78.8465,24.2169],[78.8582,24.2135],[78.8737,24.2189],[78.8811,24.2289],[78.8791,24.254],[78.8856,24.2593],[78.9099,24.2729],[78.9128,24.2894],[78.9078,24.3012],[78.9325,24.3189],[78.9454,24.3313],[78.9509,24.3404],[78.9649,24.3504],[78.9681,24.357],[78.9672,24.3736],[78.9809,24.4178],[78.9878,24.428],[78.982,24.4472],[78.9718,24.4447],[78.9444,24.4433],[78.9311,24.46],[78.9128,24.4635],[78.9026,24.4784],[78.9009,24.4884],[78.9138,24.5008],[78.9261,24.4964],[78.9252,24.486],[78.9431,24.4849],[78.9546,24.4886],[78.9664,24.4969],[78.9634,24.502],[78.9502,24.5045],[78.9442,24.5095],[78.9448,24.5236],[78.9404,24.5312],[78.9404,24.5431],[78.9455,24.5533],[78.943,24.5579],[78.9304,24.5644],[78.9131,24.5813],[78.9085,24.5888],[78.9044,24.6043],[78.893,24.6138],[78.8914,24.6221],[78.8817,24.6397],[78.8731,24.6469],[78.8628,24.6411],[78.8558,24.623],[78.8492,24.6217],[78.8444,24.629],[78.8335,24.6208],[78.8308,24.6089],[78.8111,24.6053],[78.8018,24.6078],[78.7938,24.5982],[78.7769,24.5931],[78.752,24.6025],[78.748,24.6115],[78.748,24.6371],[78.7401,24.66],[78.7449,24.6693],[78.7575,24.6772],[78.76,24.6936],[78.7724,24.7041],[78.7675,24.7434],[78.7686,24.7548],[78.7632,24.7668],[78.7645,24.795],[78.7778,24.8049],[78.7805,24.815],[78.7726,24.8305],[78.7645,24.8614],[78.7534,24.865],[78.7467,24.8708],[78.7316,24.8723],[78.7225,24.8807],[78.7029,24.884],[78.6963,24.8947],[78.6797,24.8972],[78.6684,24.9024],[78.663,24.9093],[78.6571,24.9251],[78.6537,24.9442],[78.6422,24.9398],[78.6424,24.9527],[78.6249,24.9619],[78.6229,24.9678],[78.632,24.9837],[78.6372,25.0256],[78.6442,25.0352],[78.6419,25.0615],[78.6295,25.0824],[78.6203,25.0916],[78.5972,25.0979],[78.5982,25.1271],[78.5937,25.1574],[78.5698,25.202],[78.5615,25.2274],[78.5625,25.2387],[78.5686,25.2586],[78.5644,25.2652],[78.5524,25.2709],[78.536,25.2719],[78.5256,25.2782],[78.5209,25.288],[78.5053,25.2815],[78.4967,25.2939],[78.4893,25.2921],[78.454,25.2706],[78.4358,25.2732],[78.4287,25.2808],[78.4298,25.297],[78.4352,25.3025],[78.4485,25.3033],[78.4671,25.293],[78.4693,25.3033],[78.4779,25.3087],[78.4875,25.3202],[78.4949,25.3207],[78.4958,25.3102],[78.5051,25.3021],[78.5251,25.3065],[78.531,25.3171],[78.5415,25.3266],[78.5336,25.3309],[78.5304,25.3521],[78.5234,25.3583],[78.5281,25.3659],[78.5447,25.3587],[78.556,25.3486],[78.5762,25.3519],[78.5795,25.3606],[78.5778,25.3771],[78.5703,25.3848],[78.5569,25.3841],[78.5611,25.3957],[78.5686,25.3962],[78.5841,25.3903],[78.5916,25.3965],[78.5946,25.4091],[78.6035,25.4171],[78.6144,25.4163],[78.6192,25.407],[78.6338,25.4095],[78.6375,25.4198],[78.6325,25.433],[78.6388,25.4404],[78.658,25.4438],[78.6704,25.4389],[78.6775,25.4397],[78.6817,25.4474],[78.6892,25.4454],[78.6998,25.4323],[78.7002,25.4261],[78.6691,25.4039],[78.6649,25.4045],[78.6593,25.4184],[78.652,25.4131],[78.6567,25.4005],[78.6579,25.388],[78.6872,25.3806],[78.6928,25.3877],[78.7098,25.3763],[78.7038,25.3586],[78.7094,25.3543],[78.7252,25.354],[78.7357,25.3492],[78.7498,25.3521],[78.7644,25.3584],[78.7657,25.3648],[78.7589,25.3935],[78.7586,25.4041],[78.7405,25.4065],[78.7454,25.4155],[78.7562,25.4193],[78.776,25.4212],[78.7946,25.4266],[78.8077,25.4252],[78.8118,25.4331],[78.8035,25.4382],[78.7895,25.442],[78.7654,25.43],[78.7518,25.4384],[78.7481,25.4484],[78.7324,25.4557],[78.7246,25.4633],[78.7263,25.4901],[78.7318,25.5007],[78.7393,25.4999],[78.7436,25.4849],[78.7565,25.4762],[78.7643,25.4766],[78.773,25.4828],[78.7895,25.4835],[78.8255,25.4684],[78.8457,25.4544],[78.8304,25.4475],[78.8165,25.4489],[78.8197,25.4378],[78.831,25.432],[78.8366,25.4342],[78.8537,25.4523],[78.8572,25.4671],[78.846,25.4914],[78.8307,25.4984],[78.827,25.5037],[78.8339,25.516],[78.876,25.5243],[78.8776,25.5332],[78.8684,25.5442],[78.8744,25.557],[78.8855,25.5608],[78.9104,25.5593],[78.9133,25.5455],[78.9186,25.5433],[78.9257,25.56],[78.9417,25.5514],[78.9438,25.5409],[78.9419,25.5312],[78.9322,25.5244],[78.9196,25.5274],[78.9167,25.5168],[78.9262,25.5076],[78.9352,25.4943],[78.9356,25.48],[78.93,25.4686],[78.9197,25.4622],[78.9134,25.4521],[78.9032,25.4469],[78.9126,25.4387],[78.9291,25.4283],[78.9426,25.4417],[78.9601,25.4389],[78.9702,25.4205],[78.9655,25.4115],[78.9682,25.3966],[78.9758,25.3887],[78.9785,25.376],[78.9745,25.3726],[78.9553,25.3731],[78.9484,25.37],[78.9387,25.3528],[78.9286,25.3518],[78.9172,25.36],[78.897,25.3652],[78.8925,25.3753],[78.8954,25.3808],[78.9091,25.3806],[78.9311,25.3771],[78.9389,25.3891],[78.9512,25.3965],[78.9434,25.4031],[78.931,25.4032],[78.9154,25.3996],[78.9011,25.3893],[78.8747,25.3877],[78.8614,25.377],[78.8377,25.3522],[78.8432,25.3421],[78.8435,25.3324],[78.8333,25.3313],[78.8266,25.3199],[78.8167,25.3166],[78.8146,25.311],[78.7919,25.3148],[78.7833,25.3032],[78.7832,25.2976],[78.7933,25.2931],[78.8037,25.302],[78.8122,25.2941],[78.8064,25.2795],[78.8056,25.2709],[78.8237,25.2511],[78.8351,25.2332],[78.8459,25.2338],[78.8503,25.2534],[78.8579,25.2662],[78.8623,25.2831],[78.8706,25.2849],[78.8719,25.2918],[78.8669,25.311],[78.8564,25.317],[78.8625,25.3246],[78.8756,25.334],[78.8765,25.3445],[78.8852,25.3467],[78.9079,25.3394],[78.9147,25.3464],[78.9245,25.3419],[78.9312,25.3324],[78.9428,25.3451],[78.9558,25.3478],[78.952,25.3174],[78.9528,25.3119],[78.9703,25.2911],[78.9647,25.2839],[78.9538,25.2856],[78.9438,25.2801],[78.9484,25.2659],[78.9406,25.2627],[78.9258,25.2678],[78.9183,25.2752],[78.9086,25.2744],[78.8964,25.2499],[78.8846,25.2472],[78.8722,25.2508],[78.8671,25.2325],[78.8816,25.2155],[78.8801,25.2059],[78.8674,25.19],[78.8692,25.1781],[78.8771,25.1622],[78.8934,25.1732],[78.9006,25.1805],[78.908,25.1935],[78.9242,25.2106],[78.9424,25.2184],[78.9528,25.2207],[78.9692,25.2166],[78.9824,25.1992],[78.9958,25.1959],[79.0004,25.2161],[78.9933,25.2222],[78.995,25.2323],[78.9723,25.2428],[78.9733,25.2537],[78.9868,25.275],[78.9927,25.2777],[79.0124,25.274],[79.016,25.2652],[79.0117,25.2528],[79.0147,25.2478],[79.0294,25.2493],[79.0265,25.2347],[79.0451,25.2306],[79.0564,25.2257],[79.0567,25.2192],[79.0485,25.2098],[79.0428,25.2101],[79.0246,25.1866],[79.0358,25.1739],[79.0252,25.1558],[79.0218,25.1432],[79.0389,25.1372],[79.0489,25.1475],[79.0581,25.1508],[79.0641,25.1725],[79.0843,25.1925],[79.0906,25.1762],[79.1192,25.1634],[79.1186,25.1584],[79.1078,25.1437],[79.1251,25.1292],[79.1148,25.1178],[79.1208,25.1134],[79.1334,25.1111],[79.1382,25.1184],[79.1566,25.1119],[79.1689,25.1119],[79.1793,25.1177],[79.1799,25.1288],[79.1688,25.1316],[79.1684,25.1453],[79.1773,25.146],[79.1849,25.1511],[79.1967,25.1429],[79.1979,25.1282],[79.2071,25.1244],[79.2064,25.1138],[79.2184,25.1182],[79.2228,25.1233],[79.2384,25.1164],[79.2375,25.1428],[79.2249,25.1402],[79.2139,25.1484],[79.2252,25.1582],[79.2506,25.1612],[79.2592,25.1533],[79.2621,25.1412],[79.2545,25.1305],[79.2601,25.1221],[79.2688,25.1262],[79.2765,25.1203],[79.2822,25.1335],[79.301,25.1308],[79.3145,25.1519],[79.3019,25.1753],[79.2835,25.1895],[79.2788,25.1974],[79.278,25.2106],[79.2815,25.2271],[79.2736,25.2481],[79.284,25.2465],[79.2933,25.2402],[79.3005,25.2274],[79.3108,25.2195],[79.3253,25.2224],[79.3266,25.2085],[79.3326,25.2008],[79.347,25.2142],[79.3349,25.2229],[79.3411,25.2305],[79.3413,25.2586],[79.3445,25.2643],[79.3401,25.2728],[79.3319,25.2763],[79.3147,25.2614],[79.3039,25.2654],[79.2878,25.2902],[79.2865,25.2811],[79.2711,25.2665],[79.262,25.2677],[79.2565,25.2795],[79.256,25.2917],[79.2601,25.3102],[79.2776,25.3281],[79.2913,25.3293],[79.2947,25.3402],[79.3251,25.3372],[79.3337,25.3326],[79.3459,25.333],[79.3345,25.3174],[79.3419,25.3046],[79.3308,25.294],[79.3497,25.2884],[79.353,25.2654],[79.3657,25.2681],[79.3672,25.2756],[79.3644,25.2925],[79.3726,25.2933],[79.3835,25.2836],[79.3886,25.2862],[79.4019,25.2793],[79.4012,25.2624],[79.4153,25.2592],[79.4312,25.2596],[79.4516,25.2736],[79.4531,25.2826],[79.4731,25.2821],[79.4791,25.2652],[79.4592,25.2695],[79.4529,25.2565],[79.4449,25.2481],[79.4342,25.2418],[79.427,25.225],[79.4424,25.221],[79.4427,25.2126],[79.4321,25.2028],[79.4173,25.2039],[79.4096,25.2088],[79.4046,25.1995],[79.4039,25.1896],[79.3915,25.1796],[79.3839,25.1703],[79.3802,25.1491],[79.3887,25.1316],[79.3893,25.1206],[79.402,25.1134],[79.4092,25.1157],[79.4184,25.1335],[79.4259,25.1384],[79.4353,25.1265],[79.4295,25.1118],[79.4364,25.1078],[79.4566,25.125],[79.4702,25.1307],[79.4605,25.0963],[79.4715,25.0872],[79.4899,25.0828],[79.5002,25.0992],[79.5172,25.1018],[79.5182,25.1077],[79.5138,25.1257],[79.5287,25.1374],[79.5503,25.1694],[79.5596,25.176],[79.5689,25.1755],[79.574,25.1595],[79.5985,25.1453],[79.5952,25.1341],[79.6061,25.1325],[79.62,25.1427],[79.6329,25.1328],[79.6542,25.1305],[79.6662,25.1271],[79.6766,25.137],[79.7073,25.1333],[79.726,25.1357],[79.7396,25.143],[79.7511,25.1407],[79.7692,25.1253],[79.7883,25.1204],[79.8052,25.111],[79.8164,25.1109],[79.8272,25.1001],[79.8409,25.0964],[79.8559,25.0985],[79.8427,25.1163],[79.8516,25.1398],[79.8722,25.1485],[79.8606,25.1561],[79.8626,25.177],[79.8588,25.1902],[79.8519,25.2035],[79.8562,25.2136],[79.863,25.2192],[79.8529,25.225],[79.8452,25.2366],[79.861,25.243],[79.8725,25.2538],[79.8866,25.2464],[79.8936,25.2462],[79.8983,25.2551],[79.9063,25.2542],[79.9135,25.2334],[79.921,25.2507],[79.9326,25.2503],[79.932,25.2599],[79.9426,25.2719],[79.9492,25.2653],[79.963,25.2682],[79.9773,25.2649],[79.9973,25.2701],[79.9913,25.2832],[79.9939,25.2888],[80.0126,25.3017],[80.0099,25.3248],[80.0207,25.3432],[80.0372,25.341],[80.07,25.3431],[80.0833,25.3558],[80.0934,25.3538],[80.107,25.3442],[80.1271,25.3406],[80.1371,25.3557],[80.1591,25.3662],[80.1592,25.3776],[80.1879,25.3836],[80.1888,25.4064],[80.1939,25.4162],[80.2024,25.4067],[80.214,25.4042],[80.2296,25.4109],[80.2452,25.4049],[80.2559,25.4287],[80.2737,25.425],[80.2953,25.4078],[80.3091,25.3918],[80.3132,25.3723],[80.3026,25.3583],[80.3117,25.3342],[80.3107,25.3107],[80.3027,25.297],[80.304,25.2889],[80.312,25.2822],[80.341,25.2786],[80.3493,25.2696],[80.3577,25.2511],[80.378,25.2375],[80.3907,25.2457],[80.3991,25.243],[80.4017,25.221],[80.4116,25.1994],[80.4181,25.1919],[80.4237,25.1741],[80.4155,25.1653],[80.3868,25.1629],[80.3486,25.1407],[80.3475,25.13],[80.3228,25.1066],[80.3133,25.1012],[80.3147,25.0941],[80.3105,25.082],[80.3048,25.0755],[80.282,25.0632],[80.2778,25.044],[80.2669,25.0302],[80.2785,25.0216],[80.2892,25.0211],[80.299,25.016],[80.3141,25.0035],[80.3259,25.0031],[80.338,25.0209],[80.3479,25.0165],[80.3588,25.0261],[80.3678,25.0254],[80.3728,25.0083],[80.3822,25.0097],[80.3809,25.0277],[80.3724,25.0292],[80.3791,25.0444],[80.3641,25.0477],[80.3672,25.0589],[80.3793,25.056],[80.3841,25.0653],[80.3941,25.072],[80.4027,25.061],[80.4068,25.0634],[80.4099,25.0767],[80.4227,25.0713],[80.4295,25.0725],[80.4407,25.0821],[80.446,25.0658],[80.46,25.0697],[80.4614,25.058],[80.4702,25.0447],[80.4831,25.0473],[80.4942,25.0453],[80.4932,25.0543],[80.5023,25.0629],[80.5001,25.071],[80.4906,25.0782],[80.4984,25.0826],[80.5,25.0896],[80.4873,25.0918],[80.4745,25.1018],[80.4921,25.1022],[80.4947,25.1049],[80.5095,25.101],[80.5143,25.0958],[80.519,25.0819],[80.532,25.0759],[80.5434,25.0677],[80.56,25.075],[80.5611,25.0888],[80.568,25.0853],[80.5787,25.0883],[80.5876,25.0859],[80.6045,25.0726],[80.6068,25.0762],[80.6,25.0908],[80.5919,25.096],[80.5878,25.1091],[80.5976,25.1281],[80.5908,25.1316],[80.5946,25.1552],[80.6058,25.1493],[80.6055,25.1364],[80.625,25.1377],[80.6324,25.1233],[80.6223,25.122],[80.6148,25.1139],[80.6085,25.0986],[80.6178,25.0937],[80.6415,25.0931],[80.6505,25.0875],[80.6537,25.0765],[80.6642,25.0784],[80.6683,25.0868],[80.6793,25.0818],[80.6719,25.0646],[80.6736,25.0542],[80.7272,25.0718],[80.7336,25.0624],[80.7514,25.064],[80.7759,25.0617],[80.7814,25.0696],[80.776,25.0843],[80.7511,25.0911],[80.7458,25.0994],[80.7334,25.1013],[80.7252,25.098],[80.719,25.104],[80.7199,25.1173],[80.7254,25.1229],[80.7173,25.1289],[80.7009,25.128],[80.7009,25.1381],[80.7106,25.1384],[80.7231,25.1488],[80.7355,25.1352],[80.7509,25.1417],[80.7661,25.1409],[80.774,25.1466],[80.7821,25.1371],[80.7996,25.1464],[80.8083,25.1408],[80.8096,25.1307],[80.8186,25.1306],[80.8277,25.1103],[80.8334,25.1133],[80.8378,25.1275],[80.8321,25.1414],[80.8374,25.1603],[80.8419,25.1679],[80.8359,25.1854],[80.8363,25.1927],[80.8486,25.19],[80.8695,25.1887],[80.878,25.1956],[80.8862,25.1772],[80.9056,25.1645],[80.8853,25.14],[80.8754,25.1444],[80.8728,25.1339],[80.865,25.1236],[80.873,25.1026],[80.8643,25.0882],[80.8751,25.0795],[80.8707,25.0711],[80.8558,25.0624],[80.8411,25.0513],[80.8352,25.0397],[80.8267,25.0392],[80.8291,25.03],[80.8401,25.0202],[80.8419,25.0125],[80.8503,25.0031],[80.845,24.9935],[80.8364,24.9861],[80.8247,24.9861],[80.8186,24.9736],[80.7988,24.9749],[80.79,24.9718],[80.7916,24.9639],[80.8029,24.9569],[80.8022,24.9445],[80.8208,24.9366],[80.8349,24.9345],[80.8566,24.936],[80.875,24.9407],[80.8812,24.9482],[80.8887,24.9474],[80.8973,24.9567],[80.9368,24.9725],[80.9448,24.968],[80.9467,24.9569],[80.9439,24.9507],[80.9529,24.9394],[80.9511,24.927],[80.9657,24.9386],[80.9793,24.9381],[80.981,24.9297],[81,24.9402],[81.0087,24.9325],[81.0168,24.9325],[81.017,24.9464],[81.0267,24.955],[81.0431,24.9526],[81.0764,24.9523],[81.0825,24.9477],[81.0805,24.9384],[81.0895,24.9245],[81.0965,24.9225],[81.1038,24.9127],[81.1282,24.8936],[81.1342,24.8938],[81.1333,24.9056],[81.1401,24.9164],[81.1481,24.9177],[81.1555,24.932],[81.1569,24.9457],[81.1614,24.9585],[81.1884,24.9451],[81.199,24.9347],[81.1995,24.9269],[81.211,24.9326],[81.206,24.9392],[81.2064,24.9541],[81.2013,24.9703],[81.2123,24.9777],[81.2113,24.9868],[81.2017,24.9957],[81.2202,25.0072],[81.2307,25.0181],[81.236,25.0293],[81.2476,25.0415],[81.2553,25.0608],[81.2616,25.0685],[81.253,25.079],[81.2591,25.0873],[81.2457,25.1055],[81.2481,25.1117],[81.258,25.1168],[81.2568,25.1286],[81.2621,25.1311],[81.2597,25.1412],[81.2748,25.1534],[81.2686,25.1652],[81.2752,25.169],[81.2847,25.1653],[81.3049,25.1675],[81.307,25.1597],[81.3043,25.1453],[81.308,25.1389],[81.3084,25.1258],[81.313,25.1174],[81.323,25.1184],[81.3168,25.1281],[81.3168,25.1407],[81.3107,25.1526],[81.313,25.1635],[81.33,25.1725],[81.336,25.1663],[81.3494,25.1674],[81.3572,25.1523],[81.3656,25.1443],[81.3844,25.1351],[81.389,25.1243],[81.3975,25.1217],[81.4067,25.1251],[81.4197,25.1356],[81.4278,25.1336],[81.4386,25.114],[81.4355,25.111],[81.4115,25.1123],[81.4031,25.1064],[81.4364,25.0962],[81.4589,25.093],[81.4583,25.0868],[81.4837,25.0749],[81.4865,25.0841],[81.4946,25.0821],[81.4974,25.096],[81.5076,25.1068],[81.4931,25.1107],[81.4777,25.1211],[81.4774,25.1384],[81.4905,25.135],[81.492,25.1488],[81.5006,25.1528],[81.5185,25.1425],[81.5187,25.1518],[81.5288,25.1613],[81.5273,25.1666],[81.5107,25.1737],[81.5078,25.185],[81.5128,25.1879],[81.5325,25.1854],[81.5584,25.1892],[81.5664,25.1957],[81.588,25.1838],[81.5818,25.1683],[81.6055,25.1656],[81.61,25.1737],[81.6197,25.1556],[81.61,25.1472],[81.5921,25.1364],[81.591,25.123],[81.6023,25.1175],[81.6043,25.0997],[81.6168,25.1226],[81.6253,25.1178],[81.6227,25.1112],[81.632,25.1033],[81.6149,25.094],[81.6095,25.0852],[81.5959,25.0818],[81.5945,25.0769],[81.6081,25.0668],[81.6085,25.0589],[81.6219,25.0569],[81.6253,25.0625],[81.6356,25.0618],[81.6468,25.075],[81.6599,25.0782],[81.664,25.0639],[81.6778,25.0647],[81.6831,25.0568],[81.6819,25.0438],[81.7054,25.0379],[81.7134,25.0401],[81.7164,25.053],[81.7324,25.0487],[81.7382,25.0391],[81.7498,25.0316],[81.7714,25.0232],[81.7801,25.0152],[81.7917,25.01],[81.8294,25.0193],[81.84,25.015],[81.8463,25.0071],[81.8735,25.0021],[81.8877,24.9934],[81.894,25.0035],[81.8992,24.9992],[81.8945,24.9874],[81.9016,24.9828],[81.901,24.9731],[81.9041,24.9423],[81.912,24.9309],[81.9103,24.9205],[81.8985,24.9052],[81.8964,24.8925],[81.9027,24.8841],[81.9284,24.8731],[81.9267,24.8608],[81.9347,24.8514],[81.9462,24.8467],[81.9616,24.8317],[81.965,24.8414],[81.9979,24.8474],[82.0049,24.8507],[82.0243,24.8446],[82.0372,24.833],[82.0423,24.8342],[82.0652,24.8234],[82.0819,24.8221],[82.0947,24.8104],[82.1,24.8099],[82.1122,24.7923],[82.1264,24.7939],[82.1322,24.8045],[82.1594,24.7923],[82.1734,24.801],[82.1949,24.7969],[82.2087,24.7978],[82.2018,24.7807],[82.1894,24.7823],[82.1906,24.7696],[82.1957,24.7637],[82.1887,24.7438],[82.216,24.7362],[82.2134,24.7442],[82.1995,24.7521],[82.2092,24.7595],[82.2216,24.7599],[82.2277,24.7656],[82.2384,24.7544],[82.2411,24.7683],[82.2496,24.7564],[82.2459,24.7407],[82.2414,24.7385],[82.2439,24.7164],[82.2405,24.7106],[82.243,24.7018],[82.2287,24.6908],[82.2289,24.6746],[82.248,24.6756],[82.2531,24.6661],[82.2695,24.6819],[82.2785,24.6809],[82.2817,24.6717],[82.2919,24.6648],[82.2984,24.628],[82.293,24.6169],[82.2983,24.6124],[82.3094,24.6129],[82.3192,24.6203],[82.3298,24.6238],[82.346,24.6188],[82.3505,24.6082],[82.3608,24.602],[82.3856,24.5974],[82.4092,24.5978],[82.4146,24.6064],[82.4057,24.6175],[82.4079,24.6228],[82.4035,24.6362],[82.409,24.6431],[82.4118,24.6578],[82.4055,24.6668],[82.4068,24.6744],[82.4016,24.6838],[82.4074,24.6951],[82.4202,24.7053],[82.4323,24.7063],[82.4484,24.6906],[82.4489,24.6779],[82.4767,24.6836],[82.4868,24.6755],[82.5013,24.6784],[82.5184,24.6783],[82.524,24.6571],[82.5293,24.652],[82.574,24.663],[82.5876,24.6737],[82.603,24.6795],[82.6364,24.6878],[82.6579,24.7004],[82.6656,24.6999],[82.6854,24.6865],[82.696,24.6757],[82.6917,24.6486],[82.7021,24.6421],[82.7146,24.6421],[82.7275,24.6465],[82.7431,24.6441],[82.7628,24.6457],[82.7658,24.6416],[82.7679,24.6106],[82.7601,24.5998],[82.7683,24.5975],[82.7964,24.5998],[82.7964,24.5875],[82.8008,24.5527],[82.7809,24.5461],[82.746,24.5415],[82.7454,24.5525],[82.7335,24.5516],[82.7161,24.5571],[82.7141,24.5362],[82.7156,24.5133],[82.7365,24.4998],[82.7338,24.4872],[82.7238,24.4763],[82.7306,24.4703],[82.726,24.4608],[82.7257,24.4263],[82.715,24.4162],[82.7072,24.3852],[82.7185,24.3712],[82.7468,24.3725],[82.7545,24.3795],[82.7606,24.373],[82.7598,24.3584],[82.7645,24.3475],[82.763,24.3298],[82.7598,24.3191],[82.766,24.3122],[82.7641,24.2924],[82.7571,24.2757],[82.7506,24.2681],[82.7516,24.2459],[82.7499,24.2361],[82.7322,24.228],[82.727,24.2233],[82.7319,24.2011],[82.7361,24.1684],[82.7231,24.1568],[82.7204,24.139],[82.6884,24.1442],[82.6794,24.1567],[82.6709,24.1585],[82.6652,24.1511],[82.6659,24.1428],[82.6574,24.1348],[82.6635,24.1239],[82.7014,24.0971],[82.7084,24.0808],[82.7263,24.0826],[82.7415,24.0751],[82.748,24.0805],[82.7549,24.0732],[82.7663,24.0779],[82.7622,24.0599],[82.7558,24.0436],[82.7399,24.031],[82.7459,24.0131],[82.7524,24.0084],[82.7663,24.0061],[82.7899,24.0068],[82.8015,24.0011],[82.7987,23.9766],[82.8005,23.9675],[82.8078,23.9631]]]},"properties":{"ID_0":105,"ISO":"IND","NAME_0":"India","ID_1":20,"NAME_1":"Madhya Pradesh","NL_NAME_1":null,"VARNAME_1":null,"TYPE_1":"State","ENGTYPE_1":"State"}},{"type":"Feature","geometry":{"type":"MultiPolygon","coordinates":[[[[72.939,18.9724],[72.9421,18.9657],[72.9326,18.9546],[72.9243,18.9601],[72.9274,18.9674],[72.939,18.9724]]],[[[80.6565,21.3308],[80.6727,21.3113],[80.673,21.2983],[80.6609,21.2898],[80.6548,21.2895],[80.6449,21.276],[80.6387,21.2548],[80.6322,21.2473],[80.6157,21.24],[80.6034,21.2274],[80.5894,21.2247],[80.5718,21.2169],[80.5612,21.2058],[80.5506,21.2012],[80.535,21.1996],[80.5207,21.2035],[80.5116,21.1911],[80.5093,21.1835],[80.4955,21.1833],[80.4895,21.1776],[80.4749,21.1714],[80.4573,21.1728],[80.4539,21.1586],[80.444,21.1306],[80.4387,21.1214],[80.4395,21.1118],[80.4352,21.099],[80.442,21.0806],[80.441,21.0704],[80.4485,21.0496],[80.4452,21.0309],[80.4238,21.0096],[80.4381,20.9921],[80.4389,20.9716],[80.4483,20.951],[80.4488,20.9453],[80.4566,20.9372],[80.4591,20.9282],[80.4739,20.9274],[80.5106,20.9288],[80.5264,20.9321],[80.5352,20.9313],[80.5462,20.9031],[80.5498,20.8889],[80.5489,20.8681],[80.5504,20.8457],[80.5559,20.8197],[80.5508,20.8155],[80.5433,20.7918],[80.5455,20.7654],[80.5545,20.7472],[80.5559,20.7226],[80.5602,20.7118],[80.5749,20.6984],[80.5793,20.69],[80.5783,20.6788],[80.5668,20.6729],[80.5527,20.6731],[80.5374,20.664],[80.5189,20.6618],[80.5076,20.6546],[80.4896,20.6399],[80.4816,20.6298],[80.4816,20.6171],[80.4929,20.6041],[80.5001,20.5869],[80.5195,20.5847],[80.5514,20.5991],[80.559,20.61],[80.5787,20.6141],[80.5925,20.6131],[80.6026,20.6074],[80.6223,20.6039],[80.6129,20.5906],[80.6175,20.581],[80.6142,20.5769],[80.6197,20.5673],[80.6099,20.5563],[80.6134,20.5416],[80.61,20.532],[80.6033,20.4624],[80.5947,20.4464],[80.6034,20.4333],[80.5898,20.4128],[80.586,20.392],[80.5902,20.3843],[80.6022,20.3764],[80.606,20.3564],[80.6167,20.3376],[80.6167,20.3257],[80.6054,20.3202],[80.5842,20.3193],[80.5516,20.3115],[80.542,20.3068],[80.5358,20.2947],[80.5108,20.2696],[80.4945,20.2748],[80.4759,20.2737],[80.4565,20.2689],[80.4373,20.2585],[80.4196,20.2516],[80.3862,20.2446],[80.383,20.2417],[80.398,20.2128],[80.412,20.2022],[80.4134,20.1875],[80.3946,20.1816],[80.3905,20.1663],[80.3846,20.1585],[80.3938,20.144],[80.4015,20.1395],[80.427,20.1302],[80.4441,20.1303],[80.4513,20.1449],[80.4668,20.1427],[80.4829,20.1379],[80.4911,20.1415],[80.498,20.1389],[80.5036,20.1288],[80.5236,20.1245],[80.5288,20.1175],[80.5404,20.1098],[80.5413,20.1049],[80.535,20.0854],[80.5418,20.0767],[80.5462,20.0657],[80.5411,20.0482],[80.5416,20.0372],[80.5325,20.0039],[80.5435,19.9951],[80.5442,19.9815],[80.5324,19.9671],[80.5338,19.953],[80.5263,19.9486],[80.526,19.9411],[80.5204,19.9309],[80.5017,19.9248],[80.4805,19.9278],[80.4698,19.9337],[80.4645,19.9463],[80.453,19.9452],[80.4437,19.9527],[80.4251,19.9373],[80.4063,19.9325],[80.4027,19.9096],[80.4147,19.9029],[80.4444,19.8936],[80.4612,19.9034],[80.4827,19.8989],[80.4898,19.8937],[80.4969,19.8772],[80.4975,19.8687],[80.475,19.8571],[80.4686,19.8375],[80.4603,19.828],[80.4317,19.8103],[80.4173,19.8092],[80.3975,19.8162],[80.4001,19.7936],[80.4177,19.7971],[80.4427,19.7905],[80.4524,19.7929],[80.4668,19.7849],[80.4781,19.7724],[80.4826,19.7807],[80.4802,19.7954],[80.4748,19.8034],[80.4629,19.8058],[80.4595,19.8113],[80.4692,19.8247],[80.476,19.828],[80.4907,19.8254],[80.4984,19.8295],[80.5178,19.8289],[80.5442,19.8112],[80.5397,19.7746],[80.5502,19.7646],[80.5705,19.7547],[80.5821,19.7381],[80.5903,19.7344],[80.6131,19.7289],[80.6335,19.7185],[80.6456,19.7065],[80.6613,19.6975],[80.6658,19.6922],[80.6654,19.673],[80.6622,19.6626],[80.6561,19.6252],[80.6569,19.6123],[80.662,19.6087],[80.683,19.6106],[80.7078,19.6105],[80.721,19.6084],[80.758,19.5902],[80.7643,19.5848],[80.7664,19.5683],[80.7852,19.5604],[80.8196,19.5654],[80.8335,19.556],[80.8408,19.5336],[80.8523,19.5242],[80.8736,19.5224],[80.8791,19.519],[80.8897,19.4993],[80.8922,19.4815],[80.8921,19.4657],[80.8856,19.4565],[80.8675,19.4435],[80.8351,19.4424],[80.808,19.4316],[80.7879,19.4267],[80.8085,19.397],[80.8127,19.3827],[80.8232,19.3747],[80.8428,19.3661],[80.8391,19.3552],[80.8165,19.3425],[80.8028,19.3323],[80.7993,19.3252],[80.7879,19.3241],[80.7662,19.3081],[80.7492,19.2867],[80.7307,19.284],[80.7183,19.2855],[80.7004,19.2823],[80.6836,19.2869],[80.6818,19.2958],[80.6853,19.3126],[80.6792,19.3241],[80.6644,19.3266],[80.6177,19.3048],[80.6039,19.3118],[80.6001,19.3181],[80.5856,19.353],[80.5823,19.3683],[80.5839,19.3772],[80.5729,19.3984],[80.5593,19.3976],[80.5315,19.3743],[80.5138,19.3482],[80.5004,19.3413],[80.4811,19.3378],[80.4705,19.3289],[80.4568,19.2992],[80.4454,19.2699],[80.437,19.2611],[80.4192,19.2503],[80.3885,19.2433],[80.3792,19.2326],[80.377,19.2174],[80.3861,19.1956],[80.3867,19.189],[80.3811,19.1807],[80.3624,19.1693],[80.3455,19.1629],[80.3355,19.1476],[80.3249,19.1415],[80.3209,19.1245],[80.3315,19.1011],[80.3199,19.0882],[80.3221,19.0749],[80.3158,19.0646],[80.2917,19.0498],[80.2888,19.0463],[80.2953,19.0287],[80.2881,19.0139],[80.2723,18.9974],[80.2677,18.9873],[80.269,18.9642],[80.2641,18.9405],[80.2705,18.9249],[80.2914,18.9076],[80.3086,18.8862],[80.3217,18.8748],[80.3357,18.8561],[80.3485,18.8239],[80.3462,18.8111],[80.3347,18.8061],[80.3187,18.796],[80.2994,18.7935],[80.2902,18.7863],[80.2795,18.7679],[80.2718,18.7622],[80.2546,18.766],[80.2422,18.7597],[80.2408,18.7487],[80.2548,18.7361],[80.2675,18.718],[80.2604,18.7141],[80.2467,18.7013],[80.2356,18.7004],[80.2253,18.6961],[80.2144,18.7011],[80.2019,18.6974],[80.1941,18.6885],[80.189,18.6756],[80.1757,18.6759],[80.1674,18.6801],[80.1646,18.6903],[80.1581,18.6959],[80.1213,18.6812],[80.116,18.6758],[80.1066,18.6775],[80.0821,18.7024],[80.0747,18.7026],[80.0619,18.7165],[80.0464,18.7209],[80.0329,18.7464],[80.0187,18.751],[80.0124,18.7668],[79.9929,18.7735],[79.9815,18.7743],[79.9401,18.7818],[79.932,18.7844],[79.9163,18.7973],[79.894,18.8308],[79.9041,18.8349],[79.9255,18.8375],[79.9333,18.845],[79.939,18.8589],[79.9409,18.8774],[79.9401,18.8967],[79.9409,18.9377],[79.9313,18.9748],[79.9345,19.0217],[79.9331,19.0297],[79.926,19.0425],[79.9161,19.0474],[79.9029,19.048],[79.8908,19.0455],[79.871,19.0355],[79.8596,19.0346],[79.857,19.0422],[79.8611,19.0599],[79.8601,19.091],[79.858,19.1041],[79.8631,19.1158],[79.8712,19.1227],[79.906,19.1418],[79.9261,19.1609],[79.9407,19.1644],[79.9424,19.1759],[79.9353,19.1839],[79.9225,19.2034],[79.9193,19.215],[79.9202,19.2264],[79.9319,19.2593],[79.9452,19.2841],[79.9618,19.2975],[79.9636,19.3065],[79.9574,19.3245],[79.9572,19.3346],[79.9645,19.3507],[79.9672,19.3746],[79.9707,19.3821],[79.9731,19.401],[79.97,19.4095],[79.9592,19.4259],[79.9458,19.4408],[79.945,19.4588],[79.9235,19.4776],[79.911,19.4923],[79.9022,19.4965],[79.8782,19.5007],[79.8702,19.505],[79.8638,19.5136],[79.8562,19.5171],[79.8282,19.537],[79.8232,19.5443],[79.8166,19.569],[79.8052,19.5768],[79.7933,19.5801],[79.7854,19.5936],[79.7775,19.5977],[79.7543,19.6023],[79.7403,19.6031],[79.7129,19.5833],[79.6957,19.5811],[79.678,19.5766],[79.6526,19.5767],[79.6397,19.575],[79.6214,19.5651],[79.6158,19.5586],[79.6072,19.5395],[79.6009,19.508],[79.5913,19.5017],[79.5827,19.5031],[79.5656,19.5109],[79.5477,19.5261],[79.5427,19.5485],[79.5262,19.5461],[79.515,19.542],[79.5158,19.5224],[79.5134,19.5181],[79.4933,19.5052],[79.48,19.5038],[79.4704,19.4975],[79.4582,19.519],[79.4413,19.5335],[79.4303,19.5351],[79.4136,19.5335],[79.4018,19.5398],[79.3712,19.5615],[79.369,19.5712],[79.3409,19.5738],[79.3215,19.5718],[79.3143,19.5655],[79.3096,19.582],[79.3048,19.5902],[79.2932,19.5967],[79.2552,19.6112],[79.2439,19.6126],[79.2371,19.6095],[79.2377,19.5995],[79.2487,19.5869],[79.2501,19.5777],[79.2398,19.5595],[79.2393,19.542],[79.2366,19.5268],[79.232,19.5208],[79.2157,19.5106],[79.2081,19.4986],[79.2088,19.4848],[79.2207,19.4756],[79.2187,19.4645],[79.189,19.4587],[79.1778,19.4607],[79.1691,19.4678],[79.157,19.4855],[79.1403,19.5011],[79.1047,19.5127],[79.1029,19.528],[79.0966,19.5305],[79.0738,19.5286],[79.0634,19.5313],[79.0601,19.5387],[79.0515,19.5453],[79.0388,19.545],[79.0184,19.54],[79.0122,19.5438],[79.0001,19.5594],[78.9929,19.562],[78.9785,19.5509],[78.9546,19.5518],[78.9545,19.5627],[78.9779,19.5799],[78.9783,19.5904],[78.9656,19.6045],[78.9629,19.6173],[78.969,19.6492],[78.9617,19.6588],[78.9436,19.6651],[78.935,19.6622],[78.9159,19.6677],[78.9038,19.6646],[78.891,19.6553],[78.8588,19.6563],[78.8591,19.6689],[78.8632,19.6795],[78.8635,19.6968],[78.8574,19.7197],[78.8569,19.7313],[78.8456,19.7584],[78.8383,19.7621],[78.8076,19.758],[78.7849,19.7787],[78.7732,19.7794],[78.7632,19.7756],[78.7383,19.7794],[78.7318,19.7729],[78.7164,19.7668],[78.7092,19.7727],[78.7018,19.7856],[78.6483,19.8015],[78.6193,19.8087],[78.6037,19.8175],[78.5953,19.8174],[78.585,19.8117],[78.5579,19.8156],[78.5263,19.8217],[78.5124,19.8143],[78.5096,19.8012],[78.5037,19.7924],[78.4939,19.7931],[78.4762,19.8164],[78.4647,19.8162],[78.4287,19.8231],[78.409,19.8299],[78.3977,19.8364],[78.3859,19.8527],[78.3841,19.8792],[78.3658,19.8829],[78.3467,19.8814],[78.3363,19.8832],[78.323,19.895],[78.3346,19.9043],[78.3284,19.9161],[78.3102,19.9127],[78.3076,19.9085],[78.2977,19.8733],[78.2941,19.8496],[78.3032,19.8458],[78.339,19.8392],[78.3414,19.8329],[78.336,19.8187],[78.3392,19.8135],[78.3605,19.8057],[78.367,19.7945],[78.3677,19.7811],[78.3608,19.754],[78.3532,19.7378],[78.3454,19.7344],[78.3453,19.7136],[78.3227,19.7036],[78.3161,19.6906],[78.3049,19.6884],[78.2858,19.6897],[78.2697,19.6631],[78.2876,19.6545],[78.299,19.6234],[78.3089,19.6114],[78.311,19.6042],[78.3111,19.5718],[78.2999,19.5668],[78.2965,19.5584],[78.2791,19.5582],[78.295,19.5373],[78.2994,19.5041],[78.31,19.4864],[78.312,19.4659],[78.3089,19.4564],[78.2973,19.4488],[78.2732,19.4538],[78.252,19.43],[78.2458,19.429],[78.2243,19.434],[78.2151,19.4271],[78.1981,19.4074],[78.1822,19.4118],[78.1876,19.3956],[78.1845,19.3682],[78.1796,19.353],[78.1871,19.3386],[78.1972,19.3317],[78.1932,19.3029],[78.1832,19.279],[78.1833,19.2612],[78.1864,19.2493],[78.1833,19.2415],[78.1497,19.2301],[78.1393,19.2394],[78.1267,19.2464],[78.0994,19.2455],[78.0823,19.2548],[78.0751,19.2465],[78.0576,19.2397],[78.048,19.2475],[78.0494,19.2627],[78.0457,19.2709],[78.0329,19.2741],[78.0273,19.2787],[78.0182,19.2963],[78.0116,19.3011],[77.9855,19.309],[77.9769,19.3211],[77.9489,19.3413],[77.9406,19.3425],[77.9372,19.3358],[77.9263,19.3319],[77.9123,19.318],[77.9058,19.3158],[77.8933,19.3212],[77.888,19.3124],[77.8609,19.3021],[77.8619,19.2841],[77.8754,19.2798],[77.9007,19.2771],[77.9057,19.2672],[77.9004,19.2561],[77.8846,19.2602],[77.8674,19.2553],[77.8681,19.2461],[77.8623,19.234],[77.8585,19.2185],[77.8523,19.2097],[77.8445,19.1882],[77.8584,19.1808],[77.853,19.1768],[77.8492,19.1553],[77.8339,19.1327],[77.8386,19.1189],[77.8452,19.1142],[77.8422,19.0868],[77.8286,19.0849],[77.8224,19.0964],[77.8152,19.1037],[77.8058,19.1033],[77.8002,19.0989],[77.8013,19.0844],[77.7935,19.0712],[77.7972,19.0649],[77.7972,19.0513],[77.771,19.0562],[77.7617,19.062],[77.7574,19.0286],[77.7643,19.0196],[77.7684,18.9994],[77.7674,18.9814],[77.7815,18.9763],[77.7871,18.9843],[77.8171,18.9824],[77.8129,18.9601],[77.8127,18.9495],[77.8274,18.9457],[77.8305,18.9502],[77.8537,18.9523],[77.8487,18.9314],[77.8443,18.9303],[77.8405,18.9113],[77.8566,18.9061],[77.8693,18.9103],[77.8816,18.9085],[77.8826,18.8964],[77.8877,18.8851],[77.8987,18.8837],[77.8992,18.8679],[77.9061,18.8673],[77.9253,18.8592],[77.9296,18.8465],[77.9441,18.8423],[77.9452,18.8321],[77.9426,18.8223],[77.9287,18.8217],[77.9076,18.8295],[77.8375,18.8075],[77.8276,18.786],[77.8232,18.7685],[77.8104,18.7402],[77.8027,18.7292],[77.8022,18.7161],[77.7865,18.6943],[77.7864,18.6841],[77.7694,18.6906],[77.7688,18.7016],[77.7576,18.7071],[77.7499,18.6978],[77.7495,18.6898],[77.7329,18.676],[77.7281,18.6642],[77.7332,18.6621],[77.7297,18.6427],[77.743,18.6214],[77.7481,18.6053],[77.7472,18.5891],[77.7354,18.5632],[77.7365,18.5548],[77.7279,18.5515],[77.7124,18.5544],[77.6827,18.5408],[77.6759,18.5413],[77.6621,18.5333],[77.6576,18.5272],[77.6453,18.5363],[77.6522,18.5496],[77.6405,18.5539],[77.6344,18.5452],[77.6291,18.5506],[77.5973,18.5475],[77.5982,18.535],[77.5933,18.5231],[77.5965,18.515],[77.5871,18.5098],[77.5863,18.5029],[77.5939,18.4939],[77.6028,18.4914],[77.6011,18.4742],[77.5931,18.4735],[77.5908,18.4811],[77.5765,18.4838],[77.5706,18.4669],[77.5465,18.4657],[77.5498,18.458],[77.5591,18.458],[77.5836,18.4536],[77.5826,18.4431],[77.5602,18.435],[77.5464,18.4406],[77.5285,18.4405],[77.5259,18.4274],[77.5552,18.4179],[77.5493,18.3877],[77.5416,18.3852],[77.5305,18.3758],[77.5214,18.3647],[77.5195,18.3493],[77.5273,18.3394],[77.5534,18.3312],[77.5669,18.3179],[77.5702,18.3082],[77.555,18.2983],[77.55,18.2913],[77.5396,18.2938],[77.5198,18.3074],[77.5084,18.3022],[77.5126,18.282],[77.4977,18.2733],[77.4922,18.2659],[77.4803,18.2687],[77.4748,18.2623],[77.4654,18.26],[77.4452,18.2701],[77.4449,18.2772],[77.4369,18.282],[77.4346,18.293],[77.4364,18.3065],[77.4078,18.2996],[77.3926,18.3009],[77.3813,18.306],[77.3625,18.3083],[77.3554,18.3185],[77.367,18.3223],[77.3809,18.3319],[77.3793,18.3391],[77.3928,18.3405],[77.3982,18.3535],[77.3918,18.3659],[77.4007,18.3702],[77.4079,18.3785],[77.4101,18.3885],[77.4005,18.3978],[77.3926,18.397],[77.3698,18.4007],[77.3644,18.4298],[77.3696,18.4477],[77.3541,18.4487],[77.3421,18.4303],[77.3334,18.4419],[77.3327,18.4485],[77.3256,18.4551],[77.3174,18.4538],[77.3133,18.4394],[77.3023,18.4385],[77.2948,18.4327],[77.2646,18.4184],[77.2584,18.4104],[77.2402,18.4086],[77.2329,18.3861],[77.245,18.3706],[77.2416,18.3664],[77.2308,18.3656],[77.2214,18.3472],[77.2273,18.3449],[77.21,18.3137],[77.2001,18.3192],[77.1954,18.3127],[77.1976,18.2955],[77.2045,18.2905],[77.2062,18.278],[77.1988,18.2792],[77.1917,18.2743],[77.1778,18.2819],[77.1705,18.2809],[77.1674,18.2735],[77.1657,18.2559],[77.1572,18.2531],[77.1514,18.2379],[77.1478,18.2376],[77.1477,18.2214],[77.1395,18.2072],[77.121,18.2067],[77.1066,18.2018],[77.0955,18.1951],[77.1163,18.1676],[77.1089,18.1527],[77.0966,18.1581],[77.0862,18.1503],[77.0691,18.1494],[77.0577,18.1524],[77.0503,18.1613],[77.0494,18.1732],[77.0328,18.1838],[77.0217,18.1782],[77.024,18.1627],[76.9978,18.1668],[76.9915,18.1867],[76.9799,18.1874],[76.9541,18.1849],[76.9438,18.1547],[76.9334,18.1579],[76.9254,18.1448],[76.9318,18.1366],[76.9242,18.1245],[76.9226,18.1161],[76.9322,18.111],[76.9534,18.1101],[76.9683,18.0971],[76.9643,18.0882],[76.9497,18.0823],[76.947,18.0738],[76.9527,18.0634],[76.9486,18.0457],[76.9521,18.0377],[76.9386,18.0372],[76.9177,18.0332],[76.9202,18.0138],[76.9177,18.0123],[76.9196,17.9854],[76.9173,17.9605],[76.9132,17.9372],[76.9192,17.9367],[76.9164,17.9151],[76.9002,17.9147],[76.8894,17.8972],[76.8812,17.8931],[76.8538,17.8978],[76.8318,17.8907],[76.8331,17.8827],[76.8204,17.8845],[76.8082,17.8831],[76.8028,17.8683],[76.7746,17.877],[76.7701,17.8924],[76.766,17.8984],[76.7407,17.898],[76.7375,17.8571],[76.7546,17.8566],[76.7657,17.8508],[76.7855,17.8315],[76.7882,17.8265],[76.7795,17.8103],[76.7763,17.7994],[76.7663,17.7966],[76.7628,17.7871],[76.7489,17.7864],[76.7394,17.7791],[76.7194,17.7853],[76.7124,17.7751],[76.721,17.7676],[76.718,17.7479],[76.7276,17.737],[76.7035,17.7291],[76.7008,17.7073],[76.6924,17.7053],[76.6931,17.6938],[76.6906,17.68],[76.6781,17.6873],[76.6631,17.6879],[76.6552,17.7164],[76.6508,17.7208],[76.6374,17.7241],[76.6307,17.729],[76.627,17.756],[76.6144,17.7683],[76.6041,17.7558],[76.5988,17.728],[76.587,17.7079],[76.5772,17.7031],[76.5694,17.7037],[76.5681,17.7398],[76.5646,17.7537],[76.5733,17.76],[76.5598,17.7631],[76.5382,17.7589],[76.5237,17.7589],[76.525,17.7347],[76.5236,17.7152],[76.511,17.7159],[76.4864,17.7135],[76.4846,17.6696],[76.4893,17.6607],[76.4523,17.6555],[76.4408,17.6494],[76.4428,17.6419],[76.4287,17.6444],[76.4241,17.6215],[76.4157,17.6042],[76.3821,17.6008],[76.373,17.5979],[76.3317,17.5949],[76.3342,17.5635],[76.34,17.5426],[76.3609,17.5363],[76.3664,17.5167],[76.3463,17.5115],[76.3437,17.5081],[76.3459,17.4916],[76.3666,17.4953],[76.375,17.4935],[76.3723,17.4858],[76.35,17.4721],[76.3308,17.4688],[76.3337,17.4323],[76.3639,17.4356],[76.3732,17.4344],[76.3699,17.423],[76.37,17.4079],[76.362,17.3751],[76.4081,17.3693],[76.4106,17.3477],[76.393,17.3363],[76.3817,17.3118],[76.3523,17.3106],[76.3506,17.3277],[76.3436,17.3499],[76.3347,17.3498],[76.313,17.3433],[76.3172,17.3294],[76.2959,17.3286],[76.2759,17.3305],[76.2702,17.3565],[76.25,17.3579],[76.2504,17.3667],[76.2444,17.3747],[76.2304,17.3703],[76.229,17.3632],[76.1829,17.3565],[76.1723,17.3487],[76.1735,17.3322],[76.1789,17.3139],[76.1838,17.311],[76.1758,17.2972],[76.1638,17.3003],[76.1631,17.3409],[76.1376,17.3526],[76.1212,17.3663],[76.102,17.3623],[76.0905,17.3506],[76.0941,17.3471],[76.0787,17.3301],[76.0735,17.3323],[76.0632,17.3519],[76.0545,17.3543],[76.0367,17.349],[76.0155,17.3506],[76.0003,17.3377],[75.9715,17.3365],[75.9598,17.3338],[75.9417,17.3249],[75.9312,17.3241],[75.9107,17.3458],[75.8937,17.3536],[75.892,17.3608],[75.8964,17.37],[75.8964,17.395],[75.8944,17.4059],[75.8872,17.4173],[75.8784,17.4165],[75.8767,17.397],[75.8649,17.3864],[75.8591,17.389],[75.856,17.4077],[75.8389,17.4205],[75.8278,17.4237],[75.822,17.4197],[75.8203,17.4066],[75.8163,17.3978],[75.8176,17.3807],[75.8113,17.3699],[75.791,17.373],[75.7823,17.3788],[75.7766,17.3882],[75.7698,17.4068],[75.7588,17.4084],[75.737,17.4219],[75.729,17.4195],[75.7224,17.4118],[75.7081,17.4083],[75.6912,17.4126],[75.6871,17.4173],[75.6808,17.4362],[75.6808,17.454],[75.6776,17.458],[75.6623,17.4597],[75.6496,17.4734],[75.6356,17.4775],[75.6313,17.4612],[75.6253,17.4581],[75.6187,17.4391],[75.6154,17.422],[75.6101,17.4195],[75.615,17.4096],[75.6158,17.3919],[75.5982,17.3861],[75.5785,17.3829],[75.5841,17.3513],[75.5981,17.3451],[75.6131,17.3423],[75.616,17.3288],[75.606,17.3033],[75.6247,17.2938],[75.6323,17.2722],[75.6575,17.2706],[75.6599,17.2614],[75.6609,17.24],[75.6639,17.2138],[75.6574,17.2038],[75.6436,17.1941],[75.6426,17.1882],[75.6307,17.1862],[75.628,17.1701],[75.6314,17.1601],[75.6427,17.1476],[75.6527,17.1327],[75.6536,17.1131],[75.6741,17.1136],[75.6774,17.0877],[75.6811,17.0711],[75.6784,17.0629],[75.6627,17.0618],[75.6479,17.0466],[75.6438,17.0364],[75.654,17.0306],[75.6722,17.0357],[75.6731,17.0262],[75.6687,16.9832],[75.6784,16.9639],[75.6714,16.9585],[75.6556,16.9561],[75.645,16.951],[75.6363,16.9658],[75.6107,16.9696],[75.6095,17.0031],[75.5758,17.0078],[75.5699,17.0062],[75.5703,16.9636],[75.5428,16.9631],[75.53,16.9658],[75.517,16.9519],[75.5019,16.9454],[75.493,16.9452],[75.4897,16.9654],[75.4825,16.976],[75.4686,16.9796],[75.4679,16.9853],[75.4438,16.9795],[75.431,16.9635],[75.3948,16.9764],[75.3717,16.9687],[75.3596,16.9569],[75.3453,16.9525],[75.3061,16.9547],[75.2846,16.9536],[75.2836,16.9429],[75.2856,16.9094],[75.2918,16.9011],[75.2875,16.8832],[75.2828,16.8742],[75.2683,16.8609],[75.2487,16.8645],[75.241,16.863],[75.23,16.8409],[75.1883,16.8409],[75.1832,16.842],[75.1925,16.8696],[75.1897,16.8735],[75.1718,16.8648],[75.1505,16.8694],[75.1411,16.8735],[75.1371,16.8846],[75.1384,16.8929],[75.1236,16.9004],[75.1188,16.91],[75.1069,16.9095],[75.098,16.9139],[75.0947,16.9212],[75.0941,16.9472],[75.0829,16.9466],[75.0654,16.9393],[75.0481,16.9387],[75.0345,16.9287],[75.0301,16.9311],[75.0303,16.9415],[75.0114,16.9426],[75.0037,16.9458],[74.9945,16.935],[74.9858,16.929],[74.9667,16.9356],[74.9545,16.93],[74.9384,16.941],[74.9285,16.9352],[74.927,16.9256],[74.9528,16.9065],[74.9673,16.9054],[74.9641,16.8779],[74.9486,16.8801],[74.9397,16.8765],[74.9371,16.8692],[74.912,16.8559],[74.9131,16.8307],[74.9158,16.8102],[74.9159,16.7857],[74.9238,16.77],[74.8926,16.7687],[74.8684,16.7711],[74.855,16.7708],[74.8503,16.7603],[74.8041,16.7508],[74.8004,16.7457],[74.779,16.7486],[74.775,16.7408],[74.7638,16.7368],[74.7541,16.7262],[74.7366,16.7158],[74.7224,16.7133],[74.6982,16.7152],[74.6959,16.7105],[74.6961,16.675],[74.6717,16.6635],[74.6605,16.6376],[74.666,16.6287],[74.6739,16.6285],[74.6943,16.6152],[74.6904,16.6045],[74.6786,16.6066],[74.6639,16.6011],[74.6477,16.6081],[74.6411,16.6047],[74.6405,16.5819],[74.6364,16.5757],[74.627,16.5809],[74.617,16.568],[74.6048,16.5621],[74.5959,16.5644],[74.592,16.5555],[74.5741,16.552],[74.5597,16.5597],[74.5597,16.5714],[74.5698,16.5812],[74.5656,16.5904],[74.5499,16.5922],[74.5494,16.6155],[74.5514,16.6332],[74.5301,16.6306],[74.5103,16.6315],[74.4955,16.6277],[74.4859,16.6391],[74.4774,16.6608],[74.4648,16.653],[74.4645,16.634],[74.4714,16.6218],[74.4725,16.6048],[74.4408,16.5987],[74.4335,16.5944],[74.4288,16.5827],[74.4223,16.5835],[74.4035,16.5787],[74.3955,16.5595],[74.3957,16.5357],[74.3854,16.5274],[74.3711,16.5377],[74.3626,16.5387],[74.3656,16.5571],[74.3461,16.5464],[74.3322,16.5537],[74.3238,16.5515],[74.3222,16.5445],[74.3239,16.5063],[74.3141,16.5021],[74.3069,16.5292],[74.2976,16.5319],[74.2867,16.5294],[74.2882,16.5395],[74.2764,16.5445],[74.2716,16.5387],[74.2766,16.5206],[74.2819,16.5206],[74.2867,16.5068],[74.2786,16.501],[74.2631,16.499],[74.2601,16.4909],[74.2688,16.476],[74.2825,16.4826],[74.2805,16.4894],[74.2889,16.5038],[74.2999,16.5026],[74.2976,16.4816],[74.2948,16.4744],[74.2963,16.459],[74.3071,16.4596],[74.3219,16.45],[74.3389,16.4522],[74.3425,16.4423],[74.3405,16.433],[74.3438,16.4255],[74.3373,16.4202],[74.3427,16.4005],[74.3492,16.4039],[74.3646,16.4032],[74.3687,16.3912],[74.3596,16.3788],[74.3617,16.3647],[74.3519,16.3663],[74.3511,16.3768],[74.3458,16.3895],[74.335,16.3887],[74.3326,16.3756],[74.3276,16.3681],[74.3322,16.357],[74.3237,16.3536],[74.3344,16.3405],[74.323,16.3251],[74.3373,16.3234],[74.3423,16.3051],[74.3487,16.2915],[74.3364,16.2902],[74.3287,16.2794],[74.3371,16.2657],[74.3439,16.2721],[74.3551,16.2745],[74.3626,16.2871],[74.3801,16.2935],[74.3904,16.2902],[74.3913,16.2756],[74.4212,16.2806],[74.4225,16.2575],[74.4363,16.2548],[74.4428,16.2496],[74.4612,16.2484],[74.4634,16.2418],[74.4761,16.239],[74.4841,16.2467],[74.5031,16.231],[74.5083,16.2229],[74.5032,16.2116],[74.5133,16.2012],[74.5129,16.1883],[74.4978,16.1813],[74.4947,16.155],[74.491,16.142],[74.4971,16.1124],[74.4964,16.1016],[74.4891,16.0873],[74.478,16.0919],[74.4645,16.1021],[74.4445,16.1052],[74.4346,16.1106],[74.4185,16.1009],[74.4152,16.0918],[74.4041,16.091],[74.3905,16.0799],[74.3796,16.0768],[74.3801,16.0696],[74.371,16.0596],[74.3708,16.051],[74.3817,16.0536],[74.3786,16.0366],[74.3901,16.0351],[74.4093,16.0453],[74.4112,16.049],[74.4405,16.057],[74.468,16.0467],[74.4703,16.0405],[74.4639,16.0226],[74.4497,15.9985],[74.45,15.9832],[74.4439,15.9743],[74.4423,15.9655],[74.4352,15.9512],[74.4123,15.9252],[74.402,15.9111],[74.3919,15.9012],[74.3984,15.8977],[74.4025,15.8783],[74.3992,15.8743],[74.4122,15.8576],[74.4031,15.849],[74.3934,15.8518],[74.3885,15.8572],[74.3831,15.8778],[74.3705,15.8904],[74.37,15.8757],[74.353,15.8592],[74.3538,15.8481],[74.3874,15.8471],[74.3894,15.8363],[74.3745,15.8275],[74.3692,15.8122],[74.374,15.8104],[74.3755,15.7967],[74.3708,15.7822],[74.3649,15.7737],[74.3509,15.7634],[74.3298,15.7704],[74.3241,15.7565],[74.313,15.7483],[74.2922,15.7393],[74.274,15.7531],[74.2589,15.7434],[74.2501,15.7412],[74.2439,15.7444],[74.2352,15.7596],[74.2403,15.7808],[74.2355,15.7868],[74.2273,15.7857],[74.2174,15.7788],[74.2113,15.7586],[74.1971,15.7502],[74.1677,15.7493],[74.1601,15.7343],[74.1349,15.7222],[74.1355,15.7093],[74.1415,15.7004],[74.1389,15.6862],[74.1336,15.6784],[74.1175,15.6708],[74.1006,15.6723],[74.098,15.666],[74.1121,15.655],[74.126,15.6503],[74.1228,15.6452],[74.1024,15.639],[74.0806,15.6262],[74.0393,15.6209],[74.0356,15.6093],[74.0279,15.6046],[74.0132,15.6093],[74.0024,15.6091],[73.9902,15.6206],[73.976,15.6289],[73.9693,15.6443],[73.9757,15.6598],[73.9716,15.6684],[73.9713,15.6873],[73.9657,15.695],[73.9572,15.6967],[73.9589,15.7113],[73.9508,15.7232],[73.9454,15.7415],[73.9242,15.7428],[73.9148,15.7455],[73.9086,15.7423],[73.8859,15.7473],[73.8802,15.7526],[73.8869,15.7703],[73.8751,15.7829],[73.8759,15.7932],[73.8655,15.7975],[73.8496,15.776],[73.8472,15.7661],[73.8388,15.7609],[73.8385,15.7488],[73.833,15.7378],[73.8204,15.7399],[73.8126,15.7335],[73.8028,15.7322],[73.7976,15.7251],[73.7865,15.7233],[73.7758,15.7305],[73.7582,15.7328],[73.7487,15.7306],[73.741,15.7187],[73.7276,15.7225],[73.7186,15.7216],[73.7066,15.7217],[73.6919,15.7269],[73.6801,15.7244],[73.6668,15.7326],[73.6637,15.7382],[73.6532,15.7432],[73.6632,15.7576],[73.6624,15.7668],[73.6507,15.8018],[73.6363,15.8157],[73.6387,15.8215],[73.626,15.8526],[73.6201,15.8588],[73.611,15.8601],[73.6099,15.8687],[73.596,15.8965],[73.586,15.9099],[73.5687,15.9126],[73.5671,15.9185],[73.5496,15.9274],[73.5401,15.9365],[73.5307,15.9329],[73.5221,15.9385],[73.5101,15.9396],[73.5024,15.9571],[73.5065,15.9624],[73.4918,15.9815],[73.4885,15.9949],[73.491,16.0115],[73.4824,16.0376],[73.4771,16.044],[73.469,16.0462],[73.4654,16.0549],[73.4568,16.0574],[73.4654,16.0715],[73.4624,16.0801],[73.4613,16.0963],[73.4576,16.104],[73.4579,16.1165],[73.4524,16.1357],[73.449,16.1551],[73.4357,16.199],[73.4268,16.2032],[73.4274,16.214],[73.4168,16.2457],[73.4057,16.2962],[73.399,16.3015],[73.3938,16.3174],[73.3954,16.3318],[73.3854,16.3374],[73.3904,16.3465],[73.3865,16.3607],[73.3679,16.3635],[73.3751,16.3863],[73.3887,16.3951],[73.4001,16.389],[73.4054,16.3968],[73.3863,16.4035],[73.3838,16.3985],[73.3654,16.3976],[73.3657,16.4138],[73.3621,16.4182],[73.3551,16.4465],[73.3504,16.446],[73.3421,16.4671],[73.3424,16.4757],[73.3315,16.489],[73.3251,16.5138],[73.3185,16.5187],[73.3174,16.5307],[73.3112,16.5424],[73.3262,16.5579],[73.3354,16.561],[73.3454,16.5426],[73.3468,16.5299],[73.369,16.511],[73.3743,16.5187],[73.3549,16.531],[73.3499,16.5499],[73.3551,16.5662],[73.3421,16.5679],[73.3404,16.5804],[73.3304,16.5774],[73.3224,16.5837],[73.3224,16.5907],[73.3168,16.601],[73.3201,16.6071],[73.3318,16.6082],[73.3404,16.6038],[73.3515,16.6221],[73.3349,16.6193],[73.3301,16.6221],[73.3393,16.6318],[73.3329,16.6415],[73.3235,16.6365],[73.3218,16.6446],[73.3332,16.6535],[73.3301,16.6874],[73.3174,16.6985],[73.319,16.7035],[73.3115,16.7215],[73.3054,16.7293],[73.3051,16.7671],[73.3104,16.7868],[73.3176,16.7951],[73.3157,16.8071],[73.3035,16.8088],[73.2954,16.8168],[73.2965,16.8282],[73.2926,16.8354],[73.2929,16.8707],[73.286,16.8735],[73.2857,16.8807],[73.3004,16.8926],[73.2876,16.8968],[73.279,16.904],[73.2868,16.9162],[73.2821,16.9293],[73.2874,16.9351],[73.2818,16.9479],[73.2921,16.9568],[73.2943,16.986],[73.2768,16.9921],[73.269,16.9993],[73.2838,17.0021],[73.2843,17.0107],[73.2763,17.0235],[73.2665,17.0246],[73.2588,17.0196],[73.2568,17.0487],[73.2635,17.0487],[73.2776,17.034],[73.2765,17.0251],[73.2865,17.0149],[73.2929,17.0199],[73.2826,17.046],[73.2885,17.0579],[73.2882,17.0754],[73.2846,17.0924],[73.2851,17.1063],[73.2799,17.1135],[73.2663,17.1124],[73.2724,17.1218],[73.2682,17.1324],[73.2637,17.1574],[73.2529,17.189],[73.2368,17.1938],[73.2465,17.2087],[73.2438,17.2243],[73.2351,17.2268],[73.2335,17.2385],[73.2229,17.266],[73.2146,17.2746],[73.2046,17.2685],[73.1985,17.2893],[73.191,17.3043],[73.1968,17.3068],[73.2035,17.299],[73.2104,17.3043],[73.2221,17.3029],[73.226,17.2815],[73.2346,17.2863],[73.2418,17.3079],[73.2421,17.3165],[73.2293,17.319],[73.2188,17.331],[73.2254,17.3349],[73.2143,17.3468],[73.2201,17.3529],[73.2096,17.3707],[73.2071,17.3843],[73.1904,17.3885],[73.1771,17.3871],[73.1671,17.4051],[73.1843,17.4121],[73.1868,17.4307],[73.1929,17.4321],[73.1968,17.4421],[73.186,17.4418],[73.1846,17.4571],[73.1935,17.466],[73.1888,17.4785],[73.1815,17.5076],[73.1621,17.5301],[73.1518,17.536],[73.1418,17.546],[73.1371,17.556],[73.1399,17.5679],[73.1496,17.5735],[73.161,17.5685],[73.1679,17.5807],[73.1621,17.5912],[73.1554,17.5921],[73.144,17.6018],[73.1357,17.6143],[73.1335,17.6274],[73.1271,17.6371],[73.1335,17.6532],[73.1218,17.6651],[73.1137,17.6893],[73.1174,17.6987],[73.1249,17.7004],[73.1351,17.7099],[73.1285,17.7379],[73.1193,17.7593],[73.1107,17.7871],[73.0965,17.8101],[73.0904,17.8118],[73.0946,17.8251],[73.0874,17.8388],[73.091,17.8435],[73.0857,17.8507],[73.0815,17.8654],[73.0751,17.8749],[73.0713,17.8888],[73.0635,17.8907],[73.054,17.9004],[73.0549,17.9171],[73.0524,17.9315],[73.0379,17.9343],[73.0296,17.9443],[73.0313,17.9557],[73.0293,17.9668],[73.0401,17.9779],[73.031,17.9904],[73.0218,17.9901],[73.0168,18.0065],[73.0062,18.0129],[73.0107,18.0249],[73.0226,18.0235],[73.031,18.0321],[73.0215,18.0393],[73.0126,18.0354],[73.0088,18.0485],[72.9974,18.0493],[72.9896,18.056],[72.9935,18.0665],[73.0015,18.0707],[72.9974,18.0768],[72.9904,18.099],[72.979,18.1082],[72.9793,18.1138],[72.9724,18.1249],[72.971,18.1329],[72.9818,18.1371],[72.9868,18.149],[72.9876,18.1604],[72.9793,18.1893],[72.9812,18.1929],[72.9724,18.2038],[72.9557,18.2196],[72.9446,18.2232],[72.9357,18.2168],[72.931,18.2204],[72.9346,18.229],[72.9415,18.2346],[72.9424,18.2463],[72.9396,18.2643],[72.9346,18.2729],[72.9382,18.2843],[72.9479,18.2854],[72.9551,18.2776],[72.9632,18.2807],[72.9707,18.2713],[72.9737,18.2476],[72.9865,18.2432],[73.0015,18.2479],[73.0132,18.2424],[73.0274,18.2407],[73.059,18.2293],[73.0699,18.221],[73.0707,18.2082],[73.0554,18.1951],[73.0563,18.1857],[73.0701,18.174],[73.0782,18.1624],[73.0832,18.1699],[73.0799,18.1788],[73.0668,18.1838],[73.0596,18.1907],[73.064,18.1976],[73.0757,18.1999],[73.081,18.2162],[73.0804,18.2313],[73.0762,18.2388],[73.0685,18.2421],[73.0615,18.251],[73.0685,18.269],[73.0629,18.2776],[73.0529,18.281],[73.0429,18.299],[73.0512,18.3037],[73.0571,18.3001],[73.0765,18.2982],[73.0826,18.3013],[73.0821,18.3121],[73.0615,18.3029],[73.0454,18.3065],[73.0393,18.2957],[73.0546,18.2704],[73.0351,18.2649],[73.0215,18.269],[73.0221,18.2779],[73.0088,18.2846],[72.9921,18.2801],[72.9815,18.2999],[72.9724,18.3018],[72.9685,18.309],[72.956,18.3151],[72.9607,18.3199],[72.9529,18.3337],[72.9362,18.3482],[72.9254,18.3504],[72.9199,18.3468],[72.914,18.3549],[72.9112,18.3668],[72.9243,18.3735],[72.9262,18.3865],[72.924,18.3921],[72.9121,18.3943],[72.909,18.3988],[72.904,18.4282],[72.9054,18.441],[72.8996,18.4554],[72.8949,18.4582],[72.8957,18.471],[72.9013,18.4762],[72.9018,18.4935],[72.9046,18.5026],[72.9112,18.5032],[72.911,18.5246],[72.9285,18.5357],[72.9196,18.5604],[72.9093,18.5788],[72.894,18.6121],[72.8854,18.6263],[72.884,18.6385],[72.8704,18.6396],[72.8635,18.6585],[72.8643,18.6693],[72.8596,18.6907],[72.8554,18.696],[72.8643,18.7213],[72.8624,18.7432],[72.8668,18.7576],[72.8635,18.7712],[72.8635,18.7912],[72.869,18.8043],[72.8768,18.8018],[72.8876,18.8035],[72.8918,18.7987],[72.8999,18.804],[72.9057,18.7946],[72.9163,18.7924],[72.9293,18.8062],[72.9368,18.8249],[72.9435,18.8271],[72.9574,18.8013],[72.9718,18.7904],[72.9826,18.8101],[72.9796,18.8221],[72.9835,18.8288],[72.981,18.8521],[72.9887,18.8649],[72.9779,18.8632],[72.9649,18.8529],[72.9429,18.8457],[72.9265,18.851],[72.9238,18.8635],[72.9126,18.8829],[72.9082,18.8857],[72.9079,18.9021],[72.9151,18.9037],[72.9226,18.9121],[72.9418,18.8971],[72.9421,18.9088],[72.9574,18.9096],[72.9618,18.9204],[72.9457,18.9368],[72.9396,18.9471],[72.9482,18.9526],[72.9549,18.9638],[72.9557,18.9735],[72.9721,18.9635],[72.9818,18.9638],[73.0013,18.9707],[73.0068,18.9771],[73.0171,18.981],[73.0218,18.9904],[73.0323,18.9946],[73.0299,19.0018],[73.0088,18.9988],[73.0029,19.0015],[73.0015,19.0099],[73.0037,19.0293],[72.9985,19.0487],[72.9929,19.059],[72.9824,19.0626],[72.9632,19.0585],[72.9599,19.036],[72.9549,19.0271],[72.9185,18.9996],[72.8988,18.9974],[72.886,18.9996],[72.8818,19.009],[72.8621,19.0029],[72.8568,18.9921],[72.861,18.9815],[72.8557,18.9779],[72.8499,18.9662],[72.8468,18.9538],[72.8443,18.929],[72.8313,18.9146],[72.8185,18.9065],[72.811,18.8924],[72.8046,18.8993],[72.8063,18.9129],[72.8129,18.9112],[72.8238,18.9349],[72.8213,18.9468],[72.8082,18.9549],[72.796,18.944],[72.7918,18.9507],[72.7993,18.959],[72.8015,18.969],[72.8138,18.9813],[72.8112,19.0024],[72.8204,19.0176],[72.8296,19.0207],[72.8382,19.0349],[72.8349,19.0499],[72.8238,19.0421],[72.8226,19.0688],[72.8262,19.0782],[72.8268,19.094],[72.8185,19.1243],[72.8035,19.1407],[72.806,19.1488],[72.824,19.1654],[72.8296,19.166],[72.8288,19.1768],[72.806,19.1549],[72.8024,19.144],[72.796,19.1399],[72.7946,19.1304],[72.7868,19.129],[72.789,19.1501],[72.784,19.1624],[72.7965,19.1779],[72.791,19.1929],[72.7813,19.1946],[72.7815,19.2151],[72.776,19.2221],[72.7829,19.2518],[72.7843,19.3026],[72.7932,19.3104],[72.7988,19.331],[72.7576,19.376],[72.7624,19.3915],[72.7604,19.4149],[72.7574,19.426],[72.7451,19.4557],[72.7446,19.4629],[72.7546,19.4743],[72.7643,19.4762],[72.7671,19.4835],[72.7799,19.4915],[72.7796,19.5065],[72.7649,19.5043],[72.7415,19.516],[72.7365,19.5265],[72.729,19.5287],[72.7221,19.5482],[72.7199,19.5668],[72.7162,19.5726],[72.7157,19.5901],[72.7232,19.5974],[72.731,19.5988],[72.7279,19.6249],[72.7235,19.626],[72.7149,19.6393],[72.711,19.6535],[72.7107,19.6668],[72.7065,19.681],[72.7107,19.7021],[72.7074,19.7121],[72.6974,19.7265],[72.6874,19.7476],[72.6854,19.7601],[72.6885,19.7707],[72.6862,19.796],[72.6796,19.8135],[72.674,19.8185],[72.6621,19.8199],[72.6535,19.8296],[72.6549,19.8426],[72.6513,19.8579],[72.6629,19.8518],[72.6693,19.8518],[72.6809,19.8649],[72.6826,19.8913],[72.6757,19.9049],[72.6771,19.9193],[72.6654,19.9349],[72.6837,19.9454],[72.689,19.9571],[72.701,19.9613],[72.7165,19.9749],[72.7218,19.9874],[72.7218,19.9974],[72.7179,20.0176],[72.7149,20.0226],[72.7151,20.0404],[72.7079,20.0688],[72.711,20.0788],[72.7265,20.0826],[72.7382,20.1146],[72.7376,20.1365],[72.7618,20.1315],[72.7876,20.1301],[72.8018,20.125],[72.8021,20.1485],[72.8159,20.1533],[72.8323,20.144],[72.8288,20.1566],[72.8336,20.1836],[72.8435,20.19],[72.8441,20.1978],[72.8503,20.2079],[72.872,20.2082],[72.8719,20.2226],[72.8843,20.2266],[72.8998,20.2217],[72.9054,20.2262],[72.9284,20.2234],[72.9418,20.2178],[72.9704,20.2123],[72.9759,20.1896],[72.9762,20.18],[72.986,20.1765],[72.986,20.1575],[72.9732,20.1308],[72.9796,20.1253],[72.9853,20.1135],[73.0043,20.1179],[73.0077,20.1294],[73.0076,20.1325],[73.0175,20.135],[73.0167,20.1305],[73.0102,20.1104],[73.0195,20.105],[73.0318,20.0844],[73.0453,20.0718],[73.0592,20.0679],[73.058,20.0967],[73.0606,20.0991],[73.0883,20.0945],[73.0984,20.0937],[73.1052,20.0872],[73.1104,20.0846],[73.1118,20.083],[73.1231,20.0779],[73.1277,20.0782],[73.1367,20.0853],[73.1445,20.0779],[73.1633,20.0731],[73.1702,20.0656],[73.1754,20.0581],[73.1838,20.0523],[73.1859,20.0529],[73.1989,20.0623],[73.198,20.0778],[73.2139,20.0906],[73.2191,20.0975],[73.2177,20.1063],[73.2163,20.122],[73.2267,20.1226],[73.2367,20.1297],[73.2628,20.128],[73.2685,20.1393],[73.2835,20.1458],[73.2936,20.1539],[73.2907,20.1744],[73.2941,20.1939],[73.3111,20.2072],[73.3279,20.2025],[73.3364,20.2041],[73.3529,20.1985],[73.3618,20.212],[73.3669,20.1963],[73.3759,20.195],[73.3953,20.2092],[73.3981,20.196],[73.4092,20.2005],[73.4268,20.2016],[73.4303,20.2123],[73.4224,20.2318],[73.4204,20.257],[73.4246,20.2768],[73.4369,20.2821],[73.4308,20.298],[73.4253,20.3207],[73.4254,20.3377],[73.4148,20.3816],[73.4077,20.3839],[73.3981,20.3747],[73.3916,20.3729],[73.3913,20.3902],[73.3977,20.3992],[73.4076,20.3963],[73.4088,20.4042],[73.4229,20.4143],[73.4297,20.4144],[73.4308,20.4288],[73.4379,20.4457],[73.449,20.4667],[73.4611,20.4781],[73.4698,20.4923],[73.4759,20.495],[73.4723,20.514],[73.4769,20.522],[73.4847,20.5257],[73.5007,20.5402],[73.4818,20.5434],[73.4858,20.5641],[73.4808,20.5836],[73.4548,20.5946],[73.4404,20.5951],[73.4338,20.6147],[73.4276,20.6245],[73.418,20.6305],[73.4113,20.6386],[73.4027,20.6426],[73.4036,20.6524],[73.4192,20.6605],[73.4304,20.6609],[73.4399,20.6648],[73.4436,20.678],[73.4545,20.6861],[73.4565,20.6934],[73.4473,20.7011],[73.4587,20.7143],[73.4752,20.7217],[73.4826,20.7172],[73.4973,20.686],[73.4874,20.6756],[73.4984,20.6534],[73.5123,20.663],[73.5252,20.6671],[73.5304,20.6731],[73.5384,20.6739],[73.5448,20.6692],[73.5537,20.6553],[73.5629,20.6474],[73.5742,20.6511],[73.5912,20.6451],[73.6073,20.6363],[73.6222,20.6253],[73.6295,20.6123],[73.6368,20.5793],[73.6509,20.5764],[73.6658,20.5628],[73.6762,20.5642],[73.6855,20.5717],[73.701,20.5784],[73.7096,20.5745],[73.7199,20.5763],[73.7377,20.574],[73.7482,20.5674],[73.7639,20.5833],[73.78,20.5919],[73.7871,20.6023],[73.8024,20.6058],[73.806,20.6015],[73.8254,20.614],[73.8383,20.6158],[73.8464,20.6235],[73.8431,20.6444],[73.8471,20.6564],[73.8415,20.6751],[73.8254,20.6736],[73.8226,20.6938],[73.8428,20.7021],[73.8636,20.6943],[73.8736,20.7077],[73.8773,20.7213],[73.8889,20.7311],[73.9038,20.7306],[73.9088,20.7252],[73.9209,20.7235],[73.9276,20.7304],[73.936,20.7315],[73.9495,20.7423],[73.9472,20.7608],[73.9406,20.7689],[73.9381,20.7897],[73.9402,20.8089],[73.9463,20.8187],[73.9476,20.8294],[73.9451,20.8401],[73.9311,20.8484],[73.9297,20.8689],[73.931,20.8859],[73.9273,20.8991],[73.9168,20.9151],[73.8963,20.933],[73.8951,20.9465],[73.9018,20.9617],[73.9112,20.9624],[73.914,20.97],[73.9064,20.9832],[73.8986,20.9822],[73.8792,20.9865],[73.8501,21.0014],[73.8468,20.994],[73.8164,20.9961],[73.8077,21.0226],[73.7847,21.0196],[73.7749,21.0105],[73.7694,21.0145],[73.7756,21.0276],[73.7661,21.0401],[73.7476,21.04],[73.7422,21.0555],[73.7437,21.0642],[73.7408,21.0729],[73.7441,21.0817],[73.7358,21.1032],[73.7148,21.1072],[73.709,21.1123],[73.6934,21.101],[73.6789,21.1093],[73.6599,21.1084],[73.6577,21.121],[73.6455,21.123],[73.6287,21.1201],[73.6236,21.138],[73.6142,21.147],[73.6115,21.1545],[73.5888,21.1542],[73.5883,21.1679],[73.6069,21.1785],[73.6132,21.1761],[73.6147,21.1635],[73.6197,21.1579],[73.6375,21.1531],[73.6364,21.1327],[73.6715,21.1451],[73.6813,21.1521],[73.7132,21.1505],[73.7152,21.1431],[73.7224,21.1392],[73.7367,21.1383],[73.748,21.1515],[73.7408,21.1604],[73.7416,21.1671],[73.7531,21.1682],[73.7797,21.1646],[73.7898,21.1687],[73.7963,21.1817],[73.8121,21.1721],[73.8225,21.1719],[73.8359,21.1952],[73.8213,21.1953],[73.8188,21.2039],[73.8201,21.2219],[73.8363,21.2423],[73.8321,21.2675],[73.8584,21.27],[73.8843,21.2626],[73.892,21.2624],[73.9235,21.281],[73.9336,21.2853],[73.9485,21.2976],[73.952,21.3306],[73.957,21.3445],[73.9553,21.3743],[73.9555,21.4025],[73.9619,21.3931],[73.9687,21.3921],[73.9816,21.3973],[73.9888,21.4045],[74.0095,21.4134],[74.0349,21.4198],[74.0468,21.4185],[74.0516,21.4263],[74.0572,21.4557],[74.0689,21.4811],[74.0762,21.4722],[74.08,21.4572],[74.1037,21.4539],[74.111,21.4481],[74.1208,21.4497],[74.1226,21.46],[74.1289,21.4635],[74.1408,21.4625],[74.1466,21.4543],[74.1605,21.4534],[74.1693,21.4634],[74.1783,21.4609],[74.1855,21.467],[74.2009,21.4597],[74.2226,21.459],[74.223,21.4755],[74.2387,21.4784],[74.2443,21.4649],[74.2517,21.4629],[74.2632,21.4657],[74.265,21.4728],[74.2722,21.4756],[74.3078,21.4801],[74.3134,21.4896],[74.3277,21.4958],[74.3334,21.5198],[74.3355,21.5402],[74.3216,21.5413],[74.3148,21.5447],[74.3118,21.5651],[74.3035,21.5598],[74.2917,21.5588],[74.2824,21.5491],[74.275,21.5455],[74.2716,21.5364],[74.2558,21.5361],[74.2473,21.5452],[74.2381,21.5501],[74.226,21.5376],[74.2167,21.5367],[74.2069,21.5298],[74.2003,21.5303],[74.198,21.5394],[74.1901,21.549],[74.1863,21.5596],[74.1738,21.5615],[74.1621,21.5593],[74.1537,21.5514],[74.1417,21.5506],[74.1361,21.5567],[74.1192,21.5559],[74.1136,21.5581],[74.0887,21.5566],[74.0682,21.5594],[74.0471,21.5497],[74.0256,21.5526],[74.0053,21.5408],[73.9835,21.542],[73.9825,21.5357],[73.9875,21.5224],[73.9745,21.5241],[73.9699,21.5386],[73.9628,21.5379],[73.9611,21.5193],[73.9394,21.5101],[73.9376,21.5207],[73.9105,21.5202],[73.91,21.5133],[73.8971,21.506],[73.8866,21.5047],[73.8608,21.4958],[73.8499,21.511],[73.8338,21.5535],[73.8245,21.5983],[73.8185,21.6023],[73.8068,21.6024],[73.7906,21.6185],[73.7876,21.625],[73.8001,21.6346],[73.829,21.6398],[73.8452,21.6332],[73.8603,21.6418],[73.8703,21.6388],[73.8856,21.6451],[73.8944,21.6571],[73.8981,21.6673],[73.8964,21.7003],[73.8902,21.7106],[73.8712,21.7219],[73.8651,21.7294],[73.8464,21.742],[73.8312,21.7629],[73.8429,21.7721],[73.8357,21.7935],[73.8389,21.8002],[73.8276,21.8119],[73.8136,21.8101],[73.8105,21.8233],[73.8279,21.8349],[73.8415,21.8385],[73.8637,21.8367],[73.8796,21.8386],[73.8995,21.8545],[73.9219,21.8566],[73.9608,21.876],[73.9797,21.8875],[74.0049,21.8994],[74.023,21.906],[74.0467,21.9228],[74.0987,21.9376],[74.1136,21.9447],[74.1382,21.9534],[74.146,21.9541],[74.1569,21.9528],[74.1718,21.9451],[74.1848,21.9308],[74.2006,21.9256],[74.2281,21.93],[74.2371,21.9297],[74.2829,21.9348],[74.2923,21.9373],[74.3014,21.9668],[74.3107,21.9722],[74.3456,21.9752],[74.3578,21.9815],[74.366,21.992],[74.3782,22.0022],[74.3883,22.0202],[74.3964,22.0237],[74.4177,22.0258],[74.4355,22.031],[74.4445,22.016],[74.4457,22.0069],[74.4362,22.0022],[74.4426,21.9936],[74.443,21.9831],[74.4517,21.9675],[74.46,21.9628],[74.4722,21.9655],[74.4934,21.9545],[74.4968,21.9464],[74.5156,21.9339],[74.5146,21.9225],[74.5275,21.9088],[74.5275,21.9035],[74.5178,21.8862],[74.517,21.8565],[74.5118,21.8212],[74.5036,21.8072],[74.5032,21.7978],[74.5089,21.7756],[74.517,21.7672],[74.5167,21.7544],[74.5114,21.7285],[74.515,21.7213],[74.5243,21.7179],[74.551,21.7194],[74.5606,21.7038],[74.5605,21.688],[74.57,21.6838],[74.5847,21.6841],[74.589,21.6653],[74.6084,21.6632],[74.6308,21.6581],[74.6564,21.6543],[74.6724,21.6492],[74.6948,21.6334],[74.724,21.624],[74.7591,21.6165],[74.775,21.6155],[74.7832,21.612],[74.801,21.6098],[74.8021,21.6161],[74.8252,21.6102],[74.8337,21.6119],[74.8356,21.619],[74.8663,21.6311],[74.884,21.6318],[74.9028,21.6298],[74.9096,21.6194],[74.926,21.6107],[74.9612,21.6],[74.9807,21.596],[75.0001,21.5886],[75.0134,21.5812],[75.0178,21.5726],[75.0318,21.5693],[75.0536,21.5672],[75.0577,21.5649],[75.065,21.5508],[75.0762,21.538],[75.09,21.5143],[75.0949,21.4938],[75.1067,21.4696],[75.1151,21.4596],[75.1298,21.4493],[75.188,21.4273],[75.2037,21.4173],[75.2199,21.4109],[75.2323,21.4166],[75.2435,21.4149],[75.254,21.4061],[75.2766,21.4089],[75.2916,21.4139],[75.3018,21.4148],[75.3032,21.3952],[75.3209,21.3924],[75.3349,21.3947],[75.3538,21.3935],[75.3614,21.4032],[75.3787,21.3924],[75.3845,21.3856],[75.4038,21.3838],[75.4093,21.3899],[75.4317,21.3939],[75.4363,21.3907],[75.4684,21.3942],[75.4848,21.3913],[75.5005,21.3916],[75.5163,21.3867],[75.5246,21.3872],[75.5481,21.3725],[75.5553,21.3775],[75.5813,21.3799],[75.5766,21.3855],[75.5913,21.3917],[75.603,21.3905],[75.6089,21.395],[75.6194,21.3935],[75.6236,21.3843],[75.6295,21.3812],[75.6588,21.3827],[75.6734,21.3804],[75.6848,21.3822],[75.6897,21.3875],[75.7068,21.3913],[75.7216,21.391],[75.7441,21.3932],[75.7589,21.3855],[75.8014,21.3902],[75.8326,21.3833],[75.8434,21.3895],[75.8628,21.3873],[75.8762,21.3982],[75.8881,21.3996],[75.9051,21.3956],[75.9165,21.3898],[75.948,21.393],[75.9594,21.3962],[75.9687,21.394],[75.9849,21.3772],[76.0002,21.3748],[76.0346,21.3653],[76.0524,21.3527],[76.0882,21.37],[76.0987,21.3739],[76.1069,21.3602],[76.116,21.3388],[76.1273,21.3073],[76.1293,21.2975],[76.135,21.2915],[76.145,21.2878],[76.1498,21.2742],[76.1592,21.2591],[76.1509,21.2456],[76.1441,21.2426],[76.1455,21.2332],[76.164,21.2242],[76.1615,21.2167],[76.1679,21.2081],[76.1659,21.1955],[76.1727,21.1883],[76.1668,21.1707],[76.143,21.1731],[76.1274,21.1779],[76.1143,21.1705],[76.114,21.1646],[76.1284,21.1567],[76.1399,21.1401],[76.1357,21.1262],[76.1515,21.115],[76.1685,21.1054],[76.1686,21.0858],[76.1773,21.0855],[76.1839,21.09],[76.2275,21.0914],[76.2351,21.0939],[76.2621,21.0947],[76.2692,21.093],[76.2818,21.0753],[76.2971,21.0772],[76.3348,21.0772],[76.3613,21.08],[76.3764,21.0773],[76.3901,21.0881],[76.4094,21.0941],[76.4118,21.1073],[76.4337,21.1067],[76.4411,21.1121],[76.4527,21.1149],[76.4529,21.1244],[76.4575,21.1383],[76.4655,21.1392],[76.469,21.1506],[76.4749,21.1521],[76.4783,21.1757],[76.4825,21.1882],[76.4912,21.1978],[76.5208,21.1892],[76.5292,21.1893],[76.5594,21.2058],[76.5752,21.2041],[76.5867,21.1987],[76.6123,21.1959],[76.6234,21.1927],[76.6316,21.2054],[76.6317,21.2289],[76.6426,21.2477],[76.6585,21.2478],[76.6611,21.2824],[76.6258,21.3297],[76.6286,21.3398],[76.6684,21.3695],[76.7321,21.4088],[76.7372,21.4153],[76.7384,21.4294],[76.7434,21.4431],[76.7758,21.4601],[76.7842,21.4665],[76.7851,21.4767],[76.7918,21.4899],[76.7865,21.4992],[76.7702,21.5107],[76.7629,21.5226],[76.7753,21.532],[76.7855,21.5353],[76.7802,21.5625],[76.7836,21.578],[76.7915,21.5874],[76.7953,21.5975],[76.8232,21.5927],[76.8335,21.5931],[76.8478,21.6133],[76.8521,21.615],[76.8917,21.6007],[76.9011,21.6008],[76.9116,21.6149],[76.9787,21.666],[76.9973,21.6816],[77.0102,21.6844],[77.0343,21.7005],[77.0595,21.7094],[77.069,21.7218],[77.0802,21.7187],[77.0939,21.7196],[77.1211,21.7253],[77.1333,21.7223],[77.1475,21.7147],[77.1578,21.7134],[77.1651,21.7169],[77.1714,21.7273],[77.188,21.7226],[77.1843,21.7045],[77.2074,21.694],[77.2216,21.7001],[77.2246,21.7179],[77.258,21.7158],[77.2674,21.7291],[77.2831,21.7242],[77.2869,21.7364],[77.2845,21.7464],[77.2783,21.7491],[77.2771,21.7598],[77.2862,21.7628],[77.2937,21.7599],[77.3213,21.757],[77.3374,21.7616],[77.3759,21.7571],[77.4011,21.7562],[77.4385,21.7627],[77.4499,21.7634],[77.4714,21.7712],[77.4759,21.7579],[77.4888,21.7502],[77.4969,21.7492],[77.5084,21.7353],[77.5179,21.727],[77.521,21.7141],[77.5334,21.7127],[77.5422,21.701],[77.5457,21.6861],[77.5505,21.6763],[77.5586,21.6687],[77.5575,21.6556],[77.5604,21.6452],[77.5713,21.627],[77.5678,21.6211],[77.5722,21.5877],[77.571,21.5626],[77.5741,21.5575],[77.5907,21.5616],[77.6058,21.5509],[77.6071,21.5428],[77.5892,21.5303],[77.567,21.5298],[77.5534,21.5362],[77.5292,21.5408],[77.5119,21.5475],[77.5044,21.5547],[77.484,21.5533],[77.4575,21.5566],[77.4502,21.5484],[77.4421,21.5446],[77.4319,21.5464],[77.4235,21.5426],[77.417,21.5331],[77.4208,21.5163],[77.4392,21.4893],[77.4383,21.4729],[77.4572,21.4671],[77.4693,21.4569],[77.4692,21.437],[77.4818,21.4157],[77.4842,21.3985],[77.483,21.3904],[77.487,21.3778],[77.5017,21.3792],[77.5105,21.3768],[77.5484,21.3812],[77.5625,21.3734],[77.6015,21.3653],[77.6058,21.3704],[77.6006,21.3891],[77.6293,21.391],[77.6392,21.3879],[77.6459,21.3934],[77.6621,21.388],[77.6631,21.3775],[77.67,21.3729],[77.6883,21.3967],[77.6943,21.3945],[77.6926,21.3806],[77.7043,21.3777],[77.7052,21.3591],[77.7383,21.3666],[77.7465,21.3842],[77.7651,21.3847],[77.7934,21.3907],[77.794,21.3996],[77.7994,21.4123],[77.818,21.4087],[77.8466,21.3941],[77.8632,21.3881],[77.8834,21.3855],[77.8866,21.3804],[77.899,21.3784],[77.9249,21.3861],[77.9388,21.3869],[77.9411,21.399],[77.9803,21.4028],[77.9997,21.4162],[78.0196,21.4206],[78.0435,21.435],[78.0637,21.4389],[78.0786,21.4457],[78.0925,21.456],[78.1272,21.4734],[78.1693,21.4985],[78.1713,21.5085],[78.1776,21.5143],[78.168,21.526],[78.1711,21.5287],[78.1727,21.5533],[78.1809,21.5587],[78.2155,21.5537],[78.2267,21.5564],[78.2387,21.5655],[78.2466,21.564],[78.2693,21.5707],[78.2585,21.5819],[78.2552,21.5898],[78.2622,21.5938],[78.2711,21.593],[78.2816,21.5868],[78.3,21.5851],[78.3018,21.5729],[78.3187,21.5756],[78.3285,21.5812],[78.3368,21.5905],[78.342,21.5829],[78.3547,21.5769],[78.361,21.5783],[78.3776,21.5956],[78.3717,21.615],[78.3795,21.6187],[78.3893,21.6106],[78.4045,21.6101],[78.4226,21.6019],[78.4158,21.5882],[78.4135,21.5777],[78.4223,21.5637],[78.4206,21.5488],[78.4275,21.5383],[78.4269,21.5302],[78.4322,21.5199],[78.4301,21.5018],[78.4386,21.5038],[78.4517,21.4973],[78.4563,21.5045],[78.4804,21.5061],[78.4908,21.518],[78.496,21.518],[78.5021,21.5266],[78.5086,21.5284],[78.5201,21.5254],[78.5373,21.5246],[78.56,21.5146],[78.5653,21.506],[78.5849,21.4869],[78.5986,21.4848],[78.6054,21.4884],[78.621,21.4775],[78.6375,21.4842],[78.6507,21.4828],[78.6591,21.4789],[78.6841,21.482],[78.6962,21.4774],[78.7039,21.4712],[78.7242,21.4644],[78.7297,21.4714],[78.7388,21.4729],[78.7404,21.4837],[78.7465,21.4939],[78.761,21.4898],[78.7644,21.4743],[78.7722,21.4671],[78.777,21.4791],[78.7846,21.4891],[78.8234,21.4911],[78.8442,21.49],[78.8515,21.4957],[78.8854,21.4856],[78.8905,21.4982],[78.8958,21.5006],[78.9206,21.4876],[78.9318,21.4874],[78.9369,21.5104],[78.9363,21.5194],[78.9234,21.5238],[78.9246,21.5387],[78.9218,21.5432],[78.9044,21.5548],[78.9127,21.5631],[78.924,21.5602],[78.9284,21.5644],[78.9116,21.5709],[78.9132,21.5924],[78.9291,21.5946],[78.9403,21.5938],[78.9623,21.6059],[78.9748,21.6176],[78.9944,21.6187],[79,21.6098],[79.0096,21.6015],[79.031,21.6056],[79.0508,21.6039],[79.0816,21.6072],[79.0881,21.5992],[79.0981,21.6028],[79.1041,21.6094],[79.0992,21.6189],[79.1112,21.6256],[79.1277,21.6281],[79.1411,21.6395],[79.1478,21.6605],[79.2166,21.6502],[79.2269,21.6576],[79.2284,21.6714],[79.2182,21.6813],[79.2219,21.7006],[79.2348,21.7152],[79.2287,21.7239],[79.2577,21.7175],[79.2718,21.709],[79.2768,21.7002],[79.2848,21.6939],[79.3173,21.6858],[79.3221,21.6884],[79.3483,21.6844],[79.349,21.6789],[79.3618,21.6795],[79.3947,21.6746],[79.4114,21.691],[79.423,21.6906],[79.428,21.6853],[79.4407,21.6822],[79.4585,21.6873],[79.4886,21.6741],[79.5011,21.6457],[79.5026,21.6346],[79.5125,21.6265],[79.5011,21.6196],[79.4982,21.6124],[79.5068,21.6024],[79.5058,21.5903],[79.5107,21.5832],[79.5217,21.5803],[79.5395,21.5652],[79.5339,21.5508],[79.5366,21.5442],[79.5474,21.5443],[79.5603,21.548],[79.5761,21.5434],[79.5895,21.5496],[79.5994,21.5508],[79.6087,21.5559],[79.6407,21.5555],[79.6506,21.5588],[79.6581,21.5773],[79.6629,21.5797],[79.6848,21.5807],[79.6938,21.591],[79.7138,21.5911],[79.7326,21.6025],[79.7688,21.5904],[79.7918,21.5814],[79.8182,21.559],[79.825,21.5467],[79.8506,21.5375],[79.8571,21.5309],[79.8767,21.5285],[79.8858,21.5296],[79.8898,21.5239],[79.9158,21.5245],[79.9183,21.5403],[79.9272,21.5537],[79.9364,21.5568],[79.9471,21.5553],[79.9614,21.558],[79.9718,21.5551],[79.9856,21.5368],[79.9936,21.5347],[80.0169,21.5489],[80.0262,21.5567],[80.0344,21.5575],[80.0542,21.5535],[80.0636,21.5546],[80.082,21.5718],[80.094,21.5863],[80.1099,21.5934],[80.1129,21.6038],[80.1186,21.6089],[80.1439,21.605],[80.15,21.6074],[80.165,21.6217],[80.1767,21.6239],[80.1882,21.6342],[80.2047,21.6335],[80.2147,21.6212],[80.2206,21.6196],[80.2602,21.6201],[80.2709,21.6106],[80.2754,21.5991],[80.288,21.5923],[80.2954,21.5755],[80.3099,21.5773],[80.3202,21.5736],[80.3301,21.5547],[80.3244,21.5487],[80.338,21.5387],[80.3658,21.5263],[80.3706,21.521],[80.3753,21.4911],[80.3845,21.4764],[80.401,21.4654],[80.4113,21.4382],[80.398,21.4231],[80.3992,21.4179],[80.3891,21.4074],[80.3898,21.4009],[80.3994,21.3805],[80.4044,21.3758],[80.421,21.3757],[80.4335,21.3712],[80.4429,21.3738],[80.4432,21.388],[80.4483,21.4023],[80.4602,21.397],[80.4756,21.3947],[80.4855,21.3976],[80.5006,21.3908],[80.5194,21.3896],[80.5297,21.381],[80.5369,21.3691],[80.5642,21.3579],[80.5584,21.3532],[80.5614,21.3433],[80.5718,21.3456],[80.5816,21.3416],[80.5831,21.3312],[80.5932,21.3248],[80.6085,21.3239],[80.6178,21.3192],[80.6336,21.3242],[80.6483,21.3264],[80.6565,21.3308]]]]},"properties":{"ID_0":105,"ISO":"IND","NAME_0":"India","ID_1":21,"NAME_1":"Maharashtra","NL_NAME_1":null,"VARNAME_1":null,"TYPE_1":"State","ENGTYPE_1":"State"}},{"type":"Feature","geometry":{"type":"Polygon","coordinates":[[[94.6824,25.4597],[94.6821,25.4505],[94.6762,25.4206],[94.671,25.4125],[94.6492,25.4064],[94.6312,25.3873],[94.6274,25.3747],[94.6277,25.3554],[94.6221,25.3368],[94.6132,25.322],[94.5987,25.2891],[94.5993,25.2669],[94.5854,25.2157],[94.6017,25.1952],[94.6131,25.1895],[94.6309,25.1904],[94.6478,25.1744],[94.6774,25.165],[94.6872,25.1579],[94.7035,25.1598],[94.7136,25.1499],[94.7358,25.1428],[94.7457,25.1366],[94.7455,25.1017],[94.751,25.0754],[94.7507,25.0635],[94.7422,25.0252],[94.7261,25.0013],[94.7132,24.9937],[94.7031,24.9783],[94.7019,24.9684],[94.7057,24.9596],[94.7136,24.953],[94.7191,24.9425],[94.7059,24.9343],[94.693,24.9079],[94.6921,24.8999],[94.6797,24.8869],[94.6568,24.8736],[94.6561,24.8629],[94.6412,24.8487],[94.6348,24.8293],[94.6348,24.8148],[94.6273,24.8043],[94.6254,24.7848],[94.633,24.7728],[94.6333,24.765],[94.6177,24.7441],[94.6124,24.7336],[94.6108,24.7221],[94.591,24.7109],[94.5845,24.7149],[94.5858,24.73],[94.5776,24.7302],[94.5706,24.7116],[94.5625,24.7183],[94.551,24.7165],[94.5466,24.7075],[94.5529,24.6928],[94.5507,24.6749],[94.5406,24.649],[94.5208,24.6168],[94.4982,24.5928],[94.4899,24.5892],[94.4853,24.5822],[94.4655,24.5756],[94.4405,24.5204],[94.4366,24.5159],[94.4296,24.4933],[94.4034,24.4878],[94.4115,24.4697],[94.4005,24.4621],[94.408,24.4538],[94.4075,24.4312],[94.3992,24.4131],[94.3744,24.4048],[94.3653,24.3997],[94.3861,24.3846],[94.3775,24.3711],[94.3518,24.342],[94.3471,24.3394],[94.3263,24.3389],[94.3279,24.319],[94.328,24.2924],[94.3132,24.2541],[94.2951,24.2399],[94.2851,24.2026],[94.2837,24.1799],[94.2665,24.1722],[94.2627,24.1677],[94.258,24.1429],[94.2592,24.1198],[94.2567,24.1066],[94.2597,24.0896],[94.2472,24.0626],[94.2331,24.0669],[94.2352,24.0587],[94.2453,24.0442],[94.2316,24.0215],[94.2154,23.9975],[94.2103,23.9924],[94.1945,23.965],[94.1935,23.9512],[94.196,23.9377],[94.1904,23.9341],[94.1769,23.9388],[94.1695,23.9287],[94.1682,23.8891],[94.165,23.8649],[94.1615,23.8528],[94.1393,23.8559],[94.1351,23.8461],[94.1226,23.8427],[94.1148,23.8525],[94.1141,23.8666],[94.1042,23.8772],[94.101,23.889],[94.0961,23.8936],[94.0757,23.8931],[94.0511,23.9004],[94.0432,23.918],[94.0277,23.926],[94.0177,23.934],[94.0015,23.9312],[93.9694,23.9339],[93.9622,23.9371],[93.96,23.9469],[93.9538,23.9502],[93.921,23.9568],[93.8961,23.9548],[93.8871,23.9475],[93.877,23.9469],[93.8662,23.9379],[93.8486,23.9381],[93.8375,23.9321],[93.816,23.9298],[93.8081,23.9331],[93.8053,23.9472],[93.7972,23.9566],[93.7935,23.9675],[93.7856,23.9694],[93.7735,23.9824],[93.7622,24.0041],[93.7569,24.0095],[93.7466,24.0085],[93.74,23.9992],[93.7202,24.0056],[93.7127,24.0052],[93.6775,24.0111],[93.6628,24.0047],[93.6524,24.0135],[93.6277,24.0152],[93.6163,24.0107],[93.6209,23.9912],[93.6093,23.9734],[93.5972,23.9673],[93.5801,23.9703],[93.5688,23.9887],[93.5635,23.9896],[93.5573,23.9797],[93.5549,23.9652],[93.5305,23.9608],[93.5151,23.9472],[93.5025,23.9558],[93.4894,23.9615],[93.4858,23.9676],[93.4722,23.9707],[93.4662,23.9792],[93.467,23.9993],[93.4588,24.0097],[93.4533,24.0229],[93.444,24.0278],[93.44,24.0436],[93.4329,24.0617],[93.4154,24.0792],[93.3911,24.0882],[93.3664,24.093],[93.3567,24.1091],[93.3538,24.0977],[93.334,24.0901],[93.342,24.0674],[93.3374,24.0534],[93.3125,24.0541],[93.2882,24.0515],[93.2768,24.0402],[93.2739,24.0339],[93.2567,24.0288],[93.2524,24.0338],[93.2623,24.0577],[93.2666,24.0603],[93.2637,24.0728],[93.248,24.0853],[93.2366,24.084],[93.2267,24.0865],[93.2224,24.0815],[93.2253,24.074],[93.2167,24.0501],[93.1983,24.0525],[93.194,24.0563],[93.1755,24.0537],[93.167,24.0612],[93.1699,24.0751],[93.1613,24.0776],[93.1585,24.0838],[93.1479,24.0881],[93.1351,24.0792],[93.1294,24.0641],[93.1123,24.0552],[93.1009,24.0564],[93.1023,24.074],[93.0895,24.0841],[93.0795,24.103],[93.0652,24.0943],[93.0537,24.0907],[93.0377,24.0952],[93.0273,24.1036],[93.0215,24.1015],[92.9964,24.1167],[92.9764,24.1148],[92.9736,24.1239],[92.9861,24.1289],[92.9929,24.1404],[92.9931,24.1532],[93.0054,24.1606],[93.0033,24.174],[93.0109,24.1822],[93.0031,24.1943],[93.0166,24.2],[93.0237,24.2176],[93.018,24.2364],[93.0067,24.254],[93.0067,24.2628],[93.0139,24.2717],[93.0082,24.2805],[93.0352,24.3184],[93.0434,24.3434],[93.0216,24.3468],[93.0193,24.3588],[93.0221,24.3742],[93.0171,24.38],[93.0244,24.3905],[93.0005,24.4033],[93.016,24.4025],[93.0392,24.4111],[93.0393,24.4176],[93.0322,24.4289],[93.0367,24.4439],[93.0379,24.4612],[93.0483,24.464],[93.0485,24.4755],[93.0358,24.4969],[93.0443,24.5058],[93.0414,24.5146],[93.0528,24.5196],[93.0485,24.5309],[93.0527,24.5447],[93.0612,24.5548],[93.0655,24.5473],[93.0727,24.5611],[93.0611,24.5748],[93.0712,24.5761],[93.0871,24.5712],[93.0973,24.5825],[93.0987,24.5913],[93.0885,24.59],[93.0754,24.5962],[93.0768,24.6038],[93.0868,24.6113],[93.0794,24.6213],[93.0894,24.6276],[93.0848,24.6477],[93.0963,24.6527],[93.099,24.6665],[93.0932,24.6765],[93.0932,24.6879],[93.0759,24.7104],[93.0888,24.7092],[93.093,24.7155],[93.0973,24.7318],[93.1072,24.7419],[93.0986,24.7444],[93.1057,24.7695],[93.1013,24.7783],[93.1071,24.7833],[93.1127,24.8022],[93.1098,24.8097],[93.1313,24.806],[93.1371,24.8111],[93.1443,24.7998],[93.1572,24.7923],[93.1744,24.8037],[93.1931,24.8062],[93.1974,24.8113],[93.1916,24.8226],[93.1973,24.8339],[93.1958,24.8464],[93.2143,24.8619],[93.2191,24.8697],[93.2291,24.8773],[93.2334,24.8848],[93.2334,24.8987],[93.242,24.9012],[93.2434,24.9075],[93.2533,24.9188],[93.2441,24.9438],[93.2595,24.9514],[93.2632,24.9664],[93.2543,24.9789],[93.252,24.9888],[93.2571,25.0032],[93.2467,25.0042],[93.2488,25.0188],[93.2578,25.0217],[93.2556,25.0287],[93.2638,25.0359],[93.2682,25.0497],[93.2845,25.0515],[93.297,25.0477],[93.3089,25.0585],[93.3061,25.0644],[93.3127,25.078],[93.3236,25.0917],[93.3358,25.0958],[93.3405,25.1144],[93.3444,25.1213],[93.351,25.1445],[93.3474,25.1639],[93.3531,25.1818],[93.3622,25.1956],[93.3685,25.2001],[93.3696,25.2081],[93.3781,25.2161],[93.3876,25.232],[93.3871,25.2424],[93.4036,25.2631],[93.4207,25.2663],[93.4233,25.2779],[93.4448,25.2923],[93.46,25.2947],[93.474,25.3093],[93.4751,25.2997],[93.4726,25.2854],[93.4768,25.279],[93.4875,25.2759],[93.4949,25.2787],[93.5108,25.2756],[93.5042,25.2534],[93.5051,25.2441],[93.5206,25.2488],[93.5412,25.2454],[93.5547,25.2505],[93.5631,25.2466],[93.5749,25.2276],[93.5903,25.2199],[93.5948,25.2111],[93.593,25.2039],[93.608,25.2021],[93.6126,25.2062],[93.6211,25.2249],[93.6431,25.26],[93.6499,25.2691],[93.6516,25.279],[93.6656,25.2984],[93.6661,25.3083],[93.6729,25.3115],[93.6721,25.3287],[93.6871,25.3312],[93.6915,25.3474],[93.6928,25.3616],[93.7116,25.3581],[93.718,25.3616],[93.7231,25.3756],[93.7398,25.3844],[93.7401,25.3952],[93.7467,25.4057],[93.7644,25.4181],[93.7811,25.4247],[93.7902,25.4434],[93.8024,25.4604],[93.809,25.4656],[93.8139,25.4847],[93.8076,25.4956],[93.7972,25.5044],[93.7885,25.5065],[93.7734,25.4978],[93.7658,25.4999],[93.7643,25.5155],[93.7718,25.5408],[93.7795,25.538],[93.8078,25.5445],[93.8197,25.5444],[93.825,25.556],[93.8333,25.5564],[93.8365,25.5631],[93.8622,25.5575],[93.8784,25.562],[93.892,25.5684],[93.9435,25.5634],[93.9574,25.5568],[93.9652,25.5566],[93.9805,25.5713],[94.0123,25.5753],[94.0078,25.5875],[94.0104,25.5954],[94.0255,25.5934],[94.0273,25.588],[94.0436,25.5775],[94.0541,25.5768],[94.0694,25.559],[94.086,25.5597],[94.0962,25.5417],[94.0921,25.5327],[94.1061,25.5289],[94.1387,25.5237],[94.1482,25.5317],[94.1529,25.5478],[94.1601,25.5553],[94.1679,25.547],[94.1828,25.5533],[94.1918,25.551],[94.1939,25.5422],[94.1907,25.5308],[94.2129,25.5082],[94.2128,25.5028],[94.223,25.4968],[94.2521,25.4991],[94.2573,25.5034],[94.2741,25.503],[94.2867,25.5117],[94.3026,25.4946],[94.3135,25.4945],[94.329,25.5084],[94.3647,25.5215],[94.3885,25.5366],[94.4109,25.5435],[94.4203,25.5427],[94.4256,25.5529],[94.4251,25.573],[94.4224,25.576],[94.43,25.5927],[94.4443,25.596],[94.474,25.6216],[94.4912,25.6198],[94.4934,25.6143],[94.5145,25.6305],[94.5315,25.6501],[94.5395,25.6511],[94.5518,25.6625],[94.5522,25.6674],[94.5651,25.6808],[94.568,25.6922],[94.573,25.6977],[94.5969,25.6869],[94.5853,25.6749],[94.5874,25.6718],[94.5761,25.6447],[94.5869,25.6466],[94.5952,25.6439],[94.5838,25.6345],[94.5728,25.6113],[94.5686,25.6078],[94.5557,25.5858],[94.5615,25.5783],[94.5604,25.568],[94.5635,25.5397],[94.5574,25.5128],[94.5746,25.5052],[94.5872,25.4925],[94.6075,25.4824],[94.6253,25.4691],[94.6587,25.4571],[94.6698,25.4554],[94.6824,25.4597]]]},"properties":{"ID_0":105,"ISO":"IND","NAME_0":"India","ID_1":22,"NAME_1":"Manipur","NL_NAME_1":null,"VARNAME_1":null,"TYPE_1":"State","ENGTYPE_1":"State"}},{"type":"Feature","geometry":{"type":"Polygon","coordinates":[[[92.4259,25.0318],[92.4046,25.0362],[92.4011,25.0415],[92.3754,25.0444],[92.3696,25.0512],[92.3472,25.0522],[92.356,25.0651],[92.356,25.0734],[92.3385,25.0813],[92.3269,25.0804],[92.3225,25.0744],[92.3101,25.0732],[92.2816,25.0808],[92.2615,25.0877],[92.2534,25.093],[92.2294,25.1007],[92.2283,25.1066],[92.2154,25.1117],[92.2157,25.1205],[92.2033,25.1283],[92.192,25.1209],[92.1841,25.1284],[92.1681,25.1315],[92.1395,25.1455],[92.1408,25.1572],[92.132,25.1669],[92.1019,25.1805],[92.0747,25.1891],[92.0656,25.19],[92.0363,25.1848],[92.0306,25.1821],[92.0179,25.1895],[92.0033,25.1866],[91.9889,25.1756],[91.9796,25.1756],[91.9732,25.1822],[91.9426,25.184],[91.9222,25.1871],[91.8973,25.1814],[91.8578,25.1776],[91.8374,25.1824],[91.8092,25.1728],[91.7788,25.1686],[91.7667,25.1716],[91.7574,25.1797],[91.7448,25.1638],[91.7453,25.1529],[91.7381,25.1507],[91.724,25.1536],[91.7202,25.1575],[91.7073,25.1588],[91.7078,25.1511],[91.6958,25.1391],[91.679,25.1382],[91.6684,25.1303],[91.6605,25.1318],[91.6445,25.1227],[91.6283,25.1283],[91.6259,25.145],[91.6144,25.146],[91.6071,25.1431],[91.6033,25.16],[91.6076,25.1667],[91.6189,25.1701],[91.6174,25.1759],[91.5803,25.1728],[91.5751,25.1607],[91.5669,25.1588],[91.5589,25.1493],[91.5378,25.1444],[91.5136,25.1453],[91.5043,25.1367],[91.4851,25.1363],[91.4741,25.1339],[91.4712,25.1501],[91.4507,25.1482],[91.4317,25.1552],[91.4252,25.1658],[91.3998,25.1643],[91.3951,25.1671],[91.3776,25.1665],[91.368,25.1756],[91.357,25.1721],[91.3406,25.1728],[91.3263,25.1824],[91.3077,25.183],[91.2934,25.1872],[91.2936,25.1935],[91.28,25.1986],[91.2738,25.2043],[91.2658,25.2025],[91.2557,25.1951],[91.2403,25.1971],[91.199,25.1996],[91.1722,25.1943],[91.1561,25.1961],[91.1383,25.1936],[91.1212,25.1939],[91.1043,25.1968],[91.0825,25.1975],[91.0709,25.1914],[91.0598,25.1905],[91.0429,25.1852],[91.0277,25.1853],[91.0231,25.1816],[91.0052,25.1795],[90.9926,25.1741],[90.9702,25.1713],[90.9299,25.1606],[90.9079,25.1597],[90.8997,25.1647],[90.8857,25.1643],[90.8758,25.1583],[90.8535,25.1558],[90.8434,25.1592],[90.8144,25.1625],[90.8085,25.1652],[90.7983,25.1785],[90.7888,25.1782],[90.7854,25.184],[90.7697,25.1769],[90.7639,25.17],[90.751,25.1641],[90.7398,25.1623],[90.7199,25.1665],[90.7044,25.1553],[90.6954,25.1635],[90.6793,25.1705],[90.667,25.1875],[90.6567,25.1808],[90.6509,25.1828],[90.6369,25.1722],[90.6134,25.1754],[90.5964,25.1757],[90.5828,25.1708],[90.5593,25.1741],[90.5081,25.1714],[90.494,25.1614],[90.4596,25.1523],[90.455,25.1444],[90.424,25.153],[90.4164,25.1593],[90.3827,25.1631],[90.355,25.1801],[90.3451,25.1908],[90.3374,25.1942],[90.3181,25.1897],[90.2787,25.2002],[90.2645,25.1998],[90.2414,25.2068],[90.2286,25.2034],[90.2254,25.2076],[90.1983,25.2131],[90.1749,25.224],[90.1288,25.2265],[90.1196,25.2255],[90.0993,25.2387],[90.0807,25.2449],[90.0569,25.2641],[90.0343,25.267],[90.0055,25.2831],[89.9993,25.279],[89.9859,25.2824],[89.9834,25.292],[89.9755,25.3013],[89.9672,25.3033],[89.9486,25.2982],[89.9367,25.3006],[89.9147,25.3084],[89.9064,25.3074],[89.8897,25.2899],[89.8815,25.287],[89.8606,25.2878],[89.8343,25.2957],[89.8474,25.3103],[89.8347,25.323],[89.8369,25.3342],[89.8255,25.3492],[89.822,25.3586],[89.8242,25.3661],[89.8217,25.3854],[89.8305,25.4038],[89.8287,25.4126],[89.8398,25.4386],[89.8553,25.4597],[89.8551,25.476],[89.8687,25.4764],[89.88,25.4886],[89.88,25.4956],[89.8738,25.5136],[89.8703,25.5215],[89.8757,25.5285],[89.8715,25.5373],[89.8746,25.5416],[89.8701,25.5442],[89.8776,25.5489],[89.8864,25.5579],[89.9181,25.5626],[89.9358,25.5627],[89.9416,25.5676],[89.9665,25.5717],[89.9728,25.5746],[89.9792,25.5907],[89.9954,25.5863],[90.0058,25.5884],[90.0184,25.6084],[90.0045,25.6238],[89.9993,25.6219],[89.9833,25.6267],[89.9804,25.6376],[89.947,25.6588],[89.9417,25.6781],[89.9324,25.69],[89.9211,25.6944],[89.9185,25.7027],[89.9126,25.7071],[89.8942,25.7272],[89.8926,25.735],[89.8991,25.7441],[89.9161,25.7392],[89.9335,25.7446],[89.9337,25.7525],[89.9435,25.7605],[89.9552,25.7745],[89.9526,25.7834],[89.9508,25.792],[89.952,25.8109],[89.9456,25.8161],[89.9458,25.8202],[89.9506,25.8249],[89.968,25.8262],[89.9759,25.834],[89.9908,25.8355],[90.0016,25.8422],[89.9974,25.8442],[90.0003,25.8486],[90.0115,25.8497],[90.0219,25.8655],[90.0187,25.8714],[90.0144,25.8718],[90.0047,25.8787],[90.0153,25.8886],[90.0279,25.8943],[90.0421,25.8908],[90.0522,25.8987],[90.0589,25.9103],[90.0633,25.9155],[90.0724,25.9193],[90.078,25.9177],[90.0807,25.9245],[90.0919,25.9288],[90.088,25.9362],[90.0961,25.9395],[90.1005,25.9421],[90.1138,25.9574],[90.14,25.9581],[90.1474,25.9645],[90.1584,25.9583],[90.1761,25.9571],[90.1805,25.947],[90.1857,25.9456],[90.194,25.957],[90.2084,25.9616],[90.2128,25.9539],[90.2274,25.9551],[90.2866,25.9639],[90.3243,25.9744],[90.3299,25.9885],[90.3369,25.9902],[90.3467,26.003],[90.365,26.0103],[90.3874,26.0113],[90.3965,26.0142],[90.411,26.0059],[90.4174,25.9923],[90.4286,25.989],[90.4575,25.9996],[90.4709,26.0126],[90.4773,26.0153],[90.4896,26.0096],[90.5057,25.996],[90.5136,25.9824],[90.5345,25.958],[90.5322,25.9326],[90.5262,25.9283],[90.5185,25.9094],[90.5111,25.9001],[90.518,25.8965],[90.5255,25.901],[90.5392,25.9155],[90.5468,25.9199],[90.5534,25.9291],[90.5714,25.939],[90.5728,25.9482],[90.5788,25.958],[90.5873,25.9539],[90.6019,25.9518],[90.6054,25.947],[90.629,25.9374],[90.6076,25.9196],[90.6065,25.9123],[90.6142,25.8995],[90.6248,25.8989],[90.6289,25.9065],[90.6273,25.917],[90.6378,25.9233],[90.6757,25.9365],[90.686,25.9508],[90.7131,25.9522],[90.7254,25.9488],[90.7474,25.9573],[90.7403,25.9409],[90.7441,25.9328],[90.7526,25.934],[90.7405,25.9152],[90.7589,25.9216],[90.7577,25.9111],[90.7781,25.9083],[90.7817,25.9212],[90.7971,25.9415],[90.8087,25.9472],[90.8204,25.9484],[90.8432,25.9448],[90.8696,25.9424],[90.883,25.9517],[90.9012,25.9296],[90.9191,25.9133],[90.9159,25.9432],[90.9321,25.9397],[90.9427,25.9476],[90.9456,25.9391],[90.9579,25.9339],[90.9669,25.9053],[90.9675,25.8872],[90.9848,25.8899],[91.0137,25.8843],[91.0292,25.888],[91.0265,25.8666],[91.0131,25.8572],[91.0127,25.8488],[91.0016,25.8258],[91.0061,25.8208],[91.0208,25.8226],[91.042,25.8394],[91.0491,25.8488],[91.0659,25.8464],[91.0785,25.8526],[91.0729,25.8383],[91.0618,25.8361],[91.0499,25.8289],[91.0633,25.8204],[91.0665,25.8258],[91.0814,25.8293],[91.1208,25.8313],[91.1317,25.8419],[91.1379,25.8421],[91.1529,25.8501],[91.1617,25.8493],[91.179,25.8428],[91.193,25.8552],[91.2026,25.8405],[91.1945,25.8306],[91.1882,25.8156],[91.191,25.8107],[91.1847,25.795],[91.184,25.7826],[91.1799,25.7763],[91.1892,25.7635],[91.1887,25.7389],[91.198,25.731],[91.2159,25.7239],[91.2239,25.7234],[91.2554,25.7478],[91.2756,25.7469],[91.2796,25.7567],[91.2969,25.7782],[91.3063,25.7964],[91.325,25.8238],[91.3324,25.8321],[91.3486,25.8404],[91.3637,25.8405],[91.3705,25.8443],[91.3885,25.8473],[91.4127,25.8539],[91.4243,25.8536],[91.4412,25.8416],[91.4687,25.859],[91.4784,25.8577],[91.483,25.8629],[91.496,25.8623],[91.5128,25.8666],[91.5254,25.8729],[91.5321,25.8882],[91.5258,25.8901],[91.5198,25.878],[91.5078,25.8674],[91.4937,25.8655],[91.4748,25.8712],[91.4834,25.8911],[91.5012,25.8985],[91.5085,25.9098],[91.5313,25.9237],[91.5217,25.9249],[91.5108,25.9154],[91.5016,25.9208],[91.5198,25.9409],[91.5185,25.9582],[91.5372,25.9621],[91.5373,25.9684],[91.5513,25.9749],[91.5548,25.9866],[91.5654,26.0018],[91.57,26.0275],[91.5758,26.0331],[91.5881,26.0301],[91.5968,26.0208],[91.6203,26.027],[91.6322,26.0224],[91.633,26.0049],[91.6247,25.9859],[91.628,25.977],[91.6379,25.9648],[91.6341,25.9605],[91.6301,25.9446],[91.6109,25.9446],[91.6112,25.9399],[91.6328,25.9258],[91.6479,25.9137],[91.6515,25.9077],[91.6619,25.9099],[91.6693,25.9054],[91.6786,25.9173],[91.6864,25.9212],[91.702,25.9379],[91.7202,25.9541],[91.7216,25.9651],[91.7198,25.9783],[91.7232,26.0303],[91.7264,26.0469],[91.733,26.051],[91.7313,26.0592],[91.7595,26.0713],[91.7785,26.0912],[91.7904,26.087],[91.8018,26.1049],[91.8081,26.1038],[91.8193,26.1187],[91.8266,26.1181],[91.8538,26.1048],[91.8758,26.0977],[91.8752,26.0846],[91.8693,26.0569],[91.8702,26.0522],[91.8832,26.03],[91.9075,26.0271],[91.917,26.0215],[91.9157,26.0103],[91.9196,26.0001],[91.9258,25.9997],[91.934,26.0147],[91.9463,26.0145],[91.9782,26.0259],[91.9911,26.041],[92.0034,26.038],[92.0361,26.0394],[92.0529,26.0328],[92.0632,26.0347],[92.0934,26.0485],[92.1089,26.0497],[92.1234,26.0449],[92.1331,26.0459],[92.1505,26.0649],[92.1691,26.0776],[92.1783,26.0795],[92.1823,26.0703],[92.1894,26.0669],[92.212,26.071],[92.2283,26.0676],[92.2412,26.0625],[92.2737,26.0659],[92.2881,26.07],[92.2939,26.0778],[92.3016,26.0765],[92.2557,26.0289],[92.2077,25.9917],[92.2009,25.9856],[92.1916,25.9852],[92.181,25.9752],[92.1656,25.9644],[92.1673,25.9588],[92.1563,25.9448],[92.1614,25.9325],[92.1599,25.9152],[92.1637,25.9118],[92.1809,25.9086],[92.1867,25.9158],[92.1972,25.918],[92.2006,25.9082],[92.2226,25.9113],[92.225,25.9016],[92.2156,25.8938],[92.2033,25.8901],[92.195,25.8813],[92.181,25.8716],[92.181,25.8514],[92.1655,25.833],[92.1631,25.8218],[92.1531,25.8127],[92.1537,25.7955],[92.151,25.7836],[92.1582,25.7572],[92.1648,25.7448],[92.1642,25.7287],[92.1563,25.7248],[92.1496,25.7145],[92.1559,25.7091],[92.1655,25.6784],[92.1607,25.6719],[92.1698,25.6664],[92.192,25.6863],[92.2001,25.6873],[92.2106,25.6959],[92.2249,25.714],[92.2326,25.7151],[92.2368,25.7084],[92.248,25.711],[92.2705,25.7109],[92.2936,25.7173],[92.3061,25.7231],[92.339,25.7269],[92.3518,25.7349],[92.363,25.7365],[92.3715,25.7465],[92.3835,25.7474],[92.3948,25.7415],[92.4048,25.7437],[92.4164,25.7405],[92.4128,25.733],[92.4213,25.7295],[92.432,25.732],[92.442,25.7209],[92.4272,25.7104],[92.4315,25.7043],[92.4343,25.6875],[92.4513,25.6866],[92.4654,25.6825],[92.4813,25.6639],[92.4979,25.627],[92.5106,25.6172],[92.5173,25.6201],[92.5576,25.612],[92.5563,25.5928],[92.561,25.5743],[92.5725,25.5604],[92.5814,25.5598],[92.5875,25.553],[92.6026,25.5574],[92.6087,25.5657],[92.6306,25.5707],[92.6406,25.5874],[92.6535,25.5922],[92.6605,25.5851],[92.6607,25.5703],[92.6499,25.56],[92.645,25.5466],[92.6447,25.5374],[92.6376,25.5285],[92.6216,25.5158],[92.6096,25.5126],[92.6056,25.5081],[92.581,25.4952],[92.5678,25.4808],[92.5674,25.4675],[92.5715,25.4641],[92.5823,25.4729],[92.5854,25.4676],[92.5982,25.4717],[92.5998,25.4571],[92.6056,25.4484],[92.6078,25.4304],[92.607,25.4185],[92.6118,25.4161],[92.6206,25.4237],[92.6379,25.4288],[92.6416,25.4195],[92.6505,25.4317],[92.6601,25.4104],[92.6738,25.4171],[92.68,25.4086],[92.6935,25.4],[92.7004,25.3878],[92.7129,25.3845],[92.7181,25.375],[92.7348,25.3825],[92.7361,25.3738],[92.7501,25.3544],[92.7512,25.3485],[92.7606,25.3353],[92.7725,25.3396],[92.7844,25.3325],[92.788,25.3176],[92.7838,25.308],[92.7922,25.2868],[92.7891,25.2785],[92.7698,25.2689],[92.7767,25.2605],[92.7646,25.2493],[92.7722,25.2333],[92.7863,25.2314],[92.8031,25.2215],[92.7984,25.2134],[92.7796,25.2031],[92.7589,25.204],[92.7471,25.2078],[92.7333,25.2032],[92.7162,25.1942],[92.7046,25.1905],[92.6939,25.1814],[92.677,25.1822],[92.663,25.173],[92.6557,25.1541],[92.6441,25.1512],[92.6324,25.1376],[92.63,25.125],[92.6216,25.1177],[92.61,25.1241],[92.5984,25.1247],[92.5817,25.1319],[92.5532,25.1307],[92.5399,25.1373],[92.5356,25.1344],[92.5247,25.14],[92.5252,25.1256],[92.5331,25.1121],[92.5408,25.1041],[92.538,25.0993],[92.5265,25.1059],[92.5098,25.1055],[92.4991,25.1081],[92.4843,25.1081],[92.4803,25.1004],[92.4802,25.0858],[92.4746,25.0708],[92.466,25.0572],[92.4633,25.0371],[92.451,25.041],[92.4418,25.0399],[92.4379,25.0338],[92.4259,25.0318]]]},"properties":{"ID_0":105,"ISO":"IND","NAME_0":"India","ID_1":23,"NAME_1":"Meghalaya","NL_NAME_1":null,"VARNAME_1":null,"TYPE_1":"State","ENGTYPE_1":"State"}},{"type":"Feature","geometry":{"type":"Polygon","coordinates":[[[93.0005,24.4033],[93.0244,24.3905],[93.0171,24.38],[93.0221,24.3742],[93.0193,24.3588],[93.0216,24.3468],[93.0434,24.3434],[93.0352,24.3184],[93.0082,24.2805],[93.0139,24.2717],[93.0067,24.2628],[93.0067,24.254],[93.018,24.2364],[93.0237,24.2176],[93.0166,24.2],[93.0031,24.1943],[93.0109,24.1822],[93.0033,24.174],[93.0054,24.1606],[92.9931,24.1532],[92.9929,24.1404],[92.9861,24.1289],[92.9736,24.1239],[92.9764,24.1148],[92.9964,24.1167],[93.0215,24.1015],[93.0273,24.1036],[93.0377,24.0952],[93.0537,24.0907],[93.0652,24.0943],[93.0795,24.103],[93.0895,24.0841],[93.1023,24.074],[93.1009,24.0564],[93.1123,24.0552],[93.1294,24.0641],[93.1351,24.0792],[93.1479,24.0881],[93.1585,24.0838],[93.1613,24.0776],[93.1699,24.0751],[93.167,24.0612],[93.1755,24.0537],[93.194,24.0563],[93.1983,24.0525],[93.2167,24.0501],[93.2253,24.074],[93.2224,24.0815],[93.2267,24.0865],[93.2366,24.084],[93.248,24.0853],[93.2637,24.0728],[93.2666,24.0603],[93.2623,24.0577],[93.2524,24.0338],[93.2567,24.0288],[93.2739,24.0339],[93.2768,24.0402],[93.2882,24.0515],[93.3125,24.0541],[93.3374,24.0534],[93.3422,24.0446],[93.3332,24.0398],[93.3422,24.0307],[93.3369,24.0238],[93.3403,24.0124],[93.3374,23.9828],[93.3516,23.978],[93.3559,23.9613],[93.3649,23.946],[93.3757,23.9378],[93.3987,23.9303],[93.3956,23.8873],[93.3971,23.8409],[93.3992,23.8242],[93.4098,23.8136],[93.4101,23.7988],[93.4044,23.7751],[93.4071,23.7556],[93.4144,23.7435],[93.4177,23.7325],[93.4149,23.7226],[93.4169,23.7121],[93.4233,23.704],[93.4365,23.6962],[93.4447,23.6824],[93.4361,23.6718],[93.4283,23.6535],[93.4327,23.6188],[93.4331,23.5824],[93.424,23.5694],[93.4272,23.553],[93.4276,23.5344],[93.4076,23.5085],[93.4081,23.4965],[93.4044,23.485],[93.4071,23.4753],[93.4014,23.457],[93.3972,23.4333],[93.3983,23.4113],[93.4058,23.3976],[93.4142,23.388],[93.4046,23.3835],[93.3964,23.374],[93.3988,23.3643],[93.3763,23.3626],[93.3658,23.3545],[93.3793,23.3327],[93.3767,23.3195],[93.3812,23.2899],[93.3754,23.2826],[93.3784,23.2561],[93.3947,23.2243],[93.3874,23.2112],[93.3853,23.188],[93.3806,23.1669],[93.3739,23.1503],[93.3791,23.1436],[93.3907,23.1479],[93.3936,23.1386],[93.382,23.1275],[93.365,23.1167],[93.362,23.0954],[93.3525,23.0846],[93.3582,23.0779],[93.353,23.0648],[93.3452,23.0648],[93.3326,23.0357],[93.3212,23.0219],[93.315,23.0221],[93.302,23.0083],[93.2882,23.0046],[93.2786,23.0056],[93.2681,23.0123],[93.2532,23.0065],[93.2412,23.0141],[93.2341,23.0219],[93.2202,23.0452],[93.2062,23.0569],[93.1945,23.0603],[93.183,23.058],[93.1678,23.049],[93.1556,23.0581],[93.1419,23.0606],[93.1329,23.0475],[93.1358,23.0352],[93.1316,23.0259],[93.1358,23.0129],[93.1292,23.0008],[93.1426,22.9937],[93.1476,22.9806],[93.1425,22.9644],[93.1516,22.95],[93.1534,22.9306],[93.1661,22.9225],[93.1628,22.9135],[93.1388,22.9132],[93.1352,22.9072],[93.1383,22.8934],[93.1302,22.8694],[93.1217,22.8628],[93.1208,22.8373],[93.1112,22.8282],[93.1162,22.8163],[93.0993,22.8104],[93.1127,22.7442],[93.1019,22.7274],[93.0991,22.7143],[93.0918,22.7093],[93.1042,22.6961],[93.1069,22.6863],[93.1035,22.6741],[93.1106,22.6591],[93.1185,22.6515],[93.1148,22.6392],[93.1243,22.6301],[93.1364,22.6229],[93.1429,22.6076],[93.1456,22.5861],[93.1292,22.5745],[93.1216,22.56],[93.1155,22.5547],[93.116,22.5405],[93.1117,22.5318],[93.1309,22.5261],[93.1337,22.5199],[93.1289,22.5098],[93.1378,22.4951],[93.1383,22.4866],[93.1345,22.4748],[93.1458,22.4585],[93.1567,22.4521],[93.1754,22.4513],[93.1908,22.4273],[93.1889,22.4135],[93.1955,22.4033],[93.1915,22.3959],[93.1974,22.38],[93.1926,22.3708],[93.1971,22.3586],[93.1995,22.3372],[93.2066,22.3295],[93.1963,22.3246],[93.2006,22.3132],[93.2019,22.2809],[93.2093,22.2662],[93.2086,22.2611],[93.1964,22.2556],[93.1904,22.2497],[93.1709,22.2497],[93.1471,22.2465],[93.1464,22.2411],[93.1565,22.2287],[93.1591,22.2098],[93.1698,22.2001],[93.163,22.1823],[93.1544,22.1782],[93.1387,22.1767],[93.1307,22.1791],[93.1228,22.189],[93.1172,22.2013],[93.1022,22.1988],[93.0888,22.2026],[93.077,22.2101],[93.0539,22.2032],[93.0445,22.1937],[93.0537,22.1758],[93.0549,22.1654],[93.0469,22.1387],[93.0592,22.1275],[93.0665,22.1133],[93.0656,22.1021],[93.0521,22.0992],[93.0392,22.1049],[93.016,22.1055],[93.0145,22.0852],[93.0008,22.0556],[92.9999,22.0395],[93.0104,22.0112],[93.0092,21.9839],[92.999,21.9779],[92.988,21.9829],[92.9795,22.0064],[92.9731,22.01],[92.9669,22.0203],[92.9666,22.0271],[92.9558,22.0299],[92.9421,22.0183],[92.9391,22.0086],[92.9277,21.9959],[92.9158,21.965],[92.9161,21.9494],[92.9058,21.9536],[92.9047,21.9808],[92.8943,22.012],[92.8747,22.0301],[92.8725,22.0365],[92.8702,22.0608],[92.8633,22.0676],[92.849,22.0624],[92.8365,22.0764],[92.8256,22.0797],[92.8171,22.0956],[92.7888,22.1089],[92.7737,22.111],[92.7657,22.1263],[92.7378,22.139],[92.7328,22.1496],[92.7034,22.1538],[92.6994,22.1483],[92.7006,22.1384],[92.6971,22.0993],[92.697,22.0809],[92.6913,22.0811],[92.6896,22.1071],[92.6838,22.1053],[92.6873,22.0631],[92.6867,22.05],[92.69,22.041],[92.6873,22.0239],[92.6808,22.0142],[92.6592,22.0147],[92.6379,21.9887],[92.6123,21.9803],[92.6089,21.9928],[92.6102,22.004],[92.6051,22.0101],[92.6049,22.0309],[92.599,22.0378],[92.6047,22.0499],[92.605,22.0576],[92.5933,22.0822],[92.5841,22.1062],[92.5753,22.1183],[92.5712,22.1323],[92.5965,22.1366],[92.61,22.1213],[92.6148,22.1469],[92.6139,22.1729],[92.6048,22.1825],[92.5977,22.2321],[92.5977,22.2572],[92.5862,22.2894],[92.5875,22.321],[92.5811,22.3409],[92.5763,22.3631],[92.5656,22.3919],[92.5641,22.4149],[92.5595,22.4379],[92.5576,22.4627],[92.5532,22.4811],[92.5487,22.5224],[92.5416,22.5541],[92.5331,22.5661],[92.5337,22.575],[92.5405,22.5788],[92.5398,22.6041],[92.536,22.6177],[92.5317,22.6561],[92.527,22.6762],[92.5216,22.6878],[92.5176,22.7077],[92.5031,22.7411],[92.4886,22.7474],[92.4914,22.752],[92.4846,22.7645],[92.4825,22.7817],[92.4777,22.7843],[92.4778,22.7983],[92.4728,22.8008],[92.4626,22.8141],[92.4584,22.8264],[92.4648,22.8328],[92.4613,22.8434],[92.4644,22.856],[92.4535,22.8656],[92.4583,22.872],[92.4501,22.8791],[92.4475,22.8936],[92.4394,22.8869],[92.4307,22.8897],[92.4281,22.9018],[92.4188,22.913],[92.4044,22.9165],[92.3951,22.9319],[92.381,22.9303],[92.3758,22.9399],[92.3803,22.9555],[92.3778,22.9648],[92.3805,22.9819],[92.3855,22.9869],[92.3858,23.0017],[92.3818,23.01],[92.3858,23.0221],[92.3855,23.038],[92.3926,23.047],[92.3937,23.0582],[92.3884,23.0701],[92.3859,23.0837],[92.369,23.0985],[92.3654,23.1103],[92.3734,23.1279],[92.3647,23.1374],[92.3716,23.1598],[92.3663,23.174],[92.3616,23.1971],[92.3641,23.2015],[92.364,23.2202],[92.3611,23.2375],[92.3732,23.2397],[92.4086,23.2422],[92.4055,23.2558],[92.3992,23.2614],[92.4004,23.2694],[92.3909,23.2852],[92.3877,23.3086],[92.3812,23.3207],[92.3735,23.3213],[92.3794,23.3352],[92.3837,23.3536],[92.3804,23.3625],[92.3654,23.3679],[92.3598,23.3813],[92.3632,23.391],[92.3587,23.3981],[92.3611,23.41],[92.3525,23.4148],[92.3529,23.4294],[92.3471,23.4356],[92.3408,23.4312],[92.3346,23.4558],[92.3381,23.4645],[92.3271,23.4707],[92.3311,23.4771],[92.3275,23.4919],[92.3263,23.5083],[92.3212,23.522],[92.3128,23.5338],[92.318,23.5546],[92.3135,23.5626],[92.3115,23.5791],[92.3059,23.5913],[92.2936,23.596],[92.2933,23.6155],[92.3002,23.6253],[92.2853,23.6362],[92.28,23.6438],[92.288,23.6572],[92.2953,23.6755],[92.2949,23.6942],[92.2907,23.7031],[92.283,23.7084],[92.2763,23.7219],[92.2685,23.7286],[92.2663,23.7387],[92.2671,23.7619],[92.2678,23.77],[92.2623,23.8049],[92.2607,23.8071],[92.2594,23.815],[92.2695,23.8178],[92.2808,23.8151],[92.2868,23.8168],[92.2834,23.8234],[92.2836,23.8242],[92.2821,23.8309],[92.2771,23.8366],[92.2741,23.8436],[92.2766,23.8529],[92.2852,23.8573],[92.2878,23.867],[92.2939,23.8713],[92.2951,23.8701],[92.3006,23.8664],[92.3073,23.8639],[92.3196,23.8652],[92.3182,23.8671],[92.322,23.8698],[92.3204,23.878],[92.3171,23.8792],[92.3166,23.8817],[92.3193,23.8837],[92.3183,23.888],[92.3216,23.8914],[92.3236,23.9047],[92.3299,23.9055],[92.3307,23.9214],[92.3212,23.9261],[92.3134,23.9345],[92.3112,23.9456],[92.3126,23.9575],[92.3133,23.961],[92.3126,23.9702],[92.3196,23.9753],[92.3291,23.9897],[92.3272,24.0019],[92.3172,24.0176],[92.3189,24.0192],[92.3217,24.0188],[92.3167,24.028],[92.3193,24.0313],[92.3172,24.0375],[92.3153,24.0487],[92.3203,24.0512],[92.3217,24.0587],[92.3168,24.0668],[92.327,24.0764],[92.3297,24.1012],[92.3323,24.1053],[92.3293,24.1103],[92.3317,24.1131],[92.3282,24.1246],[92.3282,24.1352],[92.3292,24.1399],[92.3323,24.144],[92.3353,24.1436],[92.3363,24.1444],[92.3344,24.1508],[92.3318,24.1636],[92.3299,24.1747],[92.327,24.1861],[92.3295,24.1912],[92.3248,24.1948],[92.3246,24.2058],[92.3161,24.2132],[92.3097,24.2148],[92.3138,24.2229],[92.3012,24.2245],[92.2976,24.2272],[92.2995,24.2316],[92.2963,24.2338],[92.2968,24.2381],[92.2949,24.2407],[92.2953,24.248],[92.2966,24.2517],[92.3141,24.2526],[92.3765,24.2513],[92.4224,24.2531],[92.4185,24.2216],[92.419,24.1944],[92.4221,24.1885],[92.4332,24.1833],[92.4345,24.1741],[92.4352,24.1626],[92.4374,24.1514],[92.4418,24.1529],[92.4506,24.1437],[92.4572,24.1435],[92.4631,24.1364],[92.4668,24.135],[92.4733,24.142],[92.4836,24.1539],[92.4826,24.1571],[92.4849,24.1593],[92.4881,24.1622],[92.5025,24.1621],[92.5049,24.1673],[92.5095,24.1629],[92.5128,24.1626],[92.5086,24.1692],[92.5136,24.1736],[92.5297,24.1748],[92.5315,24.1835],[92.5415,24.2062],[92.5474,24.2244],[92.5471,24.2377],[92.5506,24.2459],[92.5646,24.2501],[92.588,24.2449],[92.596,24.2493],[92.606,24.2492],[92.6116,24.2533],[92.6155,24.2636],[92.6194,24.2868],[92.6168,24.2912],[92.6194,24.3115],[92.6262,24.3345],[92.645,24.3277],[92.6518,24.3303],[92.6585,24.3435],[92.6748,24.3498],[92.6796,24.3478],[92.6917,24.3564],[92.6969,24.374],[92.7041,24.3762],[92.7034,24.3838],[92.7142,24.4053],[92.7238,24.4359],[92.7305,24.4528],[92.7436,24.4746],[92.7545,24.5011],[92.7536,24.507],[92.7652,24.5208],[92.7791,24.4865],[92.7822,24.4748],[92.7978,24.4347],[92.8038,24.4217],[92.8111,24.4136],[92.8317,24.3993],[92.8266,24.3936],[92.8282,24.3793],[92.8327,24.3764],[92.8469,24.3823],[92.8516,24.3924],[92.8629,24.3995],[92.8718,24.3971],[92.8842,24.403],[92.8944,24.3953],[92.9052,24.3945],[92.9115,24.4129],[92.9234,24.4057],[92.9277,24.3986],[92.9357,24.3955],[92.9406,24.4011],[92.9512,24.4048],[92.9603,24.3959],[92.9708,24.4012],[92.9803,24.4097],[92.9953,24.402],[93.0005,24.4033]]]},"properties":{"ID_0":105,"ISO":"IND","NAME_0":"India","ID_1":24,"NAME_1":"Mizoram","NL_NAME_1":null,"VARNAME_1":null,"TYPE_1":"State","ENGTYPE_1":"State"}},{"type":"Feature","geometry":{"type":"Polygon","coordinates":[[[95.2376,26.6863],[95.2195,26.6607],[95.2062,26.6491],[95.1913,26.6477],[95.182,26.6433],[95.1714,26.6301],[95.1547,26.6195],[95.1522,26.5976],[95.1562,26.5868],[95.1545,26.5808],[95.1385,26.5605],[95.1268,26.5624],[95.1148,26.548],[95.1208,26.5298],[95.1132,26.5187],[95.1035,26.5129],[95.1024,26.5032],[95.091,26.4946],[95.076,26.4777],[95.0688,26.4667],[95.0664,26.4504],[95.087,26.452],[95.1087,26.4237],[95.1048,26.4013],[95.1217,26.398],[95.1357,26.3878],[95.1346,26.3757],[95.1283,26.3547],[95.1335,26.3426],[95.1275,26.3359],[95.1312,26.3074],[95.1311,26.2925],[95.1207,26.2749],[95.1297,26.2562],[95.1212,26.2387],[95.1231,26.233],[95.1332,26.2256],[95.1425,26.2142],[95.1283,26.2031],[95.1258,26.1827],[95.1168,26.163],[95.1279,26.137],[95.1209,26.122],[95.1206,26.1097],[95.1267,26.101],[95.138,26.1026],[95.1516,26.0949],[95.1659,26.099],[95.1854,26.0847],[95.1836,26.0745],[95.1656,26.0534],[95.1647,26.035],[95.1489,26.0188],[95.1407,26.0065],[95.1175,25.9877],[95.1065,25.9682],[95.0934,25.9615],[95.0789,25.9508],[95.0574,25.947],[95.0449,25.9348],[95.0367,25.9351],[95.0364,25.927],[95.028,25.9198],[95.0193,25.901],[95.0222,25.8875],[95.0156,25.8807],[95.0154,25.872],[95.0275,25.8515],[95.0332,25.8465],[95.0348,25.8274],[95.0375,25.8202],[95.0494,25.8101],[95.0515,25.7991],[95.0455,25.7828],[95.0525,25.7627],[95.0337,25.7414],[95.0094,25.7385],[95.0024,25.7326],[94.9987,25.7217],[94.9837,25.7043],[94.9429,25.6753],[94.9351,25.6646],[94.9266,25.6406],[94.9209,25.6148],[94.9115,25.6033],[94.8957,25.598],[94.8877,25.5876],[94.9042,25.5712],[94.905,25.5671],[94.853,25.5633],[94.8369,25.5505],[94.8298,25.5384],[94.8288,25.5281],[94.8202,25.5137],[94.8125,25.4954],[94.7845,25.4902],[94.7727,25.4813],[94.7671,25.4824],[94.7623,25.4915],[94.7567,25.492],[94.7465,25.4791],[94.7218,25.4725],[94.6886,25.4655],[94.6824,25.4597],[94.6698,25.4554],[94.6587,25.4571],[94.6253,25.4691],[94.6075,25.4824],[94.5872,25.4925],[94.5746,25.5052],[94.5574,25.5128],[94.5635,25.5397],[94.5604,25.568],[94.5615,25.5783],[94.5557,25.5858],[94.5686,25.6078],[94.5728,25.6113],[94.5838,25.6345],[94.5952,25.6439],[94.5869,25.6466],[94.5761,25.6447],[94.5874,25.6718],[94.5853,25.6749],[94.5969,25.6869],[94.573,25.6977],[94.568,25.6922],[94.5651,25.6808],[94.5522,25.6674],[94.5518,25.6625],[94.5395,25.6511],[94.5315,25.6501],[94.5145,25.6305],[94.4934,25.6143],[94.4912,25.6198],[94.474,25.6216],[94.4443,25.596],[94.43,25.5927],[94.4224,25.576],[94.4251,25.573],[94.4256,25.5529],[94.4203,25.5427],[94.4109,25.5435],[94.3885,25.5366],[94.3647,25.5215],[94.329,25.5084],[94.3135,25.4945],[94.3026,25.4946],[94.2867,25.5117],[94.2741,25.503],[94.2573,25.5034],[94.2521,25.4991],[94.223,25.4968],[94.2128,25.5028],[94.2129,25.5082],[94.1907,25.5308],[94.1939,25.5422],[94.1918,25.551],[94.1828,25.5533],[94.1679,25.547],[94.1601,25.5553],[94.1529,25.5478],[94.1482,25.5317],[94.1387,25.5237],[94.1061,25.5289],[94.0921,25.5327],[94.0962,25.5417],[94.086,25.5597],[94.0694,25.559],[94.0541,25.5768],[94.0436,25.5775],[94.0273,25.588],[94.0255,25.5934],[94.0104,25.5954],[94.0078,25.5875],[94.0123,25.5753],[93.9805,25.5713],[93.9652,25.5566],[93.9574,25.5568],[93.9435,25.5634],[93.892,25.5684],[93.8784,25.562],[93.8622,25.5575],[93.8365,25.5631],[93.8333,25.5564],[93.825,25.556],[93.8197,25.5444],[93.8078,25.5445],[93.7795,25.538],[93.7718,25.5408],[93.7643,25.5155],[93.7658,25.4999],[93.7734,25.4978],[93.7885,25.5065],[93.7972,25.5044],[93.8076,25.4956],[93.8139,25.4847],[93.809,25.4656],[93.8024,25.4604],[93.7902,25.4434],[93.7811,25.4247],[93.7644,25.4181],[93.7467,25.4057],[93.7401,25.3952],[93.7398,25.3844],[93.7231,25.3756],[93.718,25.3616],[93.7116,25.3581],[93.6928,25.3616],[93.6915,25.3474],[93.6871,25.3312],[93.6721,25.3287],[93.6729,25.3115],[93.6661,25.3083],[93.6656,25.2984],[93.6516,25.279],[93.6499,25.2691],[93.6431,25.26],[93.6211,25.2249],[93.6126,25.2062],[93.608,25.2021],[93.593,25.2039],[93.5948,25.2111],[93.5903,25.2199],[93.5749,25.2276],[93.5631,25.2466],[93.5547,25.2505],[93.5412,25.2454],[93.5206,25.2488],[93.5051,25.2441],[93.5042,25.2534],[93.5108,25.2756],[93.4949,25.2787],[93.4875,25.2759],[93.4768,25.279],[93.4726,25.2854],[93.4751,25.2997],[93.474,25.3093],[93.4567,25.3253],[93.4619,25.3366],[93.4519,25.3442],[93.4663,25.3617],[93.4782,25.3799],[93.4739,25.3931],[93.4633,25.411],[93.4651,25.4234],[93.4569,25.4419],[93.435,25.4548],[93.4171,25.4528],[93.4029,25.4592],[93.3904,25.4692],[93.3905,25.4856],[93.383,25.4976],[93.3718,25.5011],[93.3576,25.5277],[93.3404,25.5373],[93.3334,25.549],[93.3455,25.5611],[93.3544,25.5652],[93.3607,25.5604],[93.3734,25.5692],[93.3901,25.5947],[93.4068,25.5965],[93.409,25.6117],[93.4183,25.6211],[93.4391,25.6323],[93.4444,25.638],[93.452,25.6375],[93.4656,25.6442],[93.4834,25.6458],[93.5021,25.662],[93.5203,25.6837],[93.5227,25.6932],[93.5306,25.6927],[93.538,25.7032],[93.5436,25.7017],[93.5498,25.719],[93.5448,25.727],[93.5569,25.7377],[93.5655,25.7413],[93.5734,25.7566],[93.5838,25.7577],[93.6114,25.7765],[93.6223,25.7798],[93.629,25.8044],[93.6361,25.8137],[93.6485,25.824],[93.6567,25.8264],[93.6686,25.8246],[93.6781,25.8289],[93.6825,25.8407],[93.692,25.8441],[93.6979,25.8513],[93.7064,25.8533],[93.6909,25.8893],[93.6858,25.9049],[93.6877,25.9094],[93.7051,25.9213],[93.7165,25.9217],[93.7501,25.9373],[93.7494,25.9421],[93.7684,25.955],[93.773,25.966],[93.7852,25.9583],[93.7933,25.9367],[93.7923,25.9225],[93.7983,25.9097],[93.7875,25.8789],[93.7918,25.8697],[93.7815,25.8593],[93.7798,25.8463],[93.7907,25.8208],[93.7958,25.8144],[93.8076,25.8163],[93.8188,25.8262],[93.8243,25.8471],[93.8423,25.8626],[93.8517,25.863],[93.8687,25.8554],[93.8827,25.8459],[93.8885,25.8525],[93.8934,25.8648],[93.9138,25.8818],[93.9159,25.8877],[93.9346,25.8914],[93.9402,25.901],[93.9598,25.9053],[93.9794,25.9197],[93.9827,25.9263],[93.9711,25.9449],[93.9692,25.9608],[93.956,25.9742],[93.9606,25.997],[93.9549,26.0073],[93.9627,26.0222],[93.9659,26.0424],[93.9911,26.0726],[93.986,26.0836],[93.991,26.0895],[93.9941,26.1061],[94.0021,26.1149],[93.9965,26.1224],[93.9997,26.1365],[94.0064,26.1472],[93.9997,26.1582],[94.0048,26.1733],[94.013,26.1863],[94.0357,26.2032],[94.0366,26.2177],[94.0418,26.2339],[94.0529,26.2558],[94.0646,26.2618],[94.0705,26.26],[94.0778,26.2754],[94.0768,26.2852],[94.0872,26.2904],[94.0903,26.2971],[94.1027,26.3087],[94.108,26.3264],[94.1184,26.3227],[94.124,26.3359],[94.1388,26.3416],[94.1493,26.3391],[94.1645,26.3393],[94.1755,26.3442],[94.18,26.3541],[94.1677,26.3533],[94.1645,26.3601],[94.1736,26.3676],[94.174,26.3778],[94.1791,26.3887],[94.1768,26.4134],[94.174,26.4209],[94.1758,26.4318],[94.1865,26.4605],[94.2011,26.4699],[94.2115,26.4898],[94.2236,26.5006],[94.2399,26.5114],[94.2626,26.5439],[94.2823,26.5635],[94.2853,26.5582],[94.2856,26.5341],[94.2891,26.5252],[94.2872,26.5085],[94.2939,26.4807],[94.3033,26.4673],[94.3165,26.4629],[94.3243,26.4707],[94.3239,26.4794],[94.3369,26.4848],[94.3521,26.4958],[94.3511,26.5086],[94.3692,26.51],[94.3776,26.5131],[94.3783,26.5253],[94.3914,26.5328],[94.3966,26.5297],[94.4067,26.5483],[94.4048,26.5552],[94.4148,26.5833],[94.406,26.6019],[94.4099,26.6164],[94.4345,26.6254],[94.4545,26.639],[94.4625,26.6355],[94.4586,26.6553],[94.4679,26.6698],[94.4857,26.6737],[94.4983,26.6737],[94.5155,26.6873],[94.5201,26.7015],[94.5278,26.7013],[94.5451,26.7109],[94.5647,26.706],[94.563,26.6906],[94.5828,26.7056],[94.5924,26.7027],[94.5962,26.7182],[94.5933,26.7261],[94.5999,26.7377],[94.6101,26.7401],[94.6211,26.7212],[94.6283,26.7186],[94.6403,26.724],[94.6534,26.7236],[94.6866,26.7326],[94.7114,26.7528],[94.7319,26.764],[94.7417,26.7736],[94.7458,26.7821],[94.7564,26.7723],[94.7683,26.7834],[94.7731,26.795],[94.8022,26.8061],[94.8054,26.8122],[94.7966,26.8185],[94.8131,26.8248],[94.8211,26.8545],[94.8323,26.8627],[94.8388,26.874],[94.8515,26.8813],[94.8696,26.915],[94.8862,26.9325],[94.9013,26.9403],[94.9139,26.9426],[94.9282,26.9521],[94.9336,26.9385],[94.9573,26.9436],[94.9642,26.9406],[94.9707,26.9284],[94.9857,26.9182],[94.9995,26.9243],[95.0213,26.9254],[95.038,26.9385],[95.0546,26.9409],[95.0653,26.9482],[95.0869,26.9527],[95.11,26.9669],[95.1169,26.9837],[95.1264,26.9869],[95.1545,27.006],[95.1955,27.0429],[95.1976,27.0157],[95.2001,27.0062],[95.1952,26.99],[95.2052,26.9822],[95.215,26.9704],[95.2068,26.9626],[95.2122,26.9433],[95.2171,26.9342],[95.2256,26.9344],[95.234,26.9206],[95.2299,26.8857],[95.2129,26.8856],[95.2064,26.8779],[95.1845,26.8648],[95.193,26.8512],[95.2064,26.8463],[95.199,26.8399],[95.2068,26.8117],[95.2151,26.7984],[95.2216,26.7935],[95.2425,26.7845],[95.2316,26.7777],[95.2332,26.7719],[95.2193,26.7556],[95.221,26.7474],[95.2161,26.7353],[95.2282,26.7238],[95.2361,26.7122],[95.2337,26.6971],[95.2376,26.6863]]]},"properties":{"ID_0":105,"ISO":"IND","NAME_0":"India","ID_1":25,"NAME_1":"Nagaland","NL_NAME_1":null,"VARNAME_1":null,"TYPE_1":"State","ENGTYPE_1":"State"}},{"type":"Feature","geometry":{"type":"MultiPolygon","coordinates":[[[[84.7302,19.0893],[84.7393,19.0921],[84.7438,19.0876],[84.7582,19.0874],[84.7574,19.0985],[84.7807,19.1032],[84.761,19.0713],[84.7302,19.0893]]],[[[86.3356,19.9908],[86.3262,20.0034],[86.3358,20.0031],[86.3356,19.9908]]],[[[86.2703,20.0581],[86.2768,20.052],[86.2925,20.0456],[86.2978,20.0386],[86.2972,20.0292],[86.2797,20.0267],[86.2669,20.0353],[86.2539,20.0297],[86.2448,20.0298],[86.2459,20.0378],[86.2558,20.0507],[86.2703,20.0581]]],[[[86.5017,20.1758],[86.4971,20.162],[86.4916,20.1649],[86.4901,20.1707],[86.5017,20.1758]]],[[[86.8028,20.4208],[86.8083,20.4195],[86.8147,20.4041],[86.8075,20.385],[86.7998,20.3982],[86.8022,20.402],[86.8028,20.4208]]],[[[86.8053,20.4919],[86.8094,20.4767],[86.8019,20.4764],[86.8053,20.4919]]],[[[87.0085,20.7081],[87.012,20.7204],[87.0178,20.7167],[87.0085,20.7081]]],[[[86.8707,20.7718],[86.8906,20.7673],[86.9155,20.7687],[86.9384,20.7666],[86.963,20.7667],[86.9754,20.7713],[86.9905,20.7717],[86.9953,20.7675],[86.9989,20.7558],[87.0069,20.7431],[87.0014,20.7158],[86.995,20.7095],[86.9806,20.7136],[86.9354,20.7166],[86.9273,20.7141],[86.8934,20.6955],[86.8703,20.6749],[86.8535,20.6567],[86.8401,20.6541],[86.8364,20.666],[86.828,20.6739],[86.8167,20.677],[86.8035,20.6766],[86.7954,20.6656],[86.8084,20.6665],[86.8134,20.6624],[86.8219,20.6471],[86.8151,20.6378],[86.8058,20.6453],[86.7911,20.6458],[86.7856,20.6442],[86.7756,20.6508],[86.7892,20.665],[86.8015,20.6834],[86.8056,20.7053],[86.8178,20.7178],[86.8244,20.7453],[86.83,20.76],[86.8495,20.7743],[86.8611,20.7756],[86.8707,20.7718]]],[[[86.8819,20.7886],[86.9025,20.7861],[86.9147,20.7825],[86.9419,20.7797],[86.9467,20.7725],[86.9078,20.7747],[86.9,20.7719],[86.8833,20.7731],[86.8681,20.7856],[86.8819,20.7886]]],[[[87.0165,20.8028],[87.0046,20.8123],[87.0006,20.8285],[87.0109,20.8299],[87.0186,20.8229],[87.02,20.8148],[87.0165,20.8028]]],[[[86.7228,22.2152],[86.7161,22.1938],[86.7172,22.1856],[86.7128,22.1783],[86.7169,22.1638],[86.7154,22.1435],[86.7323,22.1449],[86.7522,22.144],[86.7715,22.1468],[86.7903,22.1539],[86.8005,22.1459],[86.8005,22.1305],[86.808,22.1238],[86.8062,22.1142],[86.8233,22.1129],[86.832,22.0951],[86.8417,22.0918],[86.8479,22.0984],[86.9088,22.0864],[86.932,22.0858],[86.9443,22.082],[86.9572,22.0834],[86.9705,22.074],[86.9719,22.0663],[86.9875,22.0551],[86.9952,22.0458],[87.0176,22.0413],[87.026,22.0287],[87.0223,22.0121],[87.0343,21.9892],[87.0309,21.9788],[87.0203,21.9684],[87.0149,21.9533],[87.0055,21.9407],[87.0025,21.9224],[86.9979,21.9075],[87.0048,21.8955],[87.02,21.8857],[87.0251,21.8703],[87.0302,21.8653],[87.0538,21.8609],[87.0777,21.8598],[87.0946,21.8603],[87.0929,21.8742],[87.0963,21.8821],[87.0961,21.8862],[87.0894,21.8924],[87.0885,21.8951],[87.091,21.8992],[87.0935,21.9079],[87.1047,21.9178],[87.1103,21.918],[87.1142,21.9222],[87.1309,21.918],[87.1411,21.9197],[87.1517,21.928],[87.1583,21.9305],[87.1598,21.9491],[87.1606,21.9624],[87.1674,21.9734],[87.175,21.9662],[87.1951,21.9536],[87.2029,21.9564],[87.2212,21.9532],[87.2244,21.954],[87.2348,21.9544],[87.2322,21.9404],[87.2354,21.9337],[87.2521,21.921],[87.2524,21.9178],[87.2394,21.9068],[87.2348,21.8956],[87.249,21.8665],[87.2448,21.8564],[87.2476,21.8482],[87.2553,21.8439],[87.2617,21.8333],[87.2678,21.8197],[87.2624,21.8139],[87.2738,21.8117],[87.2731,21.8058],[87.2733,21.8036],[87.2806,21.7992],[87.2948,21.8039],[87.2966,21.7953],[87.3061,21.7939],[87.318,21.7906],[87.3169,21.7885],[87.3229,21.786],[87.3262,21.7856],[87.3327,21.7872],[87.3367,21.7792],[87.3405,21.784],[87.3521,21.7857],[87.355,21.7793],[87.3678,21.7746],[87.3705,21.768],[87.3833,21.7709],[87.3924,21.769],[87.4121,21.7638],[87.4248,21.7657],[87.4393,21.7644],[87.4437,21.7609],[87.4433,21.7421],[87.4511,21.7354],[87.4444,21.7325],[87.4652,21.7264],[87.4657,21.7236],[87.4626,21.7171],[87.4708,21.7072],[87.4693,21.6985],[87.4675,21.6957],[87.4683,21.6773],[87.4604,21.6571],[87.4609,21.6445],[87.4707,21.6431],[87.4821,21.6259],[87.4817,21.6138],[87.482,21.6087],[87.4639,21.6064],[87.4556,21.5969],[87.4117,21.5667],[87.4041,21.5563],[87.387,21.5654],[87.3833,21.5489],[87.3497,21.5517],[87.3333,21.5545],[87.303,21.5557],[87.2408,21.552],[87.2072,21.5464],[87.1876,21.5399],[87.1547,21.5268],[87.1297,21.5129],[87.1236,21.5214],[87.1128,21.5162],[87.1139,21.5083],[87.0858,21.4808],[87.0703,21.4708],[87.0642,21.4639],[87.0531,21.4622],[87.0256,21.4394],[86.9956,21.4206],[86.9783,21.4058],[86.9467,21.3739],[86.928,21.3508],[86.9153,21.3397],[86.9078,21.3281],[86.8922,21.3164],[86.89,21.3061],[86.8836,21.2944],[86.8683,21.2761],[86.8461,21.2367],[86.8453,21.2197],[86.8378,21.2056],[86.8233,21.1917],[86.8228,21.1795],[86.8281,21.1761],[86.8242,21.1378],[86.8439,21.085],[86.8558,21.0642],[86.8583,21.055],[86.8889,21.0164],[86.8986,20.9978],[86.9101,20.9651],[86.9106,20.9553],[86.9208,20.9369],[86.9389,20.9003],[86.9447,20.8853],[86.9594,20.8636],[86.97,20.8278],[86.9647,20.7975],[86.958,20.785],[86.9395,20.7903],[86.9194,20.7908],[86.8864,20.795],[86.8814,20.7975],[86.8633,20.7917],[86.8353,20.7769],[86.818,20.7606],[86.8128,20.7481],[86.8186,20.7442],[86.8161,20.7239],[86.8007,20.7078],[86.7883,20.6822],[86.7886,20.6753],[86.7828,20.665],[86.775,20.6578],[86.7667,20.6444],[86.7711,20.6422],[86.7931,20.645],[86.8069,20.6433],[86.8169,20.6365],[86.8231,20.646],[86.8163,20.6607],[86.8058,20.6689],[86.813,20.6758],[86.8261,20.6735],[86.8344,20.667],[86.8377,20.6565],[86.8433,20.6508],[86.8496,20.6524],[86.8721,20.6688],[86.9008,20.6964],[86.9097,20.7014],[86.9354,20.7111],[86.97,20.7088],[86.9782,20.7047],[86.9954,20.7019],[87.0064,20.6965],[87.0334,20.7056],[87.027,20.6963],[86.9731,20.6606],[86.9381,20.6403],[86.92,20.6267],[86.9042,20.6183],[86.8972,20.6122],[86.8728,20.5983],[86.8469,20.5792],[86.8417,20.5769],[86.8192,20.56],[86.7929,20.5445],[86.7844,20.5358],[86.7711,20.5044],[86.7595,20.5056],[86.7517,20.4936],[86.7447,20.4697],[86.7383,20.4689],[86.7333,20.455],[86.7322,20.4361],[86.7333,20.4033],[86.7492,20.4056],[86.7611,20.3969],[86.7689,20.3981],[86.7817,20.3883],[86.7889,20.3697],[86.7897,20.3592],[86.7692,20.3311],[86.7453,20.3172],[86.7344,20.3075],[86.7217,20.3064],[86.7083,20.2975],[86.7164,20.2864],[86.6964,20.2783],[86.6772,20.2669],[86.6754,20.2583],[86.6562,20.2526],[86.6178,20.2372],[86.5819,20.2181],[86.5756,20.2183],[86.5458,20.2022],[86.5361,20.2],[86.5181,20.1873],[86.5097,20.1772],[86.4956,20.1806],[86.4925,20.1733],[86.4853,20.17],[86.4883,20.1669],[86.4911,20.1578],[86.4783,20.135],[86.4808,20.1333],[86.4958,20.1481],[86.4947,20.1533],[86.5144,20.1742],[86.5225,20.1714],[86.4978,20.1342],[86.4939,20.1245],[86.4808,20.1147],[86.4758,20.1006],[86.4533,20.0775],[86.4318,20.0596],[86.4272,20.0497],[86.4144,20.0408],[86.4072,20.0197],[86.4128,20.0122],[86.4111,20],[86.3869,19.9761],[86.3738,19.98],[86.3481,19.9819],[86.3394,19.9903],[86.3362,20.0107],[86.3283,20.0226],[86.3282,20.0295],[86.316,20.0402],[86.3011,20.047],[86.2937,20.0543],[86.2861,20.0497],[86.2745,20.0616],[86.2625,20.062],[86.2479,20.0532],[86.2436,20.0336],[86.2406,20.0294],[86.2554,20.0184],[86.2747,20.0175],[86.2853,20.0239],[86.2949,20.0244],[86.3052,20.0142],[86.3186,19.9894],[86.3286,19.9786],[86.355,19.9617],[86.3627,19.9528],[86.3221,19.9437],[86.2961,19.9355],[86.2722,19.9244],[86.2474,19.9112],[86.2375,19.9133],[86.228,19.9009],[86.1906,19.888],[86.1317,19.8697],[86.0951,19.8599],[86.0725,19.8569],[86.0475,19.8517],[86.0451,19.8469],[86.0032,19.8384],[85.9533,19.83],[85.9258,19.8231],[85.9142,19.8225],[85.9081,19.8179],[85.8455,19.8012],[85.7914,19.7836],[85.7819,19.7819],[85.7661,19.7747],[85.6805,19.7457],[85.6636,19.7392],[85.6603,19.7319],[85.6475,19.7294],[85.6143,19.7144],[85.5819,19.6975],[85.568,19.6925],[85.5478,19.6814],[85.5309,19.6746],[85.4928,19.6542],[85.4522,19.6367],[85.4433,19.6342],[85.4192,19.6231],[85.3825,19.6031],[85.3679,19.5966],[85.3375,19.5797],[85.315,19.5642],[85.2953,19.5536],[85.265,19.5317],[85.1394,19.4433],[85.1056,19.4148],[85.0928,19.3981],[85.0851,19.3845],[85.0662,19.3717],[85.0608,19.3631],[85.0356,19.3497],[84.9851,19.319],[84.9324,19.2779],[84.9004,19.2485],[84.8863,19.2379],[84.8443,19.1963],[84.8232,19.1718],[84.8049,19.1479],[84.7962,19.1287],[84.7862,19.1213],[84.7774,19.1099],[84.7682,19.1093],[84.7457,19.1176],[84.7365,19.1101],[84.7351,19.1012],[84.7257,19.1026],[84.734,19.1129],[84.7371,19.1218],[84.7435,19.1226],[84.7499,19.1371],[84.7471,19.1435],[84.7354,19.1438],[84.7237,19.1404],[84.7218,19.1335],[84.7104,19.1224],[84.7029,19.1187],[84.719,19.0958],[84.6975,19.1088],[84.6983,19.1103],[84.6939,19.1216],[84.6973,19.1251],[84.7065,19.1436],[84.7021,19.1511],[84.6976,19.1503],[84.6814,19.1497],[84.6733,19.1569],[84.665,19.1567],[84.6633,19.1475],[84.6659,19.1353],[84.6612,19.1219],[84.6473,19.1204],[84.6293,19.1207],[84.6094,19.1175],[84.5946,19.1235],[84.5958,19.1152],[84.6056,19.0926],[84.6168,19.09],[84.6198,19.0765],[84.6244,19.0744],[84.6336,19.0746],[84.6446,19.0845],[84.6542,19.081],[84.6632,19.0645],[84.6545,19.0523],[84.6477,19.0561],[84.6344,19.0555],[84.6301,19.0496],[84.6254,19.0528],[84.6233,19.0557],[84.6124,19.0497],[84.6095,19.0467],[84.6005,19.0329],[84.597,19.0197],[84.5877,19.013],[84.5781,19.0189],[84.5736,19.0351],[84.5781,19.0621],[84.5706,19.0604],[84.568,19.0635],[84.5597,19.0596],[84.5536,19.0474],[84.5477,19.0461],[84.5348,19.0454],[84.5272,19.0387],[84.5099,19.0375],[84.4978,19.0249],[84.4894,19.021],[84.4778,19.0079],[84.4757,18.9917],[84.4717,18.9812],[84.4522,18.9883],[84.4374,18.9975],[84.4222,19.0085],[84.42,19.0125],[84.4146,19.0124],[84.4253,18.9953],[84.4256,18.9892],[84.4264,18.984],[84.4347,18.9768],[84.4406,18.9669],[84.4203,18.9494],[84.4156,18.938],[84.4294,18.9137],[84.4098,18.8906],[84.394,18.8859],[84.3785,18.8932],[84.3742,18.8889],[84.3861,18.883],[84.3832,18.8693],[84.3547,18.8829],[84.3518,18.8778],[84.3716,18.8672],[84.3693,18.859],[84.3624,18.8511],[84.3515,18.8509],[84.347,18.86],[84.3344,18.8638],[84.3341,18.8516],[84.3381,18.8362],[84.3444,18.8327],[84.3441,18.8119],[84.3293,18.809],[84.3322,18.792],[84.3157,18.7862],[84.3125,18.7792],[84.3004,18.7817],[84.2839,18.7908],[84.2732,18.7825],[84.2642,18.7805],[84.2589,18.7748],[84.246,18.7734],[84.2167,18.7873],[84.1903,18.7767],[84.1815,18.7775],[84.1798,18.769],[84.167,18.7701],[84.1593,18.775],[84.135,18.7668],[84.1279,18.7613],[84.1295,18.7529],[84.1229,18.7483],[84.1141,18.7551],[84.1007,18.7527],[84.0916,18.7452],[84.0818,18.7446],[84.0779,18.7489],[84.0658,18.7517],[84.0586,18.7681],[84.0492,18.7707],[84.0479,18.7835],[84.0343,18.7901],[84.0271,18.8022],[84.0197,18.7976],[84.0074,18.8042],[83.9915,18.8047],[83.9823,18.8],[83.9694,18.8038],[83.9556,18.8031],[83.949,18.797],[83.9398,18.7966],[83.9336,18.8069],[83.9078,18.8164],[83.8955,18.8149],[83.8869,18.8054],[83.8832,18.8197],[83.8702,18.8184],[83.8669,18.8235],[83.8643,18.839],[83.8437,18.8514],[83.8371,18.8647],[83.8367,18.8727],[83.8423,18.8882],[83.8403,18.9041],[83.8349,18.9093],[83.8231,18.9055],[83.8169,18.9094],[83.8212,18.922],[83.8134,18.9336],[83.8161,18.9487],[83.8106,18.9648],[83.8025,18.9818],[83.7912,18.9924],[83.7883,19.0078],[83.7757,19.009],[83.7675,18.9984],[83.7513,18.9933],[83.7411,18.9839],[83.7417,18.9671],[83.749,18.9584],[83.7504,18.9444],[83.7615,18.9446],[83.7772,18.9191],[83.7801,18.9077],[83.7713,18.9013],[83.7628,18.9065],[83.7561,18.9167],[83.7458,18.9182],[83.7365,18.939],[83.7275,18.9661],[83.7263,18.9756],[83.7169,18.9825],[83.7057,18.9852],[83.705,18.9995],[83.7198,19.0043],[83.7168,19.0144],[83.6998,19.015],[83.6942,19.0211],[83.6844,19.0439],[83.6569,19.0749],[83.6575,19.0878],[83.6447,19.1133],[83.6494,19.1219],[83.6333,19.1244],[83.6284,19.1315],[83.6302,19.1448],[83.6233,19.1536],[83.6191,19.1419],[83.6106,19.1309],[83.6052,19.131],[83.5943,19.1203],[83.5943,19.1106],[83.6044,19.0929],[83.5999,19.0848],[83.5876,19.0831],[83.5822,19.0756],[83.5788,19.0498],[83.5577,19.0514],[83.5607,19.0662],[83.555,19.0781],[83.5464,19.0738],[83.5449,19.0621],[83.5515,19.0504],[83.5348,19.0286],[83.5314,19.0054],[83.5153,19.0049],[83.4954,19.0111],[83.4936,19.0268],[83.5137,19.0248],[83.5101,19.0362],[83.5107,19.048],[83.5062,19.0543],[83.5054,19.0648],[83.4925,19.055],[83.4804,19.0665],[83.477,19.0753],[83.4675,19.0699],[83.4594,19.0697],[83.4567,19.0561],[83.4633,19.0526],[83.4654,19.0362],[83.4774,19.0255],[83.4746,19.0003],[83.4585,19.0021],[83.4485,18.9996],[83.4502,18.9824],[83.4603,18.9808],[83.4583,18.9725],[83.4623,18.9592],[83.4555,18.9456],[83.4427,18.9477],[83.4365,18.9579],[83.4148,18.9779],[83.4089,18.9962],[83.3961,18.9958],[83.3888,19],[83.3772,18.9947],[83.3623,18.9947],[83.355,19.0094],[83.335,19.0067],[83.3292,18.9882],[83.3078,18.9909],[83.3077,18.9832],[83.3133,18.9666],[83.3269,18.9573],[83.327,18.9479],[83.3311,18.9376],[83.3212,18.936],[83.3189,18.9284],[83.329,18.9169],[83.3414,18.9184],[83.3398,18.9332],[83.3433,18.9352],[83.345,18.9563],[83.3611,18.9534],[83.3639,18.9379],[83.3802,18.9233],[83.371,18.9171],[83.3641,18.9228],[83.3628,18.9301],[83.349,18.9338],[83.3477,18.921],[83.3565,18.9048],[83.3672,18.9004],[83.3768,18.9025],[83.3833,18.8972],[83.3725,18.8898],[83.3878,18.871],[83.4059,18.8653],[83.4113,18.8593],[83.3969,18.8492],[83.3987,18.8335],[83.3865,18.8258],[83.3728,18.8212],[83.3623,18.8321],[83.3501,18.8216],[83.36,18.8074],[83.3563,18.8001],[83.3393,18.8031],[83.3333,18.7927],[83.323,18.7983],[83.314,18.7958],[83.3042,18.7989],[83.2921,18.7925],[83.2795,18.7896],[83.2691,18.7708],[83.2717,18.7632],[83.2661,18.757],[83.2396,18.7588],[83.2227,18.7659],[83.2173,18.759],[83.223,18.748],[83.2063,18.7287],[83.2017,18.7422],[83.1854,18.7441],[83.177,18.7544],[83.1685,18.7591],[83.1508,18.7587],[83.1449,18.7669],[83.133,18.7724],[83.1122,18.7583],[83.1175,18.7505],[83.106,18.7385],[83.0881,18.7124],[83.0779,18.7053],[83.0691,18.6941],[83.0708,18.6893],[83.0558,18.6671],[83.051,18.6542],[83.0115,18.639],[83.0093,18.6315],[83.0174,18.6234],[83.0203,18.6054],[83.008,18.5884],[83.0277,18.5823],[83.0378,18.5887],[83.0411,18.5967],[83.0521,18.5931],[83.0539,18.5865],[83.0447,18.5782],[83.0365,18.5776],[83.0255,18.5643],[83.0337,18.5583],[83.0325,18.5479],[83.0402,18.5449],[83.0512,18.5349],[83.0574,18.5347],[83.0715,18.5425],[83.0871,18.5411],[83.0885,18.5328],[83.0732,18.5147],[83.0688,18.502],[83.0552,18.4881],[83.0518,18.4775],[83.037,18.4631],[83.0164,18.4477],[83.018,18.4404],[83.0373,18.4348],[83.0426,18.4183],[83.0486,18.4249],[83.0583,18.4291],[83.0621,18.4209],[83.0553,18.4081],[83.059,18.399],[83.0665,18.3923],[83.0562,18.3773],[83.0395,18.3701],[83.0238,18.3764],[83.0172,18.3845],[83.0116,18.3782],[82.992,18.375],[82.9812,18.3658],[82.9764,18.3549],[82.9598,18.3572],[82.9455,18.3505],[82.9327,18.3514],[82.9276,18.361],[82.9151,18.3564],[82.9027,18.3559],[82.8919,18.3669],[82.8849,18.3786],[82.891,18.3922],[82.8846,18.4128],[82.8794,18.4146],[82.87,18.4062],[82.8486,18.415],[82.837,18.4143],[82.8358,18.4242],[82.8187,18.4334],[82.8184,18.4385],[82.7992,18.4394],[82.7871,18.4267],[82.7762,18.4197],[82.7816,18.4043],[82.7933,18.395],[82.7875,18.3902],[82.7876,18.3782],[82.7779,18.3709],[82.7842,18.3542],[82.7714,18.3397],[82.7671,18.3311],[82.751,18.3283],[82.7464,18.3199],[82.7378,18.3199],[82.7343,18.3133],[82.7253,18.3116],[82.7173,18.3148],[82.7026,18.3085],[82.6981,18.2963],[82.6903,18.2971],[82.6818,18.2928],[82.6649,18.2906],[82.6565,18.2788],[82.6449,18.2571],[82.6476,18.2447],[82.6317,18.2285],[82.6134,18.2394],[82.6095,18.2493],[82.5892,18.2567],[82.5885,18.275],[82.5856,18.281],[82.591,18.292],[82.5878,18.302],[82.5798,18.301],[82.5764,18.3068],[82.5897,18.3195],[82.5957,18.3159],[82.6038,18.3204],[82.5965,18.3409],[82.6079,18.3417],[82.6087,18.3512],[82.5986,18.354],[82.6009,18.3661],[82.5892,18.3771],[82.5773,18.3773],[82.5706,18.3842],[82.556,18.3885],[82.5494,18.3835],[82.5352,18.3896],[82.5326,18.3968],[82.5403,18.4019],[82.5359,18.4083],[82.5451,18.4172],[82.5538,18.4377],[82.5477,18.4418],[82.5302,18.4343],[82.5294,18.4429],[82.5232,18.4458],[82.5161,18.4559],[82.5275,18.4682],[82.5275,18.4777],[82.5231,18.5039],[82.5143,18.5036],[82.5074,18.5081],[82.4982,18.506],[82.4815,18.5151],[82.474,18.5368],[82.4534,18.517],[82.4371,18.4973],[82.4291,18.4851],[82.4269,18.477],[82.3974,18.4516],[82.3823,18.4317],[82.3776,18.422],[82.367,18.4172],[82.3613,18.4099],[82.3725,18.3981],[82.3752,18.3831],[82.3844,18.3724],[82.3764,18.3533],[82.3601,18.3437],[82.3566,18.3336],[82.3454,18.3218],[82.3344,18.3171],[82.3429,18.3073],[82.358,18.3082],[82.3652,18.3164],[82.3844,18.3187],[82.393,18.3064],[82.3874,18.3006],[82.3822,18.2843],[82.3671,18.2709],[82.3437,18.2717],[82.3369,18.2662],[82.3318,18.2468],[82.3302,18.2313],[82.3213,18.2225],[82.3328,18.2158],[82.3197,18.201],[82.3061,18.1957],[82.3094,18.1894],[82.3103,18.1746],[82.333,18.1634],[82.3487,18.1618],[82.3652,18.1397],[82.3576,18.1251],[82.3334,18.1424],[82.3354,18.1273],[82.3303,18.119],[82.3322,18.0941],[82.3432,18.0825],[82.3432,18.0678],[82.3363,18.0473],[82.3298,18.0404],[82.3218,18.0502],[82.3044,18.0396],[82.2965,18.0461],[82.2878,18.0606],[82.267,18.0483],[82.2646,18.039],[82.2582,18.0349],[82.2662,18.0257],[82.2708,18.0107],[82.2705,17.9977],[82.2673,17.9864],[82.2532,17.9802],[82.2417,17.9798],[82.237,17.992],[82.2182,17.9942],[82.1969,18.0087],[82.1851,18.0074],[82.1774,18.0106],[82.1769,18.0209],[82.1637,18.0416],[82.1473,18.0404],[82.1423,18.0436],[82.1324,18.0356],[82.1292,18.0487],[82.108,18.054],[82.0924,18.0528],[82.0892,18.0574],[82.0722,18.0656],[82.061,18.054],[82.0597,18.0451],[82.0452,18.0456],[82.0247,18.0579],[82.0168,18.0551],[82.0016,18.0448],[82.0047,18.0343],[82.0017,18.0237],[81.9889,18.0203],[81.9859,18.0143],[81.9518,17.9921],[81.9361,17.9841],[81.9137,17.9799],[81.8993,17.9685],[81.8851,17.9658],[81.8741,17.9598],[81.8468,17.9508],[81.8333,17.951],[81.801,17.9361],[81.7941,17.9297],[81.786,17.9136],[81.7757,17.9048],[81.7263,17.8741],[81.7032,17.8611],[81.6979,17.8755],[81.6883,17.8848],[81.6777,17.8776],[81.6631,17.8769],[81.6527,17.8682],[81.646,17.8563],[81.6428,17.8393],[81.624,17.8244],[81.6157,17.822],[81.6112,17.8154],[81.5997,17.8154],[81.5749,17.8273],[81.5646,17.8257],[81.5539,17.8164],[81.5257,17.8109],[81.5113,17.8066],[81.4963,17.8065],[81.4812,17.8029],[81.4746,17.81],[81.4701,17.8232],[81.4594,17.8247],[81.4376,17.8153],[81.4259,17.8213],[81.4143,17.8164],[81.4093,17.8048],[81.3943,17.8081],[81.385,17.8066],[81.3844,17.8258],[81.3933,17.8358],[81.3981,17.8468],[81.3899,17.8594],[81.3905,17.8743],[81.3959,17.8876],[81.4038,17.8886],[81.4302,17.8747],[81.4373,17.8759],[81.4427,17.8852],[81.4483,17.903],[81.4445,17.9221],[81.4548,17.9466],[81.467,17.9549],[81.4767,17.9739],[81.4731,17.9833],[81.4789,18.0037],[81.4775,18.02],[81.4739,18.0285],[81.4815,18.0499],[81.4947,18.058],[81.4952,18.0687],[81.5087,18.0924],[81.5107,18.1039],[81.5119,18.1292],[81.5217,18.1483],[81.5226,18.1573],[81.5149,18.1722],[81.5052,18.1778],[81.5048,18.1838],[81.5111,18.2019],[81.5258,18.2365],[81.5237,18.2487],[81.528,18.2591],[81.5481,18.2621],[81.5676,18.2732],[81.5934,18.3013],[81.6159,18.3008],[81.6321,18.308],[81.6468,18.3115],[81.6587,18.3111],[81.6604,18.3158],[81.6492,18.331],[81.6581,18.3393],[81.6992,18.3436],[81.7175,18.3432],[81.7449,18.3454],[81.7468,18.3555],[81.7604,18.3998],[81.7621,18.4113],[81.7976,18.4398],[81.8289,18.469],[81.8443,18.4815],[81.8496,18.489],[81.849,18.5006],[81.863,18.5173],[81.8708,18.5176],[81.8826,18.5292],[81.8968,18.5284],[81.9003,18.5325],[81.8976,18.5427],[81.9008,18.5572],[81.9086,18.5642],[81.9202,18.5573],[81.9469,18.5592],[81.9436,18.5662],[81.9458,18.5749],[81.9545,18.5867],[81.9297,18.5964],[81.9262,18.6032],[81.913,18.6129],[81.8999,18.6196],[81.8884,18.621],[81.89,18.6435],[81.8854,18.6503],[81.8932,18.6539],[81.9049,18.6464],[81.9155,18.6358],[81.9356,18.6329],[81.9474,18.6288],[81.9474,18.6557],[81.9606,18.6677],[81.9551,18.6802],[81.976,18.6951],[81.9919,18.6977],[82.0156,18.7135],[82.0337,18.7188],[82.0674,18.7171],[82.0786,18.7121],[82.0849,18.7327],[82.0867,18.7469],[82.0913,18.7562],[82.1139,18.7607],[82.1291,18.7577],[82.1307,18.7701],[82.1455,18.7733],[82.1517,18.7838],[82.1611,18.791],[82.1561,18.7999],[82.1618,18.805],[82.1583,18.8115],[82.1649,18.8302],[82.1624,18.8451],[82.158,18.852],[82.1628,18.8655],[82.1582,18.8695],[82.1704,18.8776],[82.1708,18.8916],[82.1771,18.8969],[82.1854,18.897],[82.1987,18.9055],[82.2138,18.9121],[82.2343,18.9053],[82.2396,18.9105],[82.2267,18.994],[82.2251,19.0146],[82.2225,19.0211],[82.1941,19.0602],[82.1968,19.0679],[82.2086,19.0785],[82.2121,19.0905],[82.1999,19.0922],[82.1969,19.1012],[82.2015,19.1158],[82.191,19.1163],[82.1762,19.1251],[82.1698,19.1129],[82.1648,19.1147],[82.1598,19.1265],[82.1681,19.1338],[82.172,19.1425],[82.165,19.1504],[82.1747,19.1528],[82.1788,19.1589],[82.173,19.1648],[82.1734,19.1843],[82.1648,19.1873],[82.1557,19.1965],[82.1612,19.2084],[82.1538,19.2158],[82.1516,19.2236],[82.1517,19.2655],[82.1584,19.2815],[82.1685,19.2907],[82.1737,19.3163],[82.1832,19.3197],[82.1803,19.3322],[82.1631,19.3378],[82.1572,19.3428],[82.1423,19.3482],[82.1412,19.3658],[82.1508,19.3703],[82.1664,19.3659],[82.174,19.3769],[82.1778,19.4056],[82.1835,19.4125],[82.1705,19.4295],[82.1607,19.4295],[82.1341,19.4248],[82.1193,19.4239],[82.1068,19.4431],[82.1072,19.4526],[82.0969,19.4611],[82.1018,19.4737],[82.099,19.4896],[82.091,19.4941],[82.0921,19.5098],[82.0708,19.5159],[82.0598,19.5036],[82.0224,19.5018],[82.0325,19.5213],[82.041,19.5257],[82.0461,19.5386],[82.0404,19.5522],[82.0441,19.5648],[82.0349,19.5833],[82.0373,19.5979],[82.0451,19.6017],[82.0447,19.6108],[82.0513,19.6244],[82.0464,19.644],[82.0468,19.6694],[82.0385,19.6928],[82.0376,19.7039],[82.0437,19.7139],[82.044,19.7377],[82.0572,19.7534],[82.0554,19.761],[82.0598,19.7831],[82.0522,19.7913],[82.0291,19.7922],[81.9993,19.7983],[81.9874,19.7917],[81.9801,19.7958],[81.9615,19.8244],[81.9574,19.836],[81.9604,19.8547],[81.9394,19.8648],[81.9245,19.8687],[81.8981,19.8785],[81.8692,19.8928],[81.8584,19.8995],[81.8458,19.9149],[81.8488,19.9386],[81.8373,19.9501],[81.8469,19.9704],[81.8516,19.9961],[81.8576,20.0091],[81.8602,20.0234],[81.8738,20.0462],[81.8895,20.0433],[81.9014,20.0591],[81.9154,20.0738],[81.9219,20.0869],[81.9339,20.0993],[81.9442,20.1016],[81.9736,20.0756],[81.9833,20.057],[81.9927,20.0478],[82.0069,20.0473],[82.0127,20.041],[82.0148,20.0195],[82.0244,20.01],[82.0316,20.0167],[82.031,20.0229],[82.049,20.0352],[82.0579,20.0499],[82.0763,20.044],[82.083,20.0327],[82.0932,20.0327],[82.0977,20.0234],[82.1161,20.0104],[82.1317,20.0127],[82.1483,20.003],[82.1556,20.0023],[82.1661,19.9958],[82.1758,19.9855],[82.1842,19.9812],[82.2043,19.9803],[82.2106,19.9908],[82.2306,19.9981],[82.2527,19.9765],[82.2617,19.9716],[82.2686,19.9579],[82.2695,19.9452],[82.2833,19.9181],[82.2953,19.899],[82.2982,19.8835],[82.3179,19.8592],[82.3268,19.8383],[82.3394,19.83],[82.3562,19.8466],[82.3585,19.8569],[82.368,19.8545],[82.3773,19.863],[82.378,19.8687],[82.3888,19.8818],[82.4139,19.8965],[82.4249,19.8976],[82.4424,19.903],[82.4584,19.8946],[82.4757,19.9005],[82.4976,19.8951],[82.4985,19.8852],[82.5124,19.8841],[82.5231,19.8728],[82.5299,19.8821],[82.5443,19.869],[82.5667,19.8717],[82.5776,19.8634],[82.5908,19.8662],[82.5974,19.8605],[82.5718,19.8278],[82.5738,19.8237],[82.5716,19.802],[82.5793,19.7972],[82.5785,19.7758],[82.5851,19.771],[82.5983,19.7752],[82.599,19.7813],[82.6189,19.7861],[82.6273,19.7962],[82.6289,19.8038],[82.6418,19.8137],[82.6457,19.8254],[82.66,19.8237],[82.6833,19.8237],[82.6984,19.8269],[82.711,19.8486],[82.7175,19.8708],[82.7094,19.8701],[82.7005,19.8933],[82.7004,19.9066],[82.7059,19.9112],[82.7043,19.9183],[82.7094,19.9467],[82.7109,19.9833],[82.7006,19.9929],[82.6505,19.9994],[82.6318,20.0001],[82.6236,19.9976],[82.6144,19.987],[82.5984,19.9856],[82.5824,19.9899],[82.5759,19.999],[82.5436,20.0121],[82.5242,20.0104],[82.5021,20.0135],[82.4901,20.0186],[82.4759,20.0301],[82.4515,20.0353],[82.4414,20.0354],[82.4248,20.0435],[82.3958,20.049],[82.3909,20.0596],[82.3947,20.0892],[82.3907,20.1191],[82.3866,20.1334],[82.3789,20.1446],[82.3872,20.1489],[82.3833,20.1605],[82.4057,20.179],[82.4076,20.1941],[82.4136,20.2023],[82.4128,20.2174],[82.4082,20.2206],[82.4043,20.2396],[82.4141,20.2416],[82.4054,20.2559],[82.4051,20.2635],[82.4123,20.2699],[82.428,20.2786],[82.4283,20.2899],[82.424,20.2965],[82.4224,20.3097],[82.4163,20.317],[82.4005,20.3247],[82.3938,20.3355],[82.398,20.3468],[82.3979,20.3559],[82.4104,20.3772],[82.4127,20.3882],[82.4099,20.4027],[82.4243,20.4102],[82.423,20.4183],[82.4292,20.4258],[82.4257,20.4363],[82.4177,20.4383],[82.4194,20.4573],[82.4101,20.4733],[82.3973,20.4519],[82.3881,20.4525],[82.3896,20.4654],[82.3851,20.4705],[82.3805,20.5098],[82.3585,20.5162],[82.3488,20.5229],[82.3422,20.5377],[82.324,20.5539],[82.3278,20.562],[82.3372,20.5652],[82.3425,20.5752],[82.3377,20.5849],[82.3387,20.5943],[82.348,20.6016],[82.3558,20.6035],[82.3582,20.6152],[82.3663,20.6203],[82.3675,20.6296],[82.3623,20.6505],[82.3658,20.6611],[82.3607,20.6719],[82.3513,20.6781],[82.3433,20.6989],[82.347,20.7142],[82.3394,20.7258],[82.3459,20.7287],[82.3351,20.7585],[82.3388,20.7902],[82.3357,20.7974],[82.3331,20.8197],[82.3355,20.8278],[82.334,20.8406],[82.3466,20.8838],[82.3592,20.8827],[82.3559,20.8699],[82.368,20.8641],[82.3828,20.8699],[82.4014,20.8624],[82.4023,20.8533],[82.4073,20.848],[82.4056,20.8372],[82.4155,20.8265],[82.4365,20.8295],[82.4411,20.8238],[82.4535,20.8212],[82.4625,20.8276],[82.4598,20.8356],[82.4776,20.8467],[82.4819,20.8553],[82.4845,20.8729],[82.4831,20.8997],[82.4936,20.9093],[82.5134,20.9172],[82.5192,20.9247],[82.5359,20.9295],[82.5529,20.9415],[82.5665,20.967],[82.5781,20.9789],[82.5821,20.9868],[82.6044,21.0059],[82.6086,21.0182],[82.6223,21.0366],[82.62,21.0444],[82.6091,21.0639],[82.6094,21.0712],[82.6259,21.0768],[82.6354,21.092],[82.645,21.1019],[82.6383,21.1065],[82.6396,21.117],[82.6478,21.125],[82.6341,21.1364],[82.6359,21.1495],[82.6458,21.1517],[82.662,21.1508],[82.6845,21.1581],[82.7005,21.1533],[82.7212,21.1589],[82.7575,21.1586],[82.7821,21.141],[82.7888,21.1393],[82.7956,21.1506],[82.8125,21.1586],[82.84,21.1634],[82.8468,21.1582],[82.8637,21.1554],[82.8792,21.1491],[82.9023,21.163],[82.9219,21.1582],[82.9423,21.163],[82.9561,21.1755],[82.9596,21.1739],[82.9651,21.1558],[82.9799,21.1575],[82.9834,21.1483],[82.993,21.1543],[82.9991,21.1481],[83.0105,21.1454],[83.0295,21.1313],[83.0291,21.126],[83.0406,21.1189],[83.0468,21.1202],[83.0598,21.1159],[83.0714,21.1081],[83.0887,21.1075],[83.0952,21.1043],[83.1083,21.1077],[83.1198,21.1011],[83.134,21.1052],[83.1534,21.1258],[83.1614,21.1315],[83.1766,21.1307],[83.1927,21.1394],[83.1937,21.1577],[83.1994,21.162],[83.1995,21.174],[83.2112,21.1912],[83.2076,21.2014],[83.2191,21.2237],[83.2141,21.2509],[83.2249,21.267],[83.2319,21.2653],[83.2424,21.2764],[83.2573,21.2756],[83.2677,21.2686],[83.2746,21.2857],[83.2727,21.2961],[83.2588,21.3021],[83.2542,21.3196],[83.2609,21.3267],[83.255,21.3319],[83.2661,21.3454],[83.2708,21.3592],[83.27,21.375],[83.2814,21.3751],[83.2872,21.3715],[83.3096,21.3646],[83.3193,21.3581],[83.3346,21.3558],[83.3748,21.34],[83.388,21.3389],[83.4027,21.3484],[83.4044,21.3551],[83.3942,21.3611],[83.3966,21.3723],[83.3931,21.3832],[83.3938,21.3994],[83.3814,21.4096],[83.3739,21.4222],[83.3701,21.4361],[83.3609,21.4422],[83.3503,21.444],[83.3434,21.4649],[83.3421,21.4853],[83.3346,21.4956],[83.3378,21.5026],[83.3459,21.5082],[83.3543,21.5353],[83.3658,21.5497],[83.3669,21.5593],[83.3623,21.5725],[83.3682,21.5971],[83.3773,21.6047],[83.3807,21.6128],[83.4018,21.6268],[83.4135,21.6363],[83.4241,21.6385],[83.4265,21.6435],[83.4412,21.6493],[83.4476,21.6446],[83.4414,21.6325],[83.4413,21.6181],[83.4499,21.617],[83.4487,21.6082],[83.463,21.6055],[83.4699,21.6268],[83.4845,21.6256],[83.4831,21.6396],[83.4662,21.6441],[83.4408,21.6552],[83.4354,21.6631],[83.4197,21.675],[83.4211,21.6865],[83.4318,21.6939],[83.4497,21.691],[83.4563,21.6943],[83.4616,21.7063],[83.4669,21.7106],[83.478,21.728],[83.4841,21.7416],[83.4739,21.7496],[83.479,21.7587],[83.4759,21.7738],[83.4672,21.7827],[83.484,21.7943],[83.4855,21.8032],[83.4913,21.8087],[83.5061,21.8004],[83.5222,21.7941],[83.5366,21.7939],[83.5348,21.8068],[83.5364,21.8183],[83.5277,21.823],[83.5312,21.8319],[83.5409,21.8347],[83.5575,21.8344],[83.5735,21.8297],[83.5845,21.8436],[83.5841,21.8528],[83.5715,21.8719],[83.5781,21.8798],[83.5767,21.8862],[83.5833,21.891],[83.5815,21.8974],[83.5926,21.9008],[83.6005,21.9108],[83.5878,21.9261],[83.5534,21.9322],[83.5577,21.9439],[83.5352,21.9635],[83.5345,21.9762],[83.5401,21.9853],[83.5486,22.0067],[83.5389,22.0144],[83.534,22.0223],[83.5324,22.034],[83.5384,22.0554],[83.5656,22.0568],[83.5835,22.055],[83.6003,22.0655],[83.5737,22.0888],[83.5589,22.0955],[83.5573,22.1],[83.5673,22.1137],[83.5925,22.14],[83.6059,22.1576],[83.6193,22.1964],[83.6263,22.2059],[83.6458,22.2246],[83.6574,22.2248],[83.6646,22.232],[83.679,22.2406],[83.693,22.2455],[83.7457,22.2412],[83.7528,22.2429],[83.7569,22.2504],[83.7713,22.2573],[83.7786,22.2745],[83.7886,22.2803],[83.798,22.29],[83.816,22.2912],[83.8208,22.296],[83.8225,22.3156],[83.8294,22.3239],[83.843,22.3263],[83.8533,22.3388],[83.861,22.3438],[83.8719,22.3389],[83.897,22.3397],[83.9053,22.3526],[83.9155,22.3597],[83.9296,22.3563],[83.9523,22.3612],[83.967,22.3578],[83.9782,22.3651],[84.0012,22.3697],[84.0017,22.3804],[84.0144,22.4041],[84.0222,22.4102],[84.026,22.4191],[84.04,22.4329],[84.0395,22.4487],[84.0416,22.4641],[84.0387,22.4689],[84.0217,22.4721],[84.013,22.4852],[83.9971,22.4908],[83.9761,22.5022],[83.9766,22.5184],[83.9943,22.5288],[84.0025,22.5209],[84.0191,22.5211],[84.0331,22.5121],[84.0507,22.5124],[84.0576,22.5102],[84.0671,22.4981],[84.0792,22.4889],[84.0999,22.4803],[84.1061,22.4738],[84.1178,22.4714],[84.1291,22.4735],[84.1374,22.4671],[84.1375,22.4572],[84.1331,22.4453],[84.1359,22.4207],[84.1423,22.4154],[84.1525,22.4009],[84.1834,22.3837],[84.1941,22.3718],[84.2261,22.3741],[84.2466,22.3737],[84.2514,22.3704],[84.2662,22.3478],[84.285,22.3421],[84.2892,22.3373],[84.324,22.3389],[84.334,22.3429],[84.3591,22.345],[84.372,22.3491],[84.3776,22.3459],[84.3945,22.3439],[84.4258,22.352],[84.4314,22.36],[84.4269,22.3647],[84.4421,22.373],[84.4479,22.3791],[84.4557,22.3752],[84.4728,22.3827],[84.4757,22.3902],[84.4745,22.4017],[84.5018,22.4153],[84.521,22.4149],[84.5266,22.42],[84.5407,22.4206],[84.5433,22.4172],[84.5722,22.423],[84.6136,22.4276],[84.6321,22.4286],[84.6616,22.4139],[84.6693,22.4163],[84.6915,22.4125],[84.7261,22.4166],[84.7439,22.4148],[84.7527,22.442],[84.8012,22.4437],[84.8078,22.4469],[84.8127,22.4316],[84.8357,22.4276],[84.8395,22.434],[84.8553,22.432],[84.8778,22.4425],[84.882,22.4262],[84.8802,22.4176],[84.9077,22.4196],[84.9199,22.426],[84.9174,22.4344],[84.9314,22.4396],[84.9408,22.4474],[84.9524,22.4528],[84.9602,22.4437],[84.9941,22.4583],[85.0005,22.4584],[85.0316,22.4698],[85.0373,22.4751],[85.0514,22.4794],[85.0625,22.4784],[85.0732,22.4729],[85.0711,22.4559],[85.057,22.4447],[85.0629,22.4361],[85.0637,22.4232],[85.0746,22.4135],[85.0807,22.3955],[85.0831,22.3784],[85.075,22.361],[85.0741,22.3486],[85.0822,22.3413],[85.093,22.3411],[85.0905,22.3249],[85.0859,22.317],[85.0951,22.3124],[85.114,22.3142],[85.1122,22.3051],[85.1145,22.2905],[85.1053,22.2911],[85.0705,22.2722],[85.0699,22.2603],[85.0743,22.2509],[85.0681,22.2434],[85.0695,22.2306],[85.0588,22.206],[85.0469,22.1858],[85.0496,22.1793],[85.0254,22.154],[85.0312,22.1374],[85.0237,22.112],[85.0195,22.1084],[84.9805,22.0913],[84.9798,22.0847],[84.9874,22.0767],[85.0023,22.0799],[85.02,22.1034],[85.0271,22.1011],[85.0351,22.1081],[85.0439,22.1107],[85.0695,22.1071],[85.099,22.0961],[85.0997,22.0845],[85.109,22.08],[85.1189,22.0665],[85.1408,22.0736],[85.1555,22.0705],[85.1672,22.0487],[85.1698,22.0531],[85.1644,22.0652],[85.1725,22.0682],[85.1791,22.0648],[85.1835,22.0549],[85.2107,22.0432],[85.2146,22.0373],[85.2149,22.0107],[85.2221,22.0034],[85.2309,22.0003],[85.2411,22.0125],[85.2465,22.0254],[85.2655,22.0603],[85.2742,22.0801],[85.3001,22.1071],[85.3154,22.1158],[85.323,22.125],[85.3454,22.127],[85.3536,22.1206],[85.3617,22.1248],[85.3581,22.138],[85.3632,22.1546],[85.3854,22.1523],[85.3944,22.1586],[85.4103,22.1561],[85.4358,22.1442],[85.457,22.1358],[85.4717,22.1241],[85.4858,22.1165],[85.5057,22.1115],[85.5242,22.1031],[85.536,22.0944],[85.5395,22.0866],[85.5543,22.0908],[85.5822,22.081],[85.5911,22.0744],[85.6111,22.0768],[85.6312,22.0815],[85.6446,22.0903],[85.6724,22.0597],[85.672,22.0515],[85.6815,22.0488],[85.6879,22.0561],[85.7224,22.0581],[85.7461,22.0699],[85.7578,22.085],[85.7734,22.0902],[85.7843,22.099],[85.7909,22.1004],[85.802,22.1108],[85.8147,22.1021],[85.8154,22.0928],[85.8249,22.0871],[85.8308,22.077],[85.8144,22.0701],[85.8027,22.0718],[85.7879,22.0772],[85.7703,22.0513],[85.7789,22.0363],[85.7756,22.0283],[85.7587,22.0148],[85.7561,22.0084],[85.7607,21.9897],[85.7843,21.9786],[85.801,21.9817],[85.8154,21.9801],[85.8156,21.9713],[85.8223,21.9701],[85.8404,21.9765],[85.8713,21.9748],[85.8942,21.9783],[85.9028,21.9666],[85.9092,21.9755],[85.9073,21.9813],[85.9131,21.9967],[85.9122,22.0048],[85.9288,22.0194],[85.9426,22.0191],[85.958,22.0425],[85.9633,22.0544],[85.9753,22.0718],[85.979,22.0834],[85.9892,22.0935],[86.0026,22.113],[85.9961,22.1207],[85.9946,22.1318],[85.9992,22.1449],[86.0114,22.1577],[86.0148,22.1726],[86.0267,22.1852],[86.0174,22.1988],[85.9928,22.2155],[85.9778,22.2355],[85.9698,22.2434],[85.9854,22.2575],[85.9852,22.2672],[85.9975,22.2753],[86.0002,22.2844],[86.0085,22.2927],[86.0303,22.303],[86.0178,22.3046],[86.0059,22.3159],[86.0204,22.3294],[86.0048,22.3356],[85.9984,22.3311],[85.9929,22.3382],[86.0061,22.3488],[86.0169,22.3622],[86.0153,22.366],[86.0215,22.3818],[86.0191,22.3907],[86.0123,22.399],[86.0137,22.4039],[86.0087,22.4243],[85.993,22.4221],[85.9821,22.429],[85.9631,22.4451],[85.9614,22.4527],[85.9535,22.456],[85.9593,22.4704],[85.9581,22.4762],[85.9668,22.4822],[85.9656,22.4902],[85.9692,22.4998],[85.9807,22.5097],[85.9959,22.509],[85.9999,22.515],[86.0154,22.5245],[86.022,22.5205],[86.0283,22.5343],[86.0183,22.5436],[86.0385,22.5636],[86.0581,22.5534],[86.0692,22.5431],[86.0916,22.5092],[86.1014,22.4902],[86.1119,22.4829],[86.1199,22.4856],[86.1462,22.4791],[86.1737,22.4764],[86.1967,22.4677],[86.2024,22.4703],[86.2204,22.4491],[86.2285,22.4496],[86.2426,22.4445],[86.2652,22.4395],[86.2798,22.4455],[86.288,22.4254],[86.3007,22.4153],[86.3022,22.4052],[86.3177,22.3906],[86.3199,22.3804],[86.3253,22.3731],[86.3393,22.3661],[86.3527,22.3515],[86.3527,22.3454],[86.363,22.3396],[86.3755,22.3371],[86.3906,22.3253],[86.4114,22.3156],[86.4217,22.3139],[86.4244,22.3063],[86.4334,22.3015],[86.4393,22.3058],[86.4384,22.3234],[86.4418,22.3253],[86.4582,22.3221],[86.4684,22.3323],[86.4785,22.3345],[86.4837,22.3444],[86.4999,22.341],[86.5013,22.3315],[86.508,22.324],[86.5237,22.3186],[86.5208,22.3115],[86.5246,22.3029],[86.5324,22.2982],[86.5399,22.3037],[86.5521,22.2953],[86.5785,22.2978],[86.5899,22.2821],[86.5909,22.2748],[86.6026,22.2784],[86.6161,22.276],[86.6272,22.2668],[86.6347,22.2691],[86.6456,22.2614],[86.6482,22.2357],[86.6511,22.2332],[86.6699,22.2368],[86.67,22.2301],[86.6822,22.2195],[86.6918,22.2174],[86.7115,22.2177],[86.7228,22.2152]]]]},"properties":{"ID_0":105,"ISO":"IND","NAME_0":"India","ID_1":26,"NAME_1":"Orissa","NL_NAME_1":null,"VARNAME_1":null,"TYPE_1":"State","ENGTYPE_1":"State"}},{"type":"Feature","geometry":{"type":"MultiPolygon","coordinates":[[[[79.7605,10.9806],[79.7744,10.9772],[79.7739,10.971],[79.7834,10.9673],[79.7896,10.9734],[79.7964,10.9831],[79.8026,10.9849],[79.8098,10.9821],[79.8139,10.9871],[79.8249,10.9848],[79.8244,10.9795],[79.8345,10.9768],[79.8354,10.9766],[79.8506,10.9758],[79.8535,10.9693],[79.8532,10.9435],[79.8543,10.9179],[79.8523,10.909],[79.8526,10.831],[79.8512,10.8138],[79.8357,10.8117],[79.8198,10.8111],[79.8133,10.8141],[79.8137,10.8184],[79.8133,10.8287],[79.8082,10.8314],[79.8031,10.8337],[79.7931,10.8395],[79.7923,10.8488],[79.7956,10.8438],[79.8075,10.8527],[79.8035,10.8575],[79.7896,10.8618],[79.8056,10.8637],[79.8028,10.8711],[79.7925,10.87],[79.7849,10.8736],[79.7756,10.8758],[79.7701,10.878],[79.7764,10.8817],[79.7732,10.8896],[79.7612,10.8914],[79.7605,10.8832],[79.7542,10.8867],[79.7479,10.8952],[79.743,10.8994],[79.7284,10.9023],[79.7259,10.9069],[79.7239,10.908],[79.7196,10.9058],[79.7208,10.9107],[79.7086,10.9142],[79.708,10.9151],[79.7104,10.9191],[79.7044,10.921],[79.7077,10.9234],[79.7212,10.9353],[79.7156,10.9383],[79.7044,10.9352],[79.7039,10.9476],[79.7155,10.9533],[79.7267,10.9524],[79.7401,10.9437],[79.7457,10.9493],[79.7399,10.9558],[79.7413,10.9633],[79.7395,10.9661],[79.7382,10.9693],[79.7316,10.9753],[79.7302,10.9851],[79.7372,10.9891],[79.7431,10.9851],[79.7526,10.9799],[79.7605,10.9806]]],[[[79.7058,11.9774],[79.717,11.9754],[79.7249,11.9779],[79.7289,11.986],[79.7347,11.9943],[79.7496,11.9861],[79.7524,11.9761],[79.7451,11.9709],[79.7354,11.9636],[79.7269,11.9625],[79.7179,11.9689],[79.7157,11.9675],[79.7145,11.9553],[79.7336,11.9472],[79.7369,11.9274],[79.7369,11.9072],[79.7405,11.9072],[79.7475,11.9152],[79.7478,11.9289],[79.7642,11.9346],[79.7694,11.9415],[79.7727,11.9468],[79.7758,11.946],[79.7903,11.9426],[79.7924,11.9571],[79.7979,11.9635],[79.8046,11.9631],[79.8081,11.9465],[79.8142,11.9406],[79.8254,11.9401],[79.8376,11.9405],[79.836,11.929],[79.8299,11.9118],[79.8238,11.8818],[79.819,11.8799],[79.8196,11.8682],[79.8121,11.8518],[79.806,11.8324],[79.8004,11.8084],[79.793,11.8176],[79.791,11.8318],[79.7862,11.8384],[79.7671,11.8405],[79.7604,11.823],[79.7521,11.8245],[79.7473,11.8327],[79.7539,11.8422],[79.755,11.8578],[79.7436,11.8597],[79.7394,11.8499],[79.7384,11.835],[79.7278,11.8323],[79.7303,11.8469],[79.7067,11.8471],[79.6935,11.8539],[79.6957,11.8734],[79.6821,11.8734],[79.6712,11.8666],[79.6591,11.8657],[79.6604,11.8773],[79.6799,11.8793],[79.6798,11.8934],[79.6829,11.9047],[79.6917,11.8978],[79.6915,11.8784],[79.7083,11.874],[79.7169,11.8768],[79.716,11.8867],[79.7249,11.8915],[79.7041,11.913],[79.706,11.9287],[79.6965,11.9325],[79.6945,11.9259],[79.6841,11.9272],[79.6777,11.9394],[79.6831,11.9465],[79.7016,11.9522],[79.6953,11.961],[79.6992,11.97],[79.6948,11.9751],[79.6711,11.9748],[79.6654,11.9675],[79.6596,11.9771],[79.6512,11.972],[79.6423,11.9758],[79.647,11.9933],[79.6524,11.9983],[79.6593,11.9969],[79.6633,12.0064],[79.6689,12.0073],[79.679,12.0193],[79.6916,12.0174],[79.6908,11.9963],[79.7017,11.9861],[79.7058,11.9774]]],[[[75.3784,12.146],[75.3885,12.1463],[75.3998,12.1405],[75.4022,12.1341],[75.3922,12.1263],[75.3823,12.1291],[75.3793,12.1221],[75.3685,12.1213],[75.3659,12.1169],[75.3519,12.1089],[75.3399,12.0983],[75.336,12.0986],[75.33,12.1026],[75.3196,12.1067],[75.3091,12.1027],[75.3096,12.0906],[75.3148,12.0876],[75.2974,12.0637],[75.3007,12.058],[75.3048,12.0529],[75.3117,12.0493],[75.3085,12.0493],[75.3029,12.0332],[75.2993,12.0293],[75.2835,12.0257],[75.2676,12.0254],[75.2637,12.0171],[75.2635,12.0029],[75.2729,11.9974],[75.2832,11.9851],[75.2913,11.9671],[75.3026,11.9554],[75.2957,11.9482],[75.2876,11.9562],[75.2685,11.9843],[75.251,12.0063],[75.2307,12.0241],[75.2249,12.0319],[75.2274,12.0443],[75.2237,12.0545],[75.2242,12.0744],[75.2223,12.0782],[75.2211,12.101],[75.2231,12.1048],[75.2366,12.1102],[75.2405,12.1093],[75.2474,12.1037],[75.2559,12.1086],[75.266,12.1037],[75.2778,12.1018],[75.2839,12.115],[75.2928,12.1161],[75.3107,12.1247],[75.3099,12.132],[75.3112,12.1365],[75.3206,12.1435],[75.3252,12.1449],[75.3352,12.144],[75.3462,12.1386],[75.3478,12.1353],[75.3667,12.1354],[75.372,12.1465],[75.3784,12.146]]],[[[82.2854,16.6976],[82.2763,16.6931],[82.2588,16.6901],[82.2579,16.7018],[82.2657,16.7029],[82.2854,16.6976]]],[[[82.2995,16.7143],[82.2994,16.714],[82.2913,16.7074],[82.2718,16.7082],[82.2535,16.7176],[82.2462,16.7171],[82.2429,16.7082],[82.2565,16.6949],[82.2576,16.6901],[82.2465,16.6914],[82.2274,16.7047],[82.2154,16.7098],[82.1936,16.7085],[82.1791,16.7163],[82.1746,16.7251],[82.1888,16.7272],[82.1968,16.7365],[82.2177,16.7517],[82.2198,16.7449],[82.21,16.7313],[82.2204,16.7183],[82.227,16.7172],[82.2637,16.7194],[82.2807,16.7227],[82.2891,16.741],[82.2977,16.7404],[82.3028,16.7228],[82.2995,16.7143]]]]},"properties":{"ID_0":105,"ISO":"IND","NAME_0":"India","ID_1":27,"NAME_1":"Puducherry","NL_NAME_1":null,"VARNAME_1":"Pondicherry|Puduchcheri|Pondichry","TYPE_1":"Union Territor","ENGTYPE_1":"Union Territory"}},{"type":"Feature","geometry":{"type":"Polygon","coordinates":[[[76.7699,30.9064],[76.7625,30.8934],[76.769,30.8765],[76.7849,30.8613],[76.8012,30.8425],[76.8278,30.8326],[76.8321,30.8254],[76.8335,30.8046],[76.8468,30.7925],[76.8282,30.7638],[76.812,30.7666],[76.8015,30.7628],[76.7931,30.7665],[76.8035,30.7776],[76.8022,30.7818],[76.7961,30.7858],[76.7809,30.7739],[76.7756,30.7761],[76.7693,30.777],[76.7727,30.7831],[76.7763,30.784],[76.7676,30.7951],[76.7593,30.799],[76.7509,30.7968],[76.7458,30.7946],[76.74,30.7911],[76.7382,30.7899],[76.7352,30.783],[76.7292,30.7763],[76.7183,30.7691],[76.7079,30.7701],[76.6906,30.7601],[76.6929,30.7574],[76.6907,30.7467],[76.7013,30.7453],[76.7099,30.7355],[76.7161,30.7286],[76.7153,30.715],[76.7152,30.7133],[76.7269,30.7076],[76.7246,30.7038],[76.7329,30.6972],[76.7385,30.6892],[76.745,30.6905],[76.7707,30.6779],[76.7944,30.6693],[76.8059,30.6803],[76.8105,30.685],[76.8198,30.6858],[76.8188,30.6606],[76.835,30.6641],[76.8399,30.6568],[76.8554,30.6732],[76.8631,30.6715],[76.8586,30.6406],[76.8727,30.64],[76.8836,30.6271],[76.8996,30.62],[76.9015,30.6084],[76.9106,30.6058],[76.9134,30.5997],[76.9072,30.5914],[76.8986,30.5884],[76.9045,30.5806],[76.8989,30.5667],[76.9059,30.5584],[76.9022,30.551],[76.885,30.5404],[76.9201,30.5247],[76.9159,30.4994],[76.9124,30.4937],[76.9011,30.4888],[76.8939,30.4896],[76.8898,30.4793],[76.8966,30.4754],[76.8952,30.4556],[76.8907,30.4511],[76.8899,30.4367],[76.9017,30.4283],[76.9093,30.4033],[76.9258,30.4016],[76.9314,30.3971],[76.9273,30.3886],[76.917,30.3828],[76.8978,30.3626],[76.8872,30.3584],[76.8764,30.3633],[76.8804,30.383],[76.8744,30.3913],[76.8662,30.3948],[76.8647,30.4088],[76.8473,30.4149],[76.8397,30.4207],[76.8325,30.4339],[76.8231,30.4225],[76.8085,30.4119],[76.7973,30.4151],[76.7807,30.415],[76.7708,30.4183],[76.7643,30.425],[76.7667,30.436],[76.7579,30.4389],[76.7489,30.4266],[76.7252,30.4204],[76.7265,30.405],[76.7001,30.3936],[76.7049,30.3808],[76.7181,30.3771],[76.7114,30.3651],[76.7304,30.3674],[76.7385,30.3596],[76.7239,30.3444],[76.7152,30.3399],[76.7152,30.3329],[76.7048,30.3317],[76.6977,30.3249],[76.6885,30.326],[76.6709,30.3192],[76.6731,30.3128],[76.6624,30.2996],[76.6513,30.2993],[76.6263,30.2839],[76.6197,30.2878],[76.6144,30.2753],[76.6045,30.2723],[76.5809,30.2699],[76.5579,30.2643],[76.5476,30.2649],[76.5458,30.2586],[76.5477,30.2344],[76.5759,30.2559],[76.5903,30.2541],[76.5994,30.2403],[76.6093,30.2349],[76.6119,30.2256],[76.6043,30.2152],[76.6168,30.2111],[76.6328,30.21],[76.6389,30.2059],[76.6393,30.1852],[76.6227,30.1703],[76.6276,30.1551],[76.6231,30.1447],[76.6294,30.1348],[76.6247,30.1169],[76.6276,30.1105],[76.6195,30.0954],[76.6011,30.0802],[76.5895,30.0793],[76.5658,30.0963],[76.5549,30.0988],[76.5336,30.0828],[76.5089,30.0795],[76.5011,30.0766],[76.4908,30.0972],[76.4835,30.0996],[76.4616,30.099],[76.4521,30.1007],[76.4466,30.1112],[76.4445,30.1229],[76.4465,30.1371],[76.4363,30.137],[76.426,30.1476],[76.4224,30.1636],[76.429,30.173],[76.4286,30.1798],[76.42,30.1979],[76.4102,30.2023],[76.3988,30.199],[76.381,30.1832],[76.4016,30.1577],[76.3846,30.1458],[76.39,30.1275],[76.3747,30.1237],[76.3637,30.1275],[76.3483,30.1505],[76.3431,30.1534],[76.3259,30.1492],[76.3489,30.1277],[76.3379,30.1159],[76.3284,30.1095],[76.3128,30.1085],[76.2931,30.1186],[76.2798,30.1137],[76.2512,30.119],[76.2247,30.1418],[76.2105,30.1561],[76.2026,30.1528],[76.2127,30.1368],[76.2079,30.1331],[76.1959,30.14],[76.1896,30.1367],[76.2047,30.1279],[76.2152,30.1172],[76.2308,30.1085],[76.2538,30.106],[76.2299,30.0806],[76.1989,30.0348],[76.2161,30.0287],[76.2095,30.0227],[76.1935,30.0194],[76.1894,30.0042],[76.1958,29.9905],[76.199,29.9732],[76.1947,29.9657],[76.2035,29.9521],[76.2039,29.9441],[76.1789,29.9463],[76.1696,29.9366],[76.1663,29.9287],[76.1715,29.9232],[76.182,29.9232],[76.1836,29.9157],[76.1827,29.8939],[76.1846,29.8886],[76.1974,29.884],[76.2081,29.8865],[76.2253,29.8851],[76.2387,29.8759],[76.242,29.869],[76.2285,29.8545],[76.2118,29.8531],[76.2111,29.8432],[76.1942,29.845],[76.1858,29.8312],[76.1667,29.8183],[76.1393,29.8168],[76.1164,29.7964],[76.1032,29.8084],[76.0944,29.8116],[76.0777,29.8058],[76.0743,29.7812],[76.0699,29.776],[76.0584,29.7731],[76.0415,29.7488],[76.0357,29.7467],[76.0242,29.7556],[76.0038,29.7509],[75.9725,29.7324],[75.9649,29.7314],[75.9424,29.7343],[75.934,29.7325],[75.9139,29.7388],[75.9031,29.7463],[75.8972,29.7555],[75.8793,29.7471],[75.8638,29.7523],[75.8546,29.7697],[75.8436,29.776],[75.8334,29.7907],[75.8293,29.8007],[75.829,29.8123],[75.82,29.8154],[75.7961,29.8071],[75.7716,29.8254],[75.7484,29.8121],[75.7099,29.8123],[75.7059,29.8086],[75.6974,29.7552],[75.6874,29.7518],[75.6783,29.7571],[75.6662,29.7727],[75.6564,29.7761],[75.6409,29.7711],[75.6254,29.7732],[75.6226,29.7536],[75.6132,29.7465],[75.5927,29.7492],[75.5688,29.7426],[75.5631,29.7442],[75.5564,29.7658],[75.5442,29.7718],[75.5302,29.7727],[75.5117,29.76],[75.5063,29.7741],[75.4984,29.7778],[75.4443,29.8078],[75.4355,29.7988],[75.4432,29.7942],[75.4438,29.7862],[75.4198,29.7744],[75.41,29.7753],[75.3972,29.761],[75.3968,29.7487],[75.3909,29.7386],[75.3837,29.734],[75.3836,29.7203],[75.3788,29.7113],[75.3619,29.7129],[75.3338,29.6881],[75.346,29.6714],[75.3415,29.6621],[75.3301,29.6723],[75.3177,29.6707],[75.3162,29.6608],[75.3075,29.6326],[75.2879,29.6198],[75.2806,29.6101],[75.2803,29.6033],[75.2936,29.5977],[75.3045,29.5885],[75.303,29.5791],[75.2906,29.5618],[75.275,29.5611],[75.2545,29.5542],[75.2381,29.5515],[75.2235,29.5462],[75.2282,29.5586],[75.2179,29.5785],[75.2112,29.5824],[75.2232,29.5989],[75.2212,29.6066],[75.1994,29.6227],[75.1847,29.6225],[75.1733,29.6301],[75.1733,29.6495],[75.1578,29.6627],[75.1589,29.6694],[75.1753,29.6781],[75.1889,29.6808],[75.1977,29.6965],[75.1884,29.7037],[75.1872,29.7119],[75.1981,29.7308],[75.2214,29.7331],[75.231,29.7521],[75.2167,29.7715],[75.2124,29.7865],[75.198,29.7962],[75.1978,29.8134],[75.2025,29.8214],[75.2009,29.83],[75.1823,29.8387],[75.1752,29.8295],[75.1554,29.8198],[75.1495,29.7916],[75.1592,29.7842],[75.1417,29.777],[75.1314,29.7849],[75.1249,29.8056],[75.1023,29.8026],[75.0902,29.8067],[75.0933,29.8193],[75.1071,29.8265],[75.1041,29.838],[75.0857,29.8448],[75.0813,29.8494],[75.0847,29.8586],[75.1006,29.8679],[75.1031,29.8768],[75.1027,29.897],[75.0848,29.9151],[75.0777,29.9123],[75.0655,29.879],[75.0518,29.8749],[75.0375,29.8818],[75.0141,29.8646],[75.0057,29.8676],[74.9941,29.8632],[74.9899,29.8565],[74.9695,29.8807],[74.9699,29.8899],[74.9579,29.8977],[74.9432,29.9025],[74.9286,29.9292],[74.9241,29.9415],[74.9157,29.9492],[74.8944,29.9394],[74.8944,29.9529],[74.8815,29.9683],[74.872,29.9591],[74.8594,29.9612],[74.8496,29.9591],[74.8214,29.9731],[74.8167,29.9845],[74.8012,29.9926],[74.7944,29.9896],[74.776,29.9744],[74.7587,29.9736],[74.7372,29.969],[74.724,29.9619],[74.6955,29.9715],[74.6832,29.9611],[74.681,29.9492],[74.6489,29.9309],[74.6399,29.9225],[74.6396,29.9039],[74.5858,29.9148],[74.573,29.9259],[74.549,29.9332],[74.5302,29.945],[74.5191,29.9433],[74.4666,29.9447],[74.4281,29.9495],[74.4038,29.9473],[74.3559,29.9503],[74.29,29.9563],[74.2519,29.9553],[74.2238,29.9597],[74.186,29.9604],[74.1544,29.9633],[74.0833,29.9674],[74.0692,29.9689],[74.0027,29.9701],[73.9909,29.9712],[73.9765,29.9691],[73.933,29.9707],[73.8912,29.9701],[73.8885,29.9818],[73.8811,29.9963],[73.8819,30.0112],[73.8855,30.0174],[73.8948,30.0469],[73.8984,30.0536],[73.9182,30.0681],[73.9429,30.0991],[73.9441,30.1042],[73.9579,30.1196],[73.9625,30.1275],[73.9608,30.1432],[73.9634,30.1718],[73.9681,30.1843],[73.9663,30.195],[73.9638,30.2313],[73.9578,30.2617],[73.9473,30.2747],[73.9343,30.303],[73.9254,30.3106],[73.9183,30.3232],[73.8973,30.349],[73.8756,30.3608],[73.8713,30.3686],[73.8732,30.3834],[73.8935,30.4023],[73.9034,30.4168],[73.9279,30.4209],[73.9366,30.443],[73.9323,30.4584],[73.9353,30.463],[73.9469,30.4623],[73.9627,30.4576],[73.9665,30.4635],[73.9688,30.4802],[73.9727,30.4881],[73.9885,30.5046],[74.0256,30.5254],[74.034,30.5363],[74.0402,30.5377],[74.0557,30.522],[74.0665,30.5202],[74.0776,30.5294],[74.0844,30.545],[74.0679,30.5549],[74.0912,30.5729],[74.0932,30.5814],[74.092,30.5981],[74.0984,30.6155],[74.1047,30.6066],[74.1236,30.629],[74.1439,30.6291],[74.1509,30.6326],[74.1968,30.6718],[74.222,30.7081],[74.2322,30.7196],[74.254,30.723],[74.2683,30.7314],[74.2797,30.7294],[74.2825,30.7346],[74.2737,30.7433],[74.2663,30.7624],[74.265,30.7728],[74.2911,30.7784],[74.2991,30.786],[74.2962,30.7929],[74.286,30.7967],[74.2946,30.8102],[74.3076,30.8211],[74.3116,30.8405],[74.3161,30.8476],[74.3314,30.8524],[74.3474,30.8513],[74.363,30.8458],[74.372,30.8529],[74.3711,30.8603],[74.3622,30.8724],[74.3655,30.8854],[74.3827,30.8917],[74.395,30.9035],[74.4129,30.9063],[74.4192,30.9117],[74.4207,30.9259],[74.4464,30.9489],[74.4706,30.966],[74.4851,30.9705],[74.4966,30.9672],[74.5044,30.9778],[74.5227,30.989],[74.5326,30.9906],[74.5385,30.9974],[74.5318,31.0093],[74.5357,31.0168],[74.538,31.0317],[74.5497,31.0432],[74.5534,31.0626],[74.5584,31.0675],[74.5717,31.0674],[74.5925,31.052],[74.6002,31.0435],[74.6225,31.047],[74.6335,31.0529],[74.656,31.0545],[74.6722,31.0616],[74.6832,31.0722],[74.6842,31.0864],[74.6944,31.0954],[74.6906,31.1155],[74.6821,31.1202],[74.6791,31.129],[74.6637,31.1268],[74.6527,31.1351],[74.6398,31.1301],[74.6312,31.1213],[74.6249,31.1226],[74.6263,31.1357],[74.6065,31.1329],[74.595,31.135],[74.5921,31.1273],[74.6003,31.1115],[74.5965,31.0909],[74.588,31.0932],[74.5705,31.0884],[74.5658,31.0843],[74.5464,31.0886],[74.5435,31.1052],[74.5445,31.117],[74.5363,31.1251],[74.5265,31.1224],[74.5232,31.1296],[74.5062,31.1358],[74.5046,31.1674],[74.5013,31.1799],[74.5088,31.1857],[74.5083,31.1974],[74.5145,31.2094],[74.5108,31.2229],[74.5137,31.2367],[74.5222,31.2475],[74.5111,31.2723],[74.5169,31.278],[74.5247,31.2947],[74.5302,31.2987],[74.5519,31.2985],[74.5721,31.3465],[74.5946,31.3971],[74.6253,31.4236],[74.6363,31.4522],[74.6421,31.4615],[74.632,31.4712],[74.6207,31.478],[74.6141,31.4858],[74.6044,31.4897],[74.5951,31.5002],[74.5796,31.4957],[74.5662,31.5008],[74.5725,31.5058],[74.573,31.5196],[74.5824,31.5248],[74.599,31.5275],[74.6052,31.541],[74.6009,31.5678],[74.5926,31.5923],[74.5785,31.6234],[74.5302,31.6981],[74.5173,31.7229],[74.518,31.7452],[74.5289,31.7497],[74.5455,31.7505],[74.552,31.7575],[74.5449,31.7654],[74.544,31.7764],[74.5545,31.7902],[74.5495,31.799],[74.5602,31.8153],[74.5564,31.8288],[74.5647,31.8324],[74.5726,31.8417],[74.5805,31.8435],[74.5823,31.8551],[74.596,31.8648],[74.598,31.8835],[74.6226,31.8813],[74.6337,31.8897],[74.6379,31.8967],[74.6508,31.8981],[74.652,31.9099],[74.6761,31.9216],[74.7033,31.9249],[74.7092,31.9579],[74.7178,31.9577],[74.7267,31.9422],[74.7359,31.9374],[74.7458,31.9416],[74.7452,31.9492],[74.7595,31.9462],[74.7686,31.9518],[74.8014,31.9618],[74.8104,31.9562],[74.8151,31.9717],[74.8199,31.9765],[74.8177,31.9939],[74.8278,32.0051],[74.8442,32.0083],[74.8403,32.0203],[74.8523,32.0219],[74.8675,32.0312],[74.8623,32.0451],[74.8793,32.0519],[74.8997,32.0503],[74.9069,32.0625],[74.9259,32.0657],[74.9603,32.055],[74.9683,32.042],[74.9772,32.0423],[74.9984,32.0287],[75.0106,32.0304],[75.023,32.039],[75.0459,32.0392],[75.0508,32.0413],[75.069,32.0585],[75.0858,32.0629],[75.0922,32.0595],[75.0987,32.0712],[75.12,32.0832],[75.1298,32.0807],[75.1444,32.0829],[75.1519,32.0805],[75.1584,32.0685],[75.1645,32.068],[75.1716,32.079],[75.1851,32.0838],[75.1852,32.0953],[75.1937,32.1007],[75.1932,32.1146],[75.212,32.1191],[75.2227,32.1125],[75.225,32.1069],[75.2236,32.0911],[75.2278,32.0846],[75.2392,32.0872],[75.272,32.1128],[75.2773,32.1352],[75.2833,32.1422],[75.3094,32.1546],[75.3178,32.1708],[75.3172,32.1928],[75.3228,32.2013],[75.3136,32.2124],[75.3177,32.2181],[75.3462,32.218],[75.3593,32.227],[75.3637,32.2383],[75.3583,32.2458],[75.3586,32.2586],[75.367,32.2687],[75.3494,32.284],[75.3399,32.2886],[75.3343,32.3044],[75.3367,32.3226],[75.3223,32.3373],[75.3318,32.3447],[75.3453,32.3392],[75.3785,32.3288],[75.415,32.3243],[75.4326,32.3267],[75.4735,32.3392],[75.4678,32.3176],[75.4799,32.3103],[75.4902,32.3102],[75.4921,32.3028],[75.49,32.288],[75.4947,32.2769],[75.5045,32.2795],[75.5158,32.298],[75.5243,32.34],[75.5292,32.3489],[75.5452,32.3608],[75.567,32.3718],[75.5926,32.3817],[75.6481,32.3888],[75.685,32.4006],[75.7115,32.4182],[75.7297,32.4451],[75.7437,32.4691],[75.7459,32.4763],[75.7789,32.475],[75.8043,32.4871],[75.825,32.5092],[75.8378,32.5376],[75.8725,32.5762],[75.8755,32.5709],[75.8703,32.5588],[75.8564,32.5377],[75.8514,32.5213],[75.851,32.5079],[75.8553,32.4996],[75.8871,32.472],[75.8954,32.4619],[75.9155,32.4487],[75.9346,32.4248],[75.9259,32.4118],[75.9154,32.4103],[75.8719,32.3984],[75.8439,32.3793],[75.8189,32.355],[75.7937,32.3324],[75.7634,32.3022],[75.7547,32.2861],[75.7364,32.2738],[75.7049,32.2672],[75.6758,32.264],[75.6524,32.2554],[75.6341,32.2447],[75.6225,32.2347],[75.6183,32.197],[75.6202,32.1852],[75.6496,32.1797],[75.6562,32.1766],[75.6618,32.1647],[75.6555,32.1461],[75.6312,32.1195],[75.6106,32.0996],[75.5788,32.0817],[75.5985,32.066],[75.6401,32.0767],[75.6494,32.0772],[75.6923,32.0595],[75.7004,32.0436],[75.7105,32.036],[75.734,32.0373],[75.7484,32.0272],[75.7743,32.0008],[75.7951,31.9886],[75.814,31.9834],[75.8364,31.9816],[75.8416,31.9736],[75.8662,31.9688],[75.8945,31.9498],[75.896,31.9403],[75.9028,31.9279],[75.9127,31.9166],[75.9262,31.8898],[75.9314,31.8838],[75.9384,31.8679],[75.9497,31.8481],[75.9558,31.8324],[75.9709,31.8192],[75.967,31.8149],[75.9529,31.824],[75.9361,31.8183],[75.9218,31.8172],[75.933,31.7971],[75.9364,31.7843],[75.9451,31.7813],[75.9519,31.763],[75.9595,31.7495],[75.9576,31.7405],[75.966,31.7335],[75.9694,31.7197],[75.9774,31.705],[75.9758,31.6953],[75.9856,31.6854],[75.9947,31.6815],[75.9974,31.6689],[76.0047,31.663],[76.0062,31.6514],[76.0027,31.6466],[76.0176,31.6217],[76.0232,31.6155],[76.044,31.603],[76.0432,31.592],[76.0649,31.5618],[76.084,31.5372],[76.0906,31.519],[76.1082,31.4951],[76.108,31.4822],[76.1147,31.4735],[76.1282,31.4438],[76.1435,31.4323],[76.1471,31.4188],[76.1535,31.414],[76.1567,31.4045],[76.153,31.3973],[76.1341,31.3826],[76.135,31.3618],[76.1396,31.3531],[76.1581,31.3469],[76.1663,31.3415],[76.1661,31.3262],[76.1728,31.3067],[76.1857,31.3047],[76.2064,31.3053],[76.2232,31.3131],[76.2556,31.315],[76.2612,31.3058],[76.2684,31.3066],[76.2904,31.3156],[76.3023,31.3264],[76.296,31.3422],[76.3158,31.3475],[76.3301,31.3453],[76.3367,31.353],[76.3313,31.3591],[76.3296,31.3795],[76.3182,31.3811],[76.3158,31.4024],[76.3295,31.4011],[76.3469,31.4057],[76.3591,31.4156],[76.3568,31.4296],[76.3631,31.4414],[76.3692,31.4281],[76.3753,31.4222],[76.373,31.4136],[76.3816,31.4106],[76.3904,31.3973],[76.3792,31.3912],[76.3911,31.3786],[76.4088,31.3537],[76.4182,31.3373],[76.428,31.3252],[76.4483,31.306],[76.4456,31.3004],[76.4285,31.2892],[76.4311,31.2828],[76.4458,31.2897],[76.4667,31.3102],[76.4725,31.3067],[76.4756,31.2922],[76.4886,31.2734],[76.4982,31.2733],[76.5109,31.2826],[76.5166,31.2774],[76.5143,31.2645],[76.5279,31.27],[76.5312,31.2835],[76.5372,31.284],[76.5326,31.2665],[76.535,31.2554],[76.5459,31.2559],[76.5522,31.2649],[76.5705,31.2801],[76.6016,31.2509],[76.5847,31.2396],[76.5825,31.2309],[76.576,31.2258],[76.5806,31.2164],[76.5868,31.2161],[76.6163,31.2294],[76.6354,31.213],[76.6122,31.2026],[76.5983,31.1865],[76.5904,31.1829],[76.5925,31.1723],[76.5901,31.1573],[76.5987,31.1512],[76.5893,31.1277],[76.6073,31.1196],[76.6156,31.1216],[76.6237,31.118],[76.6257,31.1102],[76.6118,31.0964],[76.6049,31.0784],[76.6095,31.0607],[76.599,31.0536],[76.6052,31.0335],[76.6136,31.022],[76.6101,31.0042],[76.6259,30.9925],[76.6531,30.9818],[76.6626,30.9711],[76.6682,30.9699],[76.6942,30.9725],[76.7051,30.9633],[76.7126,30.9634],[76.7241,30.9506],[76.726,30.9393],[76.7384,30.9301],[76.7486,30.9292],[76.7538,30.9178],[76.7699,30.9064]]]},"properties":{"ID_0":105,"ISO":"IND","NAME_0":"India","ID_1":28,"NAME_1":"Punjab","NL_NAME_1":null,"VARNAME_1":null,"TYPE_1":"State","ENGTYPE_1":"State"}},{"type":"Feature","geometry":{"type":"Polygon","coordinates":[[[74.5191,29.9433],[74.505,29.9078],[74.5109,29.9043],[74.5337,29.9026],[74.5435,29.8887],[74.5536,29.8656],[74.5325,29.8393],[74.5059,29.8326],[74.4917,29.8265],[74.4706,29.802],[74.4653,29.7875],[74.472,29.744],[74.5116,29.7407],[74.5258,29.7414],[74.5378,29.7539],[74.564,29.7546],[74.5714,29.7532],[74.5782,29.767],[74.5925,29.7667],[74.5975,29.758],[74.6054,29.7529],[74.6016,29.7407],[74.6035,29.7214],[74.599,29.7062],[74.5929,29.7007],[74.5939,29.6914],[74.5851,29.675],[74.5785,29.6548],[74.586,29.6353],[74.5754,29.6273],[74.5703,29.5859],[74.5706,29.5685],[74.5665,29.5635],[74.5717,29.5556],[74.5995,29.5369],[74.6114,29.5315],[74.6117,29.52],[74.5927,29.4921],[74.5916,29.4799],[74.5789,29.4586],[74.5717,29.4623],[74.5346,29.465],[74.5291,29.4495],[74.5313,29.425],[74.5522,29.4224],[74.57,29.4062],[74.5691,29.3973],[74.5729,29.3864],[74.5905,29.3707],[74.6,29.3543],[74.5958,29.3283],[74.606,29.3276],[74.6418,29.3312],[74.6441,29.3353],[74.6437,29.3544],[74.6502,29.3724],[74.6887,29.3652],[74.7112,29.3689],[74.7317,29.3538],[74.7566,29.356],[74.7759,29.3602],[74.7988,29.3847],[74.8095,29.3985],[74.8495,29.4028],[74.8639,29.3964],[74.8706,29.3851],[74.8885,29.3867],[74.9102,29.3712],[74.9271,29.3646],[74.9359,29.3379],[74.9461,29.3328],[74.9506,29.3185],[74.9401,29.3048],[74.9426,29.2952],[74.9531,29.2819],[74.9769,29.2811],[74.991,29.2717],[75.0059,29.2838],[75.0239,29.2915],[75.0399,29.2871],[75.0505,29.2724],[75.0509,29.2637],[75.0653,29.2466],[75.0627,29.2389],[75.0781,29.2325],[75.1082,29.2268],[75.1137,29.2429],[75.1475,29.2458],[75.1608,29.2537],[75.164,29.2644],[75.18,29.2686],[75.1885,29.2586],[75.1953,29.2442],[75.212,29.2345],[75.2235,29.235],[75.2352,29.2519],[75.2495,29.2565],[75.2717,29.2544],[75.2767,29.2735],[75.2997,29.282],[75.3193,29.2934],[75.3242,29.2902],[75.3254,29.2783],[75.3232,29.2518],[75.3149,29.236],[75.3453,29.2262],[75.3502,29.2474],[75.358,29.2546],[75.3795,29.2639],[75.3957,29.2619],[75.3994,29.2403],[75.3873,29.229],[75.3861,29.2212],[75.3965,29.2134],[75.4007,29.1889],[75.3944,29.1743],[75.3886,29.1707],[75.369,29.17],[75.3676,29.1504],[75.3612,29.1426],[75.3851,29.1342],[75.3962,29.1284],[75.3913,29.1193],[75.3807,29.1107],[75.3832,29.0954],[75.3807,29.0703],[75.3903,29.0682],[75.4303,29.0647],[75.4298,29.0562],[75.4375,29.0505],[75.4406,29.0415],[75.4326,29.0221],[75.4347,29.0165],[75.4587,29.0202],[75.4734,29.0202],[75.5051,29.0152],[75.5111,29.0108],[75.5153,28.9911],[75.5165,28.9754],[75.5029,28.9615],[75.5035,28.9518],[75.4976,28.9415],[75.4689,28.938],[75.4671,28.9263],[75.4884,28.8983],[75.488,28.8596],[75.4977,28.8562],[75.5027,28.846],[75.5105,28.8434],[75.5134,28.8366],[75.5088,28.8153],[75.5031,28.8093],[75.5039,28.7967],[75.4985,28.7877],[75.5161,28.7722],[75.522,28.7562],[75.5289,28.7503],[75.526,28.7429],[75.5309,28.7328],[75.5315,28.7173],[75.5366,28.6822],[75.5398,28.676],[75.5379,28.6613],[75.5396,28.6489],[75.549,28.6431],[75.5557,28.6146],[75.577,28.6167],[75.585,28.6064],[75.6093,28.6059],[75.62,28.5992],[75.619,28.5887],[75.6291,28.546],[75.6367,28.5475],[75.6536,28.5406],[75.6655,28.5333],[75.6639,28.5209],[75.6711,28.5169],[75.6901,28.4991],[75.7007,28.4953],[75.724,28.4913],[75.7365,28.4872],[75.735,28.4726],[75.7471,28.4694],[75.7782,28.4576],[75.7852,28.4507],[75.7851,28.4392],[75.7654,28.4208],[75.7703,28.4076],[75.7876,28.4044],[75.8026,28.4142],[75.8282,28.4091],[75.8351,28.3977],[75.8721,28.3909],[75.8832,28.3867],[75.8892,28.3937],[75.8969,28.39],[75.8971,28.3801],[75.9224,28.3689],[75.9284,28.356],[75.9274,28.3451],[75.9563,28.3384],[75.9547,28.3185],[75.9676,28.3241],[75.9747,28.3159],[75.9866,28.2959],[75.9912,28.2952],[76.0187,28.281],[76.0074,28.2532],[76.0112,28.2418],[76.0258,28.2359],[76.0363,28.2271],[76.053,28.2242],[76.0523,28.2144],[76.0451,28.2029],[76.0656,28.1989],[76.0693,28.1943],[76.0748,28.1724],[76.0929,28.1552],[76.0918,28.1464],[76.0832,28.1423],[76.0651,28.1445],[76.0664,28.1678],[76.0607,28.17],[76.0277,28.1727],[76.0112,28.1577],[75.9998,28.1564],[75.9947,28.1506],[75.9957,28.1353],[75.9911,28.1282],[75.9771,28.1272],[75.9676,28.1194],[75.9575,28.1156],[75.9425,28.1056],[75.9361,28.0935],[75.959,28.0841],[75.9771,28.0842],[75.9876,28.0706],[75.9746,28.0571],[75.9846,28.0507],[76.0019,28.0607],[76.0149,28.0811],[76.0156,28.0889],[76.0312,28.0839],[76.0356,28.074],[76.0331,28.0687],[76.0167,28.0561],[76.0054,28.0545],[76.0109,28.047],[76.0101,28.0367],[75.9911,28.0399],[75.9744,28.0369],[75.97,28.0309],[75.9727,28.0181],[75.9858,28.0147],[75.9891,28.0043],[75.9799,28.0015],[75.9564,28.001],[75.9555,27.9886],[75.9732,27.984],[75.9869,27.9846],[75.9683,27.9623],[75.9732,27.958],[75.9632,27.937],[75.9446,27.9401],[75.9385,27.9511],[75.9236,27.9331],[75.9288,27.9265],[75.9288,27.9168],[75.9559,27.9195],[75.9774,27.9093],[75.9672,27.8993],[75.9752,27.8931],[75.9735,27.8775],[75.9643,27.8715],[75.9631,27.8647],[75.9754,27.8646],[76.0052,27.8574],[76.0093,27.8626],[76.0296,27.8539],[76.0496,27.8479],[76.06,27.8572],[76.0801,27.8511],[76.0881,27.8684],[76.1221,27.8544],[76.1285,27.8469],[76.1278,27.8332],[76.1427,27.8278],[76.1729,27.8075],[76.1804,27.8124],[76.1941,27.8312],[76.2077,27.8285],[76.2233,27.8409],[76.2059,27.848],[76.2051,27.8555],[76.1931,27.8639],[76.1903,27.8816],[76.1998,27.8881],[76.1986,27.899],[76.1697,27.9097],[76.1665,27.9151],[76.1677,27.9284],[76.1748,27.9412],[76.1763,27.9611],[76.1795,27.9728],[76.161,27.9801],[76.1625,27.9883],[76.1539,27.9925],[76.1587,28.0046],[76.1743,28.0219],[76.1959,28.0217],[76.2035,28.0304],[76.2138,28.0317],[76.2136,28.0402],[76.2042,28.0422],[76.1934,28.0352],[76.1769,28.049],[76.1773,28.0593],[76.1999,28.0608],[76.2083,28.0556],[76.2334,28.0564],[76.2436,28.0689],[76.2511,28.0709],[76.2718,28.0664],[76.282,28.0589],[76.2901,28.0491],[76.2901,28.0299],[76.2972,28.026],[76.3166,28.021],[76.3368,28.0297],[76.3459,28.0458],[76.3533,28.0656],[76.3505,28.0758],[76.3373,28.0731],[76.3321,28.0768],[76.3288,28.0878],[76.3205,28.0943],[76.3072,28.0965],[76.2974,28.101],[76.308,28.1113],[76.3142,28.1121],[76.3319,28.1067],[76.3435,28.1132],[76.3556,28.1285],[76.331,28.139],[76.3227,28.1492],[76.3111,28.1547],[76.3016,28.151],[76.2959,28.1547],[76.2985,28.1625],[76.2782,28.1686],[76.2791,28.1787],[76.2889,28.1827],[76.3087,28.1834],[76.326,28.1774],[76.3359,28.1773],[76.3532,28.1662],[76.3598,28.1434],[76.3768,28.1381],[76.393,28.1411],[76.397,28.1478],[76.4273,28.1459],[76.4371,28.1522],[76.456,28.1514],[76.4652,28.1556],[76.4723,28.1496],[76.47,28.1385],[76.4897,28.1337],[76.4869,28.1228],[76.4981,28.1225],[76.4978,28.1066],[76.4773,28.106],[76.4725,28.1127],[76.4569,28.1104],[76.4486,28.0932],[76.4636,28.0841],[76.4699,28.0863],[76.4977,28.0647],[76.4838,28.0583],[76.458,28.062],[76.454,28.0551],[76.4557,28.0465],[76.4757,28.0441],[76.4922,28.0471],[76.4995,28.0364],[76.5114,28.0354],[76.5259,28.0454],[76.5385,28.0391],[76.5355,28.0257],[76.5386,28.0167],[76.5355,27.9931],[76.531,27.9793],[76.5382,27.9705],[76.5466,27.9714],[76.5598,27.9818],[76.5675,27.9836],[76.5838,28.0003],[76.599,28.0098],[76.616,28.0113],[76.6369,28.0107],[76.6601,28.0191],[76.6596,28.0337],[76.651,28.0445],[76.6516,28.0555],[76.6479,28.0677],[76.6479,28.0922],[76.6512,28.0968],[76.6822,28.0978],[76.6902,28.1148],[76.6988,28.1157],[76.71,28.1324],[76.7316,28.1285],[76.7391,28.129],[76.7551,28.1466],[76.7915,28.1572],[76.7961,28.1705],[76.7923,28.1757],[76.7903,28.1938],[76.8056,28.2004],[76.8014,28.2116],[76.8058,28.2159],[76.8238,28.2147],[76.8334,28.2248],[76.8505,28.2267],[76.8636,28.2246],[76.8662,28.2115],[76.8867,28.2105],[76.8998,28.2048],[76.8857,28.1967],[76.884,28.1917],[76.8991,28.1793],[76.912,28.1719],[76.9211,28.1623],[76.9378,28.1553],[76.9417,28.1487],[76.9618,28.144],[76.9558,28.1237],[76.9555,28.1117],[76.9511,28.0961],[76.9466,28.0713],[76.938,28.0596],[76.9319,28.042],[76.9266,28.0125],[76.9186,27.9976],[76.9249,27.9784],[76.9195,27.9528],[76.9191,27.9249],[76.9213,27.9211],[76.9388,27.919],[76.9367,27.9075],[76.9382,27.896],[76.9261,27.8944],[76.9248,27.8768],[76.9299,27.8552],[76.9266,27.8342],[76.9219,27.8318],[76.9079,27.8359],[76.9004,27.8211],[76.9066,27.8077],[76.9039,27.7949],[76.8956,27.7861],[76.8923,27.772],[76.8906,27.742],[76.8841,27.7309],[76.8885,27.7196],[76.9028,27.7164],[76.9146,27.7008],[76.9003,27.6946],[76.8828,27.7034],[76.8831,27.6955],[76.8947,27.6897],[76.8916,27.6799],[76.9001,27.668],[76.9026,27.6585],[76.9095,27.6568],[76.9239,27.6607],[76.9342,27.6751],[76.9705,27.6571],[76.9703,27.6655],[76.9791,27.7062],[76.9891,27.7338],[76.9944,27.742],[77.005,27.7391],[77.0114,27.7465],[77.032,27.7484],[77.0443,27.7322],[77.0532,27.7279],[77.078,27.7373],[77.0707,27.7588],[77.0618,27.7657],[77.0501,27.761],[77.0394,27.7749],[77.0284,27.7803],[77.023,27.7872],[77.024,27.7982],[77.0304,27.8114],[77.0383,27.82],[77.0563,27.8115],[77.0724,27.8095],[77.0802,27.8004],[77.1012,27.7855],[77.1148,27.7899],[77.1221,27.7883],[77.1265,27.7765],[77.1354,27.784],[77.1473,27.7867],[77.1535,27.8024],[77.1497,27.8124],[77.1724,27.8163],[77.1807,27.8087],[77.1781,27.8025],[77.1692,27.8006],[77.1622,27.7906],[77.1687,27.7849],[77.1756,27.7872],[77.1889,27.7984],[77.1875,27.815],[77.1938,27.8219],[77.2021,27.8126],[77.2068,27.8011],[77.2168,27.7955],[77.2222,27.7976],[77.2346,27.7858],[77.2528,27.7976],[77.2625,27.8161],[77.2758,27.8065],[77.2793,27.8028],[77.2954,27.7998],[77.3041,27.788],[77.3013,27.7565],[77.3107,27.7369],[77.2963,27.7298],[77.2976,27.7187],[77.3024,27.7132],[77.3173,27.7112],[77.3245,27.7132],[77.3339,27.7079],[77.3365,27.6962],[77.335,27.6814],[77.3423,27.653],[77.3323,27.6378],[77.3132,27.6173],[77.3112,27.6117],[77.3258,27.5969],[77.3352,27.6015],[77.3501,27.5934],[77.3384,27.5766],[77.3304,27.5711],[77.3336,27.5546],[77.3402,27.5467],[77.3325,27.5385],[77.3403,27.5248],[77.3522,27.52],[77.3762,27.5186],[77.392,27.502],[77.3936,27.4819],[77.4074,27.4764],[77.4155,27.4661],[77.4296,27.462],[77.4273,27.451],[77.4207,27.4473],[77.4152,27.4254],[77.4268,27.4166],[77.4319,27.3992],[77.4666,27.3843],[77.4759,27.3877],[77.4972,27.3814],[77.5094,27.3678],[77.5307,27.3528],[77.5391,27.3531],[77.5427,27.3424],[77.5678,27.3332],[77.5745,27.3267],[77.593,27.338],[77.6163,27.3383],[77.6135,27.3148],[77.5917,27.3006],[77.6031,27.2949],[77.6091,27.288],[77.6066,27.2727],[77.6128,27.2603],[77.6233,27.2638],[77.6389,27.2471],[77.6442,27.2389],[77.6395,27.2232],[77.642,27.2148],[77.6566,27.213],[77.673,27.2004],[77.6654,27.1861],[77.6546,27.1756],[77.6308,27.1702],[77.6148,27.1748],[77.6051,27.1685],[77.6065,27.1541],[77.5924,27.1401],[77.5973,27.1291],[77.5834,27.1207],[77.5747,27.1221],[77.5561,27.1158],[77.5444,27.1156],[77.5321,27.1097],[77.5294,27.1041],[77.5138,27.1081],[77.5023,27.0992],[77.5182,27.0881],[77.5143,27.0704],[77.5265,27.0665],[77.5463,27.0807],[77.5542,27.0772],[77.5657,27.078],[77.5668,27.0603],[77.5589,27.0488],[77.5607,27.0357],[77.5751,27.0416],[77.5888,27.0371],[77.5988,27.0288],[77.6156,27.0274],[77.6274,27.0155],[77.6343,27.027],[77.6433,27.0272],[77.657,27.0227],[77.6633,27.0303],[77.6708,27.0489],[77.6782,27.0505],[77.6843,27.0449],[77.682,27.0329],[77.6937,27.0195],[77.6966,27.007],[77.7036,27.0003],[77.7139,26.998],[77.7223,27.0003],[77.7202,27.014],[77.7222,27.0261],[77.7355,27.0337],[77.7439,27.0237],[77.7453,27.0134],[77.7363,26.9882],[77.7233,26.9882],[77.7146,26.9917],[77.6919,26.979],[77.6703,26.9771],[77.6686,26.9692],[77.6596,26.9681],[77.6489,26.9738],[77.6423,26.9673],[77.6048,26.946],[77.5938,26.9377],[77.5848,26.9423],[77.5798,26.9309],[77.5574,26.926],[77.5186,26.9155],[77.4958,26.9058],[77.4825,26.9038],[77.4648,26.8927],[77.4552,26.8896],[77.4555,26.8804],[77.4505,26.875],[77.4418,26.8776],[77.4365,26.8679],[77.4225,26.867],[77.4262,26.8531],[77.4175,26.8428],[77.4392,26.8192],[77.4382,26.8089],[77.4286,26.7858],[77.4286,26.7701],[77.451,26.7807],[77.456,26.7804],[77.4643,26.7696],[77.4573,26.7621],[77.4483,26.7467],[77.4804,26.7539],[77.4933,26.767],[77.4893,26.7772],[77.481,26.7878],[77.4893,26.8086],[77.497,26.838],[77.498,26.8479],[77.5137,26.8451],[77.512,26.828],[77.5207,26.822],[77.5357,26.8254],[77.5474,26.8217],[77.5648,26.8246],[77.5721,26.832],[77.5881,26.8334],[77.5962,26.8417],[77.6008,26.8342],[77.6085,26.8345],[77.6162,26.8485],[77.6249,26.8467],[77.6573,26.8564],[77.667,26.8624],[77.6717,26.8741],[77.6864,26.8783],[77.7158,26.8813],[77.7205,26.893],[77.7108,26.903],[77.7239,26.923],[77.729,26.9258],[77.7487,26.9269],[77.7534,26.9377],[77.7651,26.938],[77.7889,26.9223],[77.8053,26.9285],[77.8146,26.9228],[77.8364,26.9196],[77.8494,26.9124],[77.8715,26.9055],[77.8901,26.8895],[77.8961,26.8897],[77.9028,26.9011],[77.8969,26.92],[77.9066,26.924],[77.9096,26.9143],[77.9288,26.9128],[77.942,26.8998],[77.963,26.9126],[77.9668,26.903],[77.9751,26.8975],[77.985,26.9014],[77.9919,26.9109],[78.0141,26.9084],[78.0221,26.8902],[78.0176,26.882],[78.0279,26.8762],[78.0164,26.8638],[78.022,26.8609],[78.0311,26.8655],[78.0354,26.8746],[78.0477,26.8778],[78.0443,26.8845],[78.0452,26.9029],[78.0422,26.9154],[78.0571,26.9133],[78.0605,26.9159],[78.0728,26.9076],[78.0868,26.902],[78.0935,26.9101],[78.1028,26.9099],[78.0954,26.9291],[78.1127,26.9275],[78.1152,26.9382],[78.108,26.95],[78.1149,26.9549],[78.1395,26.9571],[78.1461,26.9531],[78.1631,26.9527],[78.1737,26.9487],[78.1905,26.9468],[78.2083,26.9398],[78.2159,26.954],[78.2294,26.9413],[78.2327,26.9337],[78.2473,26.9307],[78.2522,26.935],[78.2612,26.9318],[78.2595,26.9162],[78.2482,26.9006],[78.2298,26.8939],[78.2266,26.8826],[78.2049,26.8774],[78.1902,26.8835],[78.2045,26.8556],[78.214,26.8485],[78.2098,26.8361],[78.1921,26.8298],[78.1733,26.8326],[78.1609,26.827],[78.1634,26.8199],[78.1794,26.8012],[78.1761,26.7915],[78.1458,26.7917],[78.1313,26.7992],[78.119,26.8026],[78.1055,26.8008],[78.0954,26.7894],[78.0957,26.7718],[78.111,26.7621],[78.1161,26.7546],[78.1117,26.7497],[78.096,26.7438],[78.0891,26.7381],[78.0865,26.7245],[78.089,26.7007],[78.0881,26.6867],[78.0754,26.6782],[78.0609,26.6818],[78.0491,26.6898],[78.0316,26.6913],[78.0119,26.7001],[77.9922,26.7026],[77.9688,26.6766],[77.9399,26.6627],[77.9036,26.6662],[77.8946,26.6622],[77.8909,26.6545],[77.8888,26.6328],[77.8794,26.6203],[77.8424,26.6152],[77.8341,26.6118],[77.8204,26.5998],[77.8184,26.5939],[77.8244,26.5844],[77.8247,26.5727],[77.813,26.5548],[77.7977,26.5503],[77.767,26.5535],[77.7394,26.5427],[77.7307,26.5299],[77.727,26.5154],[77.714,26.5042],[77.695,26.5009],[77.678,26.5055],[77.671,26.5097],[77.6547,26.4972],[77.6267,26.483],[77.6201,26.477],[77.6154,26.4665],[77.5991,26.4542],[77.5791,26.4511],[77.5691,26.4431],[77.5515,26.4406],[77.5372,26.4235],[77.5229,26.4149],[77.5059,26.4129],[77.475,26.4146],[77.459,26.4112],[77.4341,26.4092],[77.4277,26.4069],[77.4264,26.3955],[77.4397,26.3787],[77.4324,26.365],[77.4018,26.3687],[77.3859,26.3624],[77.3662,26.3715],[77.3467,26.3604],[77.3347,26.3572],[77.3294,26.3481],[77.318,26.3464],[77.3118,26.3338],[77.3082,26.315],[77.2899,26.2956],[77.267,26.2762],[77.2514,26.267],[77.2378,26.2627],[77.2084,26.2442],[77.2031,26.2374],[77.1945,26.236],[77.1775,26.2391],[77.1649,26.2445],[77.158,26.2385],[77.1295,26.2397],[77.1136,26.2314],[77.1059,26.2194],[77.1051,26.2091],[77.0964,26.1954],[77.0846,26.1872],[77.0689,26.1854],[77.0526,26.1862],[77.0347,26.1819],[77.0239,26.1762],[77.0048,26.1592],[76.9965,26.1477],[76.9945,26.1378],[76.9686,26.124],[76.9387,26.1061],[76.929,26.1027],[76.9063,26.1011],[76.8878,26.0933],[76.8822,26.0786],[76.8726,26.0641],[76.8704,26.0564],[76.8304,26.0296],[76.8402,26.0113],[76.8371,26.002],[76.8233,25.9927],[76.818,25.9843],[76.8189,25.9713],[76.8063,25.953],[76.7948,25.9442],[76.7768,25.9394],[76.7607,25.9425],[76.7536,25.9396],[76.7534,25.9322],[76.7624,25.9221],[76.7455,25.9092],[76.7333,25.9025],[76.7145,25.901],[76.6965,25.9071],[76.6744,25.9118],[76.6566,25.9108],[76.6414,25.9063],[76.6356,25.8959],[76.6317,25.8752],[76.6266,25.8709],[76.6165,25.8713],[76.5975,25.8765],[76.5853,25.8677],[76.5668,25.8397],[76.5495,25.825],[76.5355,25.8092],[76.5293,25.798],[76.5227,25.7743],[76.5222,25.7663],[76.5304,25.7437],[76.5266,25.731],[76.503,25.7286],[76.4824,25.7181],[76.4779,25.706],[76.4778,25.6951],[76.4891,25.6834],[76.5108,25.6728],[76.4994,25.6483],[76.5054,25.6382],[76.5147,25.6337],[76.5158,25.607],[76.5099,25.5872],[76.5098,25.5798],[76.5222,25.5504],[76.5203,25.5299],[76.5226,25.5243],[76.5379,25.5102],[76.5421,25.4974],[76.5596,25.4733],[76.5607,25.4499],[76.5643,25.4424],[76.589,25.4315],[76.5991,25.4053],[76.6025,25.389],[76.6096,25.3883],[76.6255,25.3751],[76.6363,25.3803],[76.6436,25.3764],[76.6575,25.3614],[76.6811,25.3455],[76.7032,25.3476],[76.7145,25.3424],[76.7223,25.3459],[76.7404,25.3478],[76.7537,25.3393],[76.7667,25.3362],[76.7598,25.3227],[76.7728,25.3159],[76.7953,25.3218],[76.8217,25.3271],[76.8335,25.3269],[76.843,25.3305],[76.867,25.3252],[76.8932,25.3224],[76.9046,25.3179],[76.9292,25.2973],[76.9326,25.2875],[76.9287,25.2792],[76.9418,25.2754],[76.9527,25.2786],[76.9587,25.2972],[76.9927,25.3018],[77.0242,25.3011],[77.0341,25.3119],[77.0394,25.3251],[77.053,25.3207],[77.0635,25.3242],[77.0755,25.3397],[77.1018,25.3351],[77.1158,25.3351],[77.1289,25.3254],[77.1363,25.3241],[77.1536,25.3132],[77.1734,25.3152],[77.1906,25.3117],[77.2051,25.3114],[77.2003,25.3187],[77.1982,25.3305],[77.2107,25.3337],[77.218,25.3313],[77.217,25.3493],[77.2211,25.3611],[77.2203,25.3734],[77.2256,25.3792],[77.26,25.3995],[77.283,25.4236],[77.3053,25.4364],[77.3437,25.4224],[77.3543,25.424],[77.3613,25.413],[77.3497,25.3984],[77.3443,25.3879],[77.3447,25.3798],[77.356,25.3679],[77.3439,25.3374],[77.3364,25.3256],[77.3493,25.3241],[77.3532,25.3323],[77.3638,25.333],[77.3718,25.3202],[77.3748,25.3059],[77.3726,25.2943],[77.3667,25.2854],[77.3497,25.2718],[77.3603,25.2609],[77.3627,25.2501],[77.3705,25.251],[77.38,25.2454],[77.3916,25.2311],[77.4064,25.2263],[77.4137,25.1995],[77.418,25.193],[77.4031,25.1865],[77.3907,25.1882],[77.3893,25.151],[77.3867,25.122],[77.3684,25.1141],[77.3685,25.1085],[77.3487,25.0978],[77.3324,25.0966],[77.3029,25.0839],[77.2959,25.0871],[77.2844,25.1042],[77.2756,25.1121],[77.2623,25.1193],[77.2416,25.1127],[77.2208,25.1102],[77.2058,25.1124],[77.1974,25.1167],[77.1888,25.1118],[77.1696,25.1137],[77.1628,25.1097],[77.1646,25.0986],[77.1577,25.0883],[77.1405,25.0909],[77.1283,25.0891],[77.1145,25.0691],[77.0904,25.0664],[77.0772,25.058],[77.0443,25.0658],[77.0293,25.0719],[77.0176,25.0722],[77.006,25.0786],[76.9937,25.08],[76.9837,25.0776],[76.9718,25.0668],[76.9687,25.0559],[76.9535,25.0485],[76.9299,25.0416],[76.9177,25.04],[76.9011,25.034],[76.882,25.0341],[76.8768,25.0161],[76.8693,25.0111],[76.8543,25.0103],[76.8681,25.0014],[76.8697,24.9919],[76.8664,24.9718],[76.8721,24.9546],[76.8797,24.9458],[76.8932,24.9354],[76.8912,24.9197],[76.9074,24.9233],[76.9209,24.9168],[76.9246,24.9104],[76.9127,24.8972],[76.9139,24.8879],[76.9218,24.8837],[76.934,24.8843],[76.9357,24.8787],[76.9489,24.8729],[76.9431,24.8601],[76.9265,24.8498],[76.9151,24.8487],[76.895,24.8395],[76.8633,24.8417],[76.8375,24.8411],[76.8271,24.8384],[76.8112,24.8282],[76.8023,24.8266],[76.8016,24.8198],[76.8087,24.815],[76.8157,24.8037],[76.8359,24.7851],[76.8467,24.77],[76.845,24.7521],[76.8608,24.7487],[76.8867,24.7542],[76.9033,24.746],[76.9217,24.7488],[76.9458,24.764],[76.9563,24.7643],[76.9633,24.7596],[76.9638,24.7505],[76.972,24.7317],[76.9921,24.7174],[77.0042,24.7137],[77.0192,24.715],[77.0335,24.7029],[77.037,24.6828],[77.0595,24.6424],[77.0611,24.6105],[77.0585,24.5948],[77.0636,24.5853],[77.0643,24.5641],[77.0615,24.5548],[77.0534,24.5442],[77.0503,24.5265],[77.032,24.5288],[77.0248,24.517],[77.0241,24.5013],[77.0069,24.4876],[77.0015,24.4779],[76.9925,24.4734],[76.9797,24.4746],[76.975,24.4649],[76.9602,24.4602],[76.9411,24.4674],[76.9371,24.4724],[76.9146,24.4877],[76.9153,24.5114],[76.9189,24.5244],[76.9184,24.5356],[76.9129,24.5436],[76.8998,24.5478],[76.8929,24.5397],[76.889,24.5268],[76.8757,24.5262],[76.8748,24.5405],[76.8662,24.5494],[76.846,24.551],[76.8382,24.5485],[76.8268,24.5388],[76.8146,24.5344],[76.8345,24.4983],[76.8468,24.4876],[76.8463,24.4755],[76.8513,24.4691],[76.8459,24.4533],[76.8379,24.4506],[76.8412,24.4428],[76.8507,24.4374],[76.846,24.4193],[76.8359,24.4166],[76.8424,24.4085],[76.8501,24.389],[76.8491,24.3682],[76.837,24.3607],[76.8389,24.3426],[76.8449,24.328],[76.8588,24.3123],[76.8636,24.2898],[76.8742,24.2711],[76.8974,24.2471],[76.9165,24.232],[76.9193,24.2207],[76.9317,24.2095],[76.9444,24.2063],[76.9439,24.1989],[76.9332,24.1869],[76.9161,24.1887],[76.9112,24.1769],[76.8999,24.1311],[76.8863,24.1317],[76.8733,24.1398],[76.856,24.1389],[76.8355,24.1313],[76.8277,24.1256],[76.8147,24.1265],[76.8011,24.1203],[76.7909,24.1258],[76.7689,24.1647],[76.7595,24.1659],[76.755,24.1721],[76.7294,24.1706],[76.7207,24.1617],[76.7011,24.1714],[76.6844,24.1886],[76.6742,24.1934],[76.6768,24.2105],[76.6878,24.2325],[76.7025,24.2488],[76.6966,24.2612],[76.693,24.285],[76.6848,24.2827],[76.6787,24.2706],[76.6582,24.2678],[76.6472,24.2724],[76.6401,24.2623],[76.6301,24.2647],[76.6163,24.2628],[76.614,24.2422],[76.6005,24.245],[76.5932,24.2509],[76.5875,24.246],[76.5967,24.2353],[76.5974,24.2299],[76.5859,24.2196],[76.5715,24.2135],[76.5658,24.2008],[76.577,24.1913],[76.5797,24.1807],[76.5663,24.1765],[76.5548,24.1682],[76.5232,24.1632],[76.5174,24.1666],[76.5105,24.179],[76.5084,24.2002],[76.4969,24.212],[76.4794,24.2175],[76.4746,24.2287],[76.4634,24.2289],[76.4532,24.2168],[76.436,24.225],[76.4236,24.2269],[76.4225,24.2142],[76.4118,24.2096],[76.4001,24.2228],[76.3912,24.2256],[76.3735,24.2377],[76.353,24.2489],[76.335,24.254],[76.3179,24.2511],[76.2939,24.2407],[76.2896,24.237],[76.2872,24.2183],[76.2764,24.2165],[76.2477,24.2279],[76.2361,24.2239],[76.2234,24.2233],[76.2156,24.2168],[76.2062,24.2327],[76.2036,24.2506],[76.2044,24.269],[76.2022,24.2768],[76.1947,24.2848],[76.2062,24.3109],[76.194,24.3209],[76.1855,24.3315],[76.1721,24.3156],[76.1692,24.2961],[76.1495,24.2922],[76.1422,24.2812],[76.1455,24.2658],[76.1498,24.261],[76.1545,24.2438],[76.1524,24.2355],[76.1316,24.2124],[76.1234,24.2054],[76.1206,24.1782],[76.1309,24.1691],[76.1317,24.1439],[76.1369,24.1313],[76.1292,24.1189],[76.1347,24.0953],[76.1233,24.0923],[76.1052,24.0959],[76.099,24.0892],[76.0845,24.0821],[76.0802,24.084],[76.0637,24.0779],[76.0434,24.074],[76.033,24.0642],[76.0267,24.0505],[75.9901,24.0301],[75.9734,24.0314],[75.9602,24.0254],[75.9602,23.9975],[75.9635,23.9917],[75.9768,23.982],[75.9802,23.9744],[75.9809,23.943],[75.9758,23.9329],[75.9482,23.9223],[75.9381,23.9122],[75.9318,23.9019],[75.9212,23.9042],[75.9055,23.8961],[75.8888,23.8917],[75.8786,23.8846],[75.8671,23.894],[75.8534,23.8942],[75.8179,23.8794],[75.8139,23.8743],[75.8027,23.8711],[75.7942,23.8743],[75.7851,23.8654],[75.7799,23.8547],[75.7616,23.8569],[75.7592,23.8813],[75.7497,23.89],[75.7282,23.9021],[75.7106,23.9004],[75.7023,23.9041],[75.6977,23.8877],[75.6981,23.8771],[75.7066,23.8682],[75.7275,23.8645],[75.7291,23.8582],[75.724,23.848],[75.7157,23.8456],[75.7222,23.8269],[75.7132,23.8165],[75.6902,23.8196],[75.6983,23.788],[75.6873,23.7733],[75.6791,23.7695],[75.6761,23.7821],[75.6712,23.7868],[75.6591,23.7889],[75.6493,23.7994],[75.637,23.8024],[75.624,23.8005],[75.6166,23.806],[75.5825,23.8004],[75.5833,23.8152],[75.566,23.8157],[75.5561,23.8259],[75.5601,23.8369],[75.5693,23.8346],[75.5764,23.8433],[75.5672,23.8476],[75.5625,23.8581],[75.5379,23.8767],[75.5167,23.8888],[75.5041,23.8919],[75.4996,23.9005],[75.4874,23.9108],[75.4609,23.9173],[75.4565,23.9207],[75.4572,23.9382],[75.4617,23.9534],[75.4648,23.9807],[75.4806,23.9923],[75.4918,24.0046],[75.5144,24.0487],[75.5319,24.0315],[75.5526,24.0227],[75.5669,24.0227],[75.5717,24.0174],[75.5693,23.9994],[75.5778,23.9996],[75.5838,23.9919],[75.5974,23.9986],[75.6347,23.9998],[75.6392,24.0046],[75.6415,24.0184],[75.6594,24.0315],[75.6692,24.0335],[75.677,24.0201],[75.6858,24.0179],[75.6835,23.9982],[75.6864,23.9905],[75.6954,23.9859],[75.7004,23.9691],[75.7233,23.9731],[75.7278,23.9795],[75.7355,23.9806],[75.7378,23.9953],[75.7476,23.9935],[75.762,23.998],[75.7632,24.014],[75.7713,24.0122],[75.7802,24.0363],[75.7777,24.0571],[75.7796,24.0621],[75.8073,24.0676],[75.8133,24.0716],[75.8295,24.072],[75.8327,24.0957],[75.8359,24.104],[75.8306,24.1079],[75.8122,24.1029],[75.8083,24.1134],[75.8024,24.1183],[75.7896,24.1098],[75.7787,24.1347],[75.7732,24.1394],[75.7621,24.141],[75.7435,24.1396],[75.7507,24.1616],[75.7583,24.1746],[75.7637,24.1898],[75.7697,24.1977],[75.7678,24.2075],[75.7735,24.2209],[75.7788,24.2244],[75.7919,24.2232],[75.8053,24.2297],[75.8078,24.2407],[75.8264,24.2426],[75.8181,24.25],[75.8125,24.2607],[75.8114,24.2847],[75.8168,24.2908],[75.813,24.3007],[75.803,24.3123],[75.7974,24.3143],[75.781,24.3086],[75.7651,24.3107],[75.7563,24.3272],[75.7379,24.348],[75.7418,24.353],[75.7383,24.3662],[75.7396,24.3889],[75.7297,24.3895],[75.7269,24.4053],[75.7358,24.4034],[75.7553,24.4093],[75.7564,24.4277],[75.7524,24.4316],[75.7682,24.4403],[75.7861,24.4584],[75.7841,24.4647],[75.7911,24.4752],[75.805,24.4728],[75.8151,24.4651],[75.8125,24.4368],[75.8241,24.4308],[75.829,24.4225],[75.8473,24.419],[75.8612,24.4233],[75.9034,24.4461],[75.909,24.4561],[75.9081,24.4781],[75.9118,24.4924],[75.9055,24.5053],[75.8911,24.5096],[75.8926,24.5215],[75.9022,24.522],[75.9093,24.5149],[75.922,24.5273],[75.925,24.5383],[75.9167,24.5467],[75.907,24.5505],[75.9057,24.5606],[75.9174,24.5715],[75.9111,24.5771],[75.9029,24.5768],[75.8937,24.5817],[75.8844,24.5817],[75.8758,24.5908],[75.8741,24.6071],[75.8635,24.6129],[75.8525,24.6143],[75.8392,24.6087],[75.8281,24.6133],[75.8343,24.6238],[75.8462,24.6314],[75.8439,24.6393],[75.8488,24.6531],[75.8486,24.6646],[75.8439,24.6693],[75.8282,24.6682],[75.842,24.7175],[75.8388,24.7299],[75.8278,24.7364],[75.8055,24.7563],[75.7862,24.7655],[75.7726,24.762],[75.7597,24.7648],[75.7418,24.7604],[75.7118,24.7454],[75.68,24.7278],[75.6592,24.7017],[75.634,24.6912],[75.6133,24.6884],[75.5819,24.7227],[75.5521,24.7138],[75.5351,24.72],[75.5059,24.7094],[75.4835,24.6976],[75.4519,24.6932],[75.3964,24.7046],[75.3639,24.7095],[75.3509,24.7171],[75.3044,24.7207],[75.2672,24.7327],[75.2495,24.7291],[75.2284,24.7351],[75.2214,24.7335],[75.2169,24.7224],[75.2019,24.7461],[75.1956,24.76],[75.1869,24.7603],[75.1923,24.7887],[75.2027,24.7888],[75.2064,24.8099],[75.2174,24.8205],[75.2225,24.819],[75.2467,24.8218],[75.2519,24.8372],[75.241,24.8469],[75.2277,24.8478],[75.226,24.8549],[75.2185,24.8595],[75.2067,24.8791],[75.2013,24.8842],[75.2082,24.8978],[75.2082,24.91],[75.2192,24.9065],[75.2197,24.8922],[75.2234,24.89],[75.2412,24.9026],[75.2499,24.8957],[75.248,24.8809],[75.2367,24.8709],[75.2274,24.8591],[75.2417,24.8609],[75.2712,24.8564],[75.2838,24.85],[75.2977,24.8264],[75.3005,24.8152],[75.313,24.8135],[75.3198,24.8178],[75.3302,24.8317],[75.3441,24.8328],[75.364,24.8425],[75.3997,24.8549],[75.4171,24.8639],[75.4242,24.8928],[75.4075,24.8919],[75.372,24.878],[75.3501,24.885],[75.326,24.887],[75.3113,24.8695],[75.2941,24.8714],[75.2881,24.8797],[75.2793,24.8846],[75.2615,24.8897],[75.2597,24.8998],[75.267,24.9142],[75.2787,24.9175],[75.2879,24.9263],[75.2849,24.9371],[75.2758,24.9403],[75.2663,24.9619],[75.2759,24.9767],[75.2854,24.9767],[75.2856,24.9641],[75.2905,24.952],[75.3002,24.9468],[75.3032,24.9306],[75.3083,24.9263],[75.3122,24.9111],[75.3175,24.9072],[75.3254,24.9381],[75.3343,24.9506],[75.3375,24.9631],[75.3313,24.9761],[75.3231,24.9822],[75.3231,25.0009],[75.3189,25.0065],[75.3295,25.0176],[75.3515,25.0252],[75.3496,25.0417],[75.3362,25.0449],[75.3105,25.0461],[75.2926,25.0429],[75.2783,25.0447],[75.2556,25.04],[75.2375,25.0419],[75.2271,25.0385],[75.2055,25.0424],[75.2006,25.0345],[75.1853,25.0425],[75.1738,25.0538],[75.167,25.0442],[75.1591,25.0455],[75.1547,25.0289],[75.1653,25.0223],[75.1692,25.01],[75.1644,24.9917],[75.138,24.9864],[75.1335,24.9752],[75.1198,24.9758],[75.1157,24.9654],[75.1194,24.9181],[75.1149,24.9118],[75.1194,24.8958],[75.1189,24.889],[75.0901,24.8797],[75.0853,24.8889],[75.0735,24.8873],[75.0434,24.8592],[75.0341,24.8586],[75.0151,24.8702],[75.0126,24.8741],[74.9977,24.8766],[74.9773,24.8775],[74.9635,24.8741],[74.9448,24.8779],[74.9504,24.89],[74.9487,24.8948],[74.9308,24.894],[74.9295,24.8879],[74.9125,24.8991],[74.9069,24.9072],[74.9129,24.9284],[74.9043,24.9301],[74.9005,24.9397],[74.8899,24.9415],[74.8791,24.9488],[74.8773,24.9394],[74.8672,24.9369],[74.8639,24.9476],[74.8621,24.9658],[74.8532,24.9747],[74.8464,24.9743],[74.8327,24.9675],[74.8311,24.9573],[74.8263,24.9522],[74.8242,24.9401],[74.8241,24.9148],[74.8271,24.8991],[74.8378,24.8972],[74.8402,24.8806],[74.8559,24.8532],[74.859,24.8202],[74.8375,24.8085],[74.8489,24.7927],[74.8579,24.7946],[74.8586,24.8131],[74.8781,24.8132],[74.8847,24.8024],[74.9052,24.7975],[74.91,24.7882],[74.9221,24.7884],[74.9294,24.7955],[74.946,24.7917],[74.9704,24.7909],[74.99,24.7938],[74.9983,24.7977],[75.0129,24.7938],[75.0214,24.7729],[75.0202,24.7528],[74.9934,24.7527],[74.9908,24.7338],[74.9952,24.7161],[74.9999,24.7085],[74.9641,24.7005],[74.9649,24.6945],[74.952,24.6765],[74.943,24.6689],[74.9439,24.6623],[74.9199,24.6584],[74.9056,24.6603],[74.9025,24.6563],[74.8879,24.6577],[74.8802,24.668],[74.8734,24.6695],[74.8669,24.6905],[74.8498,24.6987],[74.8488,24.7087],[74.8349,24.732],[74.8293,24.7459],[74.8185,24.7653],[74.8098,24.7964],[74.7993,24.7956],[74.8011,24.7867],[74.8031,24.7549],[74.7801,24.7427],[74.7839,24.7304],[74.7897,24.7266],[74.7832,24.7182],[74.7844,24.7126],[74.7773,24.6967],[74.7761,24.6861],[74.7895,24.6789],[74.7923,24.6843],[74.8133,24.6861],[74.8171,24.6717],[74.8087,24.67],[74.8049,24.6596],[74.7949,24.6547],[74.7914,24.6454],[74.7834,24.6368],[74.7901,24.6108],[74.7772,24.6054],[74.7707,24.6058],[74.748,24.5968],[74.757,24.5637],[74.7568,24.5546],[74.7485,24.5517],[74.7477,24.5362],[74.7286,24.5348],[74.7157,24.5228],[74.7119,24.5109],[74.7156,24.5082],[74.7308,24.51],[74.735,24.5036],[74.7573,24.4888],[74.7662,24.4907],[74.779,24.4834],[74.7919,24.4933],[74.8145,24.4922],[74.8224,24.4878],[74.8247,24.4792],[74.8183,24.462],[74.8338,24.4604],[74.8409,24.4672],[74.857,24.4633],[74.8575,24.4515],[74.8352,24.4295],[74.827,24.4236],[74.8252,24.4083],[74.8123,24.4092],[74.8023,24.3873],[74.7846,24.3674],[74.7817,24.3584],[74.7862,24.3488],[74.7838,24.3361],[74.7836,24.3168],[74.7575,24.2962],[74.753,24.2894],[74.7548,24.279],[74.7725,24.272],[74.7903,24.2719],[74.8152,24.277],[74.8326,24.2716],[74.8533,24.27],[74.8754,24.278],[74.8943,24.2617],[74.897,24.2492],[74.9054,24.2453],[74.9059,24.2337],[74.8867,24.2249],[74.8802,24.2165],[74.8973,24.187],[74.9003,24.1743],[74.9275,24.1572],[74.9247,24.1452],[74.9367,24.139],[74.9391,24.1211],[74.9595,24.1101],[74.9607,24.0942],[74.9652,24.0827],[74.9794,24.072],[74.9812,24.041],[74.993,24.0297],[74.9878,24.0143],[74.9722,24.0036],[74.9729,23.9911],[74.9633,23.9737],[74.9415,23.9605],[74.9298,23.941],[74.9213,23.9357],[74.9234,23.9249],[74.9146,23.9125],[74.9139,23.9034],[74.9052,23.8681],[74.9069,23.8564],[74.9158,23.8457],[74.9133,23.8366],[74.9103,23.8008],[74.9276,23.7983],[74.9379,23.7767],[74.9399,23.7659],[74.9319,23.7581],[74.9406,23.7349],[74.9242,23.7192],[74.923,23.6966],[74.9104,23.688],[74.9099,23.6769],[74.9242,23.6685],[74.9306,23.6482],[74.939,23.6432],[74.9397,23.6304],[74.9219,23.6223],[74.906,23.623],[74.898,23.6122],[74.8861,23.6064],[74.8746,23.5901],[74.875,23.5835],[74.8693,23.5748],[74.8617,23.5723],[74.8515,23.5574],[74.8301,23.5495],[74.8192,23.5408],[74.8029,23.5341],[74.7963,23.5463],[74.785,23.548],[74.7741,23.5433],[74.7639,23.5247],[74.7424,23.5195],[74.7337,23.5005],[74.7259,23.4985],[74.7109,23.5056],[74.7007,23.5037],[74.6874,23.4958],[74.6809,23.4851],[74.6693,23.4839],[74.6589,23.4668],[74.6522,23.4634],[74.6364,23.4641],[74.6134,23.4614],[74.6131,23.4516],[74.5985,23.4298],[74.5915,23.4251],[74.5731,23.4192],[74.5724,23.3833],[74.5602,23.3645],[74.5458,23.3638],[74.5427,23.3387],[74.5384,23.334],[74.5203,23.3317],[74.5192,23.3219],[74.5337,23.323],[74.5357,23.3095],[74.5439,23.3001],[74.5486,23.2868],[74.5582,23.2853],[74.5674,23.2985],[74.5773,23.2973],[74.5868,23.2845],[74.6153,23.2846],[74.6266,23.276],[74.6321,23.2634],[74.6522,23.2608],[74.6731,23.2749],[74.7011,23.2721],[74.7033,23.2616],[74.7103,23.2581],[74.7222,23.2425],[74.7132,23.2363],[74.6955,23.2286],[74.7026,23.2197],[74.719,23.2194],[74.7329,23.2238],[74.7458,23.2327],[74.7508,23.2304],[74.7457,23.2121],[74.7155,23.1947],[74.6876,23.1967],[74.6692,23.2015],[74.6547,23.182],[74.6257,23.1629],[74.6178,23.1519],[74.6081,23.1448],[74.5801,23.14],[74.566,23.1352],[74.5457,23.1321],[74.5475,23.1185],[74.5427,23.1069],[74.5354,23.1015],[74.5136,23.0959],[74.5123,23.0888],[74.4914,23.0884],[74.4672,23.0853],[74.4454,23.0929],[74.4332,23.1057],[74.4141,23.111],[74.3912,23.112],[74.3611,23.0903],[74.3595,23.0805],[74.3479,23.0708],[74.3228,23.0627],[74.3102,23.0795],[74.2825,23.095],[74.282,23.1064],[74.2881,23.1187],[74.2795,23.13],[74.2718,23.156],[74.2619,23.1716],[74.2498,23.1784],[74.246,23.1883],[74.237,23.1827],[74.2075,23.1921],[74.1895,23.1718],[74.1891,23.1579],[74.183,23.1522],[74.1552,23.1578],[74.1457,23.1752],[74.127,23.1789],[74.1225,23.1916],[74.1247,23.2066],[74.1339,23.2152],[74.1395,23.2268],[74.1365,23.2448],[74.1361,23.2647],[74.1299,23.2727],[74.1139,23.2773],[74.1066,23.2941],[74.0897,23.298],[74.0765,23.2982],[74.0487,23.2951],[74.0477,23.3109],[74.0376,23.3057],[74.0301,23.3199],[74.0327,23.3323],[73.9908,23.3376],[73.987,23.3412],[73.9835,23.3598],[73.971,23.3771],[73.9625,23.3814],[73.9473,23.3735],[73.9437,23.3663],[73.9426,23.3459],[73.9389,23.3414],[73.914,23.336],[73.8943,23.3371],[73.8949,23.3526],[73.8794,23.3681],[73.8771,23.3783],[73.8668,23.3958],[73.8574,23.4048],[73.8365,23.4307],[73.8368,23.4401],[73.8269,23.4468],[73.7942,23.4356],[73.7831,23.4346],[73.7647,23.4586],[73.7607,23.4568],[73.7514,23.4425],[73.734,23.4249],[73.7261,23.4127],[73.7172,23.4188],[73.7136,23.4337],[73.7042,23.4558],[73.6939,23.4589],[73.6819,23.4571],[73.6687,23.4519],[73.6532,23.4405],[73.6328,23.4524],[73.6406,23.473],[73.6438,23.4968],[73.6584,23.5041],[73.6584,23.5142],[73.6522,23.5214],[73.637,23.5311],[73.6383,23.5625],[73.6498,23.5753],[73.6512,23.5809],[73.648,23.5986],[73.65,23.6077],[73.6607,23.6229],[73.6423,23.6313],[73.619,23.6514],[73.6085,23.6543],[73.5773,23.6554],[73.5707,23.6535],[73.553,23.6313],[73.5267,23.6106],[73.5135,23.6168],[73.5014,23.6354],[73.5116,23.6451],[73.5005,23.6507],[73.5072,23.6577],[73.5109,23.6734],[73.5104,23.697],[73.5019,23.7066],[73.4856,23.705],[73.4793,23.709],[73.4729,23.7258],[73.4549,23.7397],[73.4508,23.7526],[73.4322,23.7621],[73.4205,23.7793],[73.4,23.784],[73.3898,23.7693],[73.3759,23.7667],[73.3677,23.7836],[73.3611,23.7917],[73.3727,23.8219],[73.3695,23.8386],[73.3598,23.8546],[73.3865,23.9058],[73.3961,23.9168],[73.4078,23.9161],[73.4201,23.9234],[73.4247,23.9311],[73.4204,23.9364],[73.4191,23.9538],[73.4215,23.9747],[73.4106,23.9983],[73.4093,24.0159],[73.4138,24.0511],[73.3966,24.0725],[73.3748,24.0871],[73.3696,24.088],[73.3696,24.1125],[73.3352,24.1151],[73.3319,24.104],[73.3345,24.0826],[73.3266,24.0625],[73.3068,24.0515],[73.291,24.0274],[73.2753,24.028],[73.2525,24.0111],[73.2458,24.0107],[73.2403,24.0183],[73.2294,24.024],[73.2233,24.0324],[73.2006,24.0452],[73.2011,24.0574],[73.2091,24.0666],[73.2238,24.0982],[73.2,24.1084],[73.1919,24.1065],[73.1717,24.1113],[73.1555,24.1219],[73.1472,24.1226],[73.1234,24.1403],[73.1142,24.1386],[73.1165,24.1529],[73.113,24.1578],[73.091,24.1753],[73.0827,24.185],[73.082,24.1966],[73.0872,24.2008],[73.0917,24.2209],[73.1012,24.2233],[73.1112,24.2311],[73.1009,24.2377],[73.1161,24.2626],[73.1389,24.2801],[73.145,24.3079],[73.1512,24.3108],[73.1733,24.3011],[73.1806,24.3015],[73.1848,24.3091],[73.187,24.3349],[73.1929,24.3436],[73.2014,24.3341],[73.2111,24.3342],[73.2164,24.3505],[73.2256,24.3565],[73.2315,24.3647],[73.211,24.3754],[73.1904,24.3558],[73.1802,24.3507],[73.162,24.3527],[73.1453,24.3631],[73.1274,24.3688],[73.1186,24.3757],[73.1112,24.3868],[73.0983,24.3855],[73.085,24.3945],[73.0967,24.4172],[73.1062,24.4203],[73.1088,24.4324],[73.1072,24.4568],[73.0985,24.4726],[73.0989,24.4915],[73.0944,24.4947],[73.0701,24.4809],[73.0671,24.4746],[73.0573,24.4726],[73.051,24.4653],[73.0332,24.4637],[73.0219,24.4651],[73.0128,24.4824],[72.9891,24.457],[72.981,24.451],[72.9832,24.4403],[72.9893,24.4327],[72.9906,24.4209],[72.9794,24.4056],[72.9642,24.3922],[72.9633,24.3837],[72.9746,24.3834],[72.9875,24.3751],[72.9915,24.364],[72.9775,24.3588],[72.946,24.3393],[72.9338,24.3362],[72.9239,24.3263],[72.9156,24.3328],[72.9006,24.3514],[72.8843,24.3608],[72.8681,24.3658],[72.8292,24.365],[72.8153,24.3582],[72.7728,24.3607],[72.7487,24.3575],[72.7325,24.3613],[72.7175,24.3756],[72.7066,24.3913],[72.6935,24.4193],[72.6926,24.4414],[72.6975,24.4526],[72.693,24.4602],[72.6744,24.457],[72.6586,24.4564],[72.6393,24.4615],[72.5885,24.4725],[72.5742,24.4881],[72.5591,24.4946],[72.5477,24.5056],[72.5421,24.5049],[72.5188,24.473],[72.5139,24.4646],[72.5117,24.4474],[72.5006,24.4503],[72.5044,24.4309],[72.51,24.4183],[72.5077,24.4099],[72.4874,24.4054],[72.4647,24.4071],[72.4638,24.4209],[72.4562,24.4381],[72.4367,24.4605],[72.4386,24.4791],[72.4482,24.4933],[72.4425,24.5042],[72.4211,24.5081],[72.3977,24.5003],[72.3863,24.5005],[72.3579,24.5525],[72.3336,24.5558],[72.337,24.5441],[72.3324,24.5424],[72.3018,24.5406],[72.2951,24.5384],[72.29,24.5583],[72.2717,24.5502],[72.251,24.5802],[72.2767,24.5992],[72.2931,24.5971],[72.3003,24.6002],[72.314,24.5854],[72.326,24.5869],[72.3422,24.5935],[72.3492,24.6023],[72.349,24.612],[72.3538,24.6181],[72.3402,24.623],[72.331,24.6119],[72.3151,24.6089],[72.3062,24.615],[72.2937,24.6132],[72.2747,24.6222],[72.2489,24.6208],[72.23,24.6329],[72.2164,24.6202],[72.1859,24.6094],[72.1617,24.6158],[72.1507,24.6341],[72.1253,24.6316],[72.1165,24.6334],[72.0849,24.6528],[72.0824,24.6685],[72.0923,24.6748],[72.0853,24.697],[72.0796,24.7003],[72.0525,24.7058],[72.0409,24.6955],[72.0073,24.686],[71.9941,24.6776],[71.9899,24.667],[71.9934,24.6567],[71.9828,24.6509],[71.9674,24.6379],[71.9508,24.6326],[71.9474,24.6276],[71.9345,24.6269],[71.9188,24.6462],[71.9259,24.6621],[71.9121,24.6696],[71.8938,24.6658],[71.8813,24.6757],[71.8711,24.6722],[71.865,24.6629],[71.8626,24.6495],[71.8687,24.6235],[71.8609,24.6141],[71.8584,24.6042],[71.8466,24.6149],[71.8214,24.6166],[71.8118,24.6218],[71.8126,24.6325],[71.8174,24.6459],[71.8129,24.6609],[71.799,24.6705],[71.7845,24.6689],[71.7583,24.6603],[71.7458,24.6543],[71.7163,24.6543],[71.686,24.6398],[71.6616,24.6333],[71.6503,24.6399],[71.6449,24.6525],[71.6271,24.6619],[71.6166,24.6707],[71.5978,24.6639],[71.5925,24.6656],[71.5831,24.6765],[71.5514,24.6706],[71.537,24.6789],[71.5228,24.6753],[71.4883,24.6739],[71.4742,24.6632],[71.4515,24.6588],[71.4223,24.6381],[71.407,24.6347],[71.3996,24.627],[71.3898,24.6282],[71.3807,24.6214],[71.3677,24.6273],[71.3567,24.6541],[71.3265,24.6429],[71.3178,24.6359],[71.3101,24.6211],[71.2977,24.6076],[71.2871,24.6127],[71.261,24.6205],[71.2415,24.6266],[71.2073,24.6395],[71.1716,24.6489],[71.1193,24.6686],[71.1071,24.6807],[71.1004,24.6833],[71.0729,24.712],[71.0628,24.7389],[71.0503,24.7606],[71.0353,24.7988],[71.0236,24.8212],[71.0124,24.8359],[71.004,24.8529],[70.9853,24.8772],[70.9787,24.8897],[70.9563,24.9144],[70.9455,24.9345],[70.9256,24.9947],[70.9137,25.0455],[70.9054,25.095],[70.8943,25.1441],[70.8608,25.1758],[70.856,25.1822],[70.8093,25.2238],[70.7962,25.2398],[70.7664,25.2649],[70.7591,25.275],[70.7535,25.2963],[70.7443,25.321],[70.7232,25.3451],[70.6742,25.3893],[70.6797,25.4165],[70.6796,25.4475],[70.685,25.4895],[70.6855,25.5112],[70.6877,25.5182],[70.6762,25.5239],[70.6773,25.5887],[70.6799,25.6198],[70.6811,25.6608],[70.6761,25.6803],[70.666,25.6972],[70.6469,25.7065],[70.6171,25.7066],[70.6017,25.7033],[70.5658,25.6864],[70.5328,25.6762],[70.4903,25.676],[70.4253,25.6696],[70.3997,25.6638],[70.3752,25.6685],[70.2853,25.6989],[70.2723,25.7087],[70.2608,25.7423],[70.2445,25.7663],[70.2238,25.7879],[70.2032,25.8052],[70.178,25.8195],[70.1654,25.8442],[70.1417,25.8754],[70.1067,25.9242],[70.0961,25.9443],[70.0913,25.9652],[70.091,25.9968],[70.0866,26.0312],[70.0805,26.0582],[70.0826,26.0739],[70.0943,26.0974],[70.1264,26.1394],[70.1452,26.1662],[70.1594,26.1945],[70.1727,26.2451],[70.1708,26.2591],[70.1652,26.2771],[70.1646,26.2909],[70.1667,26.307],[70.1783,26.3498],[70.1793,26.3753],[70.176,26.4333],[70.1839,26.4868],[70.1785,26.5141],[70.1677,26.5507],[70.1502,26.5683],[70.1069,26.5895],[70.0884,26.5956],[70.0662,26.5993],[70.0248,26.5987],[69.9548,26.5873],[69.9183,26.5826],[69.8793,26.5811],[69.8556,26.5829],[69.8154,26.5922],[69.7948,26.6],[69.7719,26.6137],[69.7433,26.6385],[69.7219,26.6538],[69.699,26.6651],[69.6767,26.6726],[69.6083,26.7003],[69.5746,26.7155],[69.5224,26.736],[69.5077,26.7485],[69.4875,26.7937],[69.4837,26.8062],[69.4855,26.8235],[69.5009,26.9003],[69.5036,26.9433],[69.5132,27.0169],[69.5373,27.0693],[69.5652,27.1385],[69.5781,27.1655],[69.5867,27.178],[69.6036,27.1931],[69.6659,27.2514],[69.6987,27.2777],[69.7247,27.2948],[69.7939,27.3465],[69.8125,27.3596],[69.8325,27.3788],[69.862,27.4028],[69.9076,27.4596],[69.9362,27.5021],[70.0163,27.556],[70.0246,27.5697],[70.0514,27.6353],[70.0831,27.7084],[70.1078,27.7669],[70.157,27.834],[70.1813,27.8556],[70.2076,27.8854],[70.2813,27.9304],[70.3029,27.9462],[70.3219,27.9649],[70.3365,27.9831],[70.3662,28.0082],[70.4324,28.0215],[70.4791,28.0337],[70.5098,28.0355],[70.5303,28.0325],[70.5626,28.0198],[70.5988,27.9883],[70.6607,27.9305],[70.6721,27.9143],[70.6728,27.8698],[70.6784,27.8391],[70.6894,27.8194],[70.7031,27.8004],[70.7052,27.7939],[70.738,27.7422],[70.7577,27.7172],[70.819,27.7043],[70.8579,27.7022],[70.8842,27.6984],[70.9069,27.7006],[70.9518,27.7196],[70.9616,27.7227],[70.9843,27.7342],[71.034,27.7573],[71.0705,27.7683],[71.087,27.7768],[71.1737,27.812],[71.1838,27.8144],[71.2087,27.8244],[71.2301,27.8288],[71.273,27.8419],[71.3811,27.8619],[71.4097,27.8658],[71.4188,27.864],[71.4479,27.8661],[71.5308,27.8653],[71.5491,27.8662],[71.5866,27.8703],[71.6045,27.8682],[71.6583,27.8689],[71.6639,27.8727],[71.698,27.8826],[71.7656,27.9099],[71.8585,27.9414],[71.8974,27.9574],[71.9015,27.969],[71.9055,27.9975],[71.9119,28.0261],[71.9124,28.0481],[71.9202,28.0756],[71.9221,28.0914],[71.9306,28.122],[71.9427,28.1397],[71.966,28.1653],[71.9959,28.207],[72.0191,28.2266],[72.0443,28.2435],[72.0663,28.2608],[72.1086,28.2899],[72.1261,28.3035],[72.1561,28.3369],[72.1844,28.358],[72.2088,28.4],[72.2432,28.4964],[72.2494,28.5108],[72.2534,28.527],[72.302,28.6648],[72.3263,28.6989],[72.3444,28.716],[72.3464,28.7205],[72.3847,28.7639],[72.4027,28.7779],[72.4466,28.7932],[72.4848,28.8104],[72.5199,28.8286],[72.5516,28.8482],[72.5879,28.866],[72.6507,28.9034],[72.7113,28.935],[72.7414,28.9483],[72.844,28.9877],[72.862,28.9962],[72.8877,29.0037],[72.899,29.0094],[72.9282,29.0199],[72.9438,29.0299],[72.9536,29.0532],[72.9757,29.0992],[73,29.1474],[73.0355,29.188],[73.0552,29.2071],[73.0785,29.2334],[73.0923,29.2538],[73.1015,29.2725],[73.137,29.3293],[73.1469,29.3499],[73.171,29.3894],[73.1913,29.4286],[73.2024,29.4419],[73.2216,29.4794],[73.2324,29.493],[73.2381,29.5061],[73.2621,29.5412],[73.2713,29.557],[73.286,29.6046],[73.2976,29.6336],[73.312,29.6862],[73.3161,29.6945],[73.3255,29.7277],[73.3403,29.7689],[73.3457,29.792],[73.3543,29.8176],[73.3587,29.8361],[73.3658,29.8528],[73.3854,29.926],[73.3914,29.9379],[73.4128,29.9492],[73.5333,29.9936],[73.5618,30.0056],[73.6112,30.0224],[73.6534,30.0312],[73.7092,30.0471],[73.754,30.0565],[73.7872,30.0664],[73.7941,30.0697],[73.8063,30.0825],[73.8377,30.1087],[73.8835,30.1389],[73.8955,30.1494],[73.9235,30.1679],[73.958,30.1857],[73.9663,30.195],[73.9681,30.1843],[73.9634,30.1718],[73.9608,30.1432],[73.9625,30.1275],[73.9579,30.1196],[73.9441,30.1042],[73.9429,30.0991],[73.9182,30.0681],[73.8984,30.0536],[73.8948,30.0469],[73.8855,30.0174],[73.8819,30.0112],[73.8811,29.9963],[73.8885,29.9818],[73.8912,29.9701],[73.933,29.9707],[73.9765,29.9691],[73.9909,29.9712],[74.0027,29.9701],[74.0692,29.9689],[74.0833,29.9674],[74.1544,29.9633],[74.186,29.9604],[74.2238,29.9597],[74.2519,29.9553],[74.29,29.9563],[74.3559,29.9503],[74.4038,29.9473],[74.4281,29.9495],[74.4666,29.9447],[74.5191,29.9433]]]},"properties":{"ID_0":105,"ISO":"IND","NAME_0":"India","ID_1":29,"NAME_1":"Rajasthan","NL_NAME_1":null,"VARNAME_1":"Greater Rajasthan|Rajputana","TYPE_1":"State","ENGTYPE_1":"State"}},{"type":"Feature","geometry":{"type":"Polygon","coordinates":[[[88.7517,27.1482],[88.7325,27.1374],[88.7178,27.144],[88.7118,27.1651],[88.702,27.1741],[88.6844,27.1802],[88.6735,27.1766],[88.6596,27.1622],[88.6388,27.1677],[88.619,27.1879],[88.5915,27.1945],[88.5663,27.1879],[88.559,27.1888],[88.5408,27.1837],[88.5205,27.175],[88.5298,27.1658],[88.532,27.1543],[88.5217,27.1503],[88.4956,27.1254],[88.4867,27.1268],[88.4738,27.1207],[88.4667,27.1139],[88.4648,27.1048],[88.4545,27.0896],[88.4319,27.0816],[88.411,27.0907],[88.3875,27.0984],[88.3707,27.0994],[88.3523,27.1011],[88.3452,27.1069],[88.3408,27.1107],[88.3238,27.1049],[88.3205,27.1166],[88.3045,27.1286],[88.2999,27.128],[88.2949,27.1248],[88.2781,27.1308],[88.2515,27.1254],[88.2325,27.1198],[88.2215,27.1253],[88.2138,27.1351],[88.1956,27.1362],[88.179,27.1347],[88.1726,27.1303],[88.1584,27.1144],[88.1523,27.1117],[88.1366,27.1169],[88.0959,27.1355],[88.0858,27.1415],[88.083,27.1489],[88.0833,27.165],[88.0731,27.1744],[88.0675,27.1903],[88.0754,27.1988],[88.0582,27.2139],[88.0329,27.221],[88.017,27.2189],[88.0215,27.2247],[88.0218,27.2355],[88.0334,27.2497],[88.0343,27.286],[88.0465,27.2924],[88.0436,27.3011],[88.0511,27.3123],[88.0552,27.3243],[88.0692,27.3356],[88.0603,27.3553],[88.0528,27.3583],[88.0444,27.3707],[88.0476,27.3797],[88.0485,27.3955],[88.0532,27.4126],[88.0697,27.425],[88.0826,27.4264],[88.0813,27.4318],[88.0705,27.4385],[88.0751,27.4452],[88.0593,27.4672],[88.0466,27.4784],[88.0492,27.5012],[88.0641,27.5118],[88.06,27.5167],[88.064,27.5251],[88.0635,27.5397],[88.0712,27.5461],[88.0718,27.5555],[88.0836,27.5646],[88.0778,27.5718],[88.0871,27.589],[88.0954,27.5973],[88.1082,27.6023],[88.1163,27.6103],[88.1226,27.6453],[88.1473,27.6654],[88.1514,27.6838],[88.1574,27.6904],[88.1507,27.702],[88.1581,27.7172],[88.1573,27.7292],[88.161,27.7406],[88.1724,27.7413],[88.1812,27.7468],[88.1793,27.7581],[88.186,27.7661],[88.1844,27.7745],[88.1999,27.7905],[88.1895,27.8012],[88.1879,27.8103],[88.1757,27.8202],[88.1901,27.8251],[88.1972,27.8355],[88.2039,27.8373],[88.1989,27.8535],[88.1809,27.8564],[88.1669,27.8682],[88.1566,27.8705],[88.1513,27.8765],[88.13,27.8815],[88.1263,27.8951],[88.1139,27.9122],[88.1168,27.9258],[88.1289,27.9383],[88.1239,27.9509],[88.1331,27.9616],[88.1391,27.9635],[88.1537,27.9578],[88.1736,27.9447],[88.1887,27.9437],[88.1948,27.9462],[88.2035,27.9666],[88.2231,27.9645],[88.2328,27.9659],[88.2352,27.9541],[88.2439,27.9485],[88.2588,27.9563],[88.272,27.9584],[88.2804,27.9678],[88.3048,27.97],[88.3162,27.9797],[88.3291,27.9825],[88.3378,27.988],[88.351,27.9899],[88.3638,27.9881],[88.3888,27.9778],[88.402,27.9836],[88.4123,27.997],[88.4265,28.0081],[88.4509,28.015],[88.4616,28.0198],[88.4717,28.0368],[88.4819,28.045],[88.5011,28.0489],[88.5167,28.044],[88.5224,28.0386],[88.5333,28.0366],[88.541,28.0405],[88.5429,28.0505],[88.5523,28.0654],[88.5545,28.0848],[88.5669,28.089],[88.5748,28.0856],[88.596,28.0969],[88.6165,28.1037],[88.6122,28.1099],[88.6075,28.1276],[88.6212,28.131],[88.6328,28.1206],[88.6377,28.1044],[88.6453,28.0991],[88.6668,28.0741],[88.6858,28.079],[88.7143,28.0757],[88.7403,28.076],[88.7511,28.0733],[88.7823,28.0508],[88.7866,28.0431],[88.7994,28.0307],[88.8291,28.0152],[88.8346,28.0004],[88.8409,27.991],[88.8398,27.9652],[88.8441,27.9564],[88.8364,27.9474],[88.8363,27.932],[88.8589,27.9253],[88.8702,27.9024],[88.8802,27.8952],[88.8808,27.8701],[88.8856,27.8591],[88.8821,27.8554],[88.881,27.839],[88.873,27.8274],[88.8557,27.8181],[88.8568,27.7989],[88.8523,27.7783],[88.8546,27.7593],[88.8614,27.7489],[88.8624,27.739],[88.8543,27.7302],[88.85,27.7175],[88.8389,27.7112],[88.8455,27.7003],[88.8442,27.6889],[88.8466,27.6689],[88.8322,27.6503],[88.8223,27.6428],[88.8099,27.6419],[88.8064,27.6322],[88.8082,27.6191],[88.8055,27.6033],[88.7873,27.5856],[88.7856,27.5763],[88.7671,27.565],[88.7751,27.5376],[88.7886,27.5286],[88.7832,27.4965],[88.7856,27.4924],[88.7815,27.4678],[88.7834,27.4556],[88.7947,27.447],[88.794,27.4366],[88.8032,27.4271],[88.8093,27.4052],[88.8175,27.4007],[88.8254,27.3906],[88.8312,27.3888],[88.8383,27.3788],[88.8565,27.3868],[88.8647,27.3798],[88.8672,27.3682],[88.8792,27.3644],[88.8899,27.3364],[88.9119,27.331],[88.9224,27.3263],[88.9142,27.318],[88.9095,27.3059],[88.9105,27.2931],[88.9073,27.2835],[88.8992,27.275],[88.8833,27.2691],[88.8724,27.2588],[88.8638,27.2622],[88.8431,27.2613],[88.8352,27.2631],[88.8241,27.2601],[88.8189,27.255],[88.8011,27.2476],[88.8007,27.2207],[88.7896,27.2019],[88.7892,27.1899],[88.7847,27.182],[88.766,27.1785],[88.7584,27.172],[88.7607,27.1581],[88.7517,27.1482]]]},"properties":{"ID_0":105,"ISO":"IND","NAME_0":"India","ID_1":30,"NAME_1":"Sikkim","NL_NAME_1":null,"VARNAME_1":null,"TYPE_1":"State","ENGTYPE_1":"State"}},{"type":"Feature","geometry":{"type":"MultiPolygon","coordinates":[[[[79.3124,9.3285],[79.3313,9.3185],[79.3351,9.3115],[79.3274,9.2949],[79.316,9.2849],[79.3176,9.2757],[79.3276,9.2599],[79.3399,9.2479],[79.354,9.2371],[79.3788,9.2154],[79.3896,9.2088],[79.4099,9.1915],[79.4171,9.179],[79.3965,9.189],[79.364,9.2096],[79.3346,9.2293],[79.3215,9.2368],[79.2974,9.2474],[79.2771,9.2546],[79.2482,9.2601],[79.2171,9.2588],[79.2213,9.2671],[79.2051,9.2804],[79.2165,9.2863],[79.2204,9.2921],[79.2535,9.2915],[79.2676,9.2932],[79.2776,9.3099],[79.2893,9.3199],[79.3124,9.3285]]],[[[80.0758,13.5268],[80.0794,13.5294],[80.0887,13.5255],[80.0957,13.5098],[80.1004,13.5052],[80.1208,13.5024],[80.1327,13.4959],[80.1355,13.4922],[80.1447,13.4847],[80.1507,13.48],[80.1521,13.4789],[80.1565,13.4789],[80.1631,13.4776],[80.1757,13.479],[80.1941,13.4762],[80.2162,13.4818],[80.2303,13.4768],[80.2464,13.4654],[80.2599,13.4474],[80.2646,13.4356],[80.268,13.4143],[80.2779,13.4075],[80.276,13.3891],[80.2931,13.3834],[80.3154,13.3715],[80.3145,13.3992],[80.3116,13.4181],[80.313,13.4279],[80.3282,13.4299],[80.3296,13.4001],[80.3396,13.3621],[80.3457,13.3276],[80.3463,13.2949],[80.3432,13.2749],[80.3371,13.2612],[80.3374,13.2526],[80.331,13.2357],[80.3171,13.2312],[80.3176,13.226],[80.3315,13.2318],[80.319,13.1943],[80.3101,13.1632],[80.2999,13.1426],[80.2979,13.1237],[80.3024,13.1176],[80.2976,13.0974],[80.3043,13.0938],[80.2957,13.081],[80.2876,13.0637],[80.2821,13.0565],[80.2793,13.0251],[80.2749,13.0143],[80.2746,13.004],[80.2654,12.9693],[80.2587,12.9343],[80.2496,12.8601],[80.2468,12.8062],[80.2496,12.7935],[80.2543,12.7902],[80.254,12.779],[80.2418,12.7421],[80.2271,12.7026],[80.2121,12.6582],[80.2015,12.6335],[80.1988,12.6151],[80.1882,12.5907],[80.1854,12.5776],[80.1718,12.5826],[80.1762,12.5993],[80.1663,12.606],[80.1621,12.5846],[80.1846,12.5762],[80.1657,12.5249],[80.159,12.4904],[80.1574,12.4712],[80.144,12.4454],[80.1285,12.4246],[80.1162,12.4054],[80.0987,12.3846],[80.0876,12.3735],[80.0701,12.3526],[80.0568,12.3562],[80.0532,12.3635],[80.0443,12.3638],[80.0396,12.3526],[80.0174,12.3407],[80.0193,12.3263],[80.036,12.3376],[80.0452,12.3365],[80.0515,12.3454],[80.0585,12.3471],[80.0499,12.3243],[80.0326,12.3007],[80.0168,12.2746],[80.0135,12.2635],[79.9851,12.2504],[79.9826,12.2438],[79.9457,12.2215],[79.9565,12.2118],[79.9635,12.2235],[79.9804,12.2343],[79.9849,12.241],[79.9982,12.2526],[80.0054,12.2521],[79.9896,12.2243],[79.9474,12.1604],[79.9313,12.1382],[79.9107,12.1029],[79.8938,12.0765],[79.8849,12.0649],[79.866,12.026],[79.8471,11.9801],[79.8404,11.9563],[79.8376,11.9405],[79.8254,11.9401],[79.8142,11.9406],[79.8081,11.9465],[79.8046,11.9631],[79.7979,11.9635],[79.7924,11.9571],[79.7903,11.9426],[79.7758,11.946],[79.7727,11.9468],[79.7694,11.9415],[79.7642,11.9346],[79.7478,11.9289],[79.7475,11.9152],[79.7405,11.9072],[79.7369,11.9072],[79.7369,11.9274],[79.7336,11.9472],[79.7145,11.9553],[79.7157,11.9675],[79.7179,11.9689],[79.7269,11.9625],[79.7354,11.9636],[79.7451,11.9709],[79.7524,11.9761],[79.7496,11.9861],[79.7347,11.9943],[79.7289,11.986],[79.7249,11.9779],[79.717,11.9754],[79.7058,11.9774],[79.7017,11.9861],[79.6908,11.9963],[79.6916,12.0174],[79.679,12.0193],[79.6689,12.0073],[79.6633,12.0064],[79.6593,11.9969],[79.6524,11.9983],[79.647,11.9933],[79.6423,11.9758],[79.6512,11.972],[79.6596,11.9771],[79.6654,11.9675],[79.6711,11.9748],[79.6948,11.9751],[79.6992,11.97],[79.6953,11.961],[79.7016,11.9522],[79.6831,11.9465],[79.6777,11.9394],[79.6841,11.9272],[79.6945,11.9259],[79.6965,11.9325],[79.706,11.9287],[79.7041,11.913],[79.7249,11.8915],[79.716,11.8867],[79.7169,11.8768],[79.7083,11.874],[79.6915,11.8784],[79.6917,11.8978],[79.6829,11.9047],[79.6798,11.8934],[79.6799,11.8793],[79.6604,11.8773],[79.6591,11.8657],[79.6712,11.8666],[79.6821,11.8734],[79.6957,11.8734],[79.6935,11.8539],[79.7067,11.8471],[79.7303,11.8469],[79.7278,11.8323],[79.7384,11.835],[79.7394,11.8499],[79.7436,11.8597],[79.755,11.8578],[79.7539,11.8422],[79.7473,11.8327],[79.7521,11.8245],[79.7604,11.823],[79.7671,11.8405],[79.7862,11.8384],[79.791,11.8318],[79.793,11.8176],[79.8004,11.8084],[79.7976,11.7988],[79.794,11.7679],[79.7826,11.7221],[79.7771,11.7096],[79.7749,11.6896],[79.771,11.6763],[79.7613,11.621],[79.7571,11.584],[79.7588,11.5521],[79.7643,11.531],[79.7732,11.5079],[79.7796,11.5007],[79.7876,11.4763],[79.7982,11.4618],[79.8074,11.4446],[79.8146,11.4179],[79.8232,11.3754],[79.8293,11.3546],[79.8379,11.3568],[79.8388,11.3482],[79.8365,11.3154],[79.8393,11.2829],[79.8465,11.2479],[79.8415,11.2299],[79.8493,11.2332],[79.8554,11.1843],[79.859,11.1399],[79.8585,11.0943],[79.8568,11.0713],[79.856,11.031],[79.8568,11.026],[79.8551,10.9776],[79.8506,10.9758],[79.8354,10.9766],[79.8345,10.9768],[79.8244,10.9795],[79.8249,10.9848],[79.8139,10.9871],[79.8098,10.9821],[79.8026,10.9849],[79.7964,10.9831],[79.7896,10.9734],[79.7834,10.9673],[79.7739,10.971],[79.7744,10.9772],[79.7605,10.9806],[79.7526,10.9799],[79.7431,10.9851],[79.7372,10.9891],[79.7302,10.9851],[79.7316,10.9753],[79.7382,10.9693],[79.7395,10.9661],[79.7413,10.9633],[79.7399,10.9558],[79.7457,10.9493],[79.7401,10.9437],[79.7267,10.9524],[79.7155,10.9533],[79.7039,10.9476],[79.7044,10.9352],[79.7156,10.9383],[79.7212,10.9353],[79.7077,10.9234],[79.7044,10.921],[79.7104,10.9191],[79.708,10.9151],[79.7086,10.9142],[79.7208,10.9107],[79.7196,10.9058],[79.7239,10.908],[79.7259,10.9069],[79.7284,10.9023],[79.743,10.8994],[79.7479,10.8952],[79.7542,10.8867],[79.7605,10.8832],[79.7612,10.8914],[79.7732,10.8896],[79.7764,10.8817],[79.7701,10.878],[79.7756,10.8758],[79.7849,10.8736],[79.7925,10.87],[79.8028,10.8711],[79.8056,10.8637],[79.7896,10.8618],[79.8035,10.8575],[79.8075,10.8527],[79.7956,10.8438],[79.7923,10.8488],[79.7931,10.8395],[79.8031,10.8337],[79.8082,10.8314],[79.8133,10.8287],[79.8137,10.8184],[79.8133,10.8141],[79.8198,10.8111],[79.8357,10.8117],[79.8512,10.8138],[79.851,10.7607],[79.8529,10.7215],[79.8538,10.6532],[79.856,10.609],[79.8562,10.5871],[79.8599,10.5501],[79.8629,10.4921],[79.8629,10.4774],[79.866,10.4163],[79.8715,10.3682],[79.8782,10.339],[79.884,10.306],[79.8793,10.2965],[79.8671,10.2863],[79.8521,10.2793],[79.8357,10.2754],[79.796,10.2729],[79.7443,10.2749],[79.7504,10.2843],[79.7699,10.2879],[79.779,10.2815],[79.7796,10.2921],[79.7637,10.301],[79.7588,10.3065],[79.7613,10.3132],[79.7438,10.3135],[79.7301,10.311],[79.7213,10.3187],[79.706,10.3235],[79.6871,10.3254],[79.6721,10.3193],[79.6471,10.3201],[79.6365,10.3182],[79.6374,10.3279],[79.6274,10.3454],[79.6207,10.3407],[79.6218,10.3321],[79.6135,10.3174],[79.5979,10.309],[79.581,10.3088],[79.5824,10.3029],[79.6199,10.2987],[79.6254,10.2954],[79.6563,10.2924],[79.6654,10.2896],[79.6715,10.3015],[79.6829,10.2951],[79.6857,10.2896],[79.7079,10.2835],[79.7318,10.2804],[79.7271,10.274],[79.6857,10.2804],[79.674,10.281],[79.6574,10.2851],[79.5696,10.2993],[79.5496,10.3013],[79.5265,10.3054],[79.5251,10.3154],[79.5379,10.3121],[79.5496,10.3168],[79.5532,10.329],[79.5599,10.3326],[79.5865,10.3279],[79.5901,10.3401],[79.5746,10.341],[79.5471,10.3479],[79.5429,10.3399],[79.5346,10.3354],[79.5435,10.3243],[79.516,10.3204],[79.5174,10.3274],[79.5124,10.3376],[79.5018,10.3338],[79.5051,10.3232],[79.5013,10.3201],[79.486,10.3249],[79.4607,10.3252],[79.4737,10.3182],[79.5137,10.3151],[79.5124,10.309],[79.4771,10.311],[79.4388,10.3154],[79.4271,10.3151],[79.3968,10.3179],[79.3821,10.3154],[79.3707,10.2957],[79.3507,10.2863],[79.3412,10.2871],[79.326,10.2818],[79.3115,10.2701],[79.294,10.2599],[79.274,10.2407],[79.2676,10.2299],[79.2801,10.2207],[79.2813,10.2137],[79.2685,10.2038],[79.2657,10.1982],[79.2412,10.1807],[79.2379,10.1693],[79.2399,10.1543],[79.2301,10.1499],[79.2288,10.1379],[79.2324,10.1243],[79.2282,10.1132],[79.2265,10.0985],[79.2368,10.0738],[79.2524,10.0665],[79.2524,10.049],[79.2621,10.0407],[79.2574,10.0343],[79.2424,10.0249],[79.2038,9.9824],[79.1976,9.971],[79.1924,9.9676],[79.1637,9.9385],[79.1551,9.9324],[79.1537,9.9204],[79.1351,9.899],[79.1279,9.894],[79.1188,9.8737],[79.1243,9.8646],[79.1193,9.8515],[79.1076,9.8379],[79.0912,9.8276],[79.0804,9.8099],[79.0776,9.7988],[79.0685,9.7913],[79.0579,9.7726],[79.0393,9.764],[79.0212,9.7415],[79.0176,9.7326],[78.9982,9.7129],[78.9882,9.6968],[78.9799,9.6874],[78.9715,9.6676],[78.9713,9.656],[78.956,9.6254],[78.9451,9.6182],[78.9343,9.6068],[78.9293,9.594],[78.9276,9.579],[78.924,9.5682],[78.9185,9.5365],[78.9224,9.5321],[78.9149,9.5088],[78.9149,9.494],[78.9035,9.4932],[78.8982,9.489],[78.901,9.4682],[78.9207,9.4324],[78.9354,9.4113],[78.9679,9.3749],[78.9893,9.3538],[79.0124,9.3363],[79.0215,9.3276],[79.046,9.3107],[79.0654,9.2996],[79.0879,9.2949],[79.106,9.289],[79.124,9.2896],[79.1324,9.2871],[79.1449,9.2913],[79.1693,9.2796],[79.1479,9.2765],[79.1426,9.2726],[79.1204,9.2693],[79.0938,9.2599],[79.064,9.261],[79.0274,9.2682],[78.979,9.2735],[78.9551,9.2724],[78.9235,9.2646],[78.9132,9.2529],[78.9065,9.2496],[78.8818,9.256],[78.8601,9.2535],[78.8535,9.2485],[78.8432,9.2482],[78.8171,9.2371],[78.8068,9.2368],[78.794,9.2288],[78.7785,9.2254],[78.7568,9.216],[78.7354,9.2118],[78.7179,9.2007],[78.7185,9.1901],[78.7043,9.1907],[78.6957,9.1943],[78.6768,9.1976],[78.6674,9.1971],[78.649,9.1857],[78.6426,9.1763],[78.6432,9.1693],[78.6518,9.1588],[78.6282,9.1532],[78.6143,9.1521],[78.5918,9.1418],[78.5757,9.1315],[78.5621,9.1365],[78.5524,9.1374],[78.5104,9.1351],[78.4899,9.1285],[78.4576,9.1265],[78.4115,9.1121],[78.3821,9.0904],[78.344,9.0568],[78.3138,9.0357],[78.3104,9.0318],[78.2657,9.0021],[78.2374,8.9846],[78.211,8.961],[78.1946,8.9385],[78.1843,8.9188],[78.1799,8.9049],[78.1807,8.8954],[78.1685,8.881],[78.1685,8.8599],[78.1646,8.8343],[78.1682,8.8268],[78.1646,8.8218],[78.1593,8.8038],[78.1596,8.7832],[78.1626,8.7735],[78.1749,8.7679],[78.1843,8.7701],[78.1888,8.7654],[78.1985,8.7657],[78.1996,8.7532],[78.1913,8.7479],[78.1751,8.7474],[78.1624,8.7374],[78.1579,8.7293],[78.1546,8.7118],[78.1404,8.6985],[78.1354,8.6888],[78.1285,8.6576],[78.1174,8.6621],[78.1126,8.6557],[78.1107,8.6396],[78.1012,8.6382],[78.1012,8.6121],[78.0951,8.5979],[78.0979,8.5915],[78.0965,8.5813],[78.1074,8.5796],[78.1099,8.5857],[78.1043,8.6032],[78.1129,8.6101],[78.1312,8.604],[78.1387,8.5888],[78.1326,8.5638],[78.1326,8.5574],[78.1237,8.5321],[78.1224,8.5165],[78.1304,8.4976],[78.121,8.4843],[78.1001,8.4646],[78.0668,8.4226],[78.0579,8.3954],[78.0549,8.3821],[78.0668,8.3704],[78.0229,8.359],[78.0107,8.3515],[77.9996,8.3493],[77.9804,8.3401],[77.9562,8.3229],[77.9538,8.314],[77.9324,8.3024],[77.9276,8.2974],[77.9168,8.2946],[77.901,8.286],[77.8874,8.2726],[77.8654,8.2649],[77.8557,8.2593],[77.8135,8.2462],[77.7829,8.2199],[77.784,8.2065],[77.7751,8.1957],[77.7657,8.194],[77.7546,8.1832],[77.7426,8.1754],[77.7235,8.171],[77.716,8.166],[77.7026,8.1635],[77.6579,8.1579],[77.6513,8.159],[77.6129,8.1501],[77.5757,8.1357],[77.5593,8.1196],[77.5599,8.0904],[77.5526,8.0843],[77.5524,8.0779],[77.5362,8.0782],[77.5068,8.0835],[77.4646,8.0924],[77.4485,8.094],[77.4104,8.1038],[77.3857,8.1124],[77.3504,8.1229],[77.3351,8.126],[77.3235,8.126],[77.316,8.121],[77.306,8.1285],[77.3021,8.1432],[77.2965,8.1496],[77.2751,8.1632],[77.2526,8.1732],[77.2476,8.1726],[77.2304,8.1854],[77.226,8.1937],[77.2157,8.2021],[77.184,8.2199],[77.1701,8.2374],[77.161,8.246],[77.1404,8.2601],[77.0907,8.2975],[77.1047,8.3016],[77.1009,8.3117],[77.1088,8.3129],[77.1219,8.3229],[77.1306,8.3242],[77.137,8.3201],[77.1498,8.3219],[77.1509,8.3355],[77.1568,8.3452],[77.152,8.3547],[77.1354,8.3517],[77.1432,8.3623],[77.1348,8.3785],[77.1407,8.3828],[77.1537,8.3774],[77.1645,8.3878],[77.1671,8.3955],[77.1798,8.4091],[77.1827,8.4275],[77.1887,8.4347],[77.2095,8.4377],[77.2091,8.4507],[77.1988,8.4602],[77.1946,8.4694],[77.1909,8.4882],[77.1865,8.4934],[77.1986,8.5039],[77.2064,8.5044],[77.2173,8.4961],[77.2226,8.4883],[77.2324,8.4959],[77.2475,8.5014],[77.2525,8.5171],[77.2652,8.5374],[77.2515,8.571],[77.2284,8.5978],[77.2283,8.6129],[77.2187,8.6184],[77.2124,8.6288],[77.1985,8.6411],[77.1871,8.6623],[77.1905,8.6712],[77.1877,8.6838],[77.1793,8.6996],[77.167,8.7076],[77.1553,8.7376],[77.1709,8.7334],[77.1765,8.735],[77.1837,8.7481],[77.183,8.7611],[77.1978,8.7577],[77.1984,8.7695],[77.2147,8.7758],[77.2174,8.797],[77.2274,8.8006],[77.2309,8.8116],[77.247,8.8319],[77.2456,8.8451],[77.2399,8.8681],[77.2271,8.8718],[77.2239,8.8851],[77.2147,8.8921],[77.2063,8.8932],[77.202,8.9067],[77.2074,8.9139],[77.1939,8.9219],[77.1868,8.9157],[77.1804,8.9157],[77.1819,8.9288],[77.1802,8.947],[77.1747,8.9569],[77.1632,8.9623],[77.1584,8.9782],[77.1469,8.9869],[77.1432,8.9979],[77.1342,9],[77.1322,9.0119],[77.1469,9.0216],[77.1453,9.0272],[77.1538,9.0366],[77.1674,9.0385],[77.1701,9.0339],[77.1821,9.0365],[77.1802,9.0448],[77.1928,9.065],[77.1897,9.0752],[77.1959,9.0884],[77.2094,9.0976],[77.2117,9.1064],[77.2326,9.1179],[77.2377,9.13],[77.2518,9.143],[77.2496,9.156],[77.2523,9.165],[77.2484,9.1758],[77.2366,9.1792],[77.2397,9.1899],[77.2503,9.1902],[77.2668,9.2088],[77.2595,9.2244],[77.2636,9.2319],[77.2676,9.2624],[77.2741,9.2632],[77.2671,9.2817],[77.2668,9.2909],[77.2777,9.2953],[77.2868,9.3081],[77.2841,9.3275],[77.3001,9.325],[77.3113,9.3279],[77.3097,9.3346],[77.3206,9.3511],[77.3198,9.3761],[77.3258,9.3787],[77.3274,9.3941],[77.3217,9.4057],[77.3346,9.4239],[77.3343,9.4311],[77.3516,9.4497],[77.3602,9.4437],[77.3722,9.4453],[77.3786,9.4508],[77.3774,9.4587],[77.3868,9.4674],[77.3839,9.4791],[77.3879,9.491],[77.3962,9.4965],[77.3949,9.5044],[77.3864,9.5068],[77.3868,9.5167],[77.3707,9.5087],[77.3505,9.5263],[77.3506,9.5403],[77.3466,9.5486],[77.3381,9.5503],[77.3359,9.5568],[77.3453,9.5673],[77.3409,9.5776],[77.3448,9.5876],[77.3409,9.5951],[77.3285,9.5732],[77.321,9.5674],[77.3107,9.5704],[77.312,9.5782],[77.309,9.5888],[77.3043,9.593],[77.2865,9.5873],[77.2753,9.5766],[77.2611,9.5667],[77.2505,9.5654],[77.2389,9.5734],[77.2299,9.5759],[77.2228,9.5728],[77.2091,9.5844],[77.2054,9.5923],[77.1966,9.5957],[77.1959,9.6042],[77.186,9.6059],[77.1746,9.5972],[77.1555,9.6015],[77.1546,9.614],[77.1622,9.6198],[77.1606,9.6302],[77.1659,9.638],[77.1657,9.6482],[77.1796,9.6604],[77.1859,9.6782],[77.1917,9.6862],[77.189,9.6975],[77.1899,9.7155],[77.2082,9.7217],[77.206,9.7375],[77.2114,9.7452],[77.2124,9.7554],[77.2186,9.76],[77.2107,9.7664],[77.2098,9.7799],[77.2225,9.7818],[77.234,9.7885],[77.2328,9.7973],[77.219,9.8133],[77.2089,9.8145],[77.215,9.8309],[77.2138,9.8385],[77.2237,9.843],[77.2183,9.8535],[77.2092,9.8538],[77.1991,9.866],[77.2065,9.8778],[77.2044,9.8943],[77.2169,9.9058],[77.2219,9.9228],[77.2402,9.9431],[77.2499,9.9425],[77.259,9.9534],[77.2614,9.9637],[77.2498,9.9728],[77.2451,9.9862],[77.2477,9.9948],[77.2407,10.0029],[77.2489,10.0158],[77.2371,10.0352],[77.2307,10.0395],[77.2044,10.0685],[77.1952,10.0735],[77.1907,10.0812],[77.1881,10.0957],[77.1946,10.1062],[77.2033,10.1036],[77.2187,10.1113],[77.2305,10.1201],[77.2461,10.1124],[77.2533,10.1114],[77.2598,10.1191],[77.261,10.1287],[77.2591,10.1554],[77.2644,10.1797],[77.2694,10.1871],[77.2739,10.2015],[77.2804,10.2073],[77.2748,10.2205],[77.27,10.2243],[77.2512,10.2244],[77.2465,10.2206],[77.2448,10.2452],[77.2505,10.2538],[77.2319,10.2772],[77.2145,10.3058],[77.2183,10.322],[77.2225,10.3285],[77.2222,10.3403],[77.1995,10.342],[77.189,10.3462],[77.1814,10.3432],[77.163,10.3463],[77.1341,10.3237],[77.1143,10.3106],[77.1007,10.3045],[77.0922,10.3043],[77.0734,10.2958],[77.0461,10.2743],[77.0338,10.2722],[77.0425,10.262],[77.0386,10.2482],[77.0303,10.2429],[77.0186,10.2418],[76.9937,10.2277],[76.9873,10.2199],[76.9815,10.2199],[76.9708,10.2087],[76.9588,10.2187],[76.9459,10.2228],[76.9392,10.2211],[76.9278,10.2296],[76.9093,10.2232],[76.8923,10.2327],[76.8918,10.2431],[76.8846,10.2551],[76.8771,10.2563],[76.8708,10.2641],[76.8623,10.2671],[76.8621,10.2825],[76.8579,10.2893],[76.8507,10.2828],[76.8319,10.2838],[76.83,10.2911],[76.8197,10.2952],[76.8242,10.3123],[76.8276,10.3376],[76.8358,10.3464],[76.8393,10.3597],[76.8307,10.3721],[76.8246,10.3752],[76.8157,10.3865],[76.8226,10.3941],[76.815,10.4018],[76.8073,10.4149],[76.8175,10.4385],[76.821,10.4802],[76.8203,10.4907],[76.8253,10.503],[76.832,10.5292],[76.8245,10.5376],[76.8302,10.553],[76.8255,10.5616],[76.8297,10.5851],[76.8245,10.5896],[76.8154,10.5883],[76.8086,10.5945],[76.8096,10.6043],[76.8033,10.6141],[76.805,10.6263],[76.8224,10.6274],[76.8447,10.6263],[76.8525,10.6239],[76.8726,10.6294],[76.8746,10.6392],[76.8702,10.6641],[76.8551,10.6724],[76.8619,10.6806],[76.8616,10.6863],[76.875,10.7067],[76.8837,10.7074],[76.8793,10.7202],[76.8931,10.7504],[76.8975,10.7708],[76.8883,10.7999],[76.86,10.7998],[76.8526,10.8085],[76.8404,10.8077],[76.8371,10.8155],[76.8452,10.8265],[76.8387,10.8376],[76.8246,10.8504],[76.8176,10.8618],[76.7909,10.871],[76.7853,10.8715],[76.773,10.8816],[76.7619,10.8798],[76.7491,10.8848],[76.7327,10.881],[76.7279,10.8868],[76.7185,10.8898],[76.7004,10.9008],[76.6846,10.9024],[76.6749,10.9064],[76.6528,10.92],[76.6474,10.929],[76.6556,10.9343],[76.655,10.9422],[76.6604,10.9605],[76.6778,10.9797],[76.6798,10.9994],[76.6904,11.0175],[76.7065,11.0314],[76.7121,11.0325],[76.744,11.0259],[76.757,11.0246],[76.7818,11.029],[76.7925,11.0424],[76.79,11.0497],[76.7754,11.0343],[76.7672,11.0322],[76.7548,11.0392],[76.7511,11.0468],[76.7371,11.0475],[76.7345,11.0639],[76.7464,11.0709],[76.7457,11.0839],[76.7386,11.084],[76.7341,11.0934],[76.7406,11.1099],[76.7349,11.1251],[76.7222,11.1225],[76.7154,11.1284],[76.7098,11.1403],[76.7036,11.132],[76.6967,11.1327],[76.686,11.1577],[76.689,11.1651],[76.7064,11.1796],[76.7138,11.178],[76.7212,11.1845],[76.718,11.1983],[76.7265,11.2065],[76.7104,11.2183],[76.697,11.2313],[76.6794,11.227],[76.6782,11.2188],[76.6682,11.2107],[76.6534,11.2043],[76.623,11.1857],[76.6021,11.1955],[76.5933,11.1975],[76.5778,11.1968],[76.548,11.1931],[76.5361,11.1893],[76.5212,11.1903],[76.5102,11.1953],[76.506,11.202],[76.4876,11.2028],[76.4659,11.1987],[76.4665,11.1861],[76.4527,11.1802],[76.438,11.1945],[76.4429,11.2001],[76.4464,11.2305],[76.4881,11.252],[76.5135,11.262],[76.5159,11.2725],[76.5219,11.2812],[76.5402,11.2923],[76.5305,11.2957],[76.5305,11.3096],[76.5398,11.321],[76.5408,11.327],[76.5382,11.3516],[76.5299,11.3477],[76.5164,11.349],[76.5095,11.3466],[76.5101,11.3612],[76.4729,11.3753],[76.4484,11.3814],[76.4393,11.3907],[76.4184,11.4053],[76.4082,11.4148],[76.4104,11.4336],[76.3906,11.428],[76.3615,11.448],[76.3391,11.4542],[76.3337,11.4587],[76.3209,11.4447],[76.298,11.4589],[76.289,11.4563],[76.2877,11.466],[76.2781,11.4745],[76.2661,11.4687],[76.2579,11.4732],[76.2401,11.4596],[76.2409,11.4752],[76.2448,11.4943],[76.2415,11.5048],[76.2332,11.5187],[76.243,11.5242],[76.2345,11.5465],[76.2257,11.5644],[76.2597,11.5869],[76.271,11.5929],[76.2779,11.5835],[76.2906,11.5806],[76.2938,11.565],[76.2979,11.5643],[76.3111,11.5775],[76.3286,11.5886],[76.3356,11.5783],[76.3501,11.5827],[76.3707,11.5935],[76.3768,11.6046],[76.3801,11.6224],[76.3962,11.6253],[76.4213,11.6251],[76.4342,11.6335],[76.4346,11.6416],[76.4277,11.6475],[76.4235,11.6593],[76.4313,11.6566],[76.4514,11.6551],[76.4737,11.6781],[76.4738,11.6842],[76.4853,11.6823],[76.5042,11.698],[76.5131,11.6942],[76.5353,11.677],[76.5404,11.6705],[76.5471,11.6358],[76.5536,11.6129],[76.5748,11.6057],[76.581,11.6094],[76.5883,11.6044],[76.6079,11.6004],[76.6257,11.6038],[76.6644,11.6051],[76.679,11.6041],[76.7075,11.6059],[76.7514,11.6067],[76.7808,11.6036],[76.8083,11.5962],[76.8165,11.5972],[76.836,11.584],[76.8473,11.5886],[76.8509,11.6018],[76.8458,11.6116],[76.8383,11.6158],[76.8388,11.6234],[76.8297,11.6293],[76.8278,11.6384],[76.83,11.649],[76.8491,11.6872],[76.8536,11.6988],[76.8646,11.7105],[76.8809,11.7246],[76.8885,11.7504],[76.888,11.7659],[76.8934,11.7773],[76.8997,11.7833],[76.9135,11.7804],[76.9267,11.7809],[76.9358,11.7767],[76.9444,11.7813],[76.9596,11.7652],[76.9748,11.791],[76.9728,11.8011],[76.9904,11.7993],[77.0044,11.803],[77.0228,11.795],[77.0317,11.784],[77.0223,11.7647],[77.0276,11.7617],[77.0413,11.7776],[77.0525,11.7792],[77.0619,11.7721],[77.0501,11.7577],[77.0739,11.7295],[77.0759,11.7239],[77.0963,11.7231],[77.1093,11.7128],[77.1032,11.7459],[77.1061,11.7562],[77.1139,11.7618],[77.131,11.7624],[77.1372,11.772],[77.1659,11.7742],[77.1897,11.7828],[77.2039,11.7845],[77.2271,11.7837],[77.2371,11.7882],[77.2417,11.8025],[77.2783,11.7897],[77.2848,11.7984],[77.3261,11.7589],[77.3457,11.7641],[77.3552,11.7784],[77.3622,11.7758],[77.3819,11.7762],[77.4015,11.764],[77.4125,11.7623],[77.4135,11.7512],[77.4193,11.7507],[77.4238,11.7661],[77.4311,11.7717],[77.4409,11.7913],[77.4425,11.8065],[77.4516,11.8234],[77.4563,11.8391],[77.451,11.8443],[77.4552,11.8673],[77.4533,11.8709],[77.4539,11.8906],[77.4772,11.8818],[77.476,11.8896],[77.4839,11.9215],[77.4904,11.9297],[77.5237,11.9215],[77.5313,11.9265],[77.548,11.9307],[77.5733,11.924],[77.5857,11.9295],[77.5914,11.9263],[77.6367,11.9403],[77.6548,11.9374],[77.6647,11.9397],[77.6637,11.953],[77.6772,11.9843],[77.6895,12.0099],[77.7204,12.0534],[77.734,12.0602],[77.7461,12.0693],[77.7563,12.092],[77.7664,12.101],[77.767,12.1091],[77.7528,12.118],[77.7402,12.1293],[77.7391,12.1479],[77.732,12.1546],[77.7264,12.1673],[77.7195,12.1715],[77.7013,12.1726],[77.6554,12.1877],[77.6447,12.1886],[77.6289,12.1863],[77.6214,12.1917],[77.6158,12.1898],[77.6041,12.1952],[77.5911,12.1906],[77.5558,12.1871],[77.5385,12.1945],[77.531,12.1901],[77.5198,12.1887],[77.5113,12.184],[77.4825,12.1901],[77.4657,12.2023],[77.4737,12.2249],[77.463,12.2358],[77.4702,12.2619],[77.4784,12.2697],[77.4932,12.2728],[77.5021,12.2663],[77.5183,12.2695],[77.5235,12.281],[77.5427,12.2837],[77.5452,12.2927],[77.5561,12.2972],[77.5686,12.3242],[77.5753,12.3263],[77.5862,12.3363],[77.5912,12.3492],[77.6038,12.3538],[77.6099,12.3736],[77.6109,12.3856],[77.6158,12.4049],[77.6207,12.4138],[77.6169,12.4246],[77.6201,12.4381],[77.6182,12.4431],[77.6217,12.4544],[77.6252,12.4773],[77.6173,12.4855],[77.5966,12.4646],[77.5754,12.4684],[77.5825,12.4763],[77.6018,12.4917],[77.6052,12.5033],[77.5785,12.507],[77.5798,12.5115],[77.5764,12.5368],[77.5724,12.5404],[77.5701,12.5579],[77.5815,12.5842],[77.5821,12.6051],[77.5854,12.6119],[77.5978,12.621],[77.588,12.6427],[77.5903,12.6575],[77.6329,12.6701],[77.6543,12.6742],[77.6703,12.6712],[77.6678,12.6506],[77.6784,12.649],[77.6955,12.6512],[77.7018,12.6582],[77.7038,12.6737],[77.7141,12.6703],[77.7184,12.662],[77.7314,12.664],[77.7332,12.6719],[77.7273,12.6829],[77.7336,12.6915],[77.7502,12.6872],[77.763,12.7145],[77.7517,12.7184],[77.7584,12.7293],[77.7781,12.7337],[77.785,12.7451],[77.7716,12.7548],[77.7716,12.7598],[77.7879,12.7813],[77.7995,12.7869],[77.7914,12.7963],[77.801,12.8208],[77.7923,12.8214],[77.7836,12.8283],[77.792,12.8398],[77.7998,12.8378],[77.8221,12.8498],[77.8256,12.859],[77.8441,12.8559],[77.8494,12.8579],[77.8823,12.8584],[77.8875,12.8669],[77.9005,12.8679],[77.9022,12.8734],[77.9144,12.8735],[77.9197,12.8635],[77.9336,12.8617],[77.9278,12.8505],[77.9153,12.8443],[77.9092,12.822],[77.9248,12.8137],[77.933,12.8129],[77.9399,12.8293],[77.9326,12.8396],[77.9386,12.8497],[77.9486,12.8481],[77.9468,12.8381],[77.958,12.8363],[77.9575,12.8215],[77.9713,12.8226],[77.9746,12.8144],[77.9813,12.8104],[77.9814,12.7956],[78.0015,12.7954],[78.0056,12.8033],[77.9933,12.8137],[78.008,12.823],[78.0091,12.8337],[78.0168,12.8335],[78.0222,12.8412],[78.04,12.8382],[78.0467,12.8424],[78.0514,12.8323],[78.0646,12.8302],[78.0659,12.8189],[78.0761,12.8205],[78.0865,12.8033],[78.1145,12.7871],[78.1207,12.77],[78.1365,12.7692],[78.1581,12.7602],[78.1662,12.765],[78.1902,12.7611],[78.1989,12.7551],[78.2206,12.7526],[78.2193,12.747],[78.2289,12.7202],[78.2203,12.7033],[78.1947,12.6953],[78.1988,12.6887],[78.1895,12.6836],[78.2001,12.6756],[78.2281,12.6739],[78.2274,12.6893],[78.2391,12.6924],[78.2644,12.6918],[78.2842,12.6676],[78.2905,12.6529],[78.3088,12.65],[78.3224,12.6372],[78.3294,12.6384],[78.3605,12.6151],[78.3683,12.6118],[78.3861,12.6139],[78.3998,12.6133],[78.4183,12.6206],[78.4249,12.6149],[78.4596,12.6174],[78.4577,12.6622],[78.4741,12.6592],[78.4886,12.6633],[78.4934,12.6696],[78.493,12.6937],[78.4979,12.6985],[78.5098,12.6988],[78.509,12.7049],[78.4936,12.7112],[78.4915,12.7171],[78.4797,12.73],[78.4844,12.7348],[78.4943,12.7304],[78.516,12.7035],[78.5264,12.7012],[78.5185,12.6924],[78.5244,12.6797],[78.5414,12.685],[78.5522,12.6971],[78.5455,12.7074],[78.5539,12.7261],[78.5456,12.7286],[78.5581,12.7516],[78.5657,12.759],[78.5801,12.7672],[78.5825,12.7853],[78.5898,12.7924],[78.5882,12.8048],[78.5977,12.8111],[78.5916,12.8385],[78.6044,12.8574],[78.606,12.8737],[78.6248,12.9142],[78.6467,12.919],[78.629,12.9531],[78.6379,12.9544],[78.6202,12.9739],[78.6205,12.9825],[78.6417,13.0016],[78.6511,13.0179],[78.6686,13.0111],[78.6938,13.0044],[78.696,13.0125],[78.7024,13.0562],[78.7255,13.0528],[78.7395,13.0455],[78.7545,13.047],[78.7775,13.0532],[78.8009,13.0755],[78.8134,13.0746],[78.8323,13.0696],[78.8584,13.0711],[78.8647,13.0847],[78.876,13.0862],[78.8835,13.082],[78.8804,13.0696],[78.8809,13.0443],[78.8794,13.0255],[78.8819,13.0198],[78.9275,13.0235],[78.9174,13.0325],[78.9044,13.0311],[78.8935,13.0351],[78.9009,13.0521],[78.9087,13.0505],[78.9144,13.0678],[78.9301,13.066],[78.9366,13.07],[78.9458,13.0635],[78.9592,13.0654],[78.9629,13.0716],[78.9817,13.0762],[78.9883,13.0727],[79.0004,13.0579],[79.0228,13.0564],[79.0259,13.0496],[79.0439,13.0437],[79.0533,13.038],[79.054,13.0282],[79.0691,13.0142],[79.0828,13.0125],[79.1044,13.0242],[79.1193,13.0226],[79.1416,13.0098],[79.1527,13.0073],[79.1706,13.0157],[79.1766,13.0298],[79.1765,13.0383],[79.1694,13.053],[79.1791,13.0601],[79.1807,13.067],[79.1933,13.0897],[79.2074,13.0914],[79.2143,13.0968],[79.2224,13.116],[79.2147,13.1277],[79.2183,13.1356],[79.2264,13.1346],[79.2367,13.1268],[79.2433,13.1334],[79.2472,13.1481],[79.2565,13.1365],[79.2612,13.1407],[79.2713,13.1381],[79.2738,13.1209],[79.285,13.1229],[79.2988,13.1148],[79.2975,13.0974],[79.3079,13.0969],[79.3124,13.1138],[79.3167,13.1194],[79.3501,13.1255],[79.3467,13.1349],[79.3478,13.163],[79.3612,13.156],[79.3708,13.1686],[79.369,13.1763],[79.3844,13.1847],[79.3979,13.1864],[79.4206,13.1845],[79.4232,13.1989],[79.4216,13.2085],[79.4455,13.2168],[79.4425,13.2292],[79.4361,13.2298],[79.4108,13.2122],[79.4073,13.2377],[79.4123,13.2575],[79.419,13.2663],[79.4184,13.2746],[79.425,13.2813],[79.4218,13.2867],[79.4054,13.2854],[79.3856,13.2947],[79.3746,13.303],[79.4014,13.3158],[79.4173,13.322],[79.4546,13.3243],[79.4793,13.3215],[79.4872,13.3166],[79.4978,13.3148],[79.5227,13.3159],[79.5358,13.3111],[79.5389,13.3009],[79.5414,13.2789],[79.5548,13.2592],[79.5654,13.2494],[79.5803,13.2454],[79.5854,13.2471],[79.5887,13.2604],[79.6011,13.2677],[79.6208,13.259],[79.6296,13.2609],[79.6325,13.2735],[79.6534,13.2746],[79.6626,13.2681],[79.6685,13.2819],[79.6793,13.2693],[79.6843,13.2567],[79.6738,13.247],[79.6711,13.2358],[79.6807,13.2284],[79.6919,13.2385],[79.696,13.2339],[79.6957,13.2238],[79.6894,13.2113],[79.6996,13.2027],[79.7157,13.2144],[79.7186,13.2226],[79.7325,13.215],[79.7383,13.1983],[79.7444,13.1949],[79.7518,13.2048],[79.7577,13.2056],[79.7736,13.2175],[79.7833,13.2179],[79.7833,13.2282],[79.7754,13.2341],[79.7528,13.2438],[79.7394,13.2544],[79.7218,13.2657],[79.7213,13.2722],[79.7415,13.2767],[79.7461,13.28],[79.7506,13.2988],[79.7541,13.3028],[79.7684,13.2896],[79.7798,13.2821],[79.7873,13.2846],[79.8003,13.3043],[79.824,13.3023],[79.8512,13.3034],[79.8589,13.3137],[79.8706,13.3118],[79.875,13.3174],[79.8861,13.3213],[79.9039,13.3333],[79.9107,13.3437],[79.9255,13.3359],[79.9287,13.3435],[79.94,13.3581],[79.9397,13.3691],[79.948,13.3672],[79.9536,13.3741],[79.9503,13.382],[79.9356,13.3848],[79.9325,13.4044],[79.936,13.4096],[79.9509,13.4081],[79.9632,13.4179],[79.961,13.4277],[79.9631,13.4406],[79.9619,13.4513],[79.9683,13.4564],[79.9875,13.4619],[79.9954,13.4595],[80.0044,13.4783],[80.0059,13.4878],[80.036,13.4845],[80.037,13.4994],[80.0256,13.504],[80.0191,13.5017],[80.0084,13.5083],[80.0062,13.5151],[79.9902,13.5101],[79.9897,13.5268],[80.0077,13.5324],[80.0175,13.5251],[80.0341,13.5218],[80.0454,13.522],[80.051,13.5305],[80.0694,13.5376],[80.0758,13.5268]]]]},"properties":{"ID_0":105,"ISO":"IND","NAME_0":"India","ID_1":31,"NAME_1":"Tamil Nadu","NL_NAME_1":null,"VARNAME_1":"Madras|Tamilnad","TYPE_1":"State","ENGTYPE_1":"State"}},{"type":"Feature","geometry":{"type":"Polygon","coordinates":[[[92.231,24.5041],[92.2394,24.4899],[92.2303,24.48],[92.2311,24.4604],[92.2392,24.4473],[92.2565,24.4363],[92.256,24.419],[92.2627,24.4098],[92.2642,24.3976],[92.2731,24.3885],[92.2641,24.3622],[92.2129,24.2493],[92.2966,24.2517],[92.2953,24.248],[92.2949,24.2407],[92.2968,24.2381],[92.2963,24.2338],[92.2995,24.2316],[92.2976,24.2272],[92.3012,24.2245],[92.3138,24.2229],[92.3097,24.2148],[92.3161,24.2132],[92.3246,24.2058],[92.3248,24.1948],[92.3295,24.1912],[92.327,24.1861],[92.3299,24.1747],[92.3318,24.1636],[92.3344,24.1508],[92.3363,24.1444],[92.3353,24.1436],[92.3323,24.144],[92.3292,24.1399],[92.3282,24.1352],[92.3282,24.1246],[92.3317,24.1131],[92.3293,24.1103],[92.3323,24.1053],[92.3297,24.1012],[92.327,24.0764],[92.3168,24.0668],[92.3217,24.0587],[92.3203,24.0512],[92.3153,24.0487],[92.3172,24.0375],[92.3193,24.0313],[92.3167,24.028],[92.3217,24.0188],[92.3189,24.0192],[92.3172,24.0176],[92.3272,24.0019],[92.3291,23.9897],[92.3196,23.9753],[92.3126,23.9702],[92.3133,23.961],[92.3126,23.9575],[92.3112,23.9456],[92.3134,23.9345],[92.3212,23.9261],[92.3307,23.9214],[92.3299,23.9055],[92.3236,23.9047],[92.3216,23.8914],[92.3183,23.888],[92.3193,23.8837],[92.3166,23.8817],[92.3171,23.8792],[92.3204,23.878],[92.322,23.8698],[92.3182,23.8671],[92.3196,23.8652],[92.3073,23.8639],[92.3006,23.8664],[92.2951,23.8701],[92.2939,23.8713],[92.2878,23.867],[92.2852,23.8573],[92.2766,23.8529],[92.2741,23.8436],[92.2771,23.8366],[92.2821,23.8309],[92.2836,23.8242],[92.2834,23.8234],[92.2868,23.8168],[92.2808,23.8151],[92.2695,23.8178],[92.2594,23.815],[92.2607,23.8071],[92.2623,23.8049],[92.2678,23.77],[92.2671,23.7619],[92.2663,23.7387],[92.2685,23.7286],[92.2475,23.7241],[92.2405,23.7084],[92.2469,23.6918],[92.2424,23.6889],[92.2381,23.6703],[92.2284,23.6592],[92.2203,23.6586],[92.2129,23.6642],[92.2177,23.6952],[92.2116,23.7016],[92.1939,23.7116],[92.1865,23.7105],[92.1801,23.7214],[92.181,23.7416],[92.1676,23.7414],[92.1505,23.7325],[92.1422,23.7152],[92.1351,23.7098],[92.1059,23.6765],[92.0907,23.6771],[92.0854,23.6644],[92.087,23.6539],[92.0814,23.6481],[92.0707,23.6446],[92.0541,23.6501],[92.0355,23.6617],[92.0268,23.6574],[92.0144,23.6691],[92.002,23.6886],[91.9966,23.7048],[91.9836,23.7297],[91.9772,23.7315],[91.9621,23.7277],[91.9566,23.719],[91.9573,23.6991],[91.9423,23.6818],[91.95,23.6581],[91.951,23.6329],[91.9567,23.6179],[91.9547,23.5959],[91.9639,23.5788],[91.9605,23.567],[91.9656,23.554],[91.9609,23.5376],[91.9613,23.5162],[91.9681,23.5138],[91.9761,23.496],[91.9733,23.4808],[91.9638,23.4821],[91.9518,23.4704],[91.9438,23.4701],[91.9414,23.4608],[91.9472,23.444],[91.9418,23.4376],[91.9224,23.443],[91.9035,23.4414],[91.8927,23.4353],[91.887,23.4268],[91.8724,23.4148],[91.8505,23.4028],[91.8421,23.3939],[91.8381,23.3845],[91.844,23.3804],[91.827,23.3622],[91.8214,23.3511],[91.8082,23.3387],[91.7903,23.3091],[91.7748,23.2781],[91.7709,23.2638],[91.7728,23.2514],[91.7785,23.2408],[91.7922,23.2293],[91.7884,23.2145],[91.7939,23.2014],[91.7994,23.1967],[91.7998,23.1785],[91.807,23.169],[91.8057,23.1586],[91.8117,23.1545],[91.8145,23.1387],[91.8121,23.1307],[91.8207,23.1183],[91.825,23.1067],[91.8345,23.0919],[91.8241,23.0861],[91.8234,23.0757],[91.8069,23.0676],[91.7954,23.0657],[91.7878,23.0727],[91.778,23.0649],[91.7868,23.0489],[91.787,23.0366],[91.7712,23.0368],[91.7607,23.0252],[91.7561,23.0156],[91.7457,23.0062],[91.7281,22.9969],[91.7205,22.9882],[91.7151,22.9969],[91.6983,23.0026],[91.6856,22.9879],[91.657,22.9867],[91.6345,22.9675],[91.6243,22.9513],[91.619,22.95],[91.6049,22.956],[91.6091,22.9661],[91.6039,22.9719],[91.5903,22.9696],[91.5874,22.964],[91.5678,22.9723],[91.5628,22.9765],[91.5626,22.9897],[91.5528,22.9925],[91.5468,22.9994],[91.5533,23.0158],[91.5441,23.0179],[91.5542,23.0338],[91.5385,23.0347],[91.5357,23.0388],[91.5414,23.0504],[91.5286,23.0536],[91.5393,23.0621],[91.5311,23.0812],[91.5353,23.087],[91.5264,23.0923],[91.5265,23.1004],[91.5155,23.1056],[91.5208,23.1197],[91.5089,23.1272],[91.509,23.138],[91.4983,23.1508],[91.4983,23.1589],[91.5038,23.1658],[91.498,23.1722],[91.5086,23.1795],[91.5064,23.1866],[91.4742,23.1888],[91.4774,23.1948],[91.486,23.1958],[91.4895,23.2022],[91.4824,23.2162],[91.4643,23.2122],[91.4586,23.2188],[91.4744,23.2268],[91.4621,23.2419],[91.4517,23.2435],[91.4578,23.2559],[91.4434,23.2581],[91.4218,23.2572],[91.4077,23.2536],[91.4157,23.2449],[91.403,23.2377],[91.404,23.2262],[91.3958,23.2234],[91.397,23.2135],[91.3929,23.2086],[91.3934,23.1934],[91.3888,23.1795],[91.3929,23.1677],[91.3915,23.1526],[91.3958,23.1475],[91.4031,23.1291],[91.4035,23.119],[91.41,23.1068],[91.408,23.0947],[91.4123,23.0834],[91.4216,23.0807],[91.418,23.0691],[91.422,23.0592],[91.4177,23.0556],[91.4023,23.0518],[91.3777,23.0641],[91.3761,23.0687],[91.3532,23.1014],[91.3532,23.111],[91.3475,23.1167],[91.3475,23.1275],[91.3432,23.1313],[91.3393,23.151],[91.3303,23.1577],[91.3311,23.1688],[91.3295,23.1972],[91.3309,23.2158],[91.3287,23.235],[91.3255,23.2407],[91.3323,23.2528],[91.3253,23.2537],[91.316,23.2767],[91.3064,23.2906],[91.3125,23.2995],[91.3215,23.3022],[91.3159,23.3143],[91.3045,23.3144],[91.2973,23.321],[91.3025,23.3411],[91.315,23.3447],[91.3177,23.3533],[91.3093,23.3552],[91.299,23.352],[91.2999,23.3623],[91.2921,23.3661],[91.2981,23.3787],[91.2865,23.378],[91.2834,23.3864],[91.2833,23.4104],[91.2805,23.4188],[91.271,23.4263],[91.2708,23.4369],[91.2599,23.4485],[91.2565,23.482],[91.2538,23.4897],[91.239,23.4957],[91.2368,23.5032],[91.2282,23.4998],[91.2235,23.5049],[91.2271,23.514],[91.211,23.5139],[91.2042,23.5242],[91.2114,23.537],[91.2107,23.5468],[91.1985,23.5491],[91.1989,23.5657],[91.1936,23.5747],[91.169,23.5951],[91.1658,23.6023],[91.1626,23.6283],[91.1649,23.6653],[91.1762,23.6572],[91.1952,23.6553],[91.1989,23.647],[91.2071,23.6514],[91.2061,23.6602],[91.2084,23.6827],[91.201,23.6924],[91.1934,23.6908],[91.1583,23.6912],[91.1545,23.7098],[91.1559,23.7234],[91.1639,23.7462],[91.1724,23.7521],[91.1949,23.7532],[91.2109,23.7516],[91.2246,23.7401],[91.2341,23.7694],[91.234,23.7858],[91.231,23.7917],[91.2376,23.8115],[91.2576,23.8397],[91.255,23.8495],[91.2472,23.8584],[91.2377,23.8799],[91.2325,23.8832],[91.2322,23.8995],[91.2489,23.9089],[91.2443,23.9239],[91.2623,23.9265],[91.2763,23.9262],[91.2759,23.936],[91.2661,23.9486],[91.2733,23.9667],[91.2816,23.9802],[91.2895,23.968],[91.2997,23.9727],[91.3007,23.9834],[91.3064,23.9986],[91.3188,23.9937],[91.3347,23.9918],[91.339,23.9861],[91.3549,23.9845],[91.3606,23.9865],[91.373,23.9784],[91.379,23.9787],[91.3743,23.9973],[91.3743,24.0079],[91.3908,24.0291],[91.3965,24.0514],[91.3948,24.0559],[91.3771,24.0813],[91.3754,24.1075],[91.4103,24.1111],[91.4304,24.1076],[91.4405,24.103],[91.4638,24.0976],[91.4755,24.1001],[91.4815,24.0962],[91.4905,24.0978],[91.4964,24.0887],[91.5191,24.0863],[91.5361,24.0812],[91.5452,24.0761],[91.5598,24.0789],[91.5787,24.0798],[91.5846,24.0761],[91.5962,24.0802],[91.6002,24.0984],[91.6119,24.0946],[91.6341,24.1026],[91.6423,24.1163],[91.6359,24.1393],[91.6463,24.1553],[91.6445,24.1694],[91.6477,24.178],[91.6565,24.1762],[91.6602,24.1876],[91.6528,24.1961],[91.6539,24.2022],[91.6481,24.2144],[91.6591,24.2274],[91.6675,24.2304],[91.6683,24.2098],[91.677,24.1987],[91.6849,24.1694],[91.6924,24.1593],[91.7028,24.1626],[91.7101,24.152],[91.7403,24.1412],[91.7622,24.1434],[91.7524,24.2042],[91.7435,24.2471],[91.7911,24.221],[91.8077,24.2194],[91.8156,24.209],[91.8306,24.2143],[91.8426,24.2217],[91.8514,24.2215],[91.8477,24.207],[91.8418,24.1977],[91.8546,24.1861],[91.872,24.1741],[91.8785,24.1478],[91.8883,24.137],[91.9026,24.1378],[91.9099,24.1423],[91.9143,24.1601],[91.9119,24.1717],[91.9419,24.2676],[91.9204,24.3358],[91.9403,24.3435],[91.9437,24.3485],[91.9571,24.3563],[91.9711,24.3488],[91.9745,24.3316],[91.9828,24.3311],[91.9954,24.3213],[91.9983,24.3393],[91.9891,24.3465],[91.98,24.358],[91.9849,24.3608],[91.9646,24.3818],[91.9741,24.3886],[91.9784,24.3805],[91.9986,24.3911],[92.0101,24.382],[92.0179,24.3847],[92.025,24.38],[92.0486,24.3768],[92.0719,24.3753],[92.0837,24.377],[92.0965,24.3755],[92.1031,24.3828],[92.1192,24.3838],[92.123,24.395],[92.1376,24.4102],[92.1391,24.4244],[92.1557,24.4264],[92.1669,24.4221],[92.1728,24.4309],[92.1631,24.4392],[92.1668,24.4469],[92.1645,24.4555],[92.1578,24.4604],[92.1635,24.4686],[92.1551,24.4795],[92.1564,24.4982],[92.1615,24.5123],[92.1559,24.5242],[92.1734,24.534],[92.1786,24.5235],[92.1927,24.5215],[92.2073,24.5066],[92.2116,24.5093],[92.231,24.5041]]]},"properties":{"ID_0":105,"ISO":"IND","NAME_0":"India","ID_1":32,"NAME_1":"Tripura","NL_NAME_1":null,"VARNAME_1":null,"TYPE_1":"State","ENGTYPE_1":"State"}},{"type":"Feature","geometry":{"type":"Polygon","coordinates":[[[79.762,28.8897],[79.7745,28.8918],[79.7906,28.8774],[79.7949,28.8699],[79.8057,28.8691],[79.8086,28.8628],[79.809,28.8589],[79.7999,28.8543],[79.7943,28.843],[79.7992,28.8362],[79.8012,28.8296],[79.7978,28.8208],[79.7948,28.8147],[79.7894,28.8197],[79.7821,28.8132],[79.7834,28.8054],[79.792,28.803],[79.803,28.8056],[79.805,28.8087],[79.8113,28.8114],[79.8159,28.8123],[79.8147,28.8191],[79.8128,28.8302],[79.8245,28.8448],[79.8417,28.8426],[79.8495,28.8454],[79.8556,28.8391],[79.8606,28.8341],[79.8753,28.8302],[79.8755,28.8213],[79.8712,28.8164],[79.8542,28.8208],[79.8462,28.8213],[79.8405,28.8087],[79.8465,28.805],[79.8673,28.7964],[79.8801,28.7968],[79.8948,28.8015],[79.9006,28.7994],[79.8889,28.7858],[79.8921,28.7813],[79.8993,28.7739],[79.9057,28.7721],[79.9101,28.7633],[79.9181,28.7522],[79.9224,28.7327],[79.9295,28.7265],[79.9529,28.7175],[79.9678,28.7156],[79.9883,28.717],[80.0029,28.7269],[80.0136,28.7374],[80.0291,28.7581],[80.0405,28.7831],[80.0362,28.7907],[80.0257,28.7999],[80.0584,28.8353],[80.0724,28.8297],[80.0767,28.8244],[80.1198,28.8287],[80.1402,28.8138],[80.173,28.782],[80.2177,28.7553],[80.2359,28.7592],[80.2523,28.7578],[80.2668,28.7435],[80.2634,28.7327],[80.2579,28.7293],[80.2792,28.7099],[80.2954,28.7113],[80.3006,28.7063],[80.3185,28.7001],[80.3224,28.6949],[80.323,28.6812],[80.3276,28.6663],[80.3389,28.6607],[80.3624,28.6449],[80.3637,28.635],[80.3733,28.629],[80.3879,28.6296],[80.4164,28.6391],[80.4393,28.6352],[80.4443,28.6284],[80.4528,28.6288],[80.4628,28.6207],[80.4679,28.6007],[80.4733,28.5905],[80.5081,28.568],[80.5244,28.5527],[80.532,28.5734],[80.5233,28.5768],[80.5165,28.6159],[80.513,28.6237],[80.5052,28.6652],[80.5078,28.6709],[80.5416,28.6905],[80.5518,28.6915],[80.5704,28.6878],[80.592,28.6797],[80.5818,28.6612],[80.6079,28.6523],[80.6133,28.6392],[80.6349,28.6372],[80.6432,28.6432],[80.6529,28.6339],[80.6693,28.6418],[80.6725,28.6283],[80.6813,28.6205],[80.679,28.6043],[80.6974,28.6033],[80.6919,28.587],[80.7056,28.5787],[80.7163,28.5679],[80.7262,28.5747],[80.7403,28.5658],[80.7401,28.5742],[80.7696,28.5655],[80.7712,28.5496],[80.7918,28.5435],[80.7863,28.5292],[80.8014,28.521],[80.8172,28.5207],[80.8317,28.5117],[80.8453,28.4996],[80.857,28.497],[80.8633,28.5041],[80.8776,28.5097],[80.8979,28.5056],[80.9103,28.4975],[80.9031,28.4856],[80.9074,28.4657],[80.9194,28.4596],[80.934,28.4585],[80.9465,28.4547],[80.9534,28.4475],[80.9658,28.4496],[80.9688,28.4569],[80.9815,28.4552],[80.9666,28.4446],[80.967,28.4378],[80.9809,28.4343],[80.9796,28.4425],[80.9909,28.4416],[81.0014,28.4539],[81.0192,28.4516],[81.0147,28.4381],[81.0209,28.4317],[81.0312,28.4384],[81.0356,28.4278],[81.0185,28.4156],[81.0341,28.3987],[81.0366,28.4133],[81.0477,28.4099],[81.0815,28.3848],[81.0911,28.382],[81.2124,28.3605],[81.2214,28.3448],[81.2363,28.3246],[81.2345,28.2889],[81.2822,28.2347],[81.2937,28.2228],[81.3014,28.2198],[81.3224,28.1972],[81.3202,28.1823],[81.3265,28.1749],[81.323,28.1687],[81.3062,28.1684],[81.3049,28.1629],[81.3219,28.1601],[81.3297,28.1482],[81.3201,28.1451],[81.3198,28.1334],[81.3362,28.1401],[81.3731,28.1422],[81.3784,28.1496],[81.3789,28.1586],[81.3687,28.1659],[81.3769,28.1769],[81.3917,28.1737],[81.4125,28.1746],[81.4283,28.1706],[81.4488,28.1602],[81.4523,28.1514],[81.4518,28.1408],[81.4694,28.1271],[81.4858,28.1181],[81.4816,28.11],[81.4802,28.0825],[81.5491,28.049],[81.5884,28.025],[81.6189,28.0103],[81.6286,28.0016],[81.6453,27.9937],[81.6946,27.9894],[81.704,27.9865],[81.7571,27.943],[81.8067,27.9032],[81.825,27.9025],[81.8354,27.8974],[81.8754,27.8693],[81.8868,27.8572],[81.904,27.8537],[81.928,27.8596],[81.9271,27.8753],[81.9399,27.8878],[81.94,27.8936],[81.9528,27.9101],[81.9611,27.9163],[81.9701,27.9288],[81.9931,27.9291],[82.0274,27.925],[82.047,27.9244],[82.0644,27.9215],[82.0729,27.9225],[82.0933,27.8946],[82.1161,27.8774],[82.1252,27.8648],[82.1519,27.8578],[82.1559,27.8661],[82.179,27.8545],[82.2102,27.843],[82.2323,27.8206],[82.2547,27.8099],[82.305,27.773],[82.3384,27.7546],[82.369,27.7424],[82.3841,27.7205],[82.4037,27.7025],[82.4147,27.6981],[82.4292,27.6881],[82.4507,27.6786],[82.4752,27.6763],[82.4838,27.6827],[82.4919,27.681],[82.5181,27.6902],[82.5431,27.6855],[82.5869,27.6985],[82.5956,27.6967],[82.607,27.7058],[82.6208,27.7021],[82.6295,27.709],[82.6404,27.7089],[82.6684,27.7155],[82.6911,27.715],[82.7012,27.7218],[82.707,27.7164],[82.7078,27.7027],[82.7202,27.6873],[82.7169,27.6813],[82.7162,27.6624],[82.7276,27.6582],[82.7396,27.6405],[82.735,27.6185],[82.7473,27.6001],[82.7468,27.5952],[82.7574,27.5884],[82.7497,27.5718],[82.7534,27.5655],[82.7459,27.5612],[82.7396,27.5467],[82.7446,27.5432],[82.7439,27.5319],[82.7514,27.5226],[82.7397,27.5182],[82.737,27.5031],[82.7873,27.5],[82.8036,27.4964],[82.8371,27.5015],[82.8723,27.4984],[82.8945,27.5006],[82.9316,27.5009],[82.9415,27.4912],[82.9469,27.4768],[82.9562,27.4678],[83.0253,27.4524],[83.0361,27.4487],[83.0769,27.4526],[83.1665,27.4575],[83.1902,27.454],[83.1981,27.4459],[83.2125,27.4242],[83.2278,27.4118],[83.2422,27.4064],[83.2742,27.3834],[83.2677,27.3654],[83.2746,27.3526],[83.2965,27.334],[83.3175,27.3326],[83.3265,27.3366],[83.3338,27.3325],[83.3545,27.3398],[83.3599,27.3502],[83.3761,27.36],[83.3768,27.3698],[83.3902,27.3757],[83.3868,27.3901],[83.398,27.3956],[83.4076,27.4053],[83.4092,27.4151],[83.3949,27.425],[83.3868,27.4351],[83.386,27.4422],[83.3978,27.4463],[83.404,27.4575],[83.3909,27.4795],[83.6167,27.4694],[83.6681,27.447],[83.7093,27.4268],[83.8332,27.3695],[83.8585,27.351],[83.855,27.3403],[83.8493,27.3356],[83.8293,27.3275],[83.8363,27.3195],[83.8425,27.3213],[83.8546,27.3112],[83.8724,27.3162],[83.8879,27.3265],[83.908,27.3304],[83.9167,27.3253],[83.9236,27.3164],[83.9257,27.3042],[83.9188,27.2927],[83.8962,27.2771],[83.8955,27.2682],[83.9019,27.2521],[83.9076,27.248],[83.9253,27.2425],[83.9481,27.2383],[83.9615,27.228],[83.9633,27.2211],[83.9646,27.211],[83.9766,27.2034],[83.9851,27.1818],[83.9842,27.1787],[83.9683,27.1656],[83.9586,27.1487],[83.9509,27.1409],[83.9536,27.1319],[83.9508,27.1263],[83.9414,27.1198],[83.9403,27.1023],[83.9408,27.0896],[83.9478,27.0862],[83.9549,27.0861],[83.9779,27.0926],[84.0053,27.104],[84.0142,27.1001],[84.0189,27.0934],[84.0169,27.0838],[84.0056,27.0719],[83.9908,27.0686],[83.9949,27.0613],[84.0122,27.0538],[84.0243,27.0447],[84.0356,27.0465],[84.0408,27.0447],[84.036,27.029],[84.0357,27.0193],[84.0304,27.0118],[84.0427,27.0031],[84.0495,26.9908],[84.0364,26.984],[84.0435,26.9804],[84.0413,26.968],[84.0467,26.9619],[84.0386,26.9578],[84.0351,26.9487],[84.0317,26.9493],[84.0249,26.9427],[84.0298,26.9396],[84.0387,26.9383],[84.0452,26.9304],[84.0492,26.9146],[84.0424,26.9091],[84.0451,26.9047],[84.0508,26.9016],[84.049,26.8999],[84.052,26.8917],[84.0591,26.8908],[84.0601,26.8865],[84.0763,26.8788],[84.0879,26.8824],[84.0926,26.8778],[84.0999,26.888],[84.1011,26.8938],[84.122,26.8927],[84.1302,26.8853],[84.1407,26.8839],[84.1393,26.874],[84.1318,26.8706],[84.1317,26.8557],[84.1505,26.8395],[84.1689,26.8345],[84.1747,26.8358],[84.1753,26.8459],[84.1765,26.8533],[84.1853,26.8601],[84.1966,26.8612],[84.2092,26.871],[84.222,26.8702],[84.2354,26.8643],[84.2456,26.8587],[84.2521,26.8449],[84.2504,26.8378],[84.251,26.8307],[84.2428,26.8218],[84.2485,26.8209],[84.2523,26.8087],[84.2485,26.7927],[84.2411,26.7754],[84.2246,26.7571],[84.2423,26.7308],[84.2545,26.7343],[84.2553,26.739],[84.2668,26.7421],[84.2786,26.7512],[84.298,26.7533],[84.3056,26.7377],[84.311,26.7336],[84.3185,26.7162],[84.3233,26.6885],[84.3371,26.6814],[84.3501,26.6814],[84.3668,26.6788],[84.4022,26.6712],[84.4048,26.6428],[84.4144,26.6272],[84.395,26.6257],[84.3789,26.6218],[84.3706,26.6154],[84.3509,26.6204],[84.3301,26.6183],[84.3255,26.6153],[84.297,26.6157],[84.295,26.6066],[84.2793,26.6066],[84.2722,26.5994],[84.2589,26.6073],[84.2287,26.6132],[84.202,26.6243],[84.1847,26.6259],[84.1673,26.6242],[84.1485,26.6277],[84.152,26.6385],[84.1395,26.639],[84.1061,26.6372],[84.0804,26.6408],[84.0838,26.6314],[84.0796,26.6237],[84.0848,26.6106],[84.0791,26.5944],[84.0703,26.5893],[84.0493,26.5616],[84.0478,26.5435],[84.0308,26.5356],[84.0145,26.532],[84.0007,26.525],[83.9836,26.5315],[83.9742,26.5319],[83.9666,26.521],[83.9654,26.5117],[83.9562,26.5082],[83.9457,26.5102],[83.9458,26.5184],[83.9305,26.5248],[83.9022,26.5181],[83.9068,26.5068],[83.905,26.4943],[83.9023,26.4503],[83.9463,26.4381],[83.9835,26.4349],[83.9904,26.4476],[84.0017,26.4436],[84.0161,26.442],[84.0164,26.4319],[84.0332,26.4138],[84.0362,26.4078],[84.055,26.402],[84.0615,26.3901],[84.0772,26.384],[84.0812,26.3897],[84.1152,26.3876],[84.1168,26.3852],[84.154,26.3762],[84.1714,26.374],[84.1672,26.3602],[84.1672,26.3381],[84.1817,26.317],[84.1715,26.3037],[84.1687,26.2929],[84.171,26.2866],[84.1682,26.2737],[84.1714,26.2677],[84.1574,26.2609],[84.1535,26.2453],[84.1453,26.2617],[84.1414,26.2577],[84.1259,26.2614],[84.113,26.2619],[84.1105,26.2418],[84.0923,26.2402],[84.0795,26.2318],[84.0736,26.2249],[84.0336,26.2321],[84.0313,26.2391],[84.0184,26.2388],[84.0055,26.2341],[84.0082,26.2253],[84.0243,26.2198],[84.019,26.2093],[84.0204,26.1976],[84.009,26.1996],[84.0021,26.1901],[84.003,26.1782],[84.0138,26.167],[84.0278,26.163],[84.0181,26.1451],[84.0424,26.1315],[84.0452,26.1204],[84.0422,26.1116],[84.0491,26.0997],[84.0811,26.0998],[84.091,26.0965],[84.1161,26.0749],[84.1279,26.0555],[84.1367,26.047],[84.1673,26.0255],[84.1662,25.9915],[84.1724,25.9988],[84.1923,25.9895],[84.2018,26.0006],[84.2141,25.9962],[84.2405,25.9828],[84.2446,25.9768],[84.2646,25.9673],[84.2837,25.9556],[84.2916,25.9483],[84.3139,25.948],[84.3437,25.9587],[84.3514,25.9593],[84.3863,25.9382],[84.4083,25.9314],[84.4093,25.9244],[84.4242,25.8983],[84.4312,25.8927],[84.4437,25.8897],[84.4611,25.8887],[84.4666,25.8837],[84.4853,25.8892],[84.5065,25.8724],[84.5286,25.8777],[84.5406,25.8621],[84.5283,25.8647],[84.5263,25.8554],[84.527,25.8343],[84.5443,25.83],[84.5469,25.8413],[84.5714,25.8298],[84.5872,25.8196],[84.6211,25.7924],[84.6208,25.7724],[84.6101,25.7773],[84.6029,25.7724],[84.6005,25.7606],[84.6149,25.7528],[84.6263,25.7416],[84.6306,25.7283],[84.6131,25.7307],[84.5955,25.7391],[84.5556,25.7364],[84.559,25.7217],[84.5586,25.701],[84.5564,25.6886],[84.5523,25.684],[84.5314,25.6928],[84.5359,25.7265],[84.5279,25.7154],[84.5246,25.6844],[84.5164,25.6777],[84.5058,25.6823],[84.499,25.6774],[84.4884,25.6779],[84.4893,25.6911],[84.4665,25.6855],[84.4603,25.6907],[84.4632,25.6986],[84.4552,25.7103],[84.4488,25.7145],[84.4386,25.7107],[84.4242,25.7117],[84.4236,25.6951],[84.4019,25.6995],[84.3971,25.7091],[84.4004,25.7169],[84.3936,25.7289],[84.3812,25.7343],[84.3885,25.7443],[84.38,25.7487],[84.3695,25.736],[84.3544,25.7436],[84.3313,25.7446],[84.3256,25.7371],[84.3232,25.7231],[84.3236,25.704],[84.3186,25.6719],[84.2988,25.6718],[84.2901,25.6628],[84.2476,25.6628],[84.2171,25.6641],[84.1995,25.6723],[84.1943,25.7034],[84.174,25.7157],[84.1675,25.7218],[84.1483,25.726],[84.1357,25.7169],[84.1315,25.7239],[84.1079,25.7236],[84.0944,25.7204],[84.0829,25.7127],[84.0696,25.6956],[84.074,25.6725],[84.0797,25.6527],[84.0765,25.6375],[84.0282,25.6227],[84.0142,25.6161],[83.9916,25.601],[83.9443,25.5673],[83.921,25.5617],[83.9136,25.5543],[83.8994,25.5318],[83.8928,25.5255],[83.873,25.5204],[83.8682,25.5116],[83.8713,25.5032],[83.8644,25.4906],[83.8549,25.4849],[83.8511,25.4737],[83.8338,25.463],[83.8226,25.462],[83.8102,25.4659],[83.8104,25.4543],[83.8334,25.4501],[83.8384,25.4369],[83.8241,25.4332],[83.8206,25.4376],[83.8029,25.4329],[83.8052,25.4245],[83.7966,25.4083],[83.7823,25.3987],[83.7635,25.3986],[83.7619,25.3879],[83.7497,25.3921],[83.7481,25.4043],[83.7272,25.3985],[83.7181,25.3998],[83.7095,25.3953],[83.704,25.3861],[83.6928,25.3938],[83.6894,25.3859],[83.6763,25.3817],[83.6863,25.3694],[83.6691,25.3645],[83.6602,25.371],[83.6562,25.3637],[83.6435,25.3544],[83.6466,25.3472],[83.6425,25.3411],[83.6318,25.3421],[83.6201,25.3286],[83.6107,25.3326],[83.5839,25.3249],[83.5779,25.3166],[83.5722,25.3176],[83.5444,25.3131],[83.5312,25.3045],[83.5081,25.2862],[83.4982,25.283],[83.4913,25.2866],[83.4803,25.2824],[83.471,25.2721],[83.4719,25.2655],[83.4603,25.252],[83.4536,25.2513],[83.4429,25.2593],[83.4332,25.2536],[83.4225,25.2522],[83.4171,25.2461],[83.4093,25.2493],[83.4023,25.2376],[83.4015,25.23],[83.3882,25.207],[83.3777,25.2097],[83.3746,25.2025],[83.3603,25.1964],[83.3496,25.1989],[83.3439,25.1874],[83.3481,25.1786],[83.3432,25.1587],[83.3534,25.1492],[83.3521,25.1312],[83.3576,25.1279],[83.3538,25.1104],[83.3401,25.1124],[83.338,25.0881],[83.3322,25.0825],[83.3278,25.061],[83.3338,25.051],[83.3235,25.0481],[83.3165,25.0384],[83.3161,25.0273],[83.3197,25.0155],[83.3277,25.0163],[83.3439,25.0105],[83.3459,24.9921],[83.3404,24.9792],[83.3385,24.9636],[83.3439,24.9639],[83.357,24.9554],[83.3585,24.9374],[83.358,24.914],[83.3514,24.9031],[83.36,24.8918],[83.3549,24.8855],[83.3639,24.8804],[83.354,24.8706],[83.3683,24.8632],[83.3825,24.8403],[83.3904,24.8331],[83.3956,24.811],[83.3901,24.8044],[83.3925,24.7971],[83.3868,24.7842],[83.3941,24.7795],[83.4113,24.7753],[83.4342,24.7568],[83.4415,24.744],[83.4531,24.7333],[83.4798,24.7378],[83.4833,24.7311],[83.4807,24.7057],[83.4896,24.7059],[83.5132,24.6789],[83.4995,24.6685],[83.4975,24.6517],[83.5072,24.6494],[83.5159,24.6428],[83.5242,24.6421],[83.5207,24.63],[83.5389,24.6277],[83.5345,24.6156],[83.5256,24.6137],[83.5174,24.6032],[83.52,24.591],[83.525,24.585],[83.5246,24.5673],[83.5172,24.5492],[83.4934,24.5421],[83.4982,24.5271],[83.4814,24.5239],[83.4619,24.5179],[83.4264,24.5128],[83.4,24.5061],[83.393,24.5012],[83.3926,24.4803],[83.3871,24.4646],[83.3814,24.4557],[83.3898,24.4376],[83.4007,24.4371],[83.399,24.4121],[83.412,24.4103],[83.4299,24.4038],[83.4305,24.396],[83.44,24.387],[83.4432,24.3728],[83.4514,24.3647],[83.441,24.3609],[83.4343,24.3475],[83.4235,24.3387],[83.4033,24.3374],[83.3853,24.3203],[83.3756,24.3134],[83.3806,24.3005],[83.3962,24.2934],[83.4029,24.2761],[83.4019,24.266],[83.3911,24.2446],[83.3809,24.24],[83.3769,24.2309],[83.3793,24.2202],[83.376,24.2139],[83.3783,24.2008],[83.3705,24.1868],[83.3656,24.172],[83.3574,24.1568],[83.3561,24.1477],[83.3499,24.1371],[83.349,24.1264],[83.339,24.1105],[83.3236,24.1013],[83.3149,24.107],[83.3111,24.0928],[83.2924,24.0772],[83.2842,24.0646],[83.2768,24.0457],[83.28,24.0348],[83.2761,24.0233],[83.2589,24.0116],[83.247,24.0152],[83.2354,24.0072],[83.2369,24.0014],[83.216,23.9894],[83.2156,23.9808],[83.2084,23.9728],[83.2112,23.9604],[83.2059,23.9538],[83.2018,23.9405],[83.1914,23.9326],[83.1896,23.9211],[83.1679,23.9179],[83.1556,23.9113],[83.1452,23.9099],[83.1344,23.8946],[83.1274,23.89],[83.0866,23.8782],[83.061,23.8752],[83.0364,23.8831],[83.0205,23.8827],[82.9923,23.8785],[82.984,23.8796],[82.9536,23.8728],[82.9388,23.8759],[82.9306,23.882],[82.9252,23.8907],[82.9061,23.8979],[82.8812,23.9103],[82.863,23.9255],[82.8489,23.9468],[82.8413,23.9501],[82.8207,23.965],[82.8078,23.9631],[82.8005,23.9675],[82.7987,23.9766],[82.8015,24.0011],[82.7899,24.0068],[82.7663,24.0061],[82.7524,24.0084],[82.7459,24.0131],[82.7399,24.031],[82.7558,24.0436],[82.7622,24.0599],[82.7663,24.0779],[82.7549,24.0732],[82.748,24.0805],[82.7415,24.0751],[82.7263,24.0826],[82.7084,24.0808],[82.7014,24.0971],[82.6635,24.1239],[82.6574,24.1348],[82.6659,24.1428],[82.6652,24.1511],[82.6709,24.1585],[82.6794,24.1567],[82.6884,24.1442],[82.7204,24.139],[82.7231,24.1568],[82.7361,24.1684],[82.7319,24.2011],[82.727,24.2233],[82.7322,24.228],[82.7499,24.2361],[82.7516,24.2459],[82.7506,24.2681],[82.7571,24.2757],[82.7641,24.2924],[82.766,24.3122],[82.7598,24.3191],[82.763,24.3298],[82.7645,24.3475],[82.7598,24.3584],[82.7606,24.373],[82.7545,24.3795],[82.7468,24.3725],[82.7185,24.3712],[82.7072,24.3852],[82.715,24.4162],[82.7257,24.4263],[82.726,24.4608],[82.7306,24.4703],[82.7238,24.4763],[82.7338,24.4872],[82.7365,24.4998],[82.7156,24.5133],[82.7141,24.5362],[82.7161,24.5571],[82.7335,24.5516],[82.7454,24.5525],[82.746,24.5415],[82.7809,24.5461],[82.8008,24.5527],[82.7964,24.5875],[82.7964,24.5998],[82.7683,24.5975],[82.7601,24.5998],[82.7679,24.6106],[82.7658,24.6416],[82.7628,24.6457],[82.7431,24.6441],[82.7275,24.6465],[82.7146,24.6421],[82.7021,24.6421],[82.6917,24.6486],[82.696,24.6757],[82.6854,24.6865],[82.6656,24.6999],[82.6579,24.7004],[82.6364,24.6878],[82.603,24.6795],[82.5876,24.6737],[82.574,24.663],[82.5293,24.652],[82.524,24.6571],[82.5184,24.6783],[82.5013,24.6784],[82.4868,24.6755],[82.4767,24.6836],[82.4489,24.6779],[82.4484,24.6906],[82.4323,24.7063],[82.4202,24.7053],[82.4074,24.6951],[82.4016,24.6838],[82.4068,24.6744],[82.4055,24.6668],[82.4118,24.6578],[82.409,24.6431],[82.4035,24.6362],[82.4079,24.6228],[82.4057,24.6175],[82.4146,24.6064],[82.4092,24.5978],[82.3856,24.5974],[82.3608,24.602],[82.3505,24.6082],[82.346,24.6188],[82.3298,24.6238],[82.3192,24.6203],[82.3094,24.6129],[82.2983,24.6124],[82.293,24.6169],[82.2984,24.628],[82.2919,24.6648],[82.2817,24.6717],[82.2785,24.6809],[82.2695,24.6819],[82.2531,24.6661],[82.248,24.6756],[82.2289,24.6746],[82.2287,24.6908],[82.243,24.7018],[82.2405,24.7106],[82.2439,24.7164],[82.2414,24.7385],[82.2459,24.7407],[82.2496,24.7564],[82.2411,24.7683],[82.2384,24.7544],[82.2277,24.7656],[82.2216,24.7599],[82.2092,24.7595],[82.1995,24.7521],[82.2134,24.7442],[82.216,24.7362],[82.1887,24.7438],[82.1957,24.7637],[82.1906,24.7696],[82.1894,24.7823],[82.2018,24.7807],[82.2087,24.7978],[82.1949,24.7969],[82.1734,24.801],[82.1594,24.7923],[82.1322,24.8045],[82.1264,24.7939],[82.1122,24.7923],[82.1,24.8099],[82.0947,24.8104],[82.0819,24.8221],[82.0652,24.8234],[82.0423,24.8342],[82.0372,24.833],[82.0243,24.8446],[82.0049,24.8507],[81.9979,24.8474],[81.965,24.8414],[81.9616,24.8317],[81.9462,24.8467],[81.9347,24.8514],[81.9267,24.8608],[81.9284,24.8731],[81.9027,24.8841],[81.8964,24.8925],[81.8985,24.9052],[81.9103,24.9205],[81.912,24.9309],[81.9041,24.9423],[81.901,24.9731],[81.9016,24.9828],[81.8945,24.9874],[81.8992,24.9992],[81.894,25.0035],[81.8877,24.9934],[81.8735,25.0021],[81.8463,25.0071],[81.84,25.015],[81.8294,25.0193],[81.7917,25.01],[81.7801,25.0152],[81.7714,25.0232],[81.7498,25.0316],[81.7382,25.0391],[81.7324,25.0487],[81.7164,25.053],[81.7134,25.0401],[81.7054,25.0379],[81.6819,25.0438],[81.6831,25.0568],[81.6778,25.0647],[81.664,25.0639],[81.6599,25.0782],[81.6468,25.075],[81.6356,25.0618],[81.6253,25.0625],[81.6219,25.0569],[81.6085,25.0589],[81.6081,25.0668],[81.5945,25.0769],[81.5959,25.0818],[81.6095,25.0852],[81.6149,25.094],[81.632,25.1033],[81.6227,25.1112],[81.6253,25.1178],[81.6168,25.1226],[81.6043,25.0997],[81.6023,25.1175],[81.591,25.123],[81.5921,25.1364],[81.61,25.1472],[81.6197,25.1556],[81.61,25.1737],[81.6055,25.1656],[81.5818,25.1683],[81.588,25.1838],[81.5664,25.1957],[81.5584,25.1892],[81.5325,25.1854],[81.5128,25.1879],[81.5078,25.185],[81.5107,25.1737],[81.5273,25.1666],[81.5288,25.1613],[81.5187,25.1518],[81.5185,25.1425],[81.5006,25.1528],[81.492,25.1488],[81.4905,25.135],[81.4774,25.1384],[81.4777,25.1211],[81.4931,25.1107],[81.5076,25.1068],[81.4974,25.096],[81.4946,25.0821],[81.4865,25.0841],[81.4837,25.0749],[81.4583,25.0868],[81.4589,25.093],[81.4364,25.0962],[81.4031,25.1064],[81.4115,25.1123],[81.4355,25.111],[81.4386,25.114],[81.4278,25.1336],[81.4197,25.1356],[81.4067,25.1251],[81.3975,25.1217],[81.389,25.1243],[81.3844,25.1351],[81.3656,25.1443],[81.3572,25.1523],[81.3494,25.1674],[81.336,25.1663],[81.33,25.1725],[81.313,25.1635],[81.3107,25.1526],[81.3168,25.1407],[81.3168,25.1281],[81.323,25.1184],[81.313,25.1174],[81.3084,25.1258],[81.308,25.1389],[81.3043,25.1453],[81.307,25.1597],[81.3049,25.1675],[81.2847,25.1653],[81.2752,25.169],[81.2686,25.1652],[81.2748,25.1534],[81.2597,25.1412],[81.2621,25.1311],[81.2568,25.1286],[81.258,25.1168],[81.2481,25.1117],[81.2457,25.1055],[81.2591,25.0873],[81.253,25.079],[81.2616,25.0685],[81.2553,25.0608],[81.2476,25.0415],[81.236,25.0293],[81.2307,25.0181],[81.2202,25.0072],[81.2017,24.9957],[81.2113,24.9868],[81.2123,24.9777],[81.2013,24.9703],[81.2064,24.9541],[81.206,24.9392],[81.211,24.9326],[81.1995,24.9269],[81.199,24.9347],[81.1884,24.9451],[81.1614,24.9585],[81.1569,24.9457],[81.1555,24.932],[81.1481,24.9177],[81.1401,24.9164],[81.1333,24.9056],[81.1342,24.8938],[81.1282,24.8936],[81.1038,24.9127],[81.0965,24.9225],[81.0895,24.9245],[81.0805,24.9384],[81.0825,24.9477],[81.0764,24.9523],[81.0431,24.9526],[81.0267,24.955],[81.017,24.9464],[81.0168,24.9325],[81.0087,24.9325],[81,24.9402],[80.981,24.9297],[80.9793,24.9381],[80.9657,24.9386],[80.9511,24.927],[80.9529,24.9394],[80.9439,24.9507],[80.9467,24.9569],[80.9448,24.968],[80.9368,24.9725],[80.8973,24.9567],[80.8887,24.9474],[80.8812,24.9482],[80.875,24.9407],[80.8566,24.936],[80.8349,24.9345],[80.8208,24.9366],[80.8022,24.9445],[80.8029,24.9569],[80.7916,24.9639],[80.79,24.9718],[80.7988,24.9749],[80.8186,24.9736],[80.8247,24.9861],[80.8364,24.9861],[80.845,24.9935],[80.8503,25.0031],[80.8419,25.0125],[80.8401,25.0202],[80.8291,25.03],[80.8267,25.0392],[80.8352,25.0397],[80.8411,25.0513],[80.8558,25.0624],[80.8707,25.0711],[80.8751,25.0795],[80.8643,25.0882],[80.873,25.1026],[80.865,25.1236],[80.8728,25.1339],[80.8754,25.1444],[80.8853,25.14],[80.9056,25.1645],[80.8862,25.1772],[80.878,25.1956],[80.8695,25.1887],[80.8486,25.19],[80.8363,25.1927],[80.8359,25.1854],[80.8419,25.1679],[80.8374,25.1603],[80.8321,25.1414],[80.8378,25.1275],[80.8334,25.1133],[80.8277,25.1103],[80.8186,25.1306],[80.8096,25.1307],[80.8083,25.1408],[80.7996,25.1464],[80.7821,25.1371],[80.774,25.1466],[80.7661,25.1409],[80.7509,25.1417],[80.7355,25.1352],[80.7231,25.1488],[80.7106,25.1384],[80.7009,25.1381],[80.7009,25.128],[80.7173,25.1289],[80.7254,25.1229],[80.7199,25.1173],[80.719,25.104],[80.7252,25.098],[80.7334,25.1013],[80.7458,25.0994],[80.7511,25.0911],[80.776,25.0843],[80.7814,25.0696],[80.7759,25.0617],[80.7514,25.064],[80.7336,25.0624],[80.7272,25.0718],[80.6736,25.0542],[80.6719,25.0646],[80.6793,25.0818],[80.6683,25.0868],[80.6642,25.0784],[80.6537,25.0765],[80.6505,25.0875],[80.6415,25.0931],[80.6178,25.0937],[80.6085,25.0986],[80.6148,25.1139],[80.6223,25.122],[80.6324,25.1233],[80.625,25.1377],[80.6055,25.1364],[80.6058,25.1493],[80.5946,25.1552],[80.5908,25.1316],[80.5976,25.1281],[80.5878,25.1091],[80.5919,25.096],[80.6,25.0908],[80.6068,25.0762],[80.6045,25.0726],[80.5876,25.0859],[80.5787,25.0883],[80.568,25.0853],[80.5611,25.0888],[80.56,25.075],[80.5434,25.0677],[80.532,25.0759],[80.519,25.0819],[80.5143,25.0958],[80.5095,25.101],[80.4947,25.1049],[80.4921,25.1022],[80.4745,25.1018],[80.4873,25.0918],[80.5,25.0896],[80.4984,25.0826],[80.4906,25.0782],[80.5001,25.071],[80.5023,25.0629],[80.4932,25.0543],[80.4942,25.0453],[80.4831,25.0473],[80.4702,25.0447],[80.4614,25.058],[80.46,25.0697],[80.446,25.0658],[80.4407,25.0821],[80.4295,25.0725],[80.4227,25.0713],[80.4099,25.0767],[80.4068,25.0634],[80.4027,25.061],[80.3941,25.072],[80.3841,25.0653],[80.3793,25.056],[80.3672,25.0589],[80.3641,25.0477],[80.3791,25.0444],[80.3724,25.0292],[80.3809,25.0277],[80.3822,25.0097],[80.3728,25.0083],[80.3678,25.0254],[80.3588,25.0261],[80.3479,25.0165],[80.338,25.0209],[80.3259,25.0031],[80.3141,25.0035],[80.299,25.016],[80.2892,25.0211],[80.2785,25.0216],[80.2669,25.0302],[80.2778,25.044],[80.282,25.0632],[80.3048,25.0755],[80.3105,25.082],[80.3147,25.0941],[80.3133,25.1012],[80.3228,25.1066],[80.3475,25.13],[80.3486,25.1407],[80.3868,25.1629],[80.4155,25.1653],[80.4237,25.1741],[80.4181,25.1919],[80.4116,25.1994],[80.4017,25.221],[80.3991,25.243],[80.3907,25.2457],[80.378,25.2375],[80.3577,25.2511],[80.3493,25.2696],[80.341,25.2786],[80.312,25.2822],[80.304,25.2889],[80.3027,25.297],[80.3107,25.3107],[80.3117,25.3342],[80.3026,25.3583],[80.3132,25.3723],[80.3091,25.3918],[80.2953,25.4078],[80.2737,25.425],[80.2559,25.4287],[80.2452,25.4049],[80.2296,25.4109],[80.214,25.4042],[80.2024,25.4067],[80.1939,25.4162],[80.1888,25.4064],[80.1879,25.3836],[80.1592,25.3776],[80.1591,25.3662],[80.1371,25.3557],[80.1271,25.3406],[80.107,25.3442],[80.0934,25.3538],[80.0833,25.3558],[80.07,25.3431],[80.0372,25.341],[80.0207,25.3432],[80.0099,25.3248],[80.0126,25.3017],[79.9939,25.2888],[79.9913,25.2832],[79.9973,25.2701],[79.9773,25.2649],[79.963,25.2682],[79.9492,25.2653],[79.9426,25.2719],[79.932,25.2599],[79.9326,25.2503],[79.921,25.2507],[79.9135,25.2334],[79.9063,25.2542],[79.8983,25.2551],[79.8936,25.2462],[79.8866,25.2464],[79.8725,25.2538],[79.861,25.243],[79.8452,25.2366],[79.8529,25.225],[79.863,25.2192],[79.8562,25.2136],[79.8519,25.2035],[79.8588,25.1902],[79.8626,25.177],[79.8606,25.1561],[79.8722,25.1485],[79.8516,25.1398],[79.8427,25.1163],[79.8559,25.0985],[79.8409,25.0964],[79.8272,25.1001],[79.8164,25.1109],[79.8052,25.111],[79.7883,25.1204],[79.7692,25.1253],[79.7511,25.1407],[79.7396,25.143],[79.726,25.1357],[79.7073,25.1333],[79.6766,25.137],[79.6662,25.1271],[79.6542,25.1305],[79.6329,25.1328],[79.62,25.1427],[79.6061,25.1325],[79.5952,25.1341],[79.5985,25.1453],[79.574,25.1595],[79.5689,25.1755],[79.5596,25.176],[79.5503,25.1694],[79.5287,25.1374],[79.5138,25.1257],[79.5182,25.1077],[79.5172,25.1018],[79.5002,25.0992],[79.4899,25.0828],[79.4715,25.0872],[79.4605,25.0963],[79.4702,25.1307],[79.4566,25.125],[79.4364,25.1078],[79.4295,25.1118],[79.4353,25.1265],[79.4259,25.1384],[79.4184,25.1335],[79.4092,25.1157],[79.402,25.1134],[79.3893,25.1206],[79.3887,25.1316],[79.3802,25.1491],[79.3839,25.1703],[79.3915,25.1796],[79.4039,25.1896],[79.4046,25.1995],[79.4096,25.2088],[79.4173,25.2039],[79.4321,25.2028],[79.4427,25.2126],[79.4424,25.221],[79.427,25.225],[79.4342,25.2418],[79.4449,25.2481],[79.4529,25.2565],[79.4592,25.2695],[79.4791,25.2652],[79.4731,25.2821],[79.4531,25.2826],[79.4516,25.2736],[79.4312,25.2596],[79.4153,25.2592],[79.4012,25.2624],[79.4019,25.2793],[79.3886,25.2862],[79.3835,25.2836],[79.3726,25.2933],[79.3644,25.2925],[79.3672,25.2756],[79.3657,25.2681],[79.353,25.2654],[79.3497,25.2884],[79.3308,25.294],[79.3419,25.3046],[79.3345,25.3174],[79.3459,25.333],[79.3337,25.3326],[79.3251,25.3372],[79.2947,25.3402],[79.2913,25.3293],[79.2776,25.3281],[79.2601,25.3102],[79.256,25.2917],[79.2565,25.2795],[79.262,25.2677],[79.2711,25.2665],[79.2865,25.2811],[79.2878,25.2902],[79.3039,25.2654],[79.3147,25.2614],[79.3319,25.2763],[79.3401,25.2728],[79.3445,25.2643],[79.3413,25.2586],[79.3411,25.2305],[79.3349,25.2229],[79.347,25.2142],[79.3326,25.2008],[79.3266,25.2085],[79.3253,25.2224],[79.3108,25.2195],[79.3005,25.2274],[79.2933,25.2402],[79.284,25.2465],[79.2736,25.2481],[79.2815,25.2271],[79.278,25.2106],[79.2788,25.1974],[79.2835,25.1895],[79.3019,25.1753],[79.3145,25.1519],[79.301,25.1308],[79.2822,25.1335],[79.2765,25.1203],[79.2688,25.1262],[79.2601,25.1221],[79.2545,25.1305],[79.2621,25.1412],[79.2592,25.1533],[79.2506,25.1612],[79.2252,25.1582],[79.2139,25.1484],[79.2249,25.1402],[79.2375,25.1428],[79.2384,25.1164],[79.2228,25.1233],[79.2184,25.1182],[79.2064,25.1138],[79.2071,25.1244],[79.1979,25.1282],[79.1967,25.1429],[79.1849,25.1511],[79.1773,25.146],[79.1684,25.1453],[79.1688,25.1316],[79.1799,25.1288],[79.1793,25.1177],[79.1689,25.1119],[79.1566,25.1119],[79.1382,25.1184],[79.1334,25.1111],[79.1208,25.1134],[79.1148,25.1178],[79.1251,25.1292],[79.1078,25.1437],[79.1186,25.1584],[79.1192,25.1634],[79.0906,25.1762],[79.0843,25.1925],[79.0641,25.1725],[79.0581,25.1508],[79.0489,25.1475],[79.0389,25.1372],[79.0218,25.1432],[79.0252,25.1558],[79.0358,25.1739],[79.0246,25.1866],[79.0428,25.2101],[79.0485,25.2098],[79.0567,25.2192],[79.0564,25.2257],[79.0451,25.2306],[79.0265,25.2347],[79.0294,25.2493],[79.0147,25.2478],[79.0117,25.2528],[79.016,25.2652],[79.0124,25.274],[78.9927,25.2777],[78.9868,25.275],[78.9733,25.2537],[78.9723,25.2428],[78.995,25.2323],[78.9933,25.2222],[79.0004,25.2161],[78.9958,25.1959],[78.9824,25.1992],[78.9692,25.2166],[78.9528,25.2207],[78.9424,25.2184],[78.9242,25.2106],[78.908,25.1935],[78.9006,25.1805],[78.8934,25.1732],[78.8771,25.1622],[78.8692,25.1781],[78.8674,25.19],[78.8801,25.2059],[78.8816,25.2155],[78.8671,25.2325],[78.8722,25.2508],[78.8846,25.2472],[78.8964,25.2499],[78.9086,25.2744],[78.9183,25.2752],[78.9258,25.2678],[78.9406,25.2627],[78.9484,25.2659],[78.9438,25.2801],[78.9538,25.2856],[78.9647,25.2839],[78.9703,25.2911],[78.9528,25.3119],[78.952,25.3174],[78.9558,25.3478],[78.9428,25.3451],[78.9312,25.3324],[78.9245,25.3419],[78.9147,25.3464],[78.9079,25.3394],[78.8852,25.3467],[78.8765,25.3445],[78.8756,25.334],[78.8625,25.3246],[78.8564,25.317],[78.8669,25.311],[78.8719,25.2918],[78.8706,25.2849],[78.8623,25.2831],[78.8579,25.2662],[78.8503,25.2534],[78.8459,25.2338],[78.8351,25.2332],[78.8237,25.2511],[78.8056,25.2709],[78.8064,25.2795],[78.8122,25.2941],[78.8037,25.302],[78.7933,25.2931],[78.7832,25.2976],[78.7833,25.3032],[78.7919,25.3148],[78.8146,25.311],[78.8167,25.3166],[78.8266,25.3199],[78.8333,25.3313],[78.8435,25.3324],[78.8432,25.3421],[78.8377,25.3522],[78.8614,25.377],[78.8747,25.3877],[78.9011,25.3893],[78.9154,25.3996],[78.931,25.4032],[78.9434,25.4031],[78.9512,25.3965],[78.9389,25.3891],[78.9311,25.3771],[78.9091,25.3806],[78.8954,25.3808],[78.8925,25.3753],[78.897,25.3652],[78.9172,25.36],[78.9286,25.3518],[78.9387,25.3528],[78.9484,25.37],[78.9553,25.3731],[78.9745,25.3726],[78.9785,25.376],[78.9758,25.3887],[78.9682,25.3966],[78.9655,25.4115],[78.9702,25.4205],[78.9601,25.4389],[78.9426,25.4417],[78.9291,25.4283],[78.9126,25.4387],[78.9032,25.4469],[78.9134,25.4521],[78.9197,25.4622],[78.93,25.4686],[78.9356,25.48],[78.9352,25.4943],[78.9262,25.5076],[78.9167,25.5168],[78.9196,25.5274],[78.9322,25.5244],[78.9419,25.5312],[78.9438,25.5409],[78.9417,25.5514],[78.9257,25.56],[78.9186,25.5433],[78.9133,25.5455],[78.9104,25.5593],[78.8855,25.5608],[78.8744,25.557],[78.8684,25.5442],[78.8776,25.5332],[78.876,25.5243],[78.8339,25.516],[78.827,25.5037],[78.8307,25.4984],[78.846,25.4914],[78.8572,25.4671],[78.8537,25.4523],[78.8366,25.4342],[78.831,25.432],[78.8197,25.4378],[78.8165,25.4489],[78.8304,25.4475],[78.8457,25.4544],[78.8255,25.4684],[78.7895,25.4835],[78.773,25.4828],[78.7643,25.4766],[78.7565,25.4762],[78.7436,25.4849],[78.7393,25.4999],[78.7318,25.5007],[78.7263,25.4901],[78.7246,25.4633],[78.7324,25.4557],[78.7481,25.4484],[78.7518,25.4384],[78.7654,25.43],[78.7895,25.442],[78.8035,25.4382],[78.8118,25.4331],[78.8077,25.4252],[78.7946,25.4266],[78.776,25.4212],[78.7562,25.4193],[78.7454,25.4155],[78.7405,25.4065],[78.7586,25.4041],[78.7589,25.3935],[78.7657,25.3648],[78.7644,25.3584],[78.7498,25.3521],[78.7357,25.3492],[78.7252,25.354],[78.7094,25.3543],[78.7038,25.3586],[78.7098,25.3763],[78.6928,25.3877],[78.6872,25.3806],[78.6579,25.388],[78.6567,25.4005],[78.652,25.4131],[78.6593,25.4184],[78.6649,25.4045],[78.6691,25.4039],[78.7002,25.4261],[78.6998,25.4323],[78.6892,25.4454],[78.6817,25.4474],[78.6775,25.4397],[78.6704,25.4389],[78.658,25.4438],[78.6388,25.4404],[78.6325,25.433],[78.6375,25.4198],[78.6338,25.4095],[78.6192,25.407],[78.6144,25.4163],[78.6035,25.4171],[78.5946,25.4091],[78.5916,25.3965],[78.5841,25.3903],[78.5686,25.3962],[78.5611,25.3957],[78.5569,25.3841],[78.5703,25.3848],[78.5778,25.3771],[78.5795,25.3606],[78.5762,25.3519],[78.556,25.3486],[78.5447,25.3587],[78.5281,25.3659],[78.5234,25.3583],[78.5304,25.3521],[78.5336,25.3309],[78.5415,25.3266],[78.531,25.3171],[78.5251,25.3065],[78.5051,25.3021],[78.4958,25.3102],[78.4949,25.3207],[78.4875,25.3202],[78.4779,25.3087],[78.4693,25.3033],[78.4671,25.293],[78.4485,25.3033],[78.4352,25.3025],[78.4298,25.297],[78.4287,25.2808],[78.4358,25.2732],[78.454,25.2706],[78.4893,25.2921],[78.4967,25.2939],[78.5053,25.2815],[78.5209,25.288],[78.5256,25.2782],[78.536,25.2719],[78.5524,25.2709],[78.5644,25.2652],[78.5686,25.2586],[78.5625,25.2387],[78.5615,25.2274],[78.5698,25.202],[78.5937,25.1574],[78.5982,25.1271],[78.5972,25.0979],[78.6203,25.0916],[78.6295,25.0824],[78.6419,25.0615],[78.6442,25.0352],[78.6372,25.0256],[78.632,24.9837],[78.6229,24.9678],[78.6249,24.9619],[78.6424,24.9527],[78.6422,24.9398],[78.6537,24.9442],[78.6571,24.9251],[78.663,24.9093],[78.6684,24.9024],[78.6797,24.8972],[78.6963,24.8947],[78.7029,24.884],[78.7225,24.8807],[78.7316,24.8723],[78.7467,24.8708],[78.7534,24.865],[78.7645,24.8614],[78.7726,24.8305],[78.7805,24.815],[78.7778,24.8049],[78.7645,24.795],[78.7632,24.7668],[78.7686,24.7548],[78.7675,24.7434],[78.7724,24.7041],[78.76,24.6936],[78.7575,24.6772],[78.7449,24.6693],[78.7401,24.66],[78.748,24.6371],[78.748,24.6115],[78.752,24.6025],[78.7769,24.5931],[78.7938,24.5982],[78.8018,24.6078],[78.8111,24.6053],[78.8308,24.6089],[78.8335,24.6208],[78.8444,24.629],[78.8492,24.6217],[78.8558,24.623],[78.8628,24.6411],[78.8731,24.6469],[78.8817,24.6397],[78.8914,24.6221],[78.893,24.6138],[78.9044,24.6043],[78.9085,24.5888],[78.9131,24.5813],[78.9304,24.5644],[78.943,24.5579],[78.9455,24.5533],[78.9404,24.5431],[78.9404,24.5312],[78.9448,24.5236],[78.9442,24.5095],[78.9502,24.5045],[78.9634,24.502],[78.9664,24.4969],[78.9546,24.4886],[78.9431,24.4849],[78.9252,24.486],[78.9261,24.4964],[78.9138,24.5008],[78.9009,24.4884],[78.9026,24.4784],[78.9128,24.4635],[78.9311,24.46],[78.9444,24.4433],[78.9718,24.4447],[78.982,24.4472],[78.9878,24.428],[78.9809,24.4178],[78.9672,24.3736],[78.9681,24.357],[78.9649,24.3504],[78.9509,24.3404],[78.9454,24.3313],[78.9325,24.3189],[78.9078,24.3012],[78.9128,24.2894],[78.9099,24.2729],[78.8856,24.2593],[78.8791,24.254],[78.8811,24.2289],[78.8737,24.2189],[78.8582,24.2135],[78.8465,24.2169],[78.8388,24.2147],[78.8277,24.2032],[78.8201,24.2012],[78.8105,24.2085],[78.8057,24.1843],[78.7917,24.1802],[78.7846,24.1851],[78.7749,24.2123],[78.7677,24.2178],[78.7605,24.2339],[78.7664,24.2506],[78.7567,24.2597],[78.7543,24.2472],[78.7459,24.2393],[78.7375,24.2421],[78.7353,24.2518],[78.7265,24.2527],[78.7186,24.2392],[78.7071,24.2388],[78.6989,24.2345],[78.6811,24.2441],[78.6691,24.245],[78.6632,24.2526],[78.6544,24.2737],[78.6314,24.2902],[78.6217,24.2863],[78.6173,24.2961],[78.6228,24.3099],[78.6048,24.3157],[78.599,24.3232],[78.5936,24.3394],[78.5847,24.3434],[78.5784,24.3571],[78.5526,24.3606],[78.5276,24.3745],[78.5146,24.3906],[78.4999,24.3943],[78.4898,24.3861],[78.4753,24.3674],[78.4678,24.3393],[78.4403,24.3255],[78.4335,24.3134],[78.4348,24.2977],[78.4265,24.2902],[78.4113,24.2876],[78.407,24.277],[78.3857,24.2731],[78.3796,24.2756],[78.373,24.2864],[78.3617,24.2961],[78.3514,24.2993],[78.3414,24.3078],[78.3394,24.3174],[78.3285,24.3255],[78.3266,24.3385],[78.3354,24.3451],[78.3465,24.3627],[78.3626,24.3782],[78.3589,24.3872],[78.3449,24.392],[78.3367,24.4039],[78.3183,24.4104],[78.3115,24.4174],[78.2899,24.4331],[78.2669,24.4474],[78.2603,24.46],[78.2697,24.4731],[78.2632,24.4831],[78.2396,24.4895],[78.2377,24.4962],[78.2415,24.5048],[78.2381,24.5117],[78.2197,24.5228],[78.2165,24.5316],[78.2242,24.5413],[78.2553,24.5523],[78.2681,24.597],[78.2699,24.6154],[78.2585,24.6378],[78.2567,24.6486],[78.2679,24.6635],[78.268,24.6696],[78.257,24.6859],[78.2508,24.7056],[78.2263,24.7362],[78.2204,24.7474],[78.2199,24.7582],[78.2252,24.7664],[78.2258,24.7766],[78.209,24.8131],[78.1959,24.8286],[78.1869,24.8428],[78.1653,24.8482],[78.1633,24.871],[78.1654,24.8817],[78.1704,24.8853],[78.1997,24.8962],[78.2139,24.9156],[78.256,24.942],[78.2627,24.9526],[78.2896,24.9681],[78.3067,24.989],[78.3275,24.9996],[78.3346,25.0107],[78.3381,25.0273],[78.3308,25.0454],[78.3252,25.0841],[78.3327,25.0932],[78.3478,25.1],[78.367,25.1045],[78.3787,25.1127],[78.3897,25.127],[78.4023,25.131],[78.4247,25.1247],[78.4429,25.1288],[78.4229,25.1454],[78.4209,25.1576],[78.442,25.1574],[78.4463,25.1667],[78.4439,25.1726],[78.4282,25.1696],[78.4173,25.1728],[78.4036,25.1889],[78.3854,25.1952],[78.3858,25.2087],[78.3978,25.2178],[78.3955,25.2212],[78.3752,25.2258],[78.3689,25.2417],[78.3571,25.2442],[78.3552,25.25],[78.3622,25.2654],[78.3553,25.2757],[78.3451,25.283],[78.3452,25.2979],[78.3165,25.3046],[78.308,25.311],[78.3154,25.3207],[78.3278,25.3276],[78.3313,25.3367],[78.3232,25.3553],[78.3163,25.3596],[78.2942,25.3676],[78.2997,25.3838],[78.3107,25.3851],[78.3325,25.4046],[78.3352,25.4311],[78.3476,25.4548],[78.3527,25.4553],[78.361,25.4466],[78.3774,25.4484],[78.3857,25.4542],[78.3938,25.4713],[78.4067,25.4792],[78.4216,25.4797],[78.4195,25.4905],[78.4123,25.4977],[78.4086,25.508],[78.4087,25.5329],[78.4123,25.5422],[78.4261,25.5615],[78.4335,25.5652],[78.4492,25.5527],[78.4552,25.552],[78.46,25.5646],[78.4811,25.5804],[78.4915,25.5819],[78.5114,25.573],[78.5275,25.5729],[78.536,25.5669],[78.5471,25.5647],[78.5597,25.5678],[78.5812,25.5643],[78.5903,25.5752],[78.598,25.5756],[78.6042,25.5873],[78.6181,25.587],[78.6202,25.5736],[78.6288,25.569],[78.6486,25.5656],[78.6654,25.5848],[78.677,25.5941],[78.688,25.5952],[78.7112,25.6066],[78.7243,25.6084],[78.7328,25.6031],[78.766,25.6131],[78.7945,25.6175],[78.8052,25.6246],[78.8112,25.6455],[78.8113,25.6745],[78.7958,25.6961],[78.7894,25.6998],[78.7912,25.7105],[78.7775,25.7137],[78.7607,25.7208],[78.7524,25.7274],[78.7458,25.738],[78.7468,25.7491],[78.7624,25.7523],[78.7658,25.7589],[78.7758,25.7615],[78.78,25.7751],[78.7996,25.7994],[78.8205,25.7994],[78.8241,25.8076],[78.8162,25.8176],[78.804,25.8102],[78.7989,25.8182],[78.8112,25.8301],[78.8158,25.8311],[78.841,25.8206],[78.8413,25.8052],[78.8497,25.7959],[78.8559,25.7944],[78.8633,25.8021],[78.8658,25.8344],[78.8529,25.8436],[78.844,25.8453],[78.8466,25.8605],[78.8578,25.872],[78.868,25.875],[78.8769,25.8699],[78.8837,25.8765],[78.8813,25.8884],[78.8872,25.899],[78.8764,25.9157],[78.8943,25.9259],[78.9039,25.9411],[78.9153,25.9494],[78.9301,25.9516],[78.9255,25.9654],[78.9362,25.9853],[78.9432,25.9907],[78.9466,26.0051],[78.9453,26.0139],[78.9505,26.0258],[78.9443,26.037],[78.9527,26.042],[78.9682,26.0592],[78.9758,26.0599],[78.9825,26.0738],[78.9971,26.0739],[79.0032,26.0818],[79.0005,26.0967],[78.9901,26.0959],[78.9718,26.1087],[78.9665,26.1257],[78.9444,26.1375],[78.9523,26.1426],[78.9603,26.1543],[78.9706,26.1554],[78.9862,26.1505],[79.0007,26.155],[79.0034,26.173],[78.9918,26.1773],[78.9757,26.1928],[78.9918,26.204],[79.0023,26.1968],[79.013,26.1969],[79.0099,26.2049],[79.0182,26.2125],[79.0171,26.2322],[79.0247,26.2343],[79.0406,26.2293],[79.0627,26.2469],[79.0584,26.2539],[79.0469,26.2554],[79.0468,26.2706],[79.0579,26.2838],[79.0641,26.2826],[79.0777,26.2872],[79.0761,26.2752],[79.0836,26.2724],[79.0864,26.2837],[79.0831,26.2939],[79.098,26.3146],[79.1088,26.3086],[79.1266,26.316],[79.1232,26.3447],[79.1166,26.3536],[79.0967,26.3596],[79.0768,26.3627],[79.0792,26.3729],[79.0891,26.3771],[79.0896,26.3882],[79.0807,26.4055],[79.0868,26.4178],[79.1007,26.4117],[79.1172,26.4171],[79.1191,26.4329],[79.1268,26.4448],[79.1103,26.453],[79.0929,26.4573],[79.0777,26.4472],[79.0691,26.4465],[79.0485,26.4561],[79.0471,26.4614],[79.0635,26.4848],[79.0609,26.5033],[79.0498,26.5067],[79.0393,26.5157],[79.0395,26.5234],[79.0313,26.5248],[79.0331,26.536],[79.0196,26.5414],[79.0205,26.5517],[79.008,26.5478],[78.998,26.5509],[78.9982,26.5742],[78.9913,26.5823],[78.9796,26.5741],[78.9821,26.5942],[78.9913,26.6046],[79.0057,26.6105],[79.0031,26.6267],[78.9869,26.6474],[79.0012,26.6739],[78.9932,26.6846],[78.9839,26.6857],[78.9639,26.6765],[78.9479,26.6626],[78.9379,26.6627],[78.937,26.6723],[78.9499,26.6919],[78.9481,26.6967],[78.9308,26.7043],[78.9039,26.7134],[78.8829,26.7044],[78.8649,26.7047],[78.8543,26.7123],[78.8407,26.7261],[78.8114,26.7655],[78.7987,26.7691],[78.7741,26.7661],[78.7621,26.7668],[78.7411,26.7925],[78.7259,26.7796],[78.7184,26.7817],[78.7214,26.7977],[78.7153,26.8002],[78.6901,26.796],[78.6774,26.7924],[78.6675,26.7742],[78.659,26.7692],[78.6286,26.7754],[78.6204,26.7752],[78.602,26.7561],[78.5752,26.756],[78.5658,26.7577],[78.5549,26.7648],[78.5343,26.772],[78.5156,26.7851],[78.492,26.788],[78.4581,26.7952],[78.4456,26.8034],[78.4343,26.8241],[78.4259,26.8323],[78.4003,26.826],[78.3856,26.8279],[78.3625,26.8713],[78.3412,26.874],[78.3238,26.8686],[78.2947,26.8683],[78.2821,26.8641],[78.2708,26.8556],[78.2678,26.8497],[78.2653,26.8247],[78.2556,26.8203],[78.2368,26.8317],[78.223,26.8372],[78.2098,26.8361],[78.214,26.8485],[78.2045,26.8556],[78.1902,26.8835],[78.2049,26.8774],[78.2266,26.8826],[78.2298,26.8939],[78.2482,26.9006],[78.2595,26.9162],[78.2612,26.9318],[78.2522,26.935],[78.2473,26.9307],[78.2327,26.9337],[78.2294,26.9413],[78.2159,26.954],[78.2083,26.9398],[78.1905,26.9468],[78.1737,26.9487],[78.1631,26.9527],[78.1461,26.9531],[78.1395,26.9571],[78.1149,26.9549],[78.108,26.95],[78.1152,26.9382],[78.1127,26.9275],[78.0954,26.9291],[78.1028,26.9099],[78.0935,26.9101],[78.0868,26.902],[78.0728,26.9076],[78.0605,26.9159],[78.0571,26.9133],[78.0422,26.9154],[78.0452,26.9029],[78.0443,26.8845],[78.0477,26.8778],[78.0354,26.8746],[78.0311,26.8655],[78.022,26.8609],[78.0164,26.8638],[78.0279,26.8762],[78.0176,26.882],[78.0221,26.8902],[78.0141,26.9084],[77.9919,26.9109],[77.985,26.9014],[77.9751,26.8975],[77.9668,26.903],[77.963,26.9126],[77.942,26.8998],[77.9288,26.9128],[77.9096,26.9143],[77.9066,26.924],[77.8969,26.92],[77.9028,26.9011],[77.8961,26.8897],[77.8901,26.8895],[77.8715,26.9055],[77.8494,26.9124],[77.8364,26.9196],[77.8146,26.9228],[77.8053,26.9285],[77.7889,26.9223],[77.7651,26.938],[77.7534,26.9377],[77.7487,26.9269],[77.729,26.9258],[77.7239,26.923],[77.7108,26.903],[77.7205,26.893],[77.7158,26.8813],[77.6864,26.8783],[77.6717,26.8741],[77.667,26.8624],[77.6573,26.8564],[77.6249,26.8467],[77.6162,26.8485],[77.6085,26.8345],[77.6008,26.8342],[77.5962,26.8417],[77.5881,26.8334],[77.5721,26.832],[77.5648,26.8246],[77.5474,26.8217],[77.5357,26.8254],[77.5207,26.822],[77.512,26.828],[77.5137,26.8451],[77.498,26.8479],[77.497,26.838],[77.4893,26.8086],[77.481,26.7878],[77.4893,26.7772],[77.4933,26.767],[77.4804,26.7539],[77.4483,26.7467],[77.4573,26.7621],[77.4643,26.7696],[77.456,26.7804],[77.451,26.7807],[77.4286,26.7701],[77.4286,26.7858],[77.4382,26.8089],[77.4392,26.8192],[77.4175,26.8428],[77.4262,26.8531],[77.4225,26.867],[77.4365,26.8679],[77.4418,26.8776],[77.4505,26.875],[77.4555,26.8804],[77.4552,26.8896],[77.4648,26.8927],[77.4825,26.9038],[77.4958,26.9058],[77.5186,26.9155],[77.5574,26.926],[77.5798,26.9309],[77.5848,26.9423],[77.5938,26.9377],[77.6048,26.946],[77.6423,26.9673],[77.6489,26.9738],[77.6596,26.9681],[77.6686,26.9692],[77.6703,26.9771],[77.6919,26.979],[77.7146,26.9917],[77.7233,26.9882],[77.7363,26.9882],[77.7453,27.0134],[77.7439,27.0237],[77.7355,27.0337],[77.7222,27.0261],[77.7202,27.014],[77.7223,27.0003],[77.7139,26.998],[77.7036,27.0003],[77.6966,27.007],[77.6937,27.0195],[77.682,27.0329],[77.6843,27.0449],[77.6782,27.0505],[77.6708,27.0489],[77.6633,27.0303],[77.657,27.0227],[77.6433,27.0272],[77.6343,27.027],[77.6274,27.0155],[77.6156,27.0274],[77.5988,27.0288],[77.5888,27.0371],[77.5751,27.0416],[77.5607,27.0357],[77.5589,27.0488],[77.5668,27.0603],[77.5657,27.078],[77.5542,27.0772],[77.5463,27.0807],[77.5265,27.0665],[77.5143,27.0704],[77.5182,27.0881],[77.5023,27.0992],[77.5138,27.1081],[77.5294,27.1041],[77.5321,27.1097],[77.5444,27.1156],[77.5561,27.1158],[77.5747,27.1221],[77.5834,27.1207],[77.5973,27.1291],[77.5924,27.1401],[77.6065,27.1541],[77.6051,27.1685],[77.6148,27.1748],[77.6308,27.1702],[77.6546,27.1756],[77.6654,27.1861],[77.673,27.2004],[77.6566,27.213],[77.642,27.2148],[77.6395,27.2232],[77.6442,27.2389],[77.6389,27.2471],[77.6233,27.2638],[77.6128,27.2603],[77.6066,27.2727],[77.6091,27.288],[77.6031,27.2949],[77.5917,27.3006],[77.6135,27.3148],[77.6163,27.3383],[77.593,27.338],[77.5745,27.3267],[77.5678,27.3332],[77.5427,27.3424],[77.5391,27.3531],[77.5307,27.3528],[77.5094,27.3678],[77.4972,27.3814],[77.4759,27.3877],[77.4666,27.3843],[77.4319,27.3992],[77.4268,27.4166],[77.4152,27.4254],[77.4207,27.4473],[77.4273,27.451],[77.4296,27.462],[77.4155,27.4661],[77.4074,27.4764],[77.3936,27.4819],[77.392,27.502],[77.3762,27.5186],[77.3522,27.52],[77.3403,27.5248],[77.3325,27.5385],[77.3402,27.5467],[77.3336,27.5546],[77.3304,27.5711],[77.3384,27.5766],[77.3501,27.5934],[77.3352,27.6015],[77.3258,27.5969],[77.3112,27.6117],[77.3132,27.6173],[77.3323,27.6378],[77.3423,27.653],[77.335,27.6814],[77.3365,27.6962],[77.3339,27.7079],[77.3245,27.7132],[77.3173,27.7112],[77.3024,27.7132],[77.2976,27.7187],[77.2963,27.7298],[77.3107,27.7369],[77.3013,27.7565],[77.3041,27.788],[77.2954,27.7998],[77.2793,27.8028],[77.2758,27.8065],[77.2906,27.8197],[77.2889,27.8291],[77.3063,27.832],[77.3129,27.8301],[77.3241,27.8409],[77.3292,27.852],[77.3393,27.8596],[77.3526,27.8564],[77.3739,27.8637],[77.3928,27.8589],[77.4124,27.8591],[77.4016,27.8819],[77.411,27.895],[77.4222,27.8945],[77.4422,27.8785],[77.4585,27.8853],[77.4698,27.8947],[77.4746,27.9121],[77.4687,27.9329],[77.4847,27.9439],[77.4923,27.9318],[77.5112,27.9374],[77.5192,27.9319],[77.5314,27.9418],[77.5361,27.9493],[77.5359,27.9655],[77.515,27.9655],[77.5096,27.9733],[77.5267,27.984],[77.5352,27.9933],[77.5201,28.0065],[77.5119,28.0103],[77.5065,28.0223],[77.4897,28.0393],[77.4791,28.0442],[77.4776,28.0491],[77.4829,28.0607],[77.4689,28.086],[77.4731,28.1037],[77.4828,28.1079],[77.486,28.0974],[77.4937,28.1023],[77.4914,28.1127],[77.4994,28.1226],[77.4985,28.1357],[77.488,28.1388],[77.4953,28.1458],[77.4989,28.163],[77.5318,28.1703],[77.5424,28.1817],[77.5379,28.1909],[77.5208,28.1917],[77.5057,28.1955],[77.5015,28.1872],[77.4921,28.1851],[77.4891,28.212],[77.4976,28.213],[77.5191,28.2018],[77.5233,28.2072],[77.5216,28.2174],[77.5156,28.2298],[77.5356,28.2405],[77.5412,28.2477],[77.5388,28.2544],[77.5123,28.2543],[77.4871,28.2618],[77.4673,28.2697],[77.4648,28.2774],[77.4723,28.2812],[77.4927,28.2806],[77.4958,28.307],[77.4819,28.3236],[77.4659,28.3339],[77.4664,28.3412],[77.4852,28.3502],[77.4942,28.3583],[77.4921,28.3695],[77.4859,28.3797],[77.4695,28.3943],[77.4746,28.4135],[77.4561,28.421],[77.436,28.4316],[77.4283,28.4441],[77.4258,28.4545],[77.4083,28.4556],[77.3978,28.4586],[77.3979,28.4712],[77.376,28.4762],[77.3641,28.4857],[77.3605,28.4979],[77.3432,28.5036],[77.3377,28.509],[77.3368,28.5157],[77.3305,28.5241],[77.3149,28.5415],[77.3031,28.5505],[77.2952,28.5612],[77.2936,28.5797],[77.2949,28.5824],[77.3099,28.599],[77.3278,28.6049],[77.3362,28.6089],[77.3371,28.6219],[77.3305,28.6314],[77.3112,28.6446],[77.3153,28.6514],[77.3176,28.6716],[77.3179,28.6793],[77.3254,28.6825],[77.3276,28.6918],[77.3209,28.6997],[77.3217,28.7118],[77.3172,28.7172],[77.3062,28.7177],[77.2956,28.713],[77.2929,28.7098],[77.2837,28.719],[77.2844,28.7239],[77.2711,28.7382],[77.2664,28.7393],[77.2562,28.7399],[77.2532,28.7528],[77.2459,28.7574],[77.238,28.7592],[77.229,28.7724],[77.2209,28.7779],[77.2247,28.7876],[77.2131,28.7864],[77.2085,28.7872],[77.1969,28.7953],[77.1944,28.8023],[77.1946,28.8154],[77.2136,28.8135],[77.2173,28.8353],[77.2106,28.8453],[77.2115,28.8549],[77.2048,28.8629],[77.1935,28.8654],[77.1869,28.8668],[77.1783,28.88],[77.1818,28.8898],[77.1991,28.8927],[77.2169,28.9003],[77.2215,28.9081],[77.202,28.9156],[77.1968,28.9209],[77.2054,28.9365],[77.1908,28.9469],[77.191,28.9617],[77.2038,28.9823],[77.2142,29.006],[77.2038,29.0167],[77.1916,29.0213],[77.1626,29.0486],[77.1623,29.0654],[77.1572,29.0775],[77.1416,29.0868],[77.1244,29.1015],[77.1244,29.1135],[77.1362,29.1278],[77.1386,29.1348],[77.1266,29.154],[77.1273,29.1629],[77.14,29.1821],[77.1362,29.2075],[77.1277,29.2184],[77.1272,29.2281],[77.1428,29.2378],[77.1425,29.2516],[77.1295,29.2728],[77.1444,29.2962],[77.1423,29.3015],[77.1542,29.3169],[77.15,29.3317],[77.1539,29.3355],[77.1464,29.3451],[77.1276,29.3443],[77.12,29.3498],[77.1169,29.3767],[77.1386,29.3839],[77.146,29.3925],[77.1335,29.3984],[77.1259,29.4106],[77.1249,29.4222],[77.1358,29.4322],[77.1394,29.4421],[77.132,29.4505],[77.1178,29.4565],[77.1143,29.4619],[77.1154,29.4754],[77.1233,29.4861],[77.1145,29.5032],[77.0976,29.512],[77.0849,29.5336],[77.0894,29.5447],[77.1097,29.553],[77.102,29.577],[77.0899,29.5904],[77.0856,29.6008],[77.0922,29.6087],[77.0945,29.6178],[77.1016,29.6249],[77.1011,29.6331],[77.1097,29.6472],[77.1294,29.6586],[77.1311,29.6663],[77.12,29.6803],[77.1192,29.6858],[77.1255,29.6969],[77.1426,29.7016],[77.1402,29.7173],[77.1226,29.736],[77.1226,29.7428],[77.113,29.7486],[77.1189,29.7642],[77.1183,29.7756],[77.132,29.779],[77.1524,29.7933],[77.1517,29.8035],[77.1556,29.8168],[77.169,29.8296],[77.1676,29.8464],[77.1781,29.8622],[77.1825,29.8733],[77.1849,29.8949],[77.1796,29.9023],[77.1891,29.922],[77.2026,29.9311],[77.2237,29.9548],[77.2319,29.9663],[77.2355,29.9812],[77.2505,29.9885],[77.2615,30.0056],[77.2731,30.034],[77.2704,30.0483],[77.2861,30.0575],[77.2976,30.0603],[77.3248,30.0618],[77.3317,30.0645],[77.357,30.0842],[77.3734,30.093],[77.3925,30.0944],[77.4086,30.1026],[77.4142,30.1111],[77.4006,30.1133],[77.398,30.1187],[77.4126,30.1277],[77.4178,30.1412],[77.4108,30.1459],[77.4235,30.1685],[77.4468,30.1686],[77.456,30.181],[77.4733,30.1886],[77.496,30.2336],[77.5055,30.2422],[77.5198,30.2601],[77.5247,30.278],[77.5322,30.2869],[77.5453,30.2941],[77.5704,30.3112],[77.575,30.3261],[77.5699,30.3371],[77.5746,30.347],[77.592,30.3709],[77.5901,30.3773],[77.5749,30.3845],[77.5762,30.3899],[77.5631,30.4045],[77.5775,30.4125],[77.5864,30.408],[77.6092,30.4104],[77.6221,30.4048],[77.6357,30.4101],[77.6519,30.3955],[77.6613,30.3932],[77.6632,30.3847],[77.6739,30.3846],[77.6977,30.3503],[77.7108,30.3388],[77.7377,30.3282],[77.7513,30.3246],[77.7843,30.3055],[77.8124,30.2908],[77.8476,30.2788],[77.8655,30.2705],[77.8715,30.2744],[77.9003,30.2644],[77.9168,30.2562],[77.9254,30.2487],[77.9293,30.24],[77.9181,30.2248],[77.9044,30.2152],[77.896,30.1863],[77.872,30.163],[77.8553,30.1336],[77.8361,30.11],[77.8253,30.1047],[77.82,30.0936],[77.8081,30.0902],[77.7919,30.1019],[77.7864,30.1],[77.7759,30.0777],[77.7653,30.0631],[77.7582,30.0465],[77.7739,30.0321],[77.7678,30.0229],[77.7533,30.0174],[77.7432,30.006],[77.7408,29.9941],[77.7301,29.9875],[77.7441,29.9719],[77.7401,29.9589],[77.7295,29.9519],[77.729,29.9456],[77.7177,29.935],[77.7288,29.9286],[77.733,29.9135],[77.7201,29.9028],[77.7111,29.8881],[77.703,29.8898],[77.7033,29.8677],[77.7133,29.8565],[77.7301,29.8531],[77.7292,29.8376],[77.739,29.8303],[77.744,29.8163],[77.7421,29.8095],[77.7647,29.7855],[77.7657,29.7637],[77.7609,29.7527],[77.7619,29.7438],[77.7693,29.7346],[77.7577,29.7159],[77.762,29.7118],[77.7827,29.7083],[77.7974,29.6978],[77.7892,29.6859],[77.7925,29.6819],[77.8213,29.669],[77.8343,29.6719],[77.8429,29.6813],[77.8585,29.6881],[77.8739,29.702],[77.8999,29.6978],[77.9162,29.7117],[77.9408,29.7146],[77.952,29.7054],[77.9423,29.702],[77.9454,29.6872],[77.9518,29.6857],[77.9632,29.6702],[77.9728,29.6725],[77.9654,29.6555],[77.9675,29.6491],[77.977,29.6421],[77.9731,29.632],[77.9768,29.614],[77.9624,29.61],[77.9557,29.6168],[77.9497,29.6131],[77.9532,29.6024],[77.9482,29.5903],[77.977,29.5833],[77.9846,29.5846],[77.9808,29.5688],[77.9768,29.5638],[77.9789,29.5541],[77.988,29.5459],[77.9942,29.5551],[78.0035,29.5561],[78.0326,29.5517],[78.0372,29.5653],[78.0426,29.5719],[78.0365,29.5809],[78.0439,29.5931],[78.0592,29.6016],[78.0785,29.5995],[78.0887,29.6133],[78.0906,29.6248],[78.0968,29.6306],[78.107,29.6332],[78.1148,29.6452],[78.134,29.6585],[78.1391,29.6761],[78.1659,29.6795],[78.1822,29.6916],[78.1935,29.7101],[78.2213,29.7176],[78.2314,29.7041],[78.2648,29.7268],[78.2819,29.7423],[78.3029,29.7576],[78.3317,29.7962],[78.3513,29.7863],[78.386,29.7739],[78.4126,29.7724],[78.4243,29.7617],[78.4522,29.7521],[78.4736,29.7485],[78.4876,29.7414],[78.4902,29.7249],[78.5003,29.7153],[78.5074,29.6908],[78.5076,29.6729],[78.5115,29.6507],[78.5177,29.6392],[78.5305,29.6239],[78.5612,29.5937],[78.5765,29.5806],[78.6052,29.5618],[78.6215,29.5529],[78.6396,29.5478],[78.6934,29.5089],[78.7266,29.5087],[78.7423,29.5012],[78.7658,29.4838],[78.7855,29.476],[78.797,29.476],[78.8167,29.4686],[78.8238,29.4697],[78.8658,29.4596],[78.9003,29.4562],[78.9198,29.4601],[78.9004,29.4467],[78.8965,29.4236],[78.8872,29.409],[78.8728,29.3986],[78.8626,29.3946],[78.8568,29.3856],[78.8319,29.3766],[78.8288,29.3682],[78.8142,29.37],[78.811,29.3803],[78.7972,29.3556],[78.7901,29.3521],[78.7927,29.3434],[78.7888,29.3293],[78.7813,29.332],[78.7844,29.3429],[78.7696,29.3407],[78.7574,29.3498],[78.747,29.3433],[78.7416,29.3359],[78.7257,29.33],[78.7276,29.3128],[78.7468,29.3027],[78.7655,29.2899],[78.7586,29.2867],[78.7999,29.2579],[78.8138,29.2523],[78.8313,29.2607],[78.8423,29.2543],[78.8544,29.2554],[78.8641,29.2495],[78.8736,29.2353],[78.8701,29.2285],[78.8829,29.2253],[78.891,29.2165],[78.8877,29.2103],[78.8992,29.2026],[78.8943,29.1959],[78.8991,29.1906],[78.9048,29.1632],[78.895,29.1568],[78.9004,29.1506],[78.9145,29.149],[78.9236,29.1571],[78.9444,29.1496],[78.9515,29.1597],[78.9666,29.1656],[78.979,29.1548],[78.9835,29.1373],[78.9926,29.1336],[79.0006,29.1166],[79.0066,29.1205],[79.017,29.1179],[79.0297,29.1254],[79.0277,29.133],[79.0119,29.1347],[79.0086,29.1394],[79.0128,29.1491],[79.0287,29.1524],[79.0218,29.1673],[79.0338,29.1711],[79.0461,29.1547],[79.0595,29.1563],[79.0729,29.152],[79.1007,29.1317],[79.1136,29.1307],[79.1178,29.1339],[79.1308,29.1294],[79.1422,29.1197],[79.1432,29.0989],[79.1347,29.0819],[79.137,29.0693],[79.1437,29.0601],[79.1654,29.0513],[79.1545,29.0274],[79.1686,29.0159],[79.183,29.0242],[79.1976,29.0221],[79.204,29.0291],[79.2377,29.0068],[79.2394,28.9999],[79.2643,28.9821],[79.2789,28.9648],[79.2955,28.9543],[79.3072,28.9585],[79.3496,28.9521],[79.3597,28.9705],[79.3722,28.9512],[79.3734,28.9419],[79.3793,28.9363],[79.3894,28.9383],[79.4014,28.9323],[79.399,28.917],[79.4012,28.9019],[79.3957,28.8854],[79.4043,28.8749],[79.4062,28.8623],[79.4112,28.8559],[79.4239,28.8552],[79.4335,28.8616],[79.4597,28.8592],[79.4766,28.8672],[79.4914,28.8626],[79.5072,28.8633],[79.5173,28.8706],[79.5331,28.8903],[79.5433,28.8907],[79.554,28.8785],[79.5477,28.8543],[79.5509,28.8459],[79.5766,28.8503],[79.5923,28.8666],[79.6036,28.8647],[79.619,28.8676],[79.6308,28.8589],[79.6411,28.8565],[79.6541,28.8487],[79.6662,28.8483],[79.6729,28.8576],[79.6843,28.8573],[79.6864,28.867],[79.7052,28.8702],[79.7096,28.8792],[79.7284,28.8851],[79.7404,28.8832],[79.75,28.8934],[79.762,28.8897]]]},"properties":{"ID_0":105,"ISO":"IND","NAME_0":"India","ID_1":33,"NAME_1":"Uttar Pradesh","NL_NAME_1":null,"VARNAME_1":"United Provinces","TYPE_1":"State","ENGTYPE_1":"State"}},{"type":"Feature","geometry":{"type":"Polygon","coordinates":[[[80.0724,28.8297],[80.0584,28.8353],[80.0257,28.7999],[80.0362,28.7907],[80.0405,28.7831],[80.0291,28.7581],[80.0136,28.7374],[80.0029,28.7269],[79.9883,28.717],[79.9678,28.7156],[79.9529,28.7175],[79.9295,28.7265],[79.9224,28.7327],[79.9181,28.7522],[79.9101,28.7633],[79.9057,28.7721],[79.8993,28.7739],[79.8921,28.7813],[79.8889,28.7858],[79.9006,28.7994],[79.8948,28.8015],[79.8801,28.7968],[79.8673,28.7964],[79.8465,28.805],[79.8405,28.8087],[79.8462,28.8213],[79.8542,28.8208],[79.8712,28.8164],[79.8755,28.8213],[79.8753,28.8302],[79.8606,28.8341],[79.8556,28.8391],[79.8495,28.8454],[79.8417,28.8426],[79.8245,28.8448],[79.8128,28.8302],[79.8147,28.8191],[79.8159,28.8123],[79.8113,28.8114],[79.805,28.8087],[79.803,28.8056],[79.792,28.803],[79.7834,28.8054],[79.7821,28.8132],[79.7894,28.8197],[79.7948,28.8147],[79.7978,28.8208],[79.8012,28.8296],[79.7992,28.8362],[79.7943,28.843],[79.7999,28.8543],[79.809,28.8589],[79.8086,28.8628],[79.8057,28.8691],[79.7949,28.8699],[79.7906,28.8774],[79.7745,28.8918],[79.762,28.8897],[79.75,28.8934],[79.7404,28.8832],[79.7284,28.8851],[79.7096,28.8792],[79.7052,28.8702],[79.6864,28.867],[79.6843,28.8573],[79.6729,28.8576],[79.6662,28.8483],[79.6541,28.8487],[79.6411,28.8565],[79.6308,28.8589],[79.619,28.8676],[79.6036,28.8647],[79.5923,28.8666],[79.5766,28.8503],[79.5509,28.8459],[79.5477,28.8543],[79.554,28.8785],[79.5433,28.8907],[79.5331,28.8903],[79.5173,28.8706],[79.5072,28.8633],[79.4914,28.8626],[79.4766,28.8672],[79.4597,28.8592],[79.4335,28.8616],[79.4239,28.8552],[79.4112,28.8559],[79.4062,28.8623],[79.4043,28.8749],[79.3957,28.8854],[79.4012,28.9019],[79.399,28.917],[79.4014,28.9323],[79.3894,28.9383],[79.3793,28.9363],[79.3734,28.9419],[79.3722,28.9512],[79.3597,28.9705],[79.3496,28.9521],[79.3072,28.9585],[79.2955,28.9543],[79.2789,28.9648],[79.2643,28.9821],[79.2394,28.9999],[79.2377,29.0068],[79.204,29.0291],[79.1976,29.0221],[79.183,29.0242],[79.1686,29.0159],[79.1545,29.0274],[79.1654,29.0513],[79.1437,29.0601],[79.137,29.0693],[79.1347,29.0819],[79.1432,29.0989],[79.1422,29.1197],[79.1308,29.1294],[79.1178,29.1339],[79.1136,29.1307],[79.1007,29.1317],[79.0729,29.152],[79.0595,29.1563],[79.0461,29.1547],[79.0338,29.1711],[79.0218,29.1673],[79.0287,29.1524],[79.0128,29.1491],[79.0086,29.1394],[79.0119,29.1347],[79.0277,29.133],[79.0297,29.1254],[79.017,29.1179],[79.0066,29.1205],[79.0006,29.1166],[78.9926,29.1336],[78.9835,29.1373],[78.979,29.1548],[78.9666,29.1656],[78.9515,29.1597],[78.9444,29.1496],[78.9236,29.1571],[78.9145,29.149],[78.9004,29.1506],[78.895,29.1568],[78.9048,29.1632],[78.8991,29.1906],[78.8943,29.1959],[78.8992,29.2026],[78.8877,29.2103],[78.891,29.2165],[78.8829,29.2253],[78.8701,29.2285],[78.8736,29.2353],[78.8641,29.2495],[78.8544,29.2554],[78.8423,29.2543],[78.8313,29.2607],[78.8138,29.2523],[78.7999,29.2579],[78.7586,29.2867],[78.7655,29.2899],[78.7468,29.3027],[78.7276,29.3128],[78.7257,29.33],[78.7416,29.3359],[78.747,29.3433],[78.7574,29.3498],[78.7696,29.3407],[78.7844,29.3429],[78.7813,29.332],[78.7888,29.3293],[78.7927,29.3434],[78.7901,29.3521],[78.7972,29.3556],[78.811,29.3803],[78.8142,29.37],[78.8288,29.3682],[78.8319,29.3766],[78.8568,29.3856],[78.8626,29.3946],[78.8728,29.3986],[78.8872,29.409],[78.8965,29.4236],[78.9004,29.4467],[78.9198,29.4601],[78.9003,29.4562],[78.8658,29.4596],[78.8238,29.4697],[78.8167,29.4686],[78.797,29.476],[78.7855,29.476],[78.7658,29.4838],[78.7423,29.5012],[78.7266,29.5087],[78.6934,29.5089],[78.6396,29.5478],[78.6215,29.5529],[78.6052,29.5618],[78.5765,29.5806],[78.5612,29.5937],[78.5305,29.6239],[78.5177,29.6392],[78.5115,29.6507],[78.5076,29.6729],[78.5074,29.6908],[78.5003,29.7153],[78.4902,29.7249],[78.4876,29.7414],[78.4736,29.7485],[78.4522,29.7521],[78.4243,29.7617],[78.4126,29.7724],[78.386,29.7739],[78.3513,29.7863],[78.3317,29.7962],[78.3029,29.7576],[78.2819,29.7423],[78.2648,29.7268],[78.2314,29.7041],[78.2213,29.7176],[78.1935,29.7101],[78.1822,29.6916],[78.1659,29.6795],[78.1391,29.6761],[78.134,29.6585],[78.1148,29.6452],[78.107,29.6332],[78.0968,29.6306],[78.0906,29.6248],[78.0887,29.6133],[78.0785,29.5995],[78.0592,29.6016],[78.0439,29.5931],[78.0365,29.5809],[78.0426,29.5719],[78.0372,29.5653],[78.0326,29.5517],[78.0035,29.5561],[77.9942,29.5551],[77.988,29.5459],[77.9789,29.5541],[77.9768,29.5638],[77.9808,29.5688],[77.9846,29.5846],[77.977,29.5833],[77.9482,29.5903],[77.9532,29.6024],[77.9497,29.6131],[77.9557,29.6168],[77.9624,29.61],[77.9768,29.614],[77.9731,29.632],[77.977,29.6421],[77.9675,29.6491],[77.9654,29.6555],[77.9728,29.6725],[77.9632,29.6702],[77.9518,29.6857],[77.9454,29.6872],[77.9423,29.702],[77.952,29.7054],[77.9408,29.7146],[77.9162,29.7117],[77.8999,29.6978],[77.8739,29.702],[77.8585,29.6881],[77.8429,29.6813],[77.8343,29.6719],[77.8213,29.669],[77.7925,29.6819],[77.7892,29.6859],[77.7974,29.6978],[77.7827,29.7083],[77.762,29.7118],[77.7577,29.7159],[77.7693,29.7346],[77.7619,29.7438],[77.7609,29.7527],[77.7657,29.7637],[77.7647,29.7855],[77.7421,29.8095],[77.744,29.8163],[77.739,29.8303],[77.7292,29.8376],[77.7301,29.8531],[77.7133,29.8565],[77.7033,29.8677],[77.703,29.8898],[77.7111,29.8881],[77.7201,29.9028],[77.733,29.9135],[77.7288,29.9286],[77.7177,29.935],[77.729,29.9456],[77.7295,29.9519],[77.7401,29.9589],[77.7441,29.9719],[77.7301,29.9875],[77.7408,29.9941],[77.7432,30.006],[77.7533,30.0174],[77.7678,30.0229],[77.7739,30.0321],[77.7582,30.0465],[77.7653,30.0631],[77.7759,30.0777],[77.7864,30.1],[77.7919,30.1019],[77.8081,30.0902],[77.82,30.0936],[77.8253,30.1047],[77.8361,30.11],[77.8553,30.1336],[77.872,30.163],[77.896,30.1863],[77.9044,30.2152],[77.9181,30.2248],[77.9293,30.24],[77.9254,30.2487],[77.9168,30.2562],[77.9003,30.2644],[77.8715,30.2744],[77.8655,30.2705],[77.8476,30.2788],[77.8124,30.2908],[77.7843,30.3055],[77.7513,30.3246],[77.7377,30.3282],[77.7108,30.3388],[77.6977,30.3503],[77.6739,30.3846],[77.6632,30.3847],[77.6613,30.3932],[77.6519,30.3955],[77.6357,30.4101],[77.6221,30.4048],[77.6092,30.4104],[77.5864,30.408],[77.5775,30.4125],[77.5631,30.4045],[77.5629,30.4171],[77.5811,30.4303],[77.6038,30.4374],[77.6305,30.4362],[77.6402,30.4524],[77.6616,30.4488],[77.6791,30.4517],[77.6822,30.4577],[77.7112,30.4773],[77.7214,30.4778],[77.755,30.4983],[77.7676,30.5044],[77.7882,30.5061],[77.7992,30.5114],[77.8122,30.538],[77.8068,30.5493],[77.8059,30.5607],[77.7864,30.5614],[77.7783,30.5574],[77.7618,30.563],[77.7535,30.5702],[77.7436,30.5898],[77.7295,30.5984],[77.7321,30.6071],[77.7425,30.6072],[77.7497,30.6014],[77.7572,30.6048],[77.7566,30.6203],[77.7786,30.6179],[77.7713,30.6285],[77.775,30.6411],[77.7683,30.6515],[77.7791,30.6638],[77.7659,30.6653],[77.7542,30.6761],[77.7334,30.6858],[77.7336,30.6975],[77.7411,30.7107],[77.7307,30.7245],[77.7072,30.7455],[77.6939,30.7462],[77.693,30.7579],[77.6883,30.7687],[77.7045,30.779],[77.7154,30.7942],[77.7194,30.8083],[77.734,30.8241],[77.7444,30.8299],[77.7441,30.8362],[77.7315,30.8508],[77.7417,30.8642],[77.7409,30.8743],[77.7445,30.8812],[77.7582,30.8805],[77.7652,30.8652],[77.7736,30.861],[77.7894,30.8585],[77.7835,30.8721],[77.7864,30.896],[77.8008,30.9127],[77.7934,30.926],[77.7745,30.9253],[77.7673,30.9205],[77.7456,30.9223],[77.7465,30.934],[77.7367,30.9396],[77.7333,30.9495],[77.7363,30.9636],[77.7539,30.9768],[77.7639,30.977],[77.7784,30.9723],[77.8023,30.9551],[77.8171,30.9536],[77.8189,30.9601],[77.8046,30.961],[77.7964,30.9698],[77.8052,30.9816],[77.8075,30.9938],[77.8247,31.0052],[77.8188,31.0158],[77.8216,31.0299],[77.8151,31.0339],[77.805,31.0541],[77.8147,31.0609],[77.8247,31.0744],[77.8428,31.0813],[77.8504,31.0952],[77.8515,31.111],[77.8579,31.1162],[77.8787,31.1247],[77.8804,31.1374],[77.8897,31.149],[77.8875,31.1547],[77.9022,31.1588],[77.9147,31.1566],[77.9344,31.1673],[77.946,31.1762],[77.9548,31.1788],[77.9694,31.1652],[77.9926,31.167],[78.0077,31.1571],[78.0165,31.1585],[78.0162,31.1715],[78.03,31.1853],[78.0538,31.1929],[78.0924,31.1928],[78.1138,31.2062],[78.1192,31.214],[78.1349,31.2161],[78.1478,31.2316],[78.1714,31.2318],[78.1849,31.2233],[78.2003,31.2257],[78.2068,31.2372],[78.2184,31.2387],[78.2326,31.235],[78.2482,31.2467],[78.269,31.2714],[78.2885,31.2642],[78.2934,31.266],[78.2984,31.2882],[78.3169,31.2851],[78.3563,31.2909],[78.3693,31.2879],[78.3735,31.2792],[78.3833,31.2743],[78.3931,31.2623],[78.3913,31.253],[78.3975,31.2478],[78.4144,31.2509],[78.4195,31.2599],[78.4317,31.2496],[78.4441,31.2442],[78.4572,31.2278],[78.4666,31.2209],[78.4701,31.2038],[78.5141,31.2039],[78.5371,31.2067],[78.5502,31.2185],[78.5563,31.2274],[78.5666,31.2337],[78.6006,31.2359],[78.6171,31.2252],[78.636,31.2196],[78.638,31.2084],[78.6507,31.1979],[78.6598,31.2033],[78.6761,31.2032],[78.6956,31.1963],[78.7075,31.195],[78.7204,31.197],[78.7495,31.1944],[78.7709,31.1973],[78.795,31.205],[78.8032,31.1992],[78.798,31.1889],[78.8005,31.1783],[78.8117,31.1694],[78.8102,31.1639],[78.8187,31.1472],[78.8378,31.1307],[78.852,31.1262],[78.8623,31.1124],[78.88,31.1038],[78.8968,31.1056],[78.9038,31.1155],[78.9127,31.1162],[78.9205,31.1076],[78.9421,31.105],[78.9657,31.1154],[78.9967,31.1176],[78.9892,31.1374],[78.9781,31.1457],[78.9775,31.1702],[78.9719,31.1824],[78.9462,31.1936],[78.9359,31.2057],[78.9351,31.2224],[78.9196,31.2231],[78.9099,31.2339],[78.9059,31.2502],[78.9069,31.2592],[78.9166,31.2666],[78.916,31.2872],[78.9235,31.3015],[78.9252,31.3144],[78.9231,31.3254],[78.9302,31.3379],[78.937,31.3425],[78.9612,31.352],[78.9806,31.357],[78.9934,31.3675],[78.9946,31.3793],[79.0068,31.4006],[79.0342,31.428],[79.034,31.4446],[79.037,31.4574],[79.0479,31.4704],[79.0568,31.4723],[79.0762,31.4583],[79.0892,31.4552],[79.1001,31.4479],[79.1289,31.4387],[79.1486,31.4111],[79.1635,31.3989],[79.1776,31.3722],[79.1982,31.352],[79.2216,31.3373],[79.221,31.3203],[79.226,31.3142],[79.2481,31.2966],[79.2464,31.2837],[79.2338,31.2692],[79.2339,31.254],[79.2433,31.2469],[79.2628,31.2453],[79.2728,31.2307],[79.2884,31.1956],[79.2821,31.1809],[79.2849,31.1701],[79.2961,31.1571],[79.2996,31.1492],[79.3116,31.1392],[79.3232,31.1352],[79.3251,31.1298],[79.3448,31.1275],[79.3606,31.1202],[79.3819,31.1184],[79.3897,31.0988],[79.3912,31.0824],[79.4062,31.077],[79.4131,31.0376],[79.4218,31.0358],[79.4659,31.0414],[79.4798,31.0381],[79.4971,31.0414],[79.5029,31.0376],[79.5054,31.0231],[79.5163,31.0162],[79.5225,31.0081],[79.5194,30.9934],[79.5377,30.9913],[79.5311,30.9741],[79.5417,30.9654],[79.5596,30.9567],[79.5757,30.9544],[79.5848,30.944],[79.6036,30.9527],[79.6242,30.9653],[79.6494,30.9706],[79.6539,30.9858],[79.6964,30.9817],[79.7141,30.9857],[79.7248,30.9909],[79.7325,31.002],[79.7456,31.0062],[79.7603,30.9931],[79.7924,30.9842],[79.8094,30.9773],[79.8303,30.984],[79.8549,30.9789],[79.866,30.9612],[79.88,30.9253],[79.8975,30.9217],[79.915,30.8922],[79.9416,30.892],[79.9676,30.8823],[79.9947,30.8674],[80.0095,30.854],[80.0249,30.8438],[80.0441,30.844],[80.0503,30.8328],[80.0695,30.8193],[80.0741,30.7997],[80.1031,30.7797],[80.1131,30.7808],[80.126,30.7939],[80.1375,30.796],[80.1395,30.8112],[80.1594,30.8121],[80.1675,30.8072],[80.1849,30.7866],[80.186,30.7704],[80.1905,30.7638],[80.2072,30.7575],[80.2108,30.7641],[80.2228,30.7652],[80.2373,30.7407],[80.2309,30.7226],[80.2236,30.7147],[80.2198,30.6973],[80.2099,30.6914],[80.199,30.6901],[80.1828,30.6796],[80.1805,30.6699],[80.1884,30.6613],[80.2004,30.6555],[80.209,30.6451],[80.2078,30.6367],[80.1992,30.6275],[80.1996,30.6189],[80.2113,30.6155],[80.2119,30.6078],[80.206,30.5974],[80.211,30.5823],[80.2402,30.5654],[80.2569,30.5684],[80.2676,30.5738],[80.278,30.5745],[80.3056,30.5675],[80.3156,30.554],[80.3683,30.5269],[80.3813,30.5235],[80.3914,30.5298],[80.4006,30.5312],[80.4095,30.5187],[80.4235,30.5057],[80.4569,30.4939],[80.4853,30.4905],[80.4942,30.486],[80.5043,30.4704],[80.5143,30.4606],[80.5265,30.4543],[80.5306,30.4611],[80.5556,30.4672],[80.5664,30.4886],[80.5767,30.4897],[80.5936,30.4822],[80.6287,30.4598],[80.6382,30.4504],[80.649,30.4453],[80.6607,30.4458],[80.6998,30.4183],[80.7313,30.4022],[80.7492,30.3879],[80.7594,30.3753],[80.7724,30.3481],[80.7825,30.3377],[80.8113,30.32],[80.8458,30.3072],[80.8835,30.2996],[80.9167,30.288],[80.9406,30.2845],[80.9673,30.2758],[80.9941,30.2705],[81.011,30.2628],[81.02,30.2507],[81.0189,30.2368],[81,30.2451],[80.9905,30.2468],[80.9779,30.238],[80.9374,30.2348],[80.9292,30.2359],[80.9174,30.2246],[80.9119,30.2232],[80.8857,30.1944],[80.8818,30.1813],[80.8699,30.1757],[80.8646,30.1689],[80.8731,30.1609],[80.8726,30.1532],[80.8805,30.1325],[80.8758,30.1263],[80.8467,30.1161],[80.8471,30.1023],[80.8392,30.0977],[80.8234,30.0998],[80.808,30.09],[80.7967,30.0778],[80.7814,30.0569],[80.7629,30.0495],[80.7574,30.0394],[80.7599,30.0276],[80.7494,30.0066],[80.7398,29.9995],[80.7213,30.0004],[80.7141,29.9902],[80.6918,29.9741],[80.6779,29.9581],[80.6503,29.9559],[80.638,29.9636],[80.6231,29.964],[80.6053,29.9587],[80.5922,29.9484],[80.576,29.9234],[80.5714,29.909],[80.5743,29.8944],[80.5677,29.8792],[80.5586,29.8706],[80.5552,29.853],[80.5376,29.8387],[80.5256,29.8321],[80.5234,29.827],[80.509,29.823],[80.4992,29.811],[80.4941,29.7953],[80.4656,29.8023],[80.4492,29.7989],[80.4377,29.8057],[80.4306,29.798],[80.4094,29.7916],[80.4089,29.784],[80.3979,29.7631],[80.3869,29.7585],[80.3875,29.7505],[80.3697,29.7506],[80.3659,29.7402],[80.3679,29.73],[80.3788,29.7025],[80.386,29.675],[80.3922,29.6645],[80.4082,29.6596],[80.4182,29.6512],[80.4157,29.6443],[80.4219,29.6391],[80.4228,29.6302],[80.4127,29.6253],[80.4074,29.6128],[80.4106,29.6049],[80.4095,29.5949],[80.3932,29.5816],[80.39,29.572],[80.3808,29.5715],[80.3805,29.5613],[80.3654,29.5641],[80.3657,29.5566],[80.3506,29.5554],[80.3434,29.5416],[80.359,29.5337],[80.3501,29.5235],[80.3513,29.5189],[80.3421,29.5099],[80.3352,29.5128],[80.3304,29.5053],[80.315,29.4978],[80.3152,29.4848],[80.2978,29.488],[80.2897,29.472],[80.3042,29.4531],[80.2477,29.4467],[80.249,29.4368],[80.2433,29.4116],[80.2658,29.3972],[80.2769,29.3922],[80.2746,29.3862],[80.2806,29.3789],[80.2743,29.375],[80.2729,29.3637],[80.2809,29.3599],[80.2811,29.3476],[80.2922,29.3366],[80.2986,29.3237],[80.3113,29.3221],[80.3181,29.3156],[80.3196,29.3016],[80.306,29.2853],[80.3057,29.2727],[80.3011,29.2617],[80.302,29.242],[80.2924,29.2319],[80.2978,29.2214],[80.2953,29.1976],[80.2862,29.1968],[80.2766,29.207],[80.2625,29.2066],[80.2586,29.2178],[80.2499,29.2206],[80.2424,29.2033],[80.2596,29.1874],[80.2623,29.1747],[80.26,29.1657],[80.2744,29.1448],[80.2708,29.1405],[80.2557,29.1379],[80.2505,29.129],[80.235,29.1184],[80.2114,29.1218],[80.2052,29.1293],[80.186,29.1373],[80.1798,29.1285],[80.1695,29.1257],[80.1655,29.1169],[80.146,29.103],[80.1301,29.061],[80.1382,29.0589],[80.1281,29.0317],[80.133,29.0304],[80.1263,29.013],[80.1285,29.0059],[80.1196,28.9817],[80.1019,28.9864],[80.0977,28.9752],[80.0601,28.9163],[80.0663,28.8373],[80.0724,28.8297]]]},"properties":{"ID_0":105,"ISO":"IND","NAME_0":"India","ID_1":34,"NAME_1":"Uttaranchal","NL_NAME_1":null,"VARNAME_1":"Uttarakhand","TYPE_1":"State","ENGTYPE_1":"State"}},{"type":"Feature","geometry":{"type":"MultiPolygon","coordinates":[[[[88.4977,21.5998],[88.5033,21.5936],[88.5297,21.5831],[88.5328,21.5611],[88.5289,21.555],[88.5308,21.5422],[88.5189,21.54],[88.5061,21.5411],[88.4939,21.5503],[88.4814,21.5554],[88.4811,21.5674],[88.4861,21.5883],[88.4977,21.5998]]],[[[88.1778,21.6011],[88.1778,21.5922],[88.1864,21.5769],[88.1867,21.56],[88.1744,21.5667],[88.1711,21.5853],[88.1678,21.5917],[88.17,21.6],[88.1778,21.6011]]],[[[88.8347,21.6072],[88.8419,21.6011],[88.8583,21.5983],[88.8761,21.5922],[88.88,21.5864],[88.8925,21.5794],[88.9042,21.5592],[88.9,21.5522],[88.8753,21.5489],[88.8539,21.55],[88.8358,21.56],[88.8283,21.5769],[88.8319,21.59],[88.8308,21.6042],[88.8347,21.6072]]],[[[88.7289,21.6371],[88.7342,21.6235],[88.7362,21.6103],[88.751,21.6041],[88.7571,21.5996],[88.7473,21.5888],[88.7472,21.5783],[88.7405,21.5731],[88.7264,21.5733],[88.7144,21.5783],[88.708,21.5901],[88.7128,21.6247],[88.7203,21.6378],[88.7289,21.6371]]],[[[88.5372,21.6386],[88.5478,21.6325],[88.5575,21.6317],[88.5717,21.6231],[88.5839,21.6108],[88.5875,21.6014],[88.5865,21.5884],[88.5755,21.5742],[88.5664,21.5689],[88.5583,21.5692],[88.55,21.5636],[88.5433,21.5731],[88.5366,21.5884],[88.5103,21.6014],[88.5117,21.6094],[88.5242,21.6267],[88.5204,21.6443],[88.5247,21.6533],[88.5372,21.6386]]],[[[88.7719,21.6531],[88.7756,21.6467],[88.7705,21.6347],[88.7739,21.6197],[88.7943,21.5998],[88.7981,21.5917],[88.7878,21.5806],[88.7636,21.5758],[88.7489,21.5794],[88.7504,21.5921],[88.7569,21.5961],[88.7576,21.601],[88.7531,21.6046],[88.738,21.6104],[88.7361,21.6236],[88.7304,21.6341],[88.7356,21.6446],[88.7487,21.6458],[88.7654,21.6546],[88.7719,21.6531]]],[[[88.9658,21.6415],[88.969,21.6403],[88.9789,21.6438],[88.9884,21.6448],[88.9925,21.6418],[88.9951,21.6264],[88.9878,21.6131],[88.9707,21.6133],[88.9564,21.6174],[88.9528,21.6278],[88.9397,21.6469],[88.9542,21.6765],[88.9622,21.6617],[88.9623,21.6474],[88.9658,21.6415]]],[[[88.5769,21.6917],[88.5836,21.6731],[88.5858,21.6581],[88.5931,21.6542],[88.5992,21.6411],[88.6033,21.6211],[88.5925,21.6181],[88.573,21.6311],[88.5575,21.635],[88.5548,21.6474],[88.5708,21.666],[88.5714,21.6768],[88.5675,21.6892],[88.5769,21.6917]]],[[[88.5919,21.6942],[88.6063,21.68],[88.6044,21.6711],[88.5885,21.6573],[88.5869,21.6679],[88.5808,21.6841],[88.5919,21.6906],[88.5919,21.6942]]],[[[88.9845,21.7057],[88.9894,21.7017],[88.9933,21.6711],[88.9873,21.6648],[88.9879,21.653],[88.9943,21.649],[89.0107,21.6506],[89.022,21.6546],[89.0212,21.6423],[89.0246,21.6315],[89.0363,21.6238],[89.0372,21.6146],[89.0288,21.6048],[89.0172,21.6022],[89.0003,21.6021],[88.998,21.6222],[88.9938,21.6413],[88.9884,21.646],[88.9783,21.6452],[88.9711,21.642],[88.965,21.644],[88.9633,21.663],[88.9544,21.6794],[88.951,21.701],[88.967,21.7004],[88.9717,21.6976],[88.9845,21.7057]]],[[[88.8067,21.7067],[88.81,21.7042],[88.8097,21.6833],[88.8067,21.6639],[88.7967,21.6556],[88.7775,21.6642],[88.7589,21.6633],[88.7492,21.6733],[88.7319,21.6831],[88.7306,21.6864],[88.7367,21.6875],[88.7406,21.6894],[88.7444,21.6825],[88.7603,21.6833],[88.763,21.6908],[88.7789,21.6958],[88.7917,21.7031],[88.8067,21.7067]]],[[[88.3111,21.7064],[88.3286,21.7053],[88.3461,21.6886],[88.3511,21.6781],[88.35,21.6664],[88.3461,21.6617],[88.3539,21.6494],[88.3476,21.6364],[88.3372,21.6211],[88.3231,21.6156],[88.3158,21.6086],[88.3081,21.6111],[88.3058,21.6291],[88.3133,21.65],[88.3166,21.6654],[88.3158,21.6776],[88.3119,21.6883],[88.3007,21.7024],[88.3111,21.7064]]],[[[88.454,21.7093],[88.4706,21.6743],[88.4656,21.669],[88.4633,21.6546],[88.4511,21.6206],[88.4415,21.6234],[88.4372,21.634],[88.4206,21.6514],[88.4196,21.6898],[88.429,21.6962],[88.4369,21.7063],[88.454,21.7093]]],[[[88.6971,21.7129],[88.6998,21.6945],[88.703,21.687],[88.7128,21.6764],[88.7414,21.6537],[88.7366,21.6456],[88.7251,21.6382],[88.7131,21.6519],[88.7064,21.6653],[88.7013,21.6657],[88.6871,21.6836],[88.6942,21.6994],[88.6971,21.7129]]],[[[88.2045,21.7212],[88.2142,21.7089],[88.2166,21.7005],[88.1983,21.6944],[88.1942,21.6881],[88.1981,21.6769],[88.2155,21.6698],[88.2248,21.6708],[88.2317,21.6411],[88.2144,21.6255],[88.2103,21.6125],[88.205,21.6097],[88.1947,21.6327],[88.193,21.6438],[88.1834,21.6716],[88.1815,21.6892],[88.1883,21.7081],[88.2045,21.7212]]],[[[89.0592,21.7218],[89.0652,21.7145],[89.0706,21.7018],[89.0727,21.6897],[89.0849,21.6778],[89.0919,21.6667],[89.0951,21.6506],[89.0929,21.6369],[89.0858,21.6304],[89.068,21.6204],[89.0555,21.6175],[89.0494,21.6202],[89.0261,21.6439],[89.0286,21.6517],[89.0246,21.6605],[89.024,21.68],[89.0264,21.6879],[89.0185,21.7082],[89.0222,21.7153],[89.0372,21.7206],[89.0592,21.7218]]],[[[88.978,21.7269],[88.9936,21.7219],[88.9994,21.7159],[89.0051,21.7152],[89.0151,21.7177],[89.009,21.7094],[89.0087,21.702],[89.0197,21.6994],[89.0241,21.6871],[89.0178,21.6612],[89.0078,21.6522],[88.9908,21.6527],[88.9894,21.6629],[88.9958,21.6725],[88.9931,21.6828],[88.9928,21.7],[88.99,21.7056],[88.9722,21.7189],[88.978,21.7269]]],[[[88.5457,21.7361],[88.559,21.7298],[88.5708,21.7325],[88.577,21.7187],[88.586,21.7113],[88.5862,21.6989],[88.5907,21.6906],[88.5795,21.6855],[88.5772,21.6935],[88.5661,21.6928],[88.5689,21.6772],[88.5678,21.6653],[88.5522,21.6475],[88.5516,21.6367],[88.541,21.6397],[88.5281,21.6564],[88.5326,21.6663],[88.5308,21.6775],[88.5173,21.712],[88.5264,21.7169],[88.5351,21.7323],[88.5457,21.7361]]],[[[88.8831,21.7453],[88.9139,21.7258],[88.9181,21.7125],[88.9361,21.7017],[88.9419,21.6897],[88.9347,21.6639],[88.9256,21.6469],[88.9219,21.6329],[88.9103,21.6411],[88.9046,21.6496],[88.8944,21.6528],[88.8858,21.6611],[88.8819,21.6836],[88.8731,21.6944],[88.8714,21.705],[88.8725,21.7206],[88.8831,21.7453]]],[[[88.4123,21.7313],[88.4217,21.7191],[88.4286,21.7026],[88.4133,21.6911],[88.4115,21.68],[88.4137,21.6712],[88.4111,21.66],[88.4184,21.6441],[88.4252,21.6391],[88.4319,21.6283],[88.4247,21.6194],[88.4128,21.6206],[88.4056,21.6083],[88.4075,21.5995],[88.4019,21.5961],[88.3928,21.6033],[88.3873,21.6133],[88.3903,21.6192],[88.3835,21.6298],[88.3872,21.6465],[88.3819,21.6653],[88.3797,21.6808],[88.3835,21.6863],[88.399,21.6988],[88.4044,21.7108],[88.4017,21.7204],[88.3858,21.7264],[88.3713,21.7236],[88.3696,21.7286],[88.3865,21.7337],[88.3907,21.7387],[88.395,21.755],[88.401,21.7502],[88.3997,21.7435],[88.4034,21.7365],[88.4123,21.7313]]],[[[88.2209,21.7621],[88.2544,21.7558],[88.2715,21.7547],[88.2724,21.7521],[88.2691,21.7441],[88.2615,21.7316],[88.2722,21.7283],[88.2842,21.7072],[88.2967,21.6944],[88.3089,21.6789],[88.3117,21.6719],[88.2933,21.6367],[88.2881,21.6133],[88.2894,21.5964],[88.305,21.5864],[88.3061,21.5803],[88.2917,21.5631],[88.2706,21.5578],[88.2483,21.5639],[88.2405,21.575],[88.2453,21.5825],[88.2453,21.5919],[88.2331,21.6081],[88.2172,21.6153],[88.2172,21.6197],[88.2347,21.6354],[88.2368,21.6449],[88.2317,21.6563],[88.233,21.669],[88.2263,21.6751],[88.2087,21.6743],[88.1992,21.6826],[88.2008,21.6914],[88.2156,21.6947],[88.2211,21.7024],[88.212,21.72],[88.2139,21.7509],[88.2209,21.7621]]],[[[88.9271,21.7619],[88.9478,21.7578],[88.9653,21.75],[88.9651,21.7431],[88.9703,21.739],[88.9853,21.7461],[88.9866,21.7399],[88.9772,21.7342],[88.9694,21.7228],[88.9706,21.7175],[88.9839,21.7064],[88.9722,21.6986],[88.9669,21.7019],[88.9502,21.7023],[88.9225,21.7211],[88.9311,21.7358],[88.9261,21.7568],[88.9271,21.7619]]],[[[88.3654,21.7642],[88.3662,21.7564],[88.3598,21.7451],[88.3598,21.7342],[88.3653,21.7222],[88.3777,21.7175],[88.3925,21.7181],[88.3981,21.7133],[88.3853,21.7006],[88.3579,21.6868],[88.3376,21.7098],[88.3472,21.7206],[88.3489,21.7269],[88.3437,21.7421],[88.3426,21.7539],[88.3521,21.764],[88.3654,21.7642]]],[[[89.0051,21.765],[89.0127,21.7648],[89.0254,21.757],[89.0386,21.7416],[89.0558,21.7299],[89.0581,21.7246],[89.0381,21.7227],[89.0209,21.7173],[89.0154,21.7339],[89.0016,21.75],[89.0005,21.7645],[89.0051,21.765]]],[[[88.8317,21.7661],[88.8612,21.7617],[88.8653,21.7564],[88.8494,21.7383],[88.84,21.7156],[88.8408,21.6886],[88.8453,21.6744],[88.8599,21.6431],[88.86,21.6372],[88.8512,21.6265],[88.8397,21.6204],[88.8151,21.6295],[88.809,21.6399],[88.8206,21.6578],[88.8231,21.6711],[88.8175,21.6914],[88.8192,21.7033],[88.815,21.71],[88.8036,21.7166],[88.7844,21.7103],[88.7721,21.7007],[88.7631,21.704],[88.7775,21.7117],[88.7832,21.7206],[88.7819,21.7325],[88.7914,21.7347],[88.7867,21.7412],[88.7911,21.7492],[88.8033,21.747],[88.8134,21.7506],[88.8317,21.7661]]],[[[88.3849,21.7644],[88.3903,21.7586],[88.3874,21.7423],[88.3811,21.7372],[88.361,21.7347],[88.3613,21.7472],[88.3728,21.7636],[88.3849,21.7644]]],[[[88.5822,21.7778],[88.5836,21.7614],[88.5872,21.7522],[88.6161,21.7408],[88.6205,21.7373],[88.6158,21.7273],[88.592,21.7193],[88.5797,21.7258],[88.5841,21.7446],[88.5799,21.756],[88.569,21.7692],[88.5822,21.7778]]],[[[88.3025,21.7246],[88.3006,21.7143],[88.2948,21.707],[88.278,21.7282],[88.2772,21.7386],[88.2853,21.7529],[88.2889,21.7785],[88.2988,21.7671],[88.3058,21.7324],[88.3025,21.7246]]],[[[88.9997,21.7855],[89.0116,21.7799],[89.0067,21.7756],[88.9971,21.7706],[88.9994,21.7508],[89.0119,21.7348],[89.0149,21.7188],[89.0048,21.7161],[88.9944,21.7231],[88.9767,21.7286],[88.9887,21.7398],[88.9882,21.7463],[88.9842,21.7481],[88.9704,21.7404],[88.9667,21.7497],[88.9616,21.7549],[88.9522,21.7567],[88.9668,21.7722],[88.9752,21.7748],[88.9903,21.7889],[88.9997,21.7855]]],[[[88.6097,21.7903],[88.6156,21.7878],[88.6233,21.7733],[88.6306,21.7406],[88.6191,21.717],[88.6092,21.7081],[88.5986,21.7144],[88.6208,21.7269],[88.6214,21.7397],[88.6125,21.7463],[88.6024,21.7475],[88.5863,21.7566],[88.5892,21.7798],[88.5926,21.7852],[88.6097,21.7903]]],[[[88.274,21.7908],[88.2833,21.7891],[88.288,21.7806],[88.2836,21.77],[88.2737,21.7761],[88.265,21.7883],[88.274,21.7908]]],[[[88.4586,21.7887],[88.4671,21.7933],[88.475,21.7914],[88.47,21.7727],[88.4672,21.7372],[88.4619,21.7272],[88.4569,21.7264],[88.4551,21.7109],[88.4415,21.7098],[88.4331,21.7045],[88.4269,21.7151],[88.4297,21.7264],[88.4234,21.7418],[88.4268,21.7551],[88.4231,21.7662],[88.436,21.777],[88.4425,21.7936],[88.4482,21.7982],[88.4586,21.7887]]],[[[88.7162,21.8074],[88.7227,21.794],[88.7272,21.7918],[88.727,21.781],[88.7281,21.7778],[88.7333,21.7787],[88.735,21.7754],[88.7458,21.7717],[88.7503,21.7633],[88.7591,21.7586],[88.7522,21.7486],[88.7528,21.7316],[88.7613,21.727],[88.7761,21.7236],[88.7731,21.7175],[88.7629,21.7137],[88.7569,21.7061],[88.7625,21.6939],[88.7578,21.6837],[88.7451,21.6839],[88.7437,21.6893],[88.7405,21.6907],[88.7376,21.6892],[88.7327,21.6894],[88.729,21.6851],[88.7308,21.682],[88.7474,21.6728],[88.7546,21.6661],[88.7478,21.6583],[88.7317,21.6747],[88.7154,21.685],[88.7111,21.6902],[88.7063,21.714],[88.695,21.7439],[88.6958,21.7511],[88.7119,21.7875],[88.7122,21.8072],[88.7162,21.8074]]],[[[88.5446,21.8103],[88.5527,21.8084],[88.5694,21.7939],[88.5725,21.7858],[88.5633,21.7761],[88.5625,21.7603],[88.5719,21.7466],[88.5725,21.7356],[88.5608,21.7306],[88.5529,21.7366],[88.5417,21.7377],[88.5327,21.7307],[88.5248,21.7185],[88.5175,21.7206],[88.5164,21.7298],[88.5044,21.7508],[88.5047,21.7725],[88.5157,21.7896],[88.5286,21.8022],[88.5446,21.8103]]],[[[88.4218,21.8111],[88.4259,21.8094],[88.427,21.8037],[88.4326,21.7986],[88.4406,21.8005],[88.4399,21.7892],[88.4339,21.7798],[88.4228,21.7709],[88.4208,21.7617],[88.4253,21.7527],[88.4208,21.7441],[88.4251,21.7286],[88.4228,21.7198],[88.4009,21.7439],[88.4027,21.7484],[88.401,21.7533],[88.3828,21.7796],[88.4218,21.8111]]],[[[88.9996,21.8117],[89.0166,21.8116],[89.0138,21.798],[89.0151,21.7862],[89.0225,21.7602],[89.0145,21.7658],[89,21.7658],[88.9983,21.7697],[89.0106,21.7761],[89.0128,21.7794],[89.0097,21.7838],[88.9903,21.7898],[88.9996,21.8117]]],[[[88.7506,21.7954],[88.7555,21.7803],[88.7461,21.7722],[88.7361,21.7752],[88.7344,21.7794],[88.7283,21.7797],[88.7283,21.7922],[88.73,21.7958],[88.7384,21.799],[88.7479,21.8124],[88.7506,21.7954]]],[[[88.8281,21.804],[88.8229,21.7953],[88.8216,21.7808],[88.8303,21.7672],[88.8119,21.7512],[88.8044,21.7483],[88.7908,21.75],[88.7845,21.761],[88.7857,21.769],[88.7949,21.779],[88.7972,21.7906],[88.8111,21.8061],[88.8203,21.8221],[88.831,21.8078],[88.8281,21.804]]],[[[88.7875,21.745],[88.7839,21.7417],[88.7859,21.7359],[88.7767,21.7308],[88.7567,21.7334],[88.7542,21.7429],[88.7642,21.7582],[88.76,21.7661],[88.7503,21.7689],[88.7649,21.7844],[88.7753,21.8058],[88.7762,21.8162],[88.7849,21.8242],[88.7936,21.8097],[88.7941,21.8016],[88.7881,21.7943],[88.7957,21.7857],[88.7847,21.7725],[88.7828,21.7592],[88.7875,21.745]]],[[[88.9158,21.8258],[88.92,21.8231],[88.935,21.8225],[88.9372,21.8175],[88.9269,21.8042],[88.9278,21.8],[88.9178,21.7917],[88.9233,21.7881],[88.9125,21.7633],[88.9128,21.7553],[88.9056,21.7517],[88.8947,21.7553],[88.9008,21.777],[88.8981,21.7867],[88.8908,21.7917],[88.8836,21.8022],[88.8856,21.8103],[88.8947,21.8128],[88.9028,21.8206],[88.9158,21.8258]]],[[[88.4849,21.8347],[88.4893,21.8352],[88.4978,21.8225],[88.5003,21.8125],[88.4858,21.7986],[88.4601,21.8006],[88.4497,21.8114],[88.4556,21.8186],[88.4706,21.8247],[88.4776,21.8347],[88.4849,21.8347]]],[[[88.9414,21.8472],[88.947,21.8395],[88.9536,21.8256],[88.9608,21.8228],[88.975,21.8228],[88.97,21.8028],[88.9542,21.8081],[88.9481,21.8047],[88.9389,21.7886],[88.9453,21.7794],[88.96,21.7753],[88.9489,21.7642],[88.9256,21.7669],[88.9197,21.775],[88.9244,21.7875],[88.9197,21.7919],[88.9292,21.8],[88.9347,21.8142],[88.9389,21.8169],[88.9369,21.8225],[88.9272,21.8233],[88.9247,21.8353],[88.9328,21.8369],[88.935,21.845],[88.9414,21.8472]]],[[[88.5922,21.85],[88.6006,21.8467],[88.605,21.8356],[88.6161,21.8308],[88.6072,21.8147],[88.6122,21.8094],[88.6125,21.7978],[88.5972,21.7972],[88.585,21.802],[88.576,21.817],[88.5812,21.839],[88.5922,21.85]]],[[[88.3311,21.8607],[88.3521,21.8549],[88.352,21.8204],[88.3607,21.8062],[88.3614,21.796],[88.38,21.7873],[88.3779,21.7686],[88.3572,21.7669],[88.3435,21.7603],[88.3398,21.751],[88.3403,21.74],[88.345,21.7217],[88.332,21.7106],[88.3171,21.7089],[88.3058,21.7176],[88.3097,21.7306],[88.3036,21.7608],[88.2974,21.7757],[88.2933,21.7764],[88.2821,21.7913],[88.2642,21.7939],[88.2603,21.8072],[88.2659,21.8137],[88.2846,21.8227],[88.2962,21.8245],[88.3077,21.8303],[88.3154,21.8447],[88.3117,21.8539],[88.3151,21.8576],[88.3311,21.8607]]],[[[88.8561,21.8653],[88.8556,21.8572],[88.8606,21.8544],[88.8772,21.8517],[88.875,21.8458],[88.8803,21.8289],[88.8797,21.8078],[88.8858,21.7919],[88.8969,21.7817],[88.8911,21.7625],[88.8925,21.7514],[88.8992,21.7467],[88.9178,21.7472],[88.9219,21.7425],[88.9133,21.7278],[88.8794,21.7492],[88.8753,21.7687],[88.8619,21.7779],[88.835,21.7817],[88.8389,21.7919],[88.8414,21.8153],[88.8375,21.8358],[88.8392,21.8486],[88.8464,21.8581],[88.8561,21.8653]]],[[[88.1369,21.875],[88.1457,21.8586],[88.1512,21.8413],[88.1572,21.8303],[88.17,21.8172],[88.1637,21.8001],[88.171,21.7677],[88.1709,21.7451],[88.1628,21.7181],[88.1583,21.7103],[88.1536,21.6925],[88.1558,21.6792],[88.155,21.6528],[88.1519,21.6464],[88.1347,21.6294],[88.1156,21.6258],[88.0903,21.6292],[88.0825,21.635],[88.0622,21.6381],[88.0417,21.6492],[88.0369,21.6739],[88.0442,21.7177],[88.0614,21.7344],[88.0723,21.7783],[88.122,21.8657],[88.1369,21.875]]],[[[88.7892,21.8786],[88.7922,21.8731],[88.7861,21.8683],[88.7894,21.8633],[88.7989,21.8708],[88.8036,21.8669],[88.8225,21.8706],[88.8289,21.8633],[88.8219,21.8406],[88.8211,21.825],[88.8117,21.8094],[88.795,21.7914],[88.7944,21.8125],[88.7856,21.8256],[88.7694,21.8267],[88.7658,21.8306],[88.7717,21.8536],[88.78,21.8567],[88.7769,21.8653],[88.7839,21.8739],[88.7892,21.8786]]],[[[88.9791,21.8935],[89.0139,21.8768],[89.031,21.8628],[89.0281,21.8289],[89.0202,21.8178],[89.0085,21.8129],[88.9969,21.815],[88.9922,21.8117],[88.9919,21.8008],[88.985,21.7878],[88.9734,21.776],[88.9594,21.7828],[88.9434,21.7849],[88.9511,21.8002],[88.9564,21.8036],[88.9675,21.7995],[88.9763,21.8043],[88.9798,21.8184],[88.9716,21.8274],[88.9562,21.8271],[88.9512,21.8417],[88.9654,21.8593],[88.9797,21.8694],[88.9693,21.8902],[88.9791,21.8935]]],[[[88.6217,21.8978],[88.627,21.8939],[88.6272,21.8867],[88.6346,21.8767],[88.6317,21.8717],[88.6455,21.8713],[88.6528,21.8687],[88.6489,21.8536],[88.6494,21.8334],[88.6423,21.8064],[88.6431,21.7889],[88.6386,21.7847],[88.6222,21.7932],[88.6186,21.8058],[88.6119,21.8175],[88.6203,21.8242],[88.6189,21.8336],[88.6097,21.8364],[88.6064,21.8464],[88.5967,21.8508],[88.5947,21.8561],[88.6033,21.8758],[88.6144,21.8928],[88.6217,21.8978]]],[[[88.8169,21.9011],[88.8344,21.8953],[88.8408,21.8869],[88.8394,21.8775],[88.8308,21.8655],[88.8194,21.8725],[88.8078,21.8681],[88.8011,21.8697],[88.8028,21.8786],[88.8086,21.8822],[88.8114,21.8964],[88.8169,21.9011]]],[[[88.5623,21.8975],[88.5705,21.9012],[88.5762,21.8843],[88.5729,21.8717],[88.5728,21.8594],[88.5631,21.8309],[88.545,21.8264],[88.5339,21.8338],[88.5306,21.8492],[88.5425,21.8556],[88.5405,21.8704],[88.5503,21.881],[88.5483,21.9038],[88.5623,21.8975]]],[[[88.4465,21.9049],[88.452,21.9048],[88.4606,21.8936],[88.4779,21.89],[88.4838,21.8853],[88.4853,21.8719],[88.4907,21.8503],[88.4885,21.8378],[88.4781,21.8377],[88.4669,21.8269],[88.4543,21.8218],[88.4479,21.8148],[88.4427,21.8022],[88.4334,21.8001],[88.4296,21.8014],[88.4269,21.8103],[88.424,21.8124],[88.4183,21.8116],[88.4032,21.7976],[88.3983,21.8192],[88.3925,21.8326],[88.4007,21.8568],[88.4003,21.8731],[88.4171,21.8873],[88.4198,21.9031],[88.4358,21.9017],[88.4465,21.9049]]],[[[88.7181,21.9072],[88.7267,21.8992],[88.7475,21.8967],[88.7511,21.8869],[88.7575,21.8789],[88.7714,21.8764],[88.775,21.865],[88.7639,21.8336],[88.7656,21.8261],[88.7764,21.8236],[88.775,21.81],[88.7686,21.8025],[88.7639,21.7875],[88.7561,21.7817],[88.7508,21.8006],[88.7525,21.8144],[88.7497,21.8164],[88.74,21.8064],[88.7369,21.7992],[88.7258,21.7944],[88.7194,21.8069],[88.7094,21.8103],[88.7036,21.8194],[88.6961,21.8422],[88.6983,21.86],[88.7125,21.8869],[88.7181,21.9072]]],[[[88.5047,21.9128],[88.5086,21.9097],[88.4986,21.8958],[88.4903,21.8894],[88.4769,21.8983],[88.4783,21.9033],[88.4894,21.9106],[88.5047,21.9128]]],[[[88.64,21.9217],[88.6501,21.9165],[88.6669,21.9133],[88.6531,21.8808],[88.6528,21.8733],[88.6409,21.8736],[88.6295,21.8844],[88.6286,21.8939],[88.6234,21.9014],[88.64,21.9217]]],[[[88.1348,21.9267],[88.1446,21.9153],[88.1294,21.8989],[88.1168,21.9136],[88.1217,21.9242],[88.1348,21.9267]]],[[[88.8366,21.9179],[88.8569,21.9107],[88.8726,21.9168],[88.8866,21.9145],[88.905,21.9196],[88.9146,21.9281],[88.945,21.91],[88.9716,21.8992],[88.9669,21.8869],[88.9767,21.8675],[88.9644,21.8631],[88.9525,21.8503],[88.9481,21.8414],[88.9464,21.8417],[88.9386,21.8539],[88.9383,21.8489],[88.9333,21.8458],[88.9328,21.8389],[88.9228,21.8356],[88.9242,21.8258],[88.9144,21.8275],[88.9033,21.8222],[88.89,21.8122],[88.8806,21.8203],[88.8825,21.8297],[88.8775,21.8458],[88.8786,21.8519],[88.8742,21.855],[88.8611,21.8558],[88.86,21.8661],[88.8542,21.8697],[88.8542,21.8839],[88.8492,21.8961],[88.8353,21.9095],[88.8217,21.9186],[88.822,21.929],[88.8366,21.9179]]],[[[88.7236,21.9319],[88.7322,21.9197],[88.7442,21.9192],[88.7544,21.9267],[88.775,21.9244],[88.7925,21.9172],[88.7994,21.9197],[88.8142,21.9028],[88.8086,21.8953],[88.8075,21.8836],[88.7967,21.8767],[88.7928,21.8672],[88.7872,21.8669],[88.7933,21.8728],[88.7925,21.8781],[88.7883,21.8794],[88.7864,21.8786],[88.7769,21.8695],[88.7719,21.8781],[88.7581,21.8803],[88.7508,21.8886],[88.7506,21.8956],[88.7408,21.9006],[88.7292,21.8997],[88.7197,21.9086],[88.7169,21.9186],[88.7236,21.9319]]],[[[88.1633,21.9372],[88.1717,21.9292],[88.1653,21.9161],[88.1597,21.9292],[88.1633,21.9372]]],[[[88.7454,21.9797],[88.7547,21.9747],[88.7495,21.959],[88.7758,21.9415],[88.7845,21.9517],[88.7872,21.9428],[88.7921,21.9394],[88.8049,21.9378],[88.7994,21.9259],[88.7888,21.9203],[88.7762,21.9278],[88.7617,21.9308],[88.7473,21.9274],[88.7409,21.922],[88.7328,21.9253],[88.7224,21.9426],[88.7228,21.9672],[88.7251,21.9785],[88.7454,21.9797]]],[[[88.7592,21.9986],[88.7528,21.9883],[88.7426,21.9905],[88.7522,21.9992],[88.7592,21.9986]]],[[[88.66,22.0192],[88.6743,22.0192],[88.692,22.0113],[88.6979,22.0056],[88.7158,22.0006],[88.7024,21.9857],[88.6924,21.9698],[88.6917,21.9561],[88.6782,21.9429],[88.6572,21.9541],[88.6324,21.9526],[88.6284,21.9679],[88.6349,21.996],[88.6467,22.0064],[88.6529,22.0191],[88.66,22.0192]]],[[[88.1414,22.0264],[88.1433,22.0206],[88.1303,22.005],[88.1222,21.9883],[88.0944,21.9494],[88.0875,21.9328],[88.0814,21.9317],[88.0706,21.9208],[88.0567,21.9131],[88.0458,21.9156],[88.0477,21.9329],[88.0564,21.9605],[88.0703,21.9908],[88.0775,22],[88.0939,22.0114],[88.1256,22.0192],[88.1414,22.0264]]],[[[88.8128,22.0194],[88.822,22.0217],[88.8483,22.0175],[88.8669,22.0242],[88.8753,22.0122],[88.8997,22.0131],[88.9044,22.0069],[88.9024,21.9871],[88.9076,21.9694],[88.9058,21.9521],[88.9073,21.9295],[88.8975,21.9228],[88.8812,21.9228],[88.8566,21.9191],[88.8411,21.9247],[88.8329,21.9348],[88.8248,21.9398],[88.8086,21.9389],[88.7892,21.9433],[88.79,21.9519],[88.7872,21.955],[88.7811,21.9514],[88.7756,21.9433],[88.7517,21.9589],[88.7569,21.9725],[88.7497,21.9819],[88.76,21.9961],[88.7615,22.0145],[88.7769,22.015],[88.8014,22.0297],[88.8128,22.0194]]],[[[88.7638,22.0517],[88.7753,22.05],[88.78,22.0456],[88.7796,22.0366],[88.791,22.0294],[88.7781,22.0197],[88.7617,22.0214],[88.7593,22.0353],[88.7517,22.0494],[88.7638,22.0517]]],[[[88.9028,22.0453],[88.9003,22.0367],[88.9017,22.0189],[88.8923,22.0148],[88.877,22.0148],[88.8709,22.0275],[88.864,22.0287],[88.8525,22.0397],[88.8539,22.0433],[88.8882,22.045],[88.8922,22.0488],[88.9028,22.0453]]],[[[89.0162,22.0509],[89.0262,22.0519],[89.0404,22.0492],[89.0481,22.0347],[89.068,22.0136],[89.0736,22.0042],[89.078,21.9864],[89.0734,21.9713],[89.0688,21.9477],[89.0633,21.9345],[89.0466,21.9287],[89.0303,21.9264],[89.019,21.9375],[89.0051,21.9435],[88.9995,21.9498],[89.0031,21.9595],[89.0181,21.9755],[89.0156,21.9835],[89.0021,21.9836],[88.9917,21.974],[88.9897,21.9857],[88.9743,21.9946],[88.9789,22.0006],[88.9769,22.0083],[88.9681,22.0155],[88.9798,22.0396],[88.9842,22.0439],[88.9861,22.0491],[89.0023,22.0592],[89.005,22.0537],[89.0078,22.0508],[89.01,22.0526],[89.0153,22.0559],[89.0162,22.0509]]],[[[88.8119,22.0608],[88.819,22.0609],[88.831,22.0508],[88.8319,22.027],[88.8128,22.0254],[88.8058,22.0333],[88.7954,22.0311],[88.7805,22.0375],[88.7847,22.0473],[88.7873,22.0592],[88.792,22.0548],[88.8011,22.0568],[88.8057,22.0644],[88.8119,22.0608]]],[[[88.8706,22.0789],[88.8704,22.0628],[88.8886,22.0525],[88.8811,22.0456],[88.8606,22.0461],[88.8504,22.0427],[88.8596,22.0272],[88.8439,22.022],[88.8354,22.0261],[88.8317,22.0447],[88.8334,22.0497],[88.8194,22.0625],[88.8286,22.0702],[88.8339,22.0638],[88.8379,22.0718],[88.8544,22.079],[88.8706,22.0789]]],[[[88.9041,22.0842],[88.8928,22.0726],[88.8909,22.0604],[88.8827,22.0595],[88.8717,22.0634],[88.8707,22.087],[88.8814,22.0839],[88.8972,22.0892],[88.9041,22.0842]]],[[[88.7223,22.0991],[88.7059,22.0897],[88.6948,22.0786],[88.692,22.0855],[88.7087,22.095],[88.7223,22.0991]]],[[[88.8035,22.0853],[88.815,22.0806],[88.8272,22.0863],[88.8311,22.0827],[88.8363,22.0699],[88.8255,22.0707],[88.8177,22.0631],[88.8058,22.0658],[88.7982,22.0565],[88.7922,22.0564],[88.79,22.0606],[88.7848,22.0591],[88.7808,22.0486],[88.7719,22.0547],[88.7641,22.0534],[88.7479,22.0593],[88.7578,22.0794],[88.7711,22.0863],[88.779,22.103],[88.7957,22.1091],[88.8035,22.0853]]],[[[88.8179,22.123],[88.8299,22.1247],[88.8425,22.1216],[88.8472,22.1173],[88.8498,22.1031],[88.8669,22.0889],[88.8659,22.0815],[88.8512,22.0794],[88.8378,22.0732],[88.8328,22.0828],[88.8276,22.0876],[88.8133,22.082],[88.8055,22.0851],[88.7991,22.1119],[88.8059,22.1248],[88.8179,22.123]]],[[[88.8651,22.167],[88.8807,22.1675],[88.8861,22.1648],[88.8999,22.1481],[88.9061,22.1298],[88.9227,22.109],[88.9228,22.1],[88.917,22.0912],[88.9081,22.087],[88.8963,22.0912],[88.8834,22.0859],[88.8723,22.0878],[88.8537,22.1015],[88.8465,22.1213],[88.835,22.1304],[88.8476,22.138],[88.8572,22.1398],[88.8602,22.1484],[88.8481,22.1659],[88.8528,22.1703],[88.8651,22.167]]],[[[88.95,22.1892],[88.9607,22.1894],[88.9666,22.1703],[88.9745,22.1584],[88.985,22.1481],[88.9861,22.135],[88.9833,22.1189],[88.9737,22.098],[88.9697,22.0835],[88.9644,22.0764],[88.9564,22.0736],[88.9367,22.0725],[88.9255,22.0658],[88.922,22.0556],[88.9239,22.0247],[88.9311,22],[88.9461,22],[88.9353,22.0258],[88.9342,22.0514],[88.939,22.0618],[88.9581,22.0602],[88.9615,22.049],[88.9771,22.0384],[88.9652,22.0174],[88.9755,22.0048],[88.9714,21.9946],[88.9725,21.9878],[88.9877,21.9834],[88.9882,21.973],[88.9939,21.9703],[89.0062,21.9805],[89.011,21.9734],[88.9928,21.9574],[88.991,21.9484],[88.9946,21.942],[89.0092,21.9355],[89.0213,21.9217],[89.0151,21.9031],[89.0042,21.9031],[88.9923,21.9069],[88.9688,21.9211],[88.9444,21.9298],[88.9315,21.9421],[88.9257,21.9627],[88.9197,21.9726],[88.9127,21.9944],[88.9161,22.0106],[88.9141,22.0219],[88.9078,22.0348],[88.9111,22.0438],[88.9064,22.0594],[88.9017,22.0639],[88.9084,22.0783],[88.9205,22.0859],[88.9307,22.0981],[88.9295,22.1115],[88.9231,22.1222],[88.9094,22.1336],[88.9053,22.1521],[88.8948,22.1628],[88.8975,22.1711],[88.9126,22.1617],[88.9197,22.1611],[88.9378,22.1802],[88.9443,22.1816],[88.95,22.1892]]],[[[89.0019,22.1992],[89.013,22.1958],[89.0144,22.1644],[89.0224,22.1484],[89.0491,22.1329],[89.049,22.1274],[89.0353,22.1105],[89.0311,22.0939],[89.032,22.0837],[89.0389,22.0555],[89.0189,22.0514],[89.0143,22.0644],[89.0109,22.0599],[89.0096,22.0552],[89.0071,22.0529],[89.0017,22.0603],[88.9942,22.0562],[88.9858,22.0571],[88.9835,22.0545],[88.9844,22.0461],[88.9784,22.0399],[88.9631,22.0497],[88.9628,22.0611],[88.9743,22.0696],[88.9804,22.0793],[88.9839,22.0956],[88.9947,22.1226],[88.9969,22.1317],[88.9939,22.1486],[88.9866,22.1594],[88.9764,22.1696],[88.9727,22.1934],[89.0019,22.1992]]],[[[88.6952,22.2086],[88.7035,22.2072],[88.7193,22.1976],[88.7319,22.194],[88.7405,22.1972],[88.765,22.1922],[88.7689,22.18],[88.7816,22.1758],[88.7892,22.1694],[88.7728,22.1547],[88.7664,22.1461],[88.7539,22.145],[88.736,22.1327],[88.7276,22.1235],[88.7233,22.1133],[88.689,22.0899],[88.6828,22.0802],[88.6834,22.0701],[88.6884,22.0598],[88.7017,22.0495],[88.7294,22.0383],[88.7355,22.032],[88.7402,22.0203],[88.7335,22.0109],[88.7204,22.0056],[88.7137,22.0089],[88.7023,22.0073],[88.6956,22.0136],[88.6743,22.0233],[88.6634,22.0244],[88.6616,22.0522],[88.6522,22.0814],[88.6411,22.0945],[88.6342,22.1062],[88.6378,22.1224],[88.6502,22.1466],[88.6529,22.1634],[88.6778,22.1836],[88.6856,22.1987],[88.685,22.2077],[88.6952,22.2086]]],[[[88.8447,22.1892],[88.8513,22.1944],[88.8521,22.2029],[88.8573,22.2052],[88.8641,22.1967],[88.8645,22.1856],[88.8686,22.173],[88.8635,22.1699],[88.852,22.1736],[88.8434,22.1677],[88.851,22.1564],[88.8453,22.1508],[88.8498,22.1427],[88.8279,22.1336],[88.8211,22.1267],[88.8103,22.1311],[88.7984,22.125],[88.795,22.1144],[88.7776,22.1112],[88.7719,22.1064],[88.7691,22.0919],[88.7581,22.088],[88.7496,22.0811],[88.7407,22.0659],[88.7392,22.057],[88.7259,22.0564],[88.712,22.0596],[88.7047,22.065],[88.7025,22.078],[88.7177,22.0893],[88.7355,22.1053],[88.7492,22.135],[88.771,22.1426],[88.7811,22.1545],[88.7908,22.1601],[88.8065,22.178],[88.8128,22.1788],[88.8235,22.1692],[88.8326,22.1645],[88.8405,22.1712],[88.839,22.1793],[88.8262,22.2047],[88.8363,22.2047],[88.8384,22.1946],[88.8447,22.1892]]],[[[88.9324,22.225],[88.9542,22.2216],[88.9611,22.2003],[88.961,22.1941],[88.9445,22.1928],[88.9315,22.177],[88.9243,22.1792],[88.9092,22.1941],[88.9155,22.2062],[88.9164,22.2181],[88.9205,22.2307],[88.9324,22.225]]],[[[88.8126,22.2834],[88.815,22.2664],[88.8262,22.2646],[88.8277,22.2566],[88.8254,22.2409],[88.8177,22.2324],[88.801,22.228],[88.8062,22.2077],[88.8146,22.2057],[88.817,22.1969],[88.8196,22.195],[88.8268,22.1957],[88.8381,22.1735],[88.832,22.1673],[88.8152,22.1812],[88.8056,22.1824],[88.7936,22.1712],[88.7889,22.1784],[88.7711,22.1847],[88.766,22.1949],[88.7472,22.1986],[88.7473,22.2111],[88.7519,22.2203],[88.7522,22.2304],[88.762,22.2414],[88.7694,22.2409],[88.7735,22.2507],[88.7857,22.2574],[88.7916,22.2584],[88.7932,22.2616],[88.7948,22.2759],[88.8126,22.2834]]],[[[88.8499,22.3629],[88.8594,22.3581],[88.8694,22.3581],[88.8916,22.3431],[88.9003,22.3317],[88.9053,22.3184],[88.9117,22.3117],[88.9375,22.2974],[88.9361,22.2853],[88.9298,22.2637],[88.9333,22.2536],[88.9513,22.2427],[88.9542,22.2257],[88.9429,22.2247],[88.9265,22.2287],[88.9207,22.2326],[88.9166,22.225],[88.9127,22.2087],[88.9058,22.2007],[88.9065,22.192],[88.9213,22.1747],[88.9176,22.1653],[88.9025,22.1766],[88.8916,22.176],[88.8854,22.1675],[88.8723,22.1714],[88.8664,22.1894],[88.8667,22.1955],[88.8596,22.2054],[88.8552,22.2064],[88.8502,22.2019],[88.8494,22.1935],[88.8428,22.1909],[88.8366,22.2074],[88.8282,22.2097],[88.8246,22.2043],[88.8256,22.1988],[88.8205,22.1962],[88.8146,22.2072],[88.8067,22.209],[88.8055,22.2214],[88.8265,22.2389],[88.8296,22.2537],[88.8273,22.2655],[88.8166,22.2717],[88.8157,22.2823],[88.8065,22.2857],[88.8051,22.2961],[88.8122,22.3139],[88.8075,22.3333],[88.8183,22.3589],[88.8319,22.3581],[88.8499,22.3629]]],[[[88.9848,22.3824],[88.9829,22.3713],[88.9882,22.3649],[88.9853,22.3569],[88.9877,22.3496],[88.9834,22.3259],[88.9922,22.3211],[89,22.3233],[89.0224,22.2994],[89,22.2981],[88.9948,22.2947],[88.9964,22.2826],[89.0173,22.2688],[89.0114,22.2562],[89.0178,22.2511],[89.0335,22.2545],[89.0345,22.2336],[89.0404,22.2221],[89.0647,22.2011],[89.0691,22.1899],[89.0614,22.1746],[89.0609,22.1668],[89.0675,22.149],[89.0752,22.1445],[89.084,22.1486],[89.0908,22.146],[89.0622,22.1284],[89.0597,22.1369],[89.0506,22.1467],[89.0321,22.1555],[89.0235,22.1654],[89.0272,22.1873],[89.0255,22.1969],[89.0186,22.2067],[88.9986,22.2109],[88.9863,22.2056],[88.9717,22.2103],[88.9682,22.215],[88.9617,22.2422],[88.9472,22.2556],[88.953,22.2764],[88.9509,22.2981],[88.952,22.3318],[88.9561,22.3439],[88.9547,22.3611],[88.9643,22.367],[88.9678,22.388],[88.9742,22.3967],[88.9877,22.3931],[88.9848,22.3824]]],[[[88.8619,22.3989],[88.8748,22.3868],[88.8838,22.372],[88.8978,22.3642],[88.903,22.3467],[88.8932,22.3458],[88.8809,22.354],[88.8744,22.3635],[88.8608,22.3708],[88.8557,22.3948],[88.8619,22.3989]]],[[[88.7814,22.5006],[88.7917,22.4989],[88.8002,22.4862],[88.8098,22.4812],[88.8127,22.4706],[88.8123,22.4542],[88.8273,22.4468],[88.8162,22.4334],[88.804,22.4445],[88.8008,22.4611],[88.7915,22.4827],[88.7806,22.4942],[88.7814,22.5006]]],[[[88.8977,22.5489],[88.9027,22.5367],[88.9024,22.5269],[88.9057,22.5205],[88.9031,22.5083],[88.895,22.5008],[88.9041,22.496],[88.8931,22.4867],[88.8963,22.4718],[88.8923,22.4659],[88.8975,22.4592],[88.9007,22.4446],[88.908,22.4342],[88.9028,22.4219],[88.9045,22.4117],[88.9157,22.4072],[88.9211,22.3992],[88.8978,22.3863],[88.8898,22.3762],[88.8844,22.3761],[88.8767,22.3882],[88.8823,22.4032],[88.8683,22.4119],[88.8615,22.4132],[88.856,22.4234],[88.8547,22.436],[88.8608,22.4472],[88.8568,22.4555],[88.8604,22.4685],[88.8588,22.4831],[88.8668,22.4859],[88.8613,22.499],[88.8457,22.5017],[88.8549,22.5091],[88.858,22.512],[88.8597,22.5183],[88.8663,22.5212],[88.8686,22.5252],[88.8672,22.5305],[88.8852,22.55],[88.8977,22.5489]]],[[[88.9202,22.5653],[88.9352,22.5558],[88.9559,22.5514],[88.9611,22.5466],[88.9652,22.5341],[88.9714,22.4989],[88.9783,22.4825],[88.995,22.4678],[88.9931,22.4544],[88.9883,22.4475],[88.9892,22.4394],[88.9975,22.4286],[88.9817,22.4169],[88.9686,22.4128],[88.9639,22.4039],[88.9703,22.395],[88.965,22.3903],[88.9644,22.3739],[88.9486,22.3548],[88.9508,22.344],[88.9456,22.3314],[88.9465,22.3199],[88.9433,22.3107],[88.9325,22.3112],[88.907,22.3363],[88.9,22.3713],[88.8964,22.3798],[88.902,22.386],[88.9159,22.3919],[88.9256,22.3875],[88.9258,22.4062],[88.9078,22.4158],[88.9186,22.422],[88.9189,22.4297],[88.9039,22.4462],[88.9032,22.4552],[88.8947,22.4661],[88.8988,22.4768],[88.8962,22.4835],[88.9056,22.4934],[88.9069,22.5031],[88.9139,22.5147],[88.9042,22.5263],[88.9019,22.5464],[88.8961,22.5608],[88.9202,22.5653]]],[[[88.2781,27.1308],[88.2949,27.1248],[88.2999,27.128],[88.3045,27.1286],[88.3205,27.1166],[88.3238,27.1049],[88.3408,27.1107],[88.3452,27.1069],[88.3523,27.1011],[88.3707,27.0994],[88.3875,27.0984],[88.411,27.0907],[88.4319,27.0816],[88.4545,27.0896],[88.4648,27.1048],[88.4667,27.1139],[88.4738,27.1207],[88.4867,27.1268],[88.4956,27.1254],[88.5217,27.1503],[88.532,27.1543],[88.5298,27.1658],[88.5205,27.175],[88.5408,27.1837],[88.559,27.1888],[88.5663,27.1879],[88.5915,27.1945],[88.619,27.1879],[88.6388,27.1677],[88.6596,27.1622],[88.6735,27.1766],[88.6844,27.1802],[88.702,27.1741],[88.7118,27.1651],[88.7178,27.144],[88.7325,27.1374],[88.7517,27.1482],[88.751,27.1429],[88.7854,27.1356],[88.8,27.1368],[88.8107,27.1257],[88.8261,27.1177],[88.8431,27.1168],[88.8585,27.1069],[88.8699,27.1087],[88.8727,27.0922],[88.8715,27.0777],[88.8787,27.0384],[88.8705,27.0108],[88.8727,26.9571],[88.875,26.9515],[88.8892,26.9613],[88.8938,26.9772],[88.9019,26.9815],[88.9113,26.9944],[88.919,26.9962],[88.9302,26.984],[88.9465,26.9774],[88.9537,26.9682],[88.9555,26.9542],[88.9412,26.9463],[88.9414,26.9386],[88.9624,26.9241],[88.9712,26.9205],[88.9846,26.9208],[89.0156,26.9344],[89.0274,26.938],[89.0312,26.9299],[89.0464,26.9197],[89.0495,26.9025],[89.0607,26.9041],[89.0858,26.8973],[89.0951,26.8874],[89.0878,26.8751],[89.1041,26.8598],[89.1003,26.8492],[89.102,26.8363],[89.1088,26.8327],[89.1126,26.8225],[89.1212,26.8223],[89.129,26.8092],[89.1339,26.8076],[89.1487,26.8117],[89.1729,26.8217],[89.1898,26.8085],[89.2135,26.8178],[89.2356,26.8207],[89.2521,26.8164],[89.2896,26.8343],[89.3199,26.8532],[89.3283,26.8401],[89.338,26.8492],[89.3597,26.8634],[89.3718,26.8668],[89.3844,26.8618],[89.3895,26.8419],[89.4094,26.8411],[89.4276,26.8359],[89.448,26.8348],[89.453,26.8302],[89.4512,26.8144],[89.4593,26.8063],[89.4805,26.8026],[89.4963,26.803],[89.5115,26.817],[89.5284,26.819],[89.546,26.8119],[89.5589,26.8156],[89.5668,26.8017],[89.5941,26.7931],[89.6112,26.7894],[89.6268,26.7762],[89.6399,26.7832],[89.6535,26.7719],[89.6419,26.747],[89.628,26.7423],[89.6159,26.7326],[89.6143,26.7256],[89.6337,26.719],[89.642,26.7228],[89.6586,26.7185],[89.667,26.7284],[89.6695,26.7392],[89.6905,26.7357],[89.7033,26.7371],[89.7196,26.7301],[89.7264,26.7223],[89.7334,26.7273],[89.7436,26.7284],[89.7527,26.736],[89.7595,26.7351],[89.7551,26.7206],[89.7769,26.6993],[89.7913,26.706],[89.7981,26.7132],[89.8072,26.715],[89.8324,26.7115],[89.8569,26.7038],[89.8614,26.7003],[89.8714,26.6835],[89.8681,26.6566],[89.8764,26.6495],[89.8737,26.6435],[89.8573,26.6321],[89.857,26.6234],[89.8618,26.6152],[89.8772,26.6131],[89.8721,26.5947],[89.8775,26.5842],[89.862,26.5779],[89.865,26.5703],[89.8646,26.5483],[89.8614,26.5432],[89.8618,26.5305],[89.8544,26.5211],[89.8556,26.5051],[89.8527,26.4878],[89.861,26.4748],[89.8624,26.4661],[89.8702,26.464],[89.8695,26.4484],[89.8552,26.434],[89.853,26.4246],[89.8448,26.4102],[89.8333,26.4123],[89.8273,26.3965],[89.8306,26.3902],[89.8404,26.3908],[89.8532,26.396],[89.8573,26.3845],[89.8455,26.384],[89.8409,26.3778],[89.8279,26.3811],[89.8244,26.3769],[89.8271,26.3666],[89.8136,26.3532],[89.8127,26.3624],[89.804,26.3623],[89.782,26.3533],[89.7791,26.3474],[89.7809,26.3309],[89.762,26.3171],[89.7517,26.3222],[89.7509,26.3062],[89.7591,26.2926],[89.7571,26.2885],[89.7461,26.2908],[89.7423,26.2952],[89.7318,26.2929],[89.7209,26.2963],[89.7228,26.3076],[89.7157,26.302],[89.7211,26.2882],[89.7292,26.2829],[89.7375,26.2711],[89.7337,26.2665],[89.7323,26.2603],[89.7173,26.2592],[89.7108,26.2646],[89.7007,26.2608],[89.7114,26.258],[89.7164,26.2553],[89.7157,26.2464],[89.7288,26.2382],[89.7182,26.2316],[89.7117,26.2277],[89.7056,26.2171],[89.6996,26.2189],[89.6975,26.2159],[89.7155,26.2148],[89.7244,26.2173],[89.7313,26.2149],[89.7257,26.2061],[89.7142,26.206],[89.7161,26.1913],[89.7107,26.1886],[89.6948,26.1891],[89.7025,26.1771],[89.7065,26.1731],[89.7171,26.1772],[89.7342,26.175],[89.7329,26.173],[89.7188,26.166],[89.7131,26.1544],[89.7054,26.1531],[89.6988,26.1589],[89.6897,26.1582],[89.6879,26.1679],[89.6959,26.1751],[89.685,26.1887],[89.6873,26.1977],[89.6764,26.2014],[89.6808,26.2178],[89.6925,26.2207],[89.6831,26.2283],[89.6742,26.2272],[89.6745,26.2191],[89.6609,26.2177],[89.6376,26.2277],[89.6366,26.2102],[89.6437,26.1975],[89.653,26.1899],[89.6414,26.186],[89.6341,26.1947],[89.6298,26.1862],[89.6414,26.1788],[89.6562,26.1802],[89.6595,26.1734],[89.6432,26.1648],[89.6388,26.1765],[89.6245,26.178],[89.6138,26.1726],[89.6174,26.1644],[89.6097,26.1522],[89.6021,26.1595],[89.5987,26.1391],[89.6054,26.1266],[89.6133,26.1254],[89.6316,26.1154],[89.6205,26.107],[89.5988,26.1067],[89.5984,26.0984],[89.6082,26.0931],[89.62,26.1032],[89.6327,26.107],[89.6434,26.0902],[89.6357,26.0815],[89.6502,26.0687],[89.6509,26.0616],[89.6314,26.0615],[89.6256,26.0544],[89.6039,26.0455],[89.6017,26.038],[89.5852,26.0313],[89.5811,26.0221],[89.5837,26.0032],[89.5918,25.994],[89.5885,25.9889],[89.5907,25.9757],[89.5813,25.9784],[89.5804,25.9682],[89.5676,25.9719],[89.5579,25.9646],[89.5436,25.9705],[89.545,25.9811],[89.5401,25.9855],[89.5447,25.994],[89.5424,26.0054],[89.5326,26.0028],[89.5213,26.0083],[89.5083,26.0003],[89.4935,26.0063],[89.489,26],[89.4783,25.9967],[89.4673,25.998],[89.4529,26.0062],[89.4385,26.0086],[89.433,26.0155],[89.4396,26.0318],[89.435,26.0421],[89.4137,26.0394],[89.4119,26.0304],[89.3971,26.0201],[89.4014,26.0122],[89.3631,26.0076],[89.3512,26.0117],[89.335,26.0275],[89.3284,26.0371],[89.3177,26.0408],[89.3046,26.0493],[89.2993,26.0457],[89.2826,26.0497],[89.288,26.058],[89.2616,26.0639],[89.2628,26.0791],[89.2713,26.0927],[89.2574,26.0922],[89.2541,26.1022],[89.2372,26.1133],[89.2302,26.1226],[89.2171,26.1231],[89.2108,26.1266],[89.1978,26.1219],[89.1817,26.1299],[89.1735,26.129],[89.16,26.1423],[89.1553,26.159],[89.1569,26.1681],[89.1485,26.1693],[89.1406,26.1801],[89.1462,26.1997],[89.1554,26.2087],[89.1474,26.2173],[89.1469,26.2354],[89.1376,26.2472],[89.1283,26.2537],[89.1322,26.2638],[89.116,26.2746],[89.1106,26.2894],[89.1151,26.3025],[89.1206,26.3063],[89.1246,26.2928],[89.1405,26.2997],[89.1432,26.31],[89.1347,26.324],[89.1237,26.3194],[89.1042,26.333],[89.1072,26.339],[89.1039,26.3604],[89.0955,26.3692],[89.0997,26.3848],[89.0909,26.3921],[89.0729,26.4001],[89.064,26.3981],[89.05,26.4028],[89.0458,26.3979],[89.0289,26.4163],[89.013,26.417],[89.0112,26.425],[89.0005,26.42],[88.9894,26.4301],[88.9859,26.4401],[88.99,26.4503],[88.9646,26.4608],[88.9531,26.4508],[88.958,26.4395],[88.9514,26.4292],[88.9364,26.4365],[88.9319,26.4229],[88.937,26.4185],[88.9252,26.4044],[88.9248,26.3903],[88.9168,26.3849],[88.9177,26.3747],[88.9292,26.3637],[88.9548,26.3604],[88.9536,26.349],[88.9638,26.3327],[88.9691,26.3418],[88.9675,26.3523],[88.9914,26.3522],[88.9891,26.3437],[89.0067,26.3328],[89.0076,26.3286],[88.9922,26.3202],[88.9919,26.3048],[89.0033,26.3018],[89.0232,26.3031],[89.0332,26.3062],[89.0284,26.2903],[89.0333,26.2856],[89.0505,26.2867],[89.0535,26.2966],[89.0666,26.2929],[89.069,26.2836],[89.0686,26.2588],[89.0611,26.2582],[89.0575,26.245],[89.0426,26.2447],[89.0388,26.2499],[89.025,26.2458],[89,26.2486],[88.9863,26.2475],[88.9736,26.2416],[88.962,26.2448],[88.942,26.2723],[88.9349,26.2883],[88.9239,26.2917],[88.8971,26.2923],[88.8811,26.2903],[88.8682,26.2775],[88.868,26.2579],[88.885,26.2441],[88.8835,26.2367],[88.8705,26.2352],[88.8528,26.2363],[88.8349,26.2439],[88.836,26.252],[88.8192,26.2597],[88.8196,26.2757],[88.8157,26.2798],[88.8216,26.3007],[88.8041,26.3118],[88.796,26.313],[88.7852,26.307],[88.7755,26.3062],[88.7616,26.3006],[88.7567,26.3197],[88.7616,26.3338],[88.7547,26.3379],[88.7492,26.3532],[88.7352,26.3551],[88.7285,26.3456],[88.7143,26.3446],[88.7105,26.3339],[88.6966,26.3443],[88.6984,26.3564],[88.6895,26.3681],[88.6853,26.3832],[88.6874,26.4107],[88.6705,26.407],[88.6588,26.4172],[88.6534,26.4156],[88.6497,26.4272],[88.633,26.4308],[88.6237,26.4375],[88.6277,26.4471],[88.6252,26.4637],[88.6207,26.4711],[88.5952,26.4718],[88.597,26.4494],[88.5888,26.4495],[88.5744,26.4567],[88.5571,26.4569],[88.5631,26.4727],[88.5551,26.474],[88.5611,26.4889],[88.5494,26.4833],[88.5267,26.4817],[88.5248,26.5061],[88.5141,26.5082],[88.5078,26.5145],[88.4975,26.5117],[88.4919,26.5168],[88.4901,26.5291],[88.4844,26.5315],[88.4861,26.5413],[88.48,26.5448],[88.4663,26.5442],[88.4622,26.5472],[88.4502,26.5359],[88.4439,26.5442],[88.4321,26.5511],[88.423,26.5708],[88.4241,26.5832],[88.4186,26.6114],[88.4174,26.6309],[88.4113,26.6338],[88.4009,26.6269],[88.3965,26.6162],[88.3898,26.6127],[88.3848,26.5968],[88.3775,26.5935],[88.3702,26.5732],[88.3735,26.5652],[88.3705,26.5568],[88.3624,26.5499],[88.3583,26.5401],[88.3585,26.5291],[88.3525,26.525],[88.3526,26.512],[88.3345,26.4936],[88.3344,26.4787],[88.3421,26.4764],[88.342,26.4692],[88.3493,26.4614],[88.3559,26.4458],[88.3623,26.4547],[88.3665,26.4713],[88.3626,26.4841],[88.375,26.4872],[88.39,26.4794],[88.4032,26.4854],[88.4137,26.472],[88.4341,26.4708],[88.4375,26.4657],[88.4575,26.4656],[88.4842,26.4605],[88.4795,26.4525],[88.4981,26.4344],[88.4983,26.4247],[88.4943,26.4164],[88.5011,26.4126],[88.5065,26.3986],[88.5176,26.3847],[88.5153,26.3746],[88.5252,26.3729],[88.5199,26.3522],[88.5045,26.3497],[88.5087,26.3592],[88.4896,26.3578],[88.487,26.3492],[88.4779,26.3565],[88.4664,26.3577],[88.4608,26.3622],[88.4579,26.3738],[88.444,26.3564],[88.4381,26.337],[88.4315,26.335],[88.4149,26.3367],[88.4063,26.3293],[88.4171,26.3169],[88.4029,26.3168],[88.3659,26.2991],[88.3644,26.2924],[88.3518,26.2816],[88.3502,26.2532],[88.3591,26.2435],[88.3586,26.2323],[88.3525,26.22],[88.3332,26.2141],[88.3203,26.2012],[88.3117,26.203],[88.2855,26.1971],[88.2762,26.1866],[88.2602,26.1861],[88.2507,26.1891],[88.2348,26.1788],[88.2335,26.171],[88.1804,26.1457],[88.1809,26.1359],[88.1762,26.126],[88.1756,26.1089],[88.1668,26.1052],[88.1612,26.0925],[88.1749,26.0763],[88.1853,26.0705],[88.188,26.0629],[88.182,26.0488],[88.1731,26.0436],[88.1862,26.0231],[88.1768,26.0186],[88.1576,26.0192],[88.144,26.0118],[88.1468,26.0007],[88.1313,25.9877],[88.1314,25.9801],[88.1248,25.9738],[88.1287,25.9669],[88.1195,25.9604],[88.1203,25.9489],[88.1119,25.9331],[88.1003,25.934],[88.0937,25.9296],[88.0868,25.9125],[88.091,25.9021],[88.0989,25.8988],[88.1071,25.8799],[88.114,25.8479],[88.1057,25.824],[88.1111,25.8133],[88.1202,25.8102],[88.119,25.7949],[88.1347,25.796],[88.1465,25.7885],[88.1441,25.7788],[88.1517,25.7738],[88.1579,25.7759],[88.1647,25.7866],[88.1748,25.7845],[88.1863,25.7988],[88.1948,25.7987],[88.2025,25.7885],[88.2148,25.789],[88.2204,25.7981],[88.2338,25.7948],[88.2389,25.8068],[88.2463,25.8036],[88.2544,25.8111],[88.2699,25.8081],[88.2756,25.7968],[88.2718,25.7799],[88.2811,25.7732],[88.2897,25.7733],[88.2933,25.7665],[88.3039,25.7583],[88.3193,25.7507],[88.3194,25.7442],[88.3261,25.7351],[88.3398,25.7343],[88.3474,25.7281],[88.3613,25.724],[88.3614,25.7179],[88.3786,25.7116],[88.375,25.6949],[88.3922,25.6912],[88.3935,25.6833],[88.4045,25.6831],[88.4071,25.6693],[88.4288,25.6649],[88.4518,25.6635],[88.4567,25.6605],[88.4575,25.6254],[88.4519,25.6227],[88.4483,25.6131],[88.4511,25.5948],[88.4585,25.5963],[88.4726,25.5811],[88.4981,25.5816],[88.5007,25.5785],[88.4959,25.5595],[88.5026,25.5482],[88.5104,25.5423],[88.5217,25.5414],[88.5214,25.5346],[88.5409,25.5309],[88.5396,25.5189],[88.5418,25.5084],[88.5514,25.5161],[88.5781,25.5055],[88.598,25.5039],[88.6094,25.5132],[88.6246,25.4953],[88.6437,25.4968],[88.6464,25.4804],[88.6597,25.4797],[88.665,25.4707],[88.6833,25.472],[88.7002,25.4703],[88.7101,25.4793],[88.7103,25.4961],[88.7166,25.4951],[88.7259,25.5007],[88.7411,25.5012],[88.7448,25.4948],[88.7598,25.4905],[88.767,25.4913],[88.7721,25.5004],[88.7619,25.5128],[88.7656,25.5223],[88.7729,25.5161],[88.7856,25.5128],[88.798,25.5217],[88.8111,25.5173],[88.8119,25.4955],[88.8146,25.4871],[88.8319,25.4854],[88.8394,25.4669],[88.8368,25.4623],[88.8421,25.4534],[88.8287,25.4409],[88.837,25.4251],[88.8326,25.4145],[88.8204,25.412],[88.8268,25.399],[88.8388,25.3982],[88.845,25.392],[88.8405,25.3852],[88.8435,25.379],[88.8437,25.3624],[88.8552,25.3595],[88.8594,25.3536],[88.8718,25.3481],[88.871,25.3406],[88.8857,25.3242],[88.8935,25.3342],[88.9051,25.336],[88.9191,25.3086],[88.9256,25.3036],[88.9392,25.3097],[88.9483,25.3016],[88.9562,25.3078],[88.968,25.3071],[88.976,25.3021],[88.9866,25.3039],[88.9893,25.2957],[89.0078,25.2973],[89.0113,25.2924],[89.0071,25.2804],[88.9938,25.2759],[88.9828,25.2779],[88.9733,25.2666],[88.9581,25.2609],[88.9526,25.2518],[88.9512,25.2413],[88.9589,25.2196],[88.9511,25.2137],[88.9349,25.2182],[88.9378,25.2001],[88.9459,25.2008],[88.9474,25.184],[88.9333,25.1873],[88.9267,25.1795],[88.923,25.1671],[88.9134,25.1717],[88.9127,25.1796],[88.8976,25.1845],[88.891,25.1812],[88.8759,25.182],[88.875,25.1892],[88.8665,25.1908],[88.8658,25.2012],[88.8533,25.2009],[88.8478,25.2101],[88.8316,25.2062],[88.8285,25.1944],[88.8174,25.1872],[88.8147,25.1756],[88.8038,25.1723],[88.7778,25.1804],[88.774,25.1901],[88.7591,25.1863],[88.7543,25.1782],[88.7471,25.1854],[88.7353,25.1883],[88.7346,25.1967],[88.7092,25.2096],[88.6849,25.2106],[88.6704,25.2007],[88.6412,25.2077],[88.6328,25.205],[88.6139,25.2054],[88.606,25.1972],[88.5914,25.194],[88.5908,25.1863],[88.5759,25.1786],[88.5586,25.1794],[88.5614,25.1911],[88.5535,25.196],[88.5367,25.2008],[88.5128,25.2052],[88.5027,25.2051],[88.4997,25.2117],[88.4777,25.2133],[88.4646,25.1962],[88.4512,25.1975],[88.4438,25.1949],[88.4467,25.1798],[88.454,25.1665],[88.4584,25.1648],[88.463,25.1512],[88.4592,25.1351],[88.4428,25.1263],[88.4479,25.1101],[88.4454,25.1007],[88.4489,25.082],[88.4529,25.0793],[88.4382,25.0563],[88.4371,25.0468],[88.4418,25.0423],[88.4529,25.0409],[88.4472,25.0327],[88.4379,25.0091],[88.4244,25.0069],[88.4154,24.9966],[88.4124,24.9877],[88.4181,24.9834],[88.4174,24.974],[88.4085,24.9758],[88.3975,24.9691],[88.3936,24.9619],[88.3991,24.9571],[88.4015,24.9457],[88.3954,24.941],[88.3815,24.9388],[88.3608,24.9494],[88.3572,24.9439],[88.3417,24.939],[88.3366,24.919],[88.3258,24.9146],[88.3297,24.9039],[88.3358,24.8985],[88.3458,24.8982],[88.3479,24.8922],[88.3436,24.8821],[88.3344,24.8711],[88.3282,24.8695],[88.3153,24.8808],[88.3043,24.8704],[88.2976,24.8876],[88.288,24.8861],[88.271,24.8893],[88.2688,24.8771],[88.2616,24.8781],[88.2669,24.8934],[88.2673,24.902],[88.2636,24.9183],[88.2549,24.9304],[88.2384,24.944],[88.2305,24.958],[88.2231,24.9604],[88.2072,24.9589],[88.1933,24.9535],[88.18,24.9539],[88.1679,24.9472],[88.1575,24.9347],[88.1516,24.9325],[88.1429,24.9371],[88.1389,24.9319],[88.1406,24.9173],[88.1517,24.9083],[88.1571,24.8985],[88.1548,24.8842],[88.1625,24.8794],[88.1622,24.8679],[88.1674,24.8635],[88.1644,24.8505],[88.1499,24.8508],[88.135,24.8318],[88.1345,24.8202],[88.1374,24.8065],[88.131,24.806],[88.1242,24.8213],[88.112,24.8126],[88.1058,24.7999],[88.1059,24.7794],[88.0898,24.7825],[88.0836,24.7734],[88.0706,24.7694],[88.0748,24.7594],[88.0673,24.7498],[88.0738,24.7412],[88.0647,24.7214],[88.0599,24.715],[88.0381,24.6976],[88.0128,24.6711],[88.0131,24.6627],[88.0318,24.6472],[88.0462,24.6374],[88.056,24.6203],[88.0696,24.6049],[88.0894,24.5728],[88.092,24.565],[88.1071,24.5454],[88.1231,24.5317],[88.1479,24.5056],[88.16,24.5006],[88.1758,24.4903],[88.1901,24.4762],[88.1937,24.4662],[88.2055,24.4579],[88.2167,24.4541],[88.2365,24.4518],[88.2647,24.445],[88.2801,24.4352],[88.2859,24.4242],[88.3277,24.3868],[88.3482,24.3765],[88.3668,24.3729],[88.3919,24.3721],[88.414,24.3773],[88.4239,24.3817],[88.4378,24.3808],[88.4592,24.3714],[88.477,24.3598],[88.4983,24.3531],[88.5072,24.3447],[88.5267,24.3444],[88.5305,24.3421],[88.5485,24.3079],[88.5559,24.2964],[88.5681,24.3266],[88.5873,24.3247],[88.589,24.3153],[88.604,24.3109],[88.6078,24.3166],[88.6256,24.3149],[88.6285,24.3066],[88.6588,24.3139],[88.6735,24.3152],[88.7025,24.3107],[88.7228,24.2969],[88.7309,24.2831],[88.7371,24.2678],[88.732,24.1974],[88.7199,24.1977],[88.711,24.1767],[88.6995,24.166],[88.6989,24.1544],[88.7054,24.1473],[88.7102,24.1189],[88.6976,24.1182],[88.6979,24.0971],[88.7216,24.0995],[88.7256,24.0959],[88.7224,24.0658],[88.7366,24.0556],[88.7354,24.0466],[88.7392,24.0346],[88.7378,24.0138],[88.7294,24.0051],[88.7304,23.9947],[88.745,24.0034],[88.7587,24.0082],[88.7713,23.9875],[88.7689,23.9818],[88.7551,23.986],[88.7411,23.9846],[88.7347,23.9775],[88.7344,23.9587],[88.7405,23.9529],[88.7419,23.9341],[88.733,23.9297],[88.7333,23.9143],[88.721,23.9157],[88.7045,23.914],[88.7038,23.8988],[88.6921,23.8997],[88.6854,23.889],[88.6669,23.884],[88.6647,23.8722],[88.6586,23.8681],[88.6456,23.8681],[88.6331,23.8614],[88.6259,23.8636],[88.6224,23.8736],[88.6114,23.8735],[88.6001,23.8653],[88.5922,23.8705],[88.576,23.8598],[88.5755,23.8543],[88.5861,23.8514],[88.5877,23.8344],[88.5914,23.8263],[88.6017,23.8169],[88.5867,23.8123],[88.592,23.8004],[88.582,23.7962],[88.5808,23.7887],[88.5636,23.7866],[88.5602,23.7807],[88.573,23.7728],[88.5788,23.7653],[88.5786,23.7567],[88.5739,23.7486],[88.5747,23.7363],[88.5713,23.7246],[88.5642,23.7148],[88.5739,23.67],[88.5617,23.6457],[88.5624,23.6401],[88.5781,23.6363],[88.5898,23.6377],[88.5932,23.6264],[88.5903,23.6148],[88.5818,23.6066],[88.5874,23.6],[88.599,23.6035],[88.6071,23.6009],[88.6437,23.6085],[88.6393,23.5972],[88.6418,23.5881],[88.6485,23.5843],[88.6555,23.5576],[88.6616,23.5497],[88.6744,23.5459],[88.6843,23.539],[88.6868,23.5292],[88.6954,23.5175],[88.7087,23.5139],[88.7185,23.5074],[88.7274,23.5083],[88.7309,23.4968],[88.7399,23.4907],[88.7429,23.4808],[88.755,23.4781],[88.7568,23.4854],[88.7705,23.4798],[88.7707,23.4927],[88.7794,23.4977],[88.7964,23.4964],[88.8001,23.4805],[88.7884,23.4649],[88.79,23.4407],[88.7809,23.4363],[88.7699,23.4435],[88.7644,23.4421],[88.7574,23.419],[88.7604,23.4097],[88.7531,23.3977],[88.7535,23.3874],[88.7628,23.3676],[88.7579,23.3583],[88.7497,23.3581],[88.7474,23.3506],[88.7365,23.3486],[88.7366,23.3284],[88.7469,23.318],[88.7437,23.3066],[88.7277,23.3093],[88.7254,23.301],[88.7145,23.3007],[88.7097,23.3086],[88.6999,23.3015],[88.6968,23.2929],[88.7082,23.2879],[88.7159,23.2737],[88.7237,23.2696],[88.7196,23.2612],[88.7204,23.2527],[88.7471,23.2374],[88.7574,23.2349],[88.7697,23.2386],[88.7768,23.2327],[88.778,23.2234],[88.7854,23.2176],[88.8004,23.2151],[88.8141,23.2166],[88.8079,23.2383],[88.809,23.2498],[88.8309,23.2447],[88.8344,23.2374],[88.8528,23.2246],[88.8667,23.2296],[88.8809,23.2263],[88.9015,23.2273],[88.9135,23.23],[88.9194,23.2205],[88.9143,23.2106],[88.9304,23.212],[88.9397,23.2052],[88.9518,23.2025],[88.9681,23.2119],[88.9796,23.2221],[88.9902,23.2173],[88.9876,23.2069],[88.9897,23.1981],[88.9824,23.1904],[88.9687,23.1921],[88.9616,23.1899],[88.9555,23.1772],[88.9379,23.1692],[88.9312,23.1524],[88.9314,23.1386],[88.9227,23.1395],[88.9215,23.1275],[88.908,23.1215],[88.8975,23.1061],[88.8858,23.1056],[88.8818,23.099],[88.8701,23.0961],[88.8711,23.0845],[88.8665,23.0788],[88.8665,23.0689],[88.8731,23.0605],[88.8747,23.0458],[88.8793,23.0394],[88.8785,23.0291],[88.872,23.0184],[88.8737,23.0098],[88.8702,23.0016],[88.8532,23.007],[88.8579,22.9976],[88.868,22.9896],[88.8687,22.9688],[88.8615,22.9552],[88.8754,22.9504],[88.8918,22.9521],[88.8972,22.9492],[88.897,22.9267],[88.9139,22.9186],[88.9036,22.9046],[88.9033,22.8966],[88.9093,22.8774],[88.9326,22.868],[88.946,22.8774],[88.9563,22.8569],[88.9676,22.8425],[88.9664,22.8289],[88.9591,22.806],[88.9584,22.7942],[88.9392,22.7867],[88.9207,22.7653],[88.9192,22.7528],[88.9208,22.7339],[88.931,22.7246],[88.9389,22.7088],[88.9592,22.6912],[88.9488,22.6703],[88.9473,22.6599],[88.9331,22.6474],[88.9301,22.641],[88.9311,22.6217],[88.9392,22.6159],[88.9563,22.6181],[88.9571,22.6098],[88.937,22.5942],[88.9378,22.5708],[88.8964,22.5633],[88.8783,22.5445],[88.8689,22.5458],[88.8657,22.5305],[88.8671,22.5234],[88.8596,22.5201],[88.8564,22.5117],[88.8452,22.5098],[88.8437,22.502],[88.8593,22.4987],[88.8648,22.4864],[88.8581,22.4843],[88.8519,22.4561],[88.859,22.4484],[88.8517,22.4329],[88.8346,22.4372],[88.8296,22.4472],[88.8142,22.4564],[88.8144,22.472],[88.8109,22.4821],[88.7996,22.4888],[88.7955,22.4972],[88.7841,22.5028],[88.7717,22.5134],[88.7531,22.5169],[88.7419,22.5152],[88.7335,22.5111],[88.7256,22.5189],[88.7181,22.5214],[88.7085,22.5291],[88.7008,22.5306],[88.6915,22.5224],[88.7119,22.5263],[88.7185,22.5193],[88.7328,22.5103],[88.7453,22.5149],[88.7546,22.5152],[88.7711,22.5108],[88.7801,22.5028],[88.7797,22.4926],[88.7902,22.4814],[88.8,22.4589],[88.8025,22.4434],[88.8194,22.4303],[88.8369,22.4322],[88.8483,22.4306],[88.8561,22.408],[88.8526,22.3955],[88.8461,22.3883],[88.8531,22.3827],[88.8628,22.3583],[88.8492,22.3645],[88.8331,22.3592],[88.823,22.3607],[88.8159,22.358],[88.8103,22.3419],[88.8026,22.329],[88.8095,22.3196],[88.8031,22.2955],[88.8047,22.2838],[88.7927,22.2762],[88.7908,22.2597],[88.7855,22.2586],[88.7718,22.251],[88.7689,22.2435],[88.7601,22.2419],[88.7436,22.2292],[88.7496,22.2202],[88.7453,22.2096],[88.7336,22.1956],[88.7151,22.2013],[88.6993,22.2101],[88.6806,22.2095],[88.6711,22.2158],[88.6571,22.2166],[88.653,22.2114],[88.6395,22.2131],[88.6367,22.224],[88.6578,22.2392],[88.6676,22.267],[88.6813,22.2849],[88.6783,22.2931],[88.6647,22.2733],[88.6578,22.2592],[88.6568,22.2501],[88.631,22.2229],[88.6336,22.212],[88.6416,22.2074],[88.6618,22.2085],[88.6726,22.2051],[88.6714,22.1975],[88.6638,22.1845],[88.6545,22.1769],[88.6383,22.1553],[88.6404,22.1434],[88.6264,22.1297],[88.6194,22.1053],[88.6269,22.0686],[88.6267,22.0574],[88.6355,22.0426],[88.6144,22.0197],[88.6003,21.9833],[88.5983,21.9683],[88.6078,21.9461],[88.6147,21.9375],[88.6094,21.9319],[88.6107,21.9214],[88.6022,21.9067],[88.5783,21.8894],[88.5705,21.9048],[88.5614,21.899],[88.545,21.906],[88.5399,21.8985],[88.5477,21.89],[88.548,21.8822],[88.5386,21.8703],[88.5369,21.857],[88.5281,21.8531],[88.4986,21.8737],[88.4953,21.8854],[88.5092,21.9054],[88.5208,21.9123],[88.5022,21.9147],[88.4832,21.91],[88.4773,21.9044],[88.4736,21.8953],[88.4581,21.8978],[88.4562,21.9045],[88.4619,21.918],[88.4417,21.9114],[88.4321,21.9027],[88.4242,21.9077],[88.4162,21.9013],[88.4124,21.8874],[88.3972,21.8858],[88.3945,21.8765],[88.3938,21.8523],[88.3858,21.8394],[88.3863,21.8294],[88.3923,21.8132],[88.3924,21.8033],[88.3816,21.7916],[88.3637,21.7983],[88.3636,21.8086],[88.3559,21.8197],[88.3542,21.8293],[88.3561,21.841],[88.3549,21.8557],[88.3391,21.861],[88.3257,21.8622],[88.3163,21.8595],[88.3112,21.8554],[88.3135,21.8447],[88.306,21.8307],[88.2865,21.8249],[88.2687,21.8176],[88.2598,21.8095],[88.2584,21.8008],[88.2649,21.7855],[88.2786,21.77],[88.2824,21.755],[88.2731,21.7381],[88.2725,21.7309],[88.2631,21.7318],[88.2739,21.7515],[88.2732,21.7555],[88.2691,21.7569],[88.2547,21.7575],[88.2172,21.7644],[88.2181,21.7772],[88.2094,21.8014],[88.2009,21.8195],[88.1903,21.8358],[88.1788,21.8479],[88.1636,21.8786],[88.1654,21.8907],[88.1764,21.9197],[88.1745,21.9336],[88.1611,21.9451],[88.1538,21.9596],[88.1629,21.97],[88.1701,21.9735],[88.1956,22.0036],[88.2139,22.0347],[88.2167,22.0536],[88.2222,22.0675],[88.2242,22.0897],[88.2211,22.1053],[88.2108,22.1317],[88.2106,22.1494],[88.2031,22.1669],[88.1881,22.1867],[88.1758,22.1942],[88.1636,22.1983],[88.1294,22.2031],[88.1167,22.2092],[88.0875,22.2083],[88.0728,22.21],[88.07,22.2164],[88.0828,22.2314],[88.0883,22.2475],[88.0886,22.2628],[88.0997,22.2817],[88.1047,22.2956],[88.1047,22.3039],[88.0886,22.3025],[88.0786,22.2842],[88.0761,22.2719],[88.0753,22.2528],[88.0647,22.2361],[88.0492,22.22],[88.0261,22.2225],[87.9939,22.2388],[87.984,22.2465],[87.96,22.2802],[87.9606,22.3046],[87.9572,22.3166],[87.9583,22.3487],[87.9555,22.3698],[87.9489,22.3889],[87.9492,22.3994],[87.9275,22.4203],[87.9269,22.4292],[87.9211,22.4356],[87.8939,22.4348],[87.8939,22.4242],[87.9125,22.4217],[87.9297,22.4036],[87.9428,22.3644],[87.9414,22.3589],[87.9467,22.3403],[87.9444,22.3253],[87.9331,22.3139],[87.9358,22.2986],[87.9369,22.2669],[87.9411,22.2592],[87.9594,22.2439],[87.9715,22.2366],[87.9754,22.2222],[87.9904,22.2095],[88.0086,22.2014],[88.0225,22.1997],[88.0347,22.2094],[88.05,22.205],[88.0656,22.1897],[88.0856,22.187],[88.1061,22.1917],[88.1356,22.1847],[88.1461,22.1681],[88.1745,22.1336],[88.1911,22.1158],[88.1936,22.1108],[88.1889,22.0992],[88.1669,22.0736],[88.1486,22.0597],[88.1256,22.0494],[88.0833,22.0214],[88.0622,22.0131],[88.0378,22.035],[88.0269,22.0478],[88.0336,22.0608],[88.0281,22.0683],[88.0089,22.0836],[87.9984,22.0896],[87.9919,22.1025],[87.9852,22.1047],[87.9634,22.1035],[87.9604,22.0956],[87.9698,22.0943],[87.9817,22.0988],[87.9906,22.0869],[88.0111,22.0703],[88.0178,22.0403],[88.0325,22.025],[88.0528,22.0133],[88.0358,21.9814],[88.0126,21.9284],[88.0036,21.9039],[87.9919,21.885],[87.9803,21.8578],[87.9397,21.82],[87.9275,21.7997],[87.888,21.7912],[87.8947,21.7844],[87.8611,21.7567],[87.8308,21.7342],[87.825,21.7236],[87.8095,21.706],[87.7897,21.695],[87.775,21.6939],[87.7533,21.6975],[87.7503,21.6867],[87.7397,21.6783],[87.7117,21.6653],[87.6778,21.6539],[87.65,21.6486],[87.6371,21.6552],[87.628,21.6462],[87.5603,21.633],[87.553,21.6361],[87.5453,21.6289],[87.5259,21.6222],[87.5036,21.6172],[87.482,21.6087],[87.4817,21.6138],[87.4821,21.6259],[87.4707,21.6431],[87.4609,21.6445],[87.4604,21.6571],[87.4683,21.6773],[87.4675,21.6957],[87.4693,21.6985],[87.4708,21.7072],[87.4626,21.7171],[87.4657,21.7236],[87.4652,21.7264],[87.4444,21.7325],[87.4511,21.7354],[87.4433,21.7421],[87.4437,21.7609],[87.4393,21.7644],[87.4248,21.7657],[87.4121,21.7638],[87.3924,21.769],[87.3833,21.7709],[87.3705,21.768],[87.3678,21.7746],[87.355,21.7793],[87.3521,21.7857],[87.3405,21.784],[87.3367,21.7792],[87.3327,21.7872],[87.3262,21.7856],[87.3229,21.786],[87.3169,21.7885],[87.318,21.7906],[87.3061,21.7939],[87.2966,21.7953],[87.2948,21.8039],[87.2806,21.7992],[87.2733,21.8036],[87.2731,21.8058],[87.2738,21.8117],[87.2624,21.8139],[87.2678,21.8197],[87.2617,21.8333],[87.2553,21.8439],[87.2476,21.8482],[87.2448,21.8564],[87.249,21.8665],[87.2348,21.8956],[87.2394,21.9068],[87.2524,21.9178],[87.2521,21.921],[87.2354,21.9337],[87.2322,21.9404],[87.2348,21.9544],[87.2244,21.954],[87.2212,21.9532],[87.2029,21.9564],[87.1951,21.9536],[87.175,21.9662],[87.1674,21.9734],[87.1606,21.9624],[87.1598,21.9491],[87.1583,21.9305],[87.1517,21.928],[87.1411,21.9197],[87.1309,21.918],[87.1142,21.9222],[87.1103,21.918],[87.1047,21.9178],[87.0935,21.9079],[87.091,21.8992],[87.0885,21.8951],[87.0894,21.8924],[87.0961,21.8862],[87.0963,21.8821],[87.0929,21.8742],[87.0946,21.8603],[87.0777,21.8598],[87.0538,21.8609],[87.0302,21.8653],[87.0251,21.8703],[87.02,21.8857],[87.0048,21.8955],[86.9979,21.9075],[87.0025,21.9224],[87.0055,21.9407],[87.0149,21.9533],[87.0203,21.9684],[87.0309,21.9788],[87.0343,21.9892],[87.0223,22.0121],[87.026,22.0287],[87.0176,22.0413],[86.9952,22.0458],[86.9875,22.0551],[86.9719,22.0663],[86.9705,22.074],[86.9572,22.0834],[86.9443,22.082],[86.932,22.0858],[86.9088,22.0864],[86.8479,22.0984],[86.8417,22.0918],[86.832,22.0951],[86.8233,22.1129],[86.8062,22.1142],[86.808,22.1238],[86.8005,22.1305],[86.8005,22.1459],[86.7903,22.1539],[86.7715,22.1468],[86.7522,22.144],[86.7323,22.1449],[86.7154,22.1435],[86.7169,22.1638],[86.7128,22.1783],[86.7172,22.1856],[86.7161,22.1938],[86.7228,22.2152],[86.7478,22.208],[86.7551,22.208],[86.7752,22.2146],[86.7728,22.2303],[86.7868,22.2293],[86.7789,22.2217],[86.776,22.2138],[86.7836,22.2117],[86.7914,22.2175],[86.8001,22.2136],[86.8099,22.238],[86.7928,22.2387],[86.7903,22.2628],[86.8006,22.2619],[86.7964,22.2499],[86.7996,22.241],[86.8066,22.2438],[86.8092,22.2538],[86.8203,22.2606],[86.8502,22.2593],[86.8584,22.2544],[86.8857,22.2521],[86.8885,22.2814],[86.8851,22.2967],[86.8726,22.2988],[86.8472,22.3132],[86.8407,22.3138],[86.8292,22.3246],[86.8289,22.3415],[86.8409,22.369],[86.8382,22.3786],[86.8436,22.3876],[86.8439,22.3961],[86.8309,22.4064],[86.8053,22.4165],[86.7639,22.4229],[86.7579,22.4357],[86.7574,22.4464],[86.7515,22.4507],[86.7451,22.4705],[86.7533,22.4801],[86.7695,22.4759],[86.7825,22.4774],[86.7892,22.4745],[86.798,22.484],[86.791,22.4936],[86.7986,22.4988],[86.7896,22.5076],[86.7897,22.5204],[86.7828,22.5244],[86.7862,22.5374],[86.7841,22.5442],[86.7645,22.5506],[86.7674,22.5609],[86.756,22.5743],[86.7277,22.5746],[86.706,22.5804],[86.6834,22.5768],[86.6728,22.5724],[86.6517,22.5758],[86.6483,22.5916],[86.6343,22.5973],[86.6324,22.61],[86.6368,22.6308],[86.6367,22.6551],[86.6224,22.6663],[86.6179,22.6734],[86.6029,22.6798],[86.5912,22.6886],[86.5808,22.689],[86.5495,22.7109],[86.5393,22.7206],[86.5337,22.7166],[86.5202,22.7179],[86.51,22.7161],[86.5066,22.7015],[86.4965,22.7155],[86.4877,22.7233],[86.479,22.7224],[86.466,22.7465],[86.454,22.7596],[86.4439,22.7586],[86.4398,22.7627],[86.4162,22.7765],[86.4126,22.7864],[86.418,22.7898],[86.4216,22.8088],[86.4339,22.8286],[86.4313,22.8464],[86.4328,22.8605],[86.4469,22.8588],[86.4467,22.8694],[86.451,22.883],[86.463,22.8966],[86.4485,22.9019],[86.4324,22.9158],[86.4371,22.9273],[86.4582,22.933],[86.4621,22.9442],[86.4701,22.9466],[86.4868,22.9355],[86.4894,22.9441],[86.4987,22.9477],[86.5184,22.9443],[86.5276,22.9579],[86.5385,22.9619],[86.542,22.9743],[86.5342,22.9814],[86.5122,22.9663],[86.4973,22.9831],[86.4974,22.9899],[86.4794,22.9888],[86.4631,22.9852],[86.4163,22.9948],[86.4105,22.987],[86.4003,22.9831],[86.393,22.9742],[86.381,22.9844],[86.3804,22.9907],[86.36,22.9967],[86.3413,22.9933],[86.3322,22.9889],[86.3153,22.9956],[86.3021,23.0034],[86.3003,23.0123],[86.2794,23.0107],[86.2613,22.9955],[86.2386,22.9949],[86.231,22.9921],[86.2125,22.9918],[86.2038,22.9979],[86.2009,23.0151],[86.1756,23.013],[86.1725,23.0231],[86.1667,23.027],[86.1602,23.0391],[86.15,23.0409],[86.1483,23.0527],[86.1346,23.0629],[86.1336,23.0699],[86.138,23.0805],[86.1274,23.0891],[86.1157,23.0936],[86.1048,23.0889],[86.0918,23.0908],[86.081,23.1043],[86.07,23.1014],[86.048,23.1087],[86.0442,23.1119],[86.0484,23.1292],[86.0369,23.1436],[86.0284,23.1457],[86.018,23.1405],[86.0097,23.145],[85.9819,23.1459],[85.9705,23.14],[85.9516,23.1382],[85.9438,23.1295],[85.915,23.1295],[85.9004,23.1481],[85.8773,23.1587],[85.8772,23.173],[85.8575,23.1944],[85.835,23.1921],[85.8307,23.2106],[85.8307,23.2432],[85.8264,23.2631],[85.8337,23.2807],[85.8615,23.3033],[85.8608,23.315],[85.8683,23.3159],[85.878,23.3237],[85.8716,23.3302],[85.8709,23.3525],[85.8663,23.3648],[85.8959,23.377],[85.8848,23.3873],[85.8773,23.4004],[85.8785,23.408],[85.8629,23.41],[85.8595,23.451],[85.866,23.4702],[85.8741,23.4762],[85.8913,23.476],[85.9064,23.4718],[85.9175,23.4624],[85.9379,23.4551],[85.9498,23.4555],[85.9529,23.4596],[85.9904,23.4764],[86.0204,23.4879],[86.0414,23.4902],[86.0515,23.499],[86.0486,23.5026],[86.0328,23.5048],[86.0327,23.518],[86.0251,23.5317],[86.0108,23.5516],[86.011,23.5612],[86.0251,23.5723],[86.0353,23.5751],[86.0374,23.5835],[86.0469,23.5839],[86.0513,23.5789],[86.0653,23.5807],[86.0714,23.5785],[86.0728,23.5682],[86.088,23.5676],[86.1015,23.5739],[86.1102,23.5707],[86.1194,23.5739],[86.1267,23.5667],[86.1386,23.57],[86.1484,23.5639],[86.1463,23.5587],[86.1533,23.5516],[86.1429,23.5273],[86.1546,23.5191],[86.1551,23.5042],[86.1452,23.494],[86.1427,23.4773],[86.1791,23.4751],[86.1868,23.4684],[86.1996,23.464],[86.2033,23.4587],[86.221,23.456],[86.2253,23.4699],[86.2387,23.4697],[86.2352,23.456],[86.2274,23.4496],[86.2247,23.4357],[86.2311,23.4295],[86.2395,23.4317],[86.2399,23.4226],[86.2465,23.4192],[86.2531,23.4249],[86.2467,23.4342],[86.2672,23.44],[86.2807,23.4396],[86.2824,23.4275],[86.3,23.4201],[86.3133,23.4261],[86.3123,23.4373],[86.3058,23.4362],[86.3001,23.4437],[86.3262,23.4576],[86.3314,23.4472],[86.3404,23.4524],[86.3379,23.4611],[86.3518,23.4636],[86.349,23.4725],[86.3555,23.4816],[86.3644,23.4821],[86.3706,23.4903],[86.3537,23.4964],[86.3569,23.5129],[86.365,23.5154],[86.3677,23.5226],[86.3597,23.5307],[86.358,23.5431],[86.3648,23.5571],[86.373,23.5613],[86.3749,23.5685],[86.3829,23.572],[86.3809,23.5844],[86.3894,23.5888],[86.4062,23.588],[86.4136,23.6013],[86.4247,23.6049],[86.4273,23.6103],[86.4396,23.6091],[86.4379,23.6242],[86.4449,23.6315],[86.4664,23.6296],[86.4813,23.635],[86.5119,23.6291],[86.5287,23.629],[86.5374,23.6346],[86.5652,23.6463],[86.5906,23.6622],[86.5916,23.6712],[86.6158,23.6716],[86.6333,23.6757],[86.6488,23.6829],[86.6833,23.6897],[86.6938,23.6945],[86.711,23.6972],[86.7317,23.6938],[86.7365,23.6888],[86.7381,23.6776],[86.7585,23.6785],[86.792,23.6874],[86.7909,23.6985],[86.7984,23.7163],[86.8045,23.7399],[86.8161,23.7448],[86.8198,23.7611],[86.8167,23.7761],[86.8084,23.7883],[86.7977,23.7977],[86.801,23.8133],[86.7928,23.8314],[86.8065,23.8281],[86.8093,23.8141],[86.8208,23.8113],[86.8444,23.8219],[86.8608,23.8422],[86.8712,23.8442],[86.8733,23.8272],[86.8823,23.8145],[86.8877,23.8222],[86.8802,23.8422],[86.8823,23.8566],[86.8753,23.8624],[86.8846,23.8734],[86.895,23.88],[86.9069,23.8795],[86.9242,23.8659],[86.9254,23.8538],[86.9364,23.8449],[86.9432,23.8429],[86.9558,23.8496],[86.963,23.8648],[86.9719,23.8628],[86.9801,23.8564],[87.0021,23.8525],[87.0224,23.8405],[87.0344,23.8368],[87.0569,23.8163],[87.0728,23.8123],[87.0845,23.8053],[87.0957,23.8095],[87.1059,23.7995],[87.1242,23.795],[87.1392,23.8001],[87.1487,23.7944],[87.1664,23.8196],[87.1622,23.8276],[87.154,23.8257],[87.1377,23.8458],[87.1303,23.8509],[87.1279,23.8624],[87.1358,23.8681],[87.1475,23.8627],[87.1529,23.8656],[87.1667,23.8605],[87.1766,23.8525],[87.1874,23.8572],[87.1957,23.8543],[87.1887,23.8463],[87.1943,23.8421],[87.203,23.8462],[87.2073,23.853],[87.2168,23.8509],[87.2225,23.8576],[87.2362,23.8531],[87.2317,23.8446],[87.2241,23.8427],[87.2198,23.8272],[87.2291,23.823],[87.2457,23.8281],[87.2552,23.8393],[87.2461,23.8566],[87.2431,23.8849],[87.2443,23.9004],[87.2524,23.9101],[87.2599,23.9021],[87.2649,23.8748],[87.2704,23.8729],[87.2813,23.8842],[87.2926,23.8901],[87.2945,23.8986],[87.2877,23.9202],[87.2851,23.9339],[87.2919,23.9388],[87.2918,23.9557],[87.2781,23.9576],[87.2595,23.9699],[87.2607,23.9781],[87.268,23.9846],[87.2621,23.9951],[87.2469,23.997],[87.2406,24.0057],[87.2392,24.0148],[87.2327,24.0246],[87.2348,24.0373],[87.2436,24.0421],[87.2578,24.0355],[87.2743,24.0318],[87.2826,24.0269],[87.2896,24.0303],[87.3037,24.0294],[87.3137,24.0324],[87.3324,24.031],[87.3323,24.0175],[87.3242,24.0175],[87.3154,24.0044],[87.3199,23.9992],[87.3373,23.995],[87.3502,23.997],[87.3566,24.0092],[87.374,24.0066],[87.3898,24.002],[87.3943,23.9965],[87.4186,23.9894],[87.4264,23.9903],[87.4293,23.9819],[87.4391,23.9781],[87.449,23.9843],[87.458,23.9814],[87.4584,23.9935],[87.4414,24.0032],[87.4387,24.0125],[87.4485,24.0163],[87.4714,24.0109],[87.4864,24.016],[87.4912,24.0234],[87.5014,24.0223],[87.509,24.0347],[87.5078,24.0457],[87.4912,24.052],[87.4942,24.0627],[87.4889,24.0697],[87.4998,24.0725],[87.5058,24.0821],[87.49,24.0855],[87.4958,24.0972],[87.4938,24.1082],[87.4966,24.1158],[87.5213,24.1042],[87.5299,24.1024],[87.531,24.0949],[87.5392,24.0878],[87.5597,24.0829],[87.5702,24.0876],[87.5692,24.1068],[87.5778,24.1104],[87.5817,24.1234],[87.6048,24.1266],[87.6049,24.1321],[87.586,24.1475],[87.5694,24.1557],[87.5798,24.1615],[87.5996,24.1605],[87.6104,24.1649],[87.6275,24.1631],[87.6407,24.1549],[87.657,24.1559],[87.6802,24.148],[87.6896,24.1498],[87.6967,24.1753],[87.6889,24.1851],[87.6746,24.1952],[87.671,24.2057],[87.6528,24.2062],[87.6377,24.2116],[87.643,24.2301],[87.6357,24.2425],[87.6471,24.2486],[87.6543,24.2366],[87.6619,24.245],[87.6688,24.2427],[87.6814,24.2464],[87.685,24.2528],[87.6974,24.2597],[87.706,24.2678],[87.7103,24.2921],[87.7272,24.2862],[87.7364,24.2889],[87.7431,24.2977],[87.7563,24.3036],[87.7645,24.3228],[87.7612,24.3333],[87.7824,24.3602],[87.7899,24.377],[87.7975,24.3822],[87.7982,24.3997],[87.81,24.4066],[87.8052,24.4181],[87.7986,24.4112],[87.7879,24.4115],[87.7862,24.4186],[87.7922,24.4238],[87.7881,24.4321],[87.8025,24.4501],[87.8149,24.4513],[87.8178,24.4685],[87.8091,24.4766],[87.813,24.4851],[87.8118,24.499],[87.8073,24.5062],[87.7985,24.4919],[87.7926,24.4972],[87.7999,24.5042],[87.8012,24.5177],[87.7976,24.5246],[87.7975,24.5387],[87.8063,24.5452],[87.7962,24.5624],[87.7777,24.5714],[87.7676,24.5716],[87.7694,24.5818],[87.7854,24.5823],[87.809,24.5762],[87.8233,24.5666],[87.8245,24.5595],[87.8482,24.5511],[87.8639,24.5566],[87.8659,24.5608],[87.8873,24.5627],[87.8915,24.5796],[87.9054,24.5838],[87.91,24.5939],[87.9081,24.6082],[87.8887,24.6082],[87.8727,24.6107],[87.877,24.6163],[87.8855,24.6118],[87.9016,24.6126],[87.9023,24.6259],[87.8918,24.6237],[87.8923,24.632],[87.9043,24.6304],[87.9116,24.6623],[87.8999,24.6693],[87.8951,24.6685],[87.8863,24.6781],[87.8966,24.6907],[87.8962,24.7024],[87.9033,24.7146],[87.9008,24.7216],[87.8872,24.7254],[87.8778,24.7391],[87.8674,24.7294],[87.8397,24.7382],[87.8253,24.7522],[87.8139,24.7534],[87.8181,24.766],[87.834,24.7746],[87.8338,24.7659],[87.8502,24.7613],[87.8654,24.7743],[87.8701,24.7909],[87.8776,24.801],[87.8663,24.8207],[87.8692,24.8234],[87.8866,24.8197],[87.8939,24.8292],[87.8978,24.8428],[87.889,24.8529],[87.9112,24.8559],[87.9287,24.8659],[87.9523,24.8769],[87.9665,24.8813],[87.9733,24.8965],[87.97,24.9236],[87.9617,24.9359],[87.9303,24.9618],[87.9065,24.9858],[87.9034,24.9984],[87.8808,25.0205],[87.877,25.028],[87.8643,25.0399],[87.8349,25.057],[87.8202,25.0615],[87.7929,25.0757],[87.7799,25.0874],[87.7727,25.0991],[87.7693,25.127],[87.771,25.1523],[87.779,25.1769],[87.7847,25.1996],[87.7876,25.2205],[87.8013,25.2182],[87.81,25.2117],[87.8297,25.2041],[87.8338,25.2134],[87.8228,25.2343],[87.8302,25.2397],[87.8355,25.2498],[87.8493,25.2534],[87.85,25.2673],[87.8565,25.2778],[87.855,25.2895],[87.8504,25.2974],[87.8404,25.2984],[87.8289,25.3034],[87.8204,25.3128],[87.8016,25.3234],[87.7914,25.3223],[87.7816,25.3384],[87.7874,25.3549],[87.7888,25.3722],[87.7767,25.3708],[87.7657,25.378],[87.7631,25.3956],[87.7724,25.4149],[87.7659,25.4243],[87.7765,25.429],[87.7813,25.4447],[87.7865,25.4487],[87.8086,25.4342],[87.8192,25.4375],[87.8258,25.4453],[87.8256,25.4575],[87.8338,25.4646],[87.8635,25.4654],[87.8605,25.4778],[87.8635,25.4934],[87.8699,25.503],[87.8814,25.5056],[87.8792,25.516],[87.9005,25.5072],[87.9063,25.5137],[87.903,25.5191],[87.9144,25.5309],[87.9241,25.5356],[87.9429,25.5347],[87.9556,25.538],[87.9641,25.5331],[87.9723,25.5232],[87.986,25.5248],[87.9806,25.5159],[87.9866,25.5026],[88.0042,25.494],[88.0038,25.5048],[88.0157,25.5005],[88.0312,25.486],[88.0463,25.4826],[88.0617,25.4856],[88.0659,25.4812],[88.0682,25.4898],[88.0698,25.5019],[88.0664,25.505],[88.0639,25.5062],[88.0649,25.5085],[88.0689,25.513],[88.0669,25.5164],[88.0575,25.5257],[88.056,25.5299],[88.0461,25.5343],[88.0391,25.5332],[88.0379,25.5462],[88.027,25.5533],[88.0296,25.5595],[88.0355,25.5604],[88.0253,25.5691],[88.03,25.5743],[88.0219,25.5829],[88.0314,25.5875],[88.0386,25.595],[88.0357,25.597],[88.0297,25.6],[88.0414,25.6055],[88.0393,25.6085],[88.0372,25.6156],[88.0435,25.6321],[88.0356,25.6368],[88.0445,25.6429],[88.0473,25.643],[88.0485,25.6439],[88.044,25.6526],[88.0431,25.6739],[88.0491,25.6815],[88.0486,25.6906],[88.0399,25.6981],[88.0348,25.694],[88.0268,25.6989],[88.0162,25.6917],[88.0167,25.7047],[87.9972,25.7119],[87.9926,25.7191],[87.9797,25.7185],[87.961,25.7247],[87.962,25.7297],[87.9442,25.7438],[87.9375,25.7583],[87.9373,25.7679],[87.9286,25.7679],[87.9187,25.774],[87.8977,25.7718],[87.9009,25.7803],[87.898,25.7993],[87.9031,25.8019],[87.9105,25.8148],[87.8987,25.8201],[87.8876,25.8329],[87.9109,25.8517],[87.8995,25.8598],[87.8848,25.8647],[87.8812,25.8584],[87.8722,25.8597],[87.8653,25.8676],[87.8559,25.8647],[87.8431,25.8687],[87.8228,25.8715],[87.8155,25.8855],[87.8203,25.8938],[87.8137,25.9],[87.8165,25.9127],[87.8036,25.9207],[87.807,25.9299],[87.8179,25.933],[87.8268,25.9319],[87.8283,25.9411],[87.8239,25.9465],[87.827,25.9536],[87.831,25.9622],[87.8262,25.9837],[87.8272,25.9923],[87.8333,26.0011],[87.8406,26.0198],[87.8417,26.0323],[87.8421,26.0445],[87.8492,26.045],[87.8633,26.0561],[87.8752,26.0556],[87.8761,26.0662],[87.8883,26.0719],[87.8926,26.0804],[87.8957,26.0799],[87.9129,26.091],[87.9175,26.088],[87.9219,26.0769],[87.9311,26.069],[87.9382,26.0768],[87.9379,26.0845],[87.9598,26.084],[87.9681,26.0814],[87.9722,26.0849],[87.9695,26.0916],[87.9577,26.0971],[87.9544,26.1028],[87.9582,26.1088],[87.9694,26.1093],[87.9756,26.1216],[87.9674,26.1254],[87.9678,26.1318],[87.9688,26.1394],[87.9633,26.1489],[87.9748,26.1529],[87.9821,26.1592],[87.996,26.1418],[88.0068,26.1433],[88.0151,26.1429],[88.0117,26.1548],[88.0175,26.1556],[88.0336,26.1703],[88.0374,26.1777],[88.0462,26.1779],[88.0523,26.1717],[88.0586,26.1738],[88.0698,26.1757],[88.073,26.1854],[88.0872,26.1944],[88.0897,26.2032],[88.0936,26.2065],[88.1025,26.2122],[88.1057,26.2164],[88.116,26.223],[88.12,26.2279],[88.1261,26.2269],[88.1358,26.2282],[88.1374,26.2438],[88.1444,26.2528],[88.1588,26.2569],[88.1631,26.2575],[88.1769,26.2617],[88.1834,26.2747],[88.1945,26.2741],[88.2041,26.2796],[88.2143,26.2817],[88.221,26.2882],[88.2268,26.2966],[88.2318,26.3104],[88.2447,26.3163],[88.2482,26.3265],[88.2653,26.3365],[88.2698,26.3327],[88.2724,26.3305],[88.2796,26.3355],[88.2817,26.3398],[88.2794,26.3463],[88.2891,26.3511],[88.2899,26.3569],[88.2819,26.3601],[88.274,26.3773],[88.2699,26.3789],[88.2616,26.38],[88.2549,26.3745],[88.2451,26.376],[88.2376,26.3754],[88.2317,26.3849],[88.2304,26.394],[88.2358,26.3962],[88.2554,26.4159],[88.2632,26.415],[88.2679,26.4218],[88.2596,26.4307],[88.2522,26.4338],[88.2434,26.4493],[88.229,26.4472],[88.2211,26.4668],[88.2262,26.4763],[88.2132,26.4778],[88.2148,26.4697],[88.1938,26.472],[88.1916,26.4831],[88.183,26.4853],[88.1792,26.494],[88.1939,26.508],[88.2334,26.5324],[88.2312,26.552],[88.2218,26.5532],[88.2208,26.5463],[88.2074,26.5352],[88.1967,26.5436],[88.1857,26.5441],[88.1791,26.537],[88.1683,26.5374],[88.1654,26.5216],[88.1454,26.511],[88.1322,26.5126],[88.1151,26.5302],[88.1061,26.5356],[88.1062,26.536],[88.1054,26.5394],[88.1141,26.5448],[88.108,26.5504],[88.108,26.5606],[88.1215,26.5678],[88.1345,26.5929],[88.1325,26.601],[88.1418,26.6065],[88.1446,26.6255],[88.1572,26.6302],[88.1656,26.6457],[88.1675,26.67],[88.1705,26.6836],[88.17,26.6989],[88.1847,26.7192],[88.189,26.7382],[88.1905,26.7714],[88.1802,26.8033],[88.1815,26.8162],[88.1751,26.8257],[88.1768,26.8331],[88.1702,26.8371],[88.1767,26.854],[88.1745,26.8689],[88.1693,26.8702],[88.1643,26.8806],[88.1537,26.8842],[88.1389,26.8984],[88.1486,26.9204],[88.123,26.9501],[88.1259,26.9696],[88.1367,26.9862],[88.1208,26.9871],[88.1128,26.9913],[88.1018,27.0034],[88.0911,27.0079],[88.0911,27.0153],[88.0856,27.0286],[88.0796,27.0351],[88.0719,27.031],[88.0605,27.0315],[88.0403,27.0363],[88.0302,27.0507],[88.0246,27.067],[88.0186,27.0767],[88.0235,27.082],[88.0144,27.0971],[88.0052,27.1035],[87.9942,27.1052],[87.9901,27.119],[87.9938,27.1305],[88.0012,27.1334],[88.0099,27.143],[88.0135,27.1654],[88.022,27.1707],[88.0156,27.1782],[88.018,27.1995],[88.017,27.2189],[88.0329,27.221],[88.0582,27.2139],[88.0754,27.1988],[88.0675,27.1903],[88.0731,27.1744],[88.0833,27.165],[88.083,27.1489],[88.0858,27.1415],[88.0959,27.1355],[88.1366,27.1169],[88.1523,27.1117],[88.1584,27.1144],[88.1726,27.1303],[88.179,27.1347],[88.1956,27.1362],[88.2138,27.1351],[88.2215,27.1253],[88.2325,27.1198],[88.2515,27.1254],[88.2781,27.1308]]]]},"properties":{"ID_0":105,"ISO":"IND","NAME_0":"India","ID_1":35,"NAME_1":"West Bengal","NL_NAME_1":null,"VARNAME_1":"Bangla|Bengala Occidentale|Bengala Ocidental|Bengale occidental","TYPE_1":"State","ENGTYPE_1":"State"}}]}